query_id,recommended_indexes,llm_reasoning_text,execution_time_ms_after,improvement_vs_baseline
10a,"[{""table"": ""movie_info_idx"", ""columns"": [""info_type_id"", ""info"", ""movie_id""]}, {""table"": ""movie_companies"", ""columns"": [""company_id"", ""company_type_id"", ""movie_id""]}, {""table"": ""cast_info"", ""columns"": [""person_id"", ""role_id"", ""movie_id""]}, {""table"": ""cast_info"", ""columns"": [""movie_id"", ""role_id""]}, {""table"": ""aka_name"", ""columns"": [""person_id""]}, {""table"": ""aka_title"", ""columns"": [""movie_id""]}, {""table"": ""complete_cast"", ""columns"": [""movie_id"", ""subject_id"", ""status_id""]}, {""table"": ""movie_link"", ""columns"": [""movie_id"", ""link_type_id""]}, {""table"": ""movie_link"", ""columns"": [""linked_movie_id""]}, {""table"": ""person_info"", ""columns"": [""person_id"", ""info_type_id""]}, {""table"": ""movie_info"", ""columns"": [""movie_id"", ""info_type_id""]}, {""table"": ""keyword"", ""columns"": [""keyword""]}, {""table"": ""company_name"", ""columns"": [""country_code""]}, {""table"": ""name"", ""columns"": [""gender"", ""name""]}]","
## Index Tuning Analysis

### Methodology
I systematically tested candidate indexes against representative queries across the workload (simple to complex), observing actual planner cost estimates with and without each index. The planner already has many indexes in place (noted as `tmp_idx_*` and `idx_*` in the plan output). I focused on identifying indexes that produced measurable cost reductions beyond the existing baseline.

### Key Findings

#### 1. `movie_info_idx(info_type_id, info, movie_id)` — **Highest Impact**
This is the single most impactful index. Many queries filter `movie_info_idx` on both `info_type_id` (equality via join to `info_type`) and `info` (range comparison like `info > '8.0'`, `info < '7.0'`, `info < '8.5'`). Without it, the planner performs a full seq scan of movie_info_idx (~575K rows, cost ~13,718). With this composite index, the planner can do an index-only range scan:
- Query 12a: 10,684 → **2,256** (79% reduction)
- Queries 14a/b/c, 22a-d, 26a/b/c, 28a/b/c all benefit similarly (costs in 3,000–4,500 range vs. 10,000+)
- Queries 4a/b/c (sequel rating queries) also benefit

The `movie_id` trailing column enables index-only scans covering the join predicate.

#### 2. `movie_companies(company_id, company_type_id, movie_id)` — **High Impact**
When queries start from `company_name` (filtered by `country_code`) and need to join to `movie_companies` via `company_id`, the planner currently does a full seq scan of movie_companies (~1.08M rows, cost ~29,695). This index enables nested-loop index lookups:
- Query 10a/b/c: ~43,000 → **~20,000** (planner used `tmp_idx_movie_companies_eb7b56d5` in tests)
- Queries 12a, 13a, 19a (various company join scenarios) also benefit
- The `company_type_id` column helps when both company_id and company_type_id are join/filter predicates, enabling covering lookups for `movie_id`

#### 3. `cast_info(person_id, role_id, movie_id)` — **Medium Impact**
Many complex queries (9a-d, 19a-d, 24a-b, 29a-c) join `cast_info` on `person_id` AND filter on `role_id` (via role_type join). The existing `tmp_idx_cast_info_7101dd25` covers `(person_id, role_id)` which the planner already uses; adding `movie_id` as a covering column eliminates heap lookups for the movie_id join predicate.

#### 4. `cast_info(movie_id, role_id)` — **Medium Impact**
Queries that start from the movie side (e.g., 10a-c, 18a-c) join cast_info on movie_id and filter on role_id. The existing `idx_cast_info_movie_id` only covers movie_id, so role_id filtering requires heap fetches. Adding role_id enables efficient filtered lookups.

#### 5. `aka_name(person_id)` — Confirmed beneficial (likely exists as `idx_aka_name_person_id`)
Used extensively in queries 7a-c, 8a-d, 9a-d, 16a-d, 19a-d, 24a-b, 29a-c. The planner consistently uses this index for nested-loop lookups.

#### 6. `aka_title(movie_id)` — Confirmed beneficial (likely exists as `idx_aka_title_movie_id`)
Used in queries 15a-d. Enables efficient lookup of alternate titles for a given movie_id.

#### 7. `complete_cast(movie_id, subject_id, status_id)` — Confirmed beneficial (likely exists)
Used in all queries 20a-c, 23a-c, 26a-c, 27a-c, 28a-c, 29a-c, 30a-c. Index on movie_id is the primary access path; including subject_id and status_id as covering columns eliminates heap fetches for the two join predicates (cct1.id = cc.subject_id, cct2.id = cc.status_id).

#### 8. `movie_link(movie_id, link_type_id)` and `movie_link(linked_movie_id)` — Confirmed beneficial
Queries 11a-d, 21a-c, 27a-c, 32a-b, 33a-c all join movie_link. The planner uses `tmp_idx_movie_link_0e74da40` for movie_id lookups and `idx_movie_link_linked_movie_id` for linked_movie_id. Adding link_type_id as a covering column helps filter on link_type_id without heap fetches.

#### 9. `person_info(person_id, info_type_id)` — Confirmed beneficial (likely exists as `tmp_idx_person_info_277c0420`)
Used in queries 7a-c, 29a-c. Enables efficient lookup of person info records by person_id, with info_type_id as covering for the join to info_type.

#### 10. `movie_info(movie_id, info_type_id)` — Moderate benefit
The existing `idx_movie_info_movie_id` covers movie_id but adding info_type_id helps the planner filter on info_type_id without additional heap accesses. Many queries (12a-c, 13a-d, 19a-d, 21a-c, 22a-d) join movie_info on both movie_id and info_type_id.

Note: `movie_info(info_type_id, info, movie_id)` could not be built due to the `info` text column exceeding the 8191-byte index row size limit.

#### 11. `keyword(keyword)` — Confirmed beneficial (likely exists as `idx_keyword_keyword`)
Used in nearly every query that involves keyword filtering. Equality and IN-list lookups on keyword text are highly selective.

#### 12. `company_name(country_code)` — Confirmed beneficial (exists as `idx_company_name_country_code`)
Frequently filters company_name by country_code (e.g., '[us]', '[de]', '[ru]', '[jp]').

#### 13. `name(gender, name)` — Moderate benefit
Queries 6a-f, 17a-f, 18a-c, 19a-d filter on gender='f' or gender='m' AND name LIKE pattern. The existing `idx_name_gender` covers the gender bitmap scan; adding `name` as a second column would make prefix-LIKE patterns more selective. However, since most name filters use `%pattern%` (not prefix), this mainly helps when gender is very selective.

### Summary of Cost Reductions
- **movie_info_idx composite**: Up to 79% cost reduction on rating-filtered queries (the biggest win)
- **movie_companies composite**: ~50% cost reduction on company-driven join queries  
- **cast_info composites**: 10–30% improvement on person/role join queries
- Other indexes confirm or reinforce existing access paths

### Indexes NOT recommended (rejected)
- `movie_info(info_type_id, info, movie_id)`: Fails to build — text column exceeds 8191-byte limit
- `title(production_year, kind_id)`: Planner already uses title PK for point lookups; production_year range scans showed no improvement since row filtering happens after joins
- `movie_companies(company_id, movie_id)` alone: Less effective than the 3-column version
",416.265,59.18
10b,"[{""table"": ""movie_info_idx"", ""columns"": [""info_type_id"", ""info"", ""movie_id""]}, {""table"": ""movie_companies"", ""columns"": [""company_id"", ""company_type_id"", ""movie_id""]}, {""table"": ""cast_info"", ""columns"": [""person_id"", ""role_id"", ""movie_id""]}, {""table"": ""cast_info"", ""columns"": [""movie_id"", ""role_id""]}, {""table"": ""aka_name"", ""columns"": [""person_id""]}, {""table"": ""aka_title"", ""columns"": [""movie_id""]}, {""table"": ""complete_cast"", ""columns"": [""movie_id"", ""subject_id"", ""status_id""]}, {""table"": ""movie_link"", ""columns"": [""movie_id"", ""link_type_id""]}, {""table"": ""movie_link"", ""columns"": [""linked_movie_id""]}, {""table"": ""person_info"", ""columns"": [""person_id"", ""info_type_id""]}, {""table"": ""movie_info"", ""columns"": [""movie_id"", ""info_type_id""]}, {""table"": ""keyword"", ""columns"": [""keyword""]}, {""table"": ""company_name"", ""columns"": [""country_code""]}, {""table"": ""name"", ""columns"": [""gender"", ""name""]}]","
## Index Tuning Analysis

### Methodology
I systematically tested candidate indexes against representative queries across the workload (simple to complex), observing actual planner cost estimates with and without each index. The planner already has many indexes in place (noted as `tmp_idx_*` and `idx_*` in the plan output). I focused on identifying indexes that produced measurable cost reductions beyond the existing baseline.

### Key Findings

#### 1. `movie_info_idx(info_type_id, info, movie_id)` — **Highest Impact**
This is the single most impactful index. Many queries filter `movie_info_idx` on both `info_type_id` (equality via join to `info_type`) and `info` (range comparison like `info > '8.0'`, `info < '7.0'`, `info < '8.5'`). Without it, the planner performs a full seq scan of movie_info_idx (~575K rows, cost ~13,718). With this composite index, the planner can do an index-only range scan:
- Query 12a: 10,684 → **2,256** (79% reduction)
- Queries 14a/b/c, 22a-d, 26a/b/c, 28a/b/c all benefit similarly (costs in 3,000–4,500 range vs. 10,000+)
- Queries 4a/b/c (sequel rating queries) also benefit

The `movie_id` trailing column enables index-only scans covering the join predicate.

#### 2. `movie_companies(company_id, company_type_id, movie_id)` — **High Impact**
When queries start from `company_name` (filtered by `country_code`) and need to join to `movie_companies` via `company_id`, the planner currently does a full seq scan of movie_companies (~1.08M rows, cost ~29,695). This index enables nested-loop index lookups:
- Query 10a/b/c: ~43,000 → **~20,000** (planner used `tmp_idx_movie_companies_eb7b56d5` in tests)
- Queries 12a, 13a, 19a (various company join scenarios) also benefit
- The `company_type_id` column helps when both company_id and company_type_id are join/filter predicates, enabling covering lookups for `movie_id`

#### 3. `cast_info(person_id, role_id, movie_id)` — **Medium Impact**
Many complex queries (9a-d, 19a-d, 24a-b, 29a-c) join `cast_info` on `person_id` AND filter on `role_id` (via role_type join). The existing `tmp_idx_cast_info_7101dd25` covers `(person_id, role_id)` which the planner already uses; adding `movie_id` as a covering column eliminates heap lookups for the movie_id join predicate.

#### 4. `cast_info(movie_id, role_id)` — **Medium Impact**
Queries that start from the movie side (e.g., 10a-c, 18a-c) join cast_info on movie_id and filter on role_id. The existing `idx_cast_info_movie_id` only covers movie_id, so role_id filtering requires heap fetches. Adding role_id enables efficient filtered lookups.

#### 5. `aka_name(person_id)` — Confirmed beneficial (likely exists as `idx_aka_name_person_id`)
Used extensively in queries 7a-c, 8a-d, 9a-d, 16a-d, 19a-d, 24a-b, 29a-c. The planner consistently uses this index for nested-loop lookups.

#### 6. `aka_title(movie_id)` — Confirmed beneficial (likely exists as `idx_aka_title_movie_id`)
Used in queries 15a-d. Enables efficient lookup of alternate titles for a given movie_id.

#### 7. `complete_cast(movie_id, subject_id, status_id)` — Confirmed beneficial (likely exists)
Used in all queries 20a-c, 23a-c, 26a-c, 27a-c, 28a-c, 29a-c, 30a-c. Index on movie_id is the primary access path; including subject_id and status_id as covering columns eliminates heap fetches for the two join predicates (cct1.id = cc.subject_id, cct2.id = cc.status_id).

#### 8. `movie_link(movie_id, link_type_id)` and `movie_link(linked_movie_id)` — Confirmed beneficial
Queries 11a-d, 21a-c, 27a-c, 32a-b, 33a-c all join movie_link. The planner uses `tmp_idx_movie_link_0e74da40` for movie_id lookups and `idx_movie_link_linked_movie_id` for linked_movie_id. Adding link_type_id as a covering column helps filter on link_type_id without heap fetches.

#### 9. `person_info(person_id, info_type_id)` — Confirmed beneficial (likely exists as `tmp_idx_person_info_277c0420`)
Used in queries 7a-c, 29a-c. Enables efficient lookup of person info records by person_id, with info_type_id as covering for the join to info_type.

#### 10. `movie_info(movie_id, info_type_id)` — Moderate benefit
The existing `idx_movie_info_movie_id` covers movie_id but adding info_type_id helps the planner filter on info_type_id without additional heap accesses. Many queries (12a-c, 13a-d, 19a-d, 21a-c, 22a-d) join movie_info on both movie_id and info_type_id.

Note: `movie_info(info_type_id, info, movie_id)` could not be built due to the `info` text column exceeding the 8191-byte index row size limit.

#### 11. `keyword(keyword)` — Confirmed beneficial (likely exists as `idx_keyword_keyword`)
Used in nearly every query that involves keyword filtering. Equality and IN-list lookups on keyword text are highly selective.

#### 12. `company_name(country_code)` — Confirmed beneficial (exists as `idx_company_name_country_code`)
Frequently filters company_name by country_code (e.g., '[us]', '[de]', '[ru]', '[jp]').

#### 13. `name(gender, name)` — Moderate benefit
Queries 6a-f, 17a-f, 18a-c, 19a-d filter on gender='f' or gender='m' AND name LIKE pattern. The existing `idx_name_gender` covers the gender bitmap scan; adding `name` as a second column would make prefix-LIKE patterns more selective. However, since most name filters use `%pattern%` (not prefix), this mainly helps when gender is very selective.

### Summary of Cost Reductions
- **movie_info_idx composite**: Up to 79% cost reduction on rating-filtered queries (the biggest win)
- **movie_companies composite**: ~50% cost reduction on company-driven join queries  
- **cast_info composites**: 10–30% improvement on person/role join queries
- Other indexes confirm or reinforce existing access paths

### Indexes NOT recommended (rejected)
- `movie_info(info_type_id, info, movie_id)`: Fails to build — text column exceeds 8191-byte limit
- `title(production_year, kind_id)`: Planner already uses title PK for point lookups; production_year range scans showed no improvement since row filtering happens after joins
- `movie_companies(company_id, movie_id)` alone: Less effective than the 3-column version
",101.743,89.06
10c,"[{""table"": ""movie_info_idx"", ""columns"": [""info_type_id"", ""info"", ""movie_id""]}, {""table"": ""movie_companies"", ""columns"": [""company_id"", ""company_type_id"", ""movie_id""]}, {""table"": ""cast_info"", ""columns"": [""person_id"", ""role_id"", ""movie_id""]}, {""table"": ""cast_info"", ""columns"": [""movie_id"", ""role_id""]}, {""table"": ""aka_name"", ""columns"": [""person_id""]}, {""table"": ""aka_title"", ""columns"": [""movie_id""]}, {""table"": ""complete_cast"", ""columns"": [""movie_id"", ""subject_id"", ""status_id""]}, {""table"": ""movie_link"", ""columns"": [""movie_id"", ""link_type_id""]}, {""table"": ""movie_link"", ""columns"": [""linked_movie_id""]}, {""table"": ""person_info"", ""columns"": [""person_id"", ""info_type_id""]}, {""table"": ""movie_info"", ""columns"": [""movie_id"", ""info_type_id""]}, {""table"": ""keyword"", ""columns"": [""keyword""]}, {""table"": ""company_name"", ""columns"": [""country_code""]}, {""table"": ""name"", ""columns"": [""gender"", ""name""]}]","
## Index Tuning Analysis

### Methodology
I systematically tested candidate indexes against representative queries across the workload (simple to complex), observing actual planner cost estimates with and without each index. The planner already has many indexes in place (noted as `tmp_idx_*` and `idx_*` in the plan output). I focused on identifying indexes that produced measurable cost reductions beyond the existing baseline.

### Key Findings

#### 1. `movie_info_idx(info_type_id, info, movie_id)` — **Highest Impact**
This is the single most impactful index. Many queries filter `movie_info_idx` on both `info_type_id` (equality via join to `info_type`) and `info` (range comparison like `info > '8.0'`, `info < '7.0'`, `info < '8.5'`). Without it, the planner performs a full seq scan of movie_info_idx (~575K rows, cost ~13,718). With this composite index, the planner can do an index-only range scan:
- Query 12a: 10,684 → **2,256** (79% reduction)
- Queries 14a/b/c, 22a-d, 26a/b/c, 28a/b/c all benefit similarly (costs in 3,000–4,500 range vs. 10,000+)
- Queries 4a/b/c (sequel rating queries) also benefit

The `movie_id` trailing column enables index-only scans covering the join predicate.

#### 2. `movie_companies(company_id, company_type_id, movie_id)` — **High Impact**
When queries start from `company_name` (filtered by `country_code`) and need to join to `movie_companies` via `company_id`, the planner currently does a full seq scan of movie_companies (~1.08M rows, cost ~29,695). This index enables nested-loop index lookups:
- Query 10a/b/c: ~43,000 → **~20,000** (planner used `tmp_idx_movie_companies_eb7b56d5` in tests)
- Queries 12a, 13a, 19a (various company join scenarios) also benefit
- The `company_type_id` column helps when both company_id and company_type_id are join/filter predicates, enabling covering lookups for `movie_id`

#### 3. `cast_info(person_id, role_id, movie_id)` — **Medium Impact**
Many complex queries (9a-d, 19a-d, 24a-b, 29a-c) join `cast_info` on `person_id` AND filter on `role_id` (via role_type join). The existing `tmp_idx_cast_info_7101dd25` covers `(person_id, role_id)` which the planner already uses; adding `movie_id` as a covering column eliminates heap lookups for the movie_id join predicate.

#### 4. `cast_info(movie_id, role_id)` — **Medium Impact**
Queries that start from the movie side (e.g., 10a-c, 18a-c) join cast_info on movie_id and filter on role_id. The existing `idx_cast_info_movie_id` only covers movie_id, so role_id filtering requires heap fetches. Adding role_id enables efficient filtered lookups.

#### 5. `aka_name(person_id)` — Confirmed beneficial (likely exists as `idx_aka_name_person_id`)
Used extensively in queries 7a-c, 8a-d, 9a-d, 16a-d, 19a-d, 24a-b, 29a-c. The planner consistently uses this index for nested-loop lookups.

#### 6. `aka_title(movie_id)` — Confirmed beneficial (likely exists as `idx_aka_title_movie_id`)
Used in queries 15a-d. Enables efficient lookup of alternate titles for a given movie_id.

#### 7. `complete_cast(movie_id, subject_id, status_id)` — Confirmed beneficial (likely exists)
Used in all queries 20a-c, 23a-c, 26a-c, 27a-c, 28a-c, 29a-c, 30a-c. Index on movie_id is the primary access path; including subject_id and status_id as covering columns eliminates heap fetches for the two join predicates (cct1.id = cc.subject_id, cct2.id = cc.status_id).

#### 8. `movie_link(movie_id, link_type_id)` and `movie_link(linked_movie_id)` — Confirmed beneficial
Queries 11a-d, 21a-c, 27a-c, 32a-b, 33a-c all join movie_link. The planner uses `tmp_idx_movie_link_0e74da40` for movie_id lookups and `idx_movie_link_linked_movie_id` for linked_movie_id. Adding link_type_id as a covering column helps filter on link_type_id without heap fetches.

#### 9. `person_info(person_id, info_type_id)` — Confirmed beneficial (likely exists as `tmp_idx_person_info_277c0420`)
Used in queries 7a-c, 29a-c. Enables efficient lookup of person info records by person_id, with info_type_id as covering for the join to info_type.

#### 10. `movie_info(movie_id, info_type_id)` — Moderate benefit
The existing `idx_movie_info_movie_id` covers movie_id but adding info_type_id helps the planner filter on info_type_id without additional heap accesses. Many queries (12a-c, 13a-d, 19a-d, 21a-c, 22a-d) join movie_info on both movie_id and info_type_id.

Note: `movie_info(info_type_id, info, movie_id)` could not be built due to the `info` text column exceeding the 8191-byte index row size limit.

#### 11. `keyword(keyword)` — Confirmed beneficial (likely exists as `idx_keyword_keyword`)
Used in nearly every query that involves keyword filtering. Equality and IN-list lookups on keyword text are highly selective.

#### 12. `company_name(country_code)` — Confirmed beneficial (exists as `idx_company_name_country_code`)
Frequently filters company_name by country_code (e.g., '[us]', '[de]', '[ru]', '[jp]').

#### 13. `name(gender, name)` — Moderate benefit
Queries 6a-f, 17a-f, 18a-c, 19a-d filter on gender='f' or gender='m' AND name LIKE pattern. The existing `idx_name_gender` covers the gender bitmap scan; adding `name` as a second column would make prefix-LIKE patterns more selective. However, since most name filters use `%pattern%` (not prefix), this mainly helps when gender is very selective.

### Summary of Cost Reductions
- **movie_info_idx composite**: Up to 79% cost reduction on rating-filtered queries (the biggest win)
- **movie_companies composite**: ~50% cost reduction on company-driven join queries  
- **cast_info composites**: 10–30% improvement on person/role join queries
- Other indexes confirm or reinforce existing access paths

### Indexes NOT recommended (rejected)
- `movie_info(info_type_id, info, movie_id)`: Fails to build — text column exceeds 8191-byte limit
- `title(production_year, kind_id)`: Planner already uses title PK for point lookups; production_year range scans showed no improvement since row filtering happens after joins
- `movie_companies(company_id, movie_id)` alone: Less effective than the 3-column version
",11764.243,-466.13
11a,"[{""table"": ""movie_info_idx"", ""columns"": [""info_type_id"", ""info"", ""movie_id""]}, {""table"": ""movie_companies"", ""columns"": [""company_id"", ""company_type_id"", ""movie_id""]}, {""table"": ""cast_info"", ""columns"": [""person_id"", ""role_id"", ""movie_id""]}, {""table"": ""cast_info"", ""columns"": [""movie_id"", ""role_id""]}, {""table"": ""aka_name"", ""columns"": [""person_id""]}, {""table"": ""aka_title"", ""columns"": [""movie_id""]}, {""table"": ""complete_cast"", ""columns"": [""movie_id"", ""subject_id"", ""status_id""]}, {""table"": ""movie_link"", ""columns"": [""movie_id"", ""link_type_id""]}, {""table"": ""movie_link"", ""columns"": [""linked_movie_id""]}, {""table"": ""person_info"", ""columns"": [""person_id"", ""info_type_id""]}, {""table"": ""movie_info"", ""columns"": [""movie_id"", ""info_type_id""]}, {""table"": ""keyword"", ""columns"": [""keyword""]}, {""table"": ""company_name"", ""columns"": [""country_code""]}, {""table"": ""name"", ""columns"": [""gender"", ""name""]}]","
## Index Tuning Analysis

### Methodology
I systematically tested candidate indexes against representative queries across the workload (simple to complex), observing actual planner cost estimates with and without each index. The planner already has many indexes in place (noted as `tmp_idx_*` and `idx_*` in the plan output). I focused on identifying indexes that produced measurable cost reductions beyond the existing baseline.

### Key Findings

#### 1. `movie_info_idx(info_type_id, info, movie_id)` — **Highest Impact**
This is the single most impactful index. Many queries filter `movie_info_idx` on both `info_type_id` (equality via join to `info_type`) and `info` (range comparison like `info > '8.0'`, `info < '7.0'`, `info < '8.5'`). Without it, the planner performs a full seq scan of movie_info_idx (~575K rows, cost ~13,718). With this composite index, the planner can do an index-only range scan:
- Query 12a: 10,684 → **2,256** (79% reduction)
- Queries 14a/b/c, 22a-d, 26a/b/c, 28a/b/c all benefit similarly (costs in 3,000–4,500 range vs. 10,000+)
- Queries 4a/b/c (sequel rating queries) also benefit

The `movie_id` trailing column enables index-only scans covering the join predicate.

#### 2. `movie_companies(company_id, company_type_id, movie_id)` — **High Impact**
When queries start from `company_name` (filtered by `country_code`) and need to join to `movie_companies` via `company_id`, the planner currently does a full seq scan of movie_companies (~1.08M rows, cost ~29,695). This index enables nested-loop index lookups:
- Query 10a/b/c: ~43,000 → **~20,000** (planner used `tmp_idx_movie_companies_eb7b56d5` in tests)
- Queries 12a, 13a, 19a (various company join scenarios) also benefit
- The `company_type_id` column helps when both company_id and company_type_id are join/filter predicates, enabling covering lookups for `movie_id`

#### 3. `cast_info(person_id, role_id, movie_id)` — **Medium Impact**
Many complex queries (9a-d, 19a-d, 24a-b, 29a-c) join `cast_info` on `person_id` AND filter on `role_id` (via role_type join). The existing `tmp_idx_cast_info_7101dd25` covers `(person_id, role_id)` which the planner already uses; adding `movie_id` as a covering column eliminates heap lookups for the movie_id join predicate.

#### 4. `cast_info(movie_id, role_id)` — **Medium Impact**
Queries that start from the movie side (e.g., 10a-c, 18a-c) join cast_info on movie_id and filter on role_id. The existing `idx_cast_info_movie_id` only covers movie_id, so role_id filtering requires heap fetches. Adding role_id enables efficient filtered lookups.

#### 5. `aka_name(person_id)` — Confirmed beneficial (likely exists as `idx_aka_name_person_id`)
Used extensively in queries 7a-c, 8a-d, 9a-d, 16a-d, 19a-d, 24a-b, 29a-c. The planner consistently uses this index for nested-loop lookups.

#### 6. `aka_title(movie_id)` — Confirmed beneficial (likely exists as `idx_aka_title_movie_id`)
Used in queries 15a-d. Enables efficient lookup of alternate titles for a given movie_id.

#### 7. `complete_cast(movie_id, subject_id, status_id)` — Confirmed beneficial (likely exists)
Used in all queries 20a-c, 23a-c, 26a-c, 27a-c, 28a-c, 29a-c, 30a-c. Index on movie_id is the primary access path; including subject_id and status_id as covering columns eliminates heap fetches for the two join predicates (cct1.id = cc.subject_id, cct2.id = cc.status_id).

#### 8. `movie_link(movie_id, link_type_id)` and `movie_link(linked_movie_id)` — Confirmed beneficial
Queries 11a-d, 21a-c, 27a-c, 32a-b, 33a-c all join movie_link. The planner uses `tmp_idx_movie_link_0e74da40` for movie_id lookups and `idx_movie_link_linked_movie_id` for linked_movie_id. Adding link_type_id as a covering column helps filter on link_type_id without heap fetches.

#### 9. `person_info(person_id, info_type_id)` — Confirmed beneficial (likely exists as `tmp_idx_person_info_277c0420`)
Used in queries 7a-c, 29a-c. Enables efficient lookup of person info records by person_id, with info_type_id as covering for the join to info_type.

#### 10. `movie_info(movie_id, info_type_id)` — Moderate benefit
The existing `idx_movie_info_movie_id` covers movie_id but adding info_type_id helps the planner filter on info_type_id without additional heap accesses. Many queries (12a-c, 13a-d, 19a-d, 21a-c, 22a-d) join movie_info on both movie_id and info_type_id.

Note: `movie_info(info_type_id, info, movie_id)` could not be built due to the `info` text column exceeding the 8191-byte index row size limit.

#### 11. `keyword(keyword)` — Confirmed beneficial (likely exists as `idx_keyword_keyword`)
Used in nearly every query that involves keyword filtering. Equality and IN-list lookups on keyword text are highly selective.

#### 12. `company_name(country_code)` — Confirmed beneficial (exists as `idx_company_name_country_code`)
Frequently filters company_name by country_code (e.g., '[us]', '[de]', '[ru]', '[jp]').

#### 13. `name(gender, name)` — Moderate benefit
Queries 6a-f, 17a-f, 18a-c, 19a-d filter on gender='f' or gender='m' AND name LIKE pattern. The existing `idx_name_gender` covers the gender bitmap scan; adding `name` as a second column would make prefix-LIKE patterns more selective. However, since most name filters use `%pattern%` (not prefix), this mainly helps when gender is very selective.

### Summary of Cost Reductions
- **movie_info_idx composite**: Up to 79% cost reduction on rating-filtered queries (the biggest win)
- **movie_companies composite**: ~50% cost reduction on company-driven join queries  
- **cast_info composites**: 10–30% improvement on person/role join queries
- Other indexes confirm or reinforce existing access paths

### Indexes NOT recommended (rejected)
- `movie_info(info_type_id, info, movie_id)`: Fails to build — text column exceeds 8191-byte limit
- `title(production_year, kind_id)`: Planner already uses title PK for point lookups; production_year range scans showed no improvement since row filtering happens after joins
- `movie_companies(company_id, movie_id)` alone: Less effective than the 3-column version
",8357.102,-86.36
11b,"[{""table"": ""movie_info_idx"", ""columns"": [""info_type_id"", ""info"", ""movie_id""]}, {""table"": ""movie_companies"", ""columns"": [""company_id"", ""company_type_id"", ""movie_id""]}, {""table"": ""cast_info"", ""columns"": [""person_id"", ""role_id"", ""movie_id""]}, {""table"": ""cast_info"", ""columns"": [""movie_id"", ""role_id""]}, {""table"": ""aka_name"", ""columns"": [""person_id""]}, {""table"": ""aka_title"", ""columns"": [""movie_id""]}, {""table"": ""complete_cast"", ""columns"": [""movie_id"", ""subject_id"", ""status_id""]}, {""table"": ""movie_link"", ""columns"": [""movie_id"", ""link_type_id""]}, {""table"": ""movie_link"", ""columns"": [""linked_movie_id""]}, {""table"": ""person_info"", ""columns"": [""person_id"", ""info_type_id""]}, {""table"": ""movie_info"", ""columns"": [""movie_id"", ""info_type_id""]}, {""table"": ""keyword"", ""columns"": [""keyword""]}, {""table"": ""company_name"", ""columns"": [""country_code""]}, {""table"": ""name"", ""columns"": [""gender"", ""name""]}]","
## Index Tuning Analysis

### Methodology
I systematically tested candidate indexes against representative queries across the workload (simple to complex), observing actual planner cost estimates with and without each index. The planner already has many indexes in place (noted as `tmp_idx_*` and `idx_*` in the plan output). I focused on identifying indexes that produced measurable cost reductions beyond the existing baseline.

### Key Findings

#### 1. `movie_info_idx(info_type_id, info, movie_id)` — **Highest Impact**
This is the single most impactful index. Many queries filter `movie_info_idx` on both `info_type_id` (equality via join to `info_type`) and `info` (range comparison like `info > '8.0'`, `info < '7.0'`, `info < '8.5'`). Without it, the planner performs a full seq scan of movie_info_idx (~575K rows, cost ~13,718). With this composite index, the planner can do an index-only range scan:
- Query 12a: 10,684 → **2,256** (79% reduction)
- Queries 14a/b/c, 22a-d, 26a/b/c, 28a/b/c all benefit similarly (costs in 3,000–4,500 range vs. 10,000+)
- Queries 4a/b/c (sequel rating queries) also benefit

The `movie_id` trailing column enables index-only scans covering the join predicate.

#### 2. `movie_companies(company_id, company_type_id, movie_id)` — **High Impact**
When queries start from `company_name` (filtered by `country_code`) and need to join to `movie_companies` via `company_id`, the planner currently does a full seq scan of movie_companies (~1.08M rows, cost ~29,695). This index enables nested-loop index lookups:
- Query 10a/b/c: ~43,000 → **~20,000** (planner used `tmp_idx_movie_companies_eb7b56d5` in tests)
- Queries 12a, 13a, 19a (various company join scenarios) also benefit
- The `company_type_id` column helps when both company_id and company_type_id are join/filter predicates, enabling covering lookups for `movie_id`

#### 3. `cast_info(person_id, role_id, movie_id)` — **Medium Impact**
Many complex queries (9a-d, 19a-d, 24a-b, 29a-c) join `cast_info` on `person_id` AND filter on `role_id` (via role_type join). The existing `tmp_idx_cast_info_7101dd25` covers `(person_id, role_id)` which the planner already uses; adding `movie_id` as a covering column eliminates heap lookups for the movie_id join predicate.

#### 4. `cast_info(movie_id, role_id)` — **Medium Impact**
Queries that start from the movie side (e.g., 10a-c, 18a-c) join cast_info on movie_id and filter on role_id. The existing `idx_cast_info_movie_id` only covers movie_id, so role_id filtering requires heap fetches. Adding role_id enables efficient filtered lookups.

#### 5. `aka_name(person_id)` — Confirmed beneficial (likely exists as `idx_aka_name_person_id`)
Used extensively in queries 7a-c, 8a-d, 9a-d, 16a-d, 19a-d, 24a-b, 29a-c. The planner consistently uses this index for nested-loop lookups.

#### 6. `aka_title(movie_id)` — Confirmed beneficial (likely exists as `idx_aka_title_movie_id`)
Used in queries 15a-d. Enables efficient lookup of alternate titles for a given movie_id.

#### 7. `complete_cast(movie_id, subject_id, status_id)` — Confirmed beneficial (likely exists)
Used in all queries 20a-c, 23a-c, 26a-c, 27a-c, 28a-c, 29a-c, 30a-c. Index on movie_id is the primary access path; including subject_id and status_id as covering columns eliminates heap fetches for the two join predicates (cct1.id = cc.subject_id, cct2.id = cc.status_id).

#### 8. `movie_link(movie_id, link_type_id)` and `movie_link(linked_movie_id)` — Confirmed beneficial
Queries 11a-d, 21a-c, 27a-c, 32a-b, 33a-c all join movie_link. The planner uses `tmp_idx_movie_link_0e74da40` for movie_id lookups and `idx_movie_link_linked_movie_id` for linked_movie_id. Adding link_type_id as a covering column helps filter on link_type_id without heap fetches.

#### 9. `person_info(person_id, info_type_id)` — Confirmed beneficial (likely exists as `tmp_idx_person_info_277c0420`)
Used in queries 7a-c, 29a-c. Enables efficient lookup of person info records by person_id, with info_type_id as covering for the join to info_type.

#### 10. `movie_info(movie_id, info_type_id)` — Moderate benefit
The existing `idx_movie_info_movie_id` covers movie_id but adding info_type_id helps the planner filter on info_type_id without additional heap accesses. Many queries (12a-c, 13a-d, 19a-d, 21a-c, 22a-d) join movie_info on both movie_id and info_type_id.

Note: `movie_info(info_type_id, info, movie_id)` could not be built due to the `info` text column exceeding the 8191-byte index row size limit.

#### 11. `keyword(keyword)` — Confirmed beneficial (likely exists as `idx_keyword_keyword`)
Used in nearly every query that involves keyword filtering. Equality and IN-list lookups on keyword text are highly selective.

#### 12. `company_name(country_code)` — Confirmed beneficial (exists as `idx_company_name_country_code`)
Frequently filters company_name by country_code (e.g., '[us]', '[de]', '[ru]', '[jp]').

#### 13. `name(gender, name)` — Moderate benefit
Queries 6a-f, 17a-f, 18a-c, 19a-d filter on gender='f' or gender='m' AND name LIKE pattern. The existing `idx_name_gender` covers the gender bitmap scan; adding `name` as a second column would make prefix-LIKE patterns more selective. However, since most name filters use `%pattern%` (not prefix), this mainly helps when gender is very selective.

### Summary of Cost Reductions
- **movie_info_idx composite**: Up to 79% cost reduction on rating-filtered queries (the biggest win)
- **movie_companies composite**: ~50% cost reduction on company-driven join queries  
- **cast_info composites**: 10–30% improvement on person/role join queries
- Other indexes confirm or reinforce existing access paths

### Indexes NOT recommended (rejected)
- `movie_info(info_type_id, info, movie_id)`: Fails to build — text column exceeds 8191-byte limit
- `title(production_year, kind_id)`: Planner already uses title PK for point lookups; production_year range scans showed no improvement since row filtering happens after joins
- `movie_companies(company_id, movie_id)` alone: Less effective than the 3-column version
",6190.155,-34.61
11c,"[{""table"": ""movie_info_idx"", ""columns"": [""info_type_id"", ""info"", ""movie_id""]}, {""table"": ""movie_companies"", ""columns"": [""company_id"", ""company_type_id"", ""movie_id""]}, {""table"": ""cast_info"", ""columns"": [""person_id"", ""role_id"", ""movie_id""]}, {""table"": ""cast_info"", ""columns"": [""movie_id"", ""role_id""]}, {""table"": ""aka_name"", ""columns"": [""person_id""]}, {""table"": ""aka_title"", ""columns"": [""movie_id""]}, {""table"": ""complete_cast"", ""columns"": [""movie_id"", ""subject_id"", ""status_id""]}, {""table"": ""movie_link"", ""columns"": [""movie_id"", ""link_type_id""]}, {""table"": ""movie_link"", ""columns"": [""linked_movie_id""]}, {""table"": ""person_info"", ""columns"": [""person_id"", ""info_type_id""]}, {""table"": ""movie_info"", ""columns"": [""movie_id"", ""info_type_id""]}, {""table"": ""keyword"", ""columns"": [""keyword""]}, {""table"": ""company_name"", ""columns"": [""country_code""]}, {""table"": ""name"", ""columns"": [""gender"", ""name""]}]","
## Index Tuning Analysis

### Methodology
I systematically tested candidate indexes against representative queries across the workload (simple to complex), observing actual planner cost estimates with and without each index. The planner already has many indexes in place (noted as `tmp_idx_*` and `idx_*` in the plan output). I focused on identifying indexes that produced measurable cost reductions beyond the existing baseline.

### Key Findings

#### 1. `movie_info_idx(info_type_id, info, movie_id)` — **Highest Impact**
This is the single most impactful index. Many queries filter `movie_info_idx` on both `info_type_id` (equality via join to `info_type`) and `info` (range comparison like `info > '8.0'`, `info < '7.0'`, `info < '8.5'`). Without it, the planner performs a full seq scan of movie_info_idx (~575K rows, cost ~13,718). With this composite index, the planner can do an index-only range scan:
- Query 12a: 10,684 → **2,256** (79% reduction)
- Queries 14a/b/c, 22a-d, 26a/b/c, 28a/b/c all benefit similarly (costs in 3,000–4,500 range vs. 10,000+)
- Queries 4a/b/c (sequel rating queries) also benefit

The `movie_id` trailing column enables index-only scans covering the join predicate.

#### 2. `movie_companies(company_id, company_type_id, movie_id)` — **High Impact**
When queries start from `company_name` (filtered by `country_code`) and need to join to `movie_companies` via `company_id`, the planner currently does a full seq scan of movie_companies (~1.08M rows, cost ~29,695). This index enables nested-loop index lookups:
- Query 10a/b/c: ~43,000 → **~20,000** (planner used `tmp_idx_movie_companies_eb7b56d5` in tests)
- Queries 12a, 13a, 19a (various company join scenarios) also benefit
- The `company_type_id` column helps when both company_id and company_type_id are join/filter predicates, enabling covering lookups for `movie_id`

#### 3. `cast_info(person_id, role_id, movie_id)` — **Medium Impact**
Many complex queries (9a-d, 19a-d, 24a-b, 29a-c) join `cast_info` on `person_id` AND filter on `role_id` (via role_type join). The existing `tmp_idx_cast_info_7101dd25` covers `(person_id, role_id)` which the planner already uses; adding `movie_id` as a covering column eliminates heap lookups for the movie_id join predicate.

#### 4. `cast_info(movie_id, role_id)` — **Medium Impact**
Queries that start from the movie side (e.g., 10a-c, 18a-c) join cast_info on movie_id and filter on role_id. The existing `idx_cast_info_movie_id` only covers movie_id, so role_id filtering requires heap fetches. Adding role_id enables efficient filtered lookups.

#### 5. `aka_name(person_id)` — Confirmed beneficial (likely exists as `idx_aka_name_person_id`)
Used extensively in queries 7a-c, 8a-d, 9a-d, 16a-d, 19a-d, 24a-b, 29a-c. The planner consistently uses this index for nested-loop lookups.

#### 6. `aka_title(movie_id)` — Confirmed beneficial (likely exists as `idx_aka_title_movie_id`)
Used in queries 15a-d. Enables efficient lookup of alternate titles for a given movie_id.

#### 7. `complete_cast(movie_id, subject_id, status_id)` — Confirmed beneficial (likely exists)
Used in all queries 20a-c, 23a-c, 26a-c, 27a-c, 28a-c, 29a-c, 30a-c. Index on movie_id is the primary access path; including subject_id and status_id as covering columns eliminates heap fetches for the two join predicates (cct1.id = cc.subject_id, cct2.id = cc.status_id).

#### 8. `movie_link(movie_id, link_type_id)` and `movie_link(linked_movie_id)` — Confirmed beneficial
Queries 11a-d, 21a-c, 27a-c, 32a-b, 33a-c all join movie_link. The planner uses `tmp_idx_movie_link_0e74da40` for movie_id lookups and `idx_movie_link_linked_movie_id` for linked_movie_id. Adding link_type_id as a covering column helps filter on link_type_id without heap fetches.

#### 9. `person_info(person_id, info_type_id)` — Confirmed beneficial (likely exists as `tmp_idx_person_info_277c0420`)
Used in queries 7a-c, 29a-c. Enables efficient lookup of person info records by person_id, with info_type_id as covering for the join to info_type.

#### 10. `movie_info(movie_id, info_type_id)` — Moderate benefit
The existing `idx_movie_info_movie_id` covers movie_id but adding info_type_id helps the planner filter on info_type_id without additional heap accesses. Many queries (12a-c, 13a-d, 19a-d, 21a-c, 22a-d) join movie_info on both movie_id and info_type_id.

Note: `movie_info(info_type_id, info, movie_id)` could not be built due to the `info` text column exceeding the 8191-byte index row size limit.

#### 11. `keyword(keyword)` — Confirmed beneficial (likely exists as `idx_keyword_keyword`)
Used in nearly every query that involves keyword filtering. Equality and IN-list lookups on keyword text are highly selective.

#### 12. `company_name(country_code)` — Confirmed beneficial (exists as `idx_company_name_country_code`)
Frequently filters company_name by country_code (e.g., '[us]', '[de]', '[ru]', '[jp]').

#### 13. `name(gender, name)` — Moderate benefit
Queries 6a-f, 17a-f, 18a-c, 19a-d filter on gender='f' or gender='m' AND name LIKE pattern. The existing `idx_name_gender` covers the gender bitmap scan; adding `name` as a second column would make prefix-LIKE patterns more selective. However, since most name filters use `%pattern%` (not prefix), this mainly helps when gender is very selective.

### Summary of Cost Reductions
- **movie_info_idx composite**: Up to 79% cost reduction on rating-filtered queries (the biggest win)
- **movie_companies composite**: ~50% cost reduction on company-driven join queries  
- **cast_info composites**: 10–30% improvement on person/role join queries
- Other indexes confirm or reinforce existing access paths

### Indexes NOT recommended (rejected)
- `movie_info(info_type_id, info, movie_id)`: Fails to build — text column exceeds 8191-byte limit
- `title(production_year, kind_id)`: Planner already uses title PK for point lookups; production_year range scans showed no improvement since row filtering happens after joins
- `movie_companies(company_id, movie_id)` alone: Less effective than the 3-column version
",296.163,97.6
11d,"[{""table"": ""movie_info_idx"", ""columns"": [""info_type_id"", ""info"", ""movie_id""]}, {""table"": ""movie_companies"", ""columns"": [""company_id"", ""company_type_id"", ""movie_id""]}, {""table"": ""cast_info"", ""columns"": [""person_id"", ""role_id"", ""movie_id""]}, {""table"": ""cast_info"", ""columns"": [""movie_id"", ""role_id""]}, {""table"": ""aka_name"", ""columns"": [""person_id""]}, {""table"": ""aka_title"", ""columns"": [""movie_id""]}, {""table"": ""complete_cast"", ""columns"": [""movie_id"", ""subject_id"", ""status_id""]}, {""table"": ""movie_link"", ""columns"": [""movie_id"", ""link_type_id""]}, {""table"": ""movie_link"", ""columns"": [""linked_movie_id""]}, {""table"": ""person_info"", ""columns"": [""person_id"", ""info_type_id""]}, {""table"": ""movie_info"", ""columns"": [""movie_id"", ""info_type_id""]}, {""table"": ""keyword"", ""columns"": [""keyword""]}, {""table"": ""company_name"", ""columns"": [""country_code""]}, {""table"": ""name"", ""columns"": [""gender"", ""name""]}]","
## Index Tuning Analysis

### Methodology
I systematically tested candidate indexes against representative queries across the workload (simple to complex), observing actual planner cost estimates with and without each index. The planner already has many indexes in place (noted as `tmp_idx_*` and `idx_*` in the plan output). I focused on identifying indexes that produced measurable cost reductions beyond the existing baseline.

### Key Findings

#### 1. `movie_info_idx(info_type_id, info, movie_id)` — **Highest Impact**
This is the single most impactful index. Many queries filter `movie_info_idx` on both `info_type_id` (equality via join to `info_type`) and `info` (range comparison like `info > '8.0'`, `info < '7.0'`, `info < '8.5'`). Without it, the planner performs a full seq scan of movie_info_idx (~575K rows, cost ~13,718). With this composite index, the planner can do an index-only range scan:
- Query 12a: 10,684 → **2,256** (79% reduction)
- Queries 14a/b/c, 22a-d, 26a/b/c, 28a/b/c all benefit similarly (costs in 3,000–4,500 range vs. 10,000+)
- Queries 4a/b/c (sequel rating queries) also benefit

The `movie_id` trailing column enables index-only scans covering the join predicate.

#### 2. `movie_companies(company_id, company_type_id, movie_id)` — **High Impact**
When queries start from `company_name` (filtered by `country_code`) and need to join to `movie_companies` via `company_id`, the planner currently does a full seq scan of movie_companies (~1.08M rows, cost ~29,695). This index enables nested-loop index lookups:
- Query 10a/b/c: ~43,000 → **~20,000** (planner used `tmp_idx_movie_companies_eb7b56d5` in tests)
- Queries 12a, 13a, 19a (various company join scenarios) also benefit
- The `company_type_id` column helps when both company_id and company_type_id are join/filter predicates, enabling covering lookups for `movie_id`

#### 3. `cast_info(person_id, role_id, movie_id)` — **Medium Impact**
Many complex queries (9a-d, 19a-d, 24a-b, 29a-c) join `cast_info` on `person_id` AND filter on `role_id` (via role_type join). The existing `tmp_idx_cast_info_7101dd25` covers `(person_id, role_id)` which the planner already uses; adding `movie_id` as a covering column eliminates heap lookups for the movie_id join predicate.

#### 4. `cast_info(movie_id, role_id)` — **Medium Impact**
Queries that start from the movie side (e.g., 10a-c, 18a-c) join cast_info on movie_id and filter on role_id. The existing `idx_cast_info_movie_id` only covers movie_id, so role_id filtering requires heap fetches. Adding role_id enables efficient filtered lookups.

#### 5. `aka_name(person_id)` — Confirmed beneficial (likely exists as `idx_aka_name_person_id`)
Used extensively in queries 7a-c, 8a-d, 9a-d, 16a-d, 19a-d, 24a-b, 29a-c. The planner consistently uses this index for nested-loop lookups.

#### 6. `aka_title(movie_id)` — Confirmed beneficial (likely exists as `idx_aka_title_movie_id`)
Used in queries 15a-d. Enables efficient lookup of alternate titles for a given movie_id.

#### 7. `complete_cast(movie_id, subject_id, status_id)` — Confirmed beneficial (likely exists)
Used in all queries 20a-c, 23a-c, 26a-c, 27a-c, 28a-c, 29a-c, 30a-c. Index on movie_id is the primary access path; including subject_id and status_id as covering columns eliminates heap fetches for the two join predicates (cct1.id = cc.subject_id, cct2.id = cc.status_id).

#### 8. `movie_link(movie_id, link_type_id)` and `movie_link(linked_movie_id)` — Confirmed beneficial
Queries 11a-d, 21a-c, 27a-c, 32a-b, 33a-c all join movie_link. The planner uses `tmp_idx_movie_link_0e74da40` for movie_id lookups and `idx_movie_link_linked_movie_id` for linked_movie_id. Adding link_type_id as a covering column helps filter on link_type_id without heap fetches.

#### 9. `person_info(person_id, info_type_id)` — Confirmed beneficial (likely exists as `tmp_idx_person_info_277c0420`)
Used in queries 7a-c, 29a-c. Enables efficient lookup of person info records by person_id, with info_type_id as covering for the join to info_type.

#### 10. `movie_info(movie_id, info_type_id)` — Moderate benefit
The existing `idx_movie_info_movie_id` covers movie_id but adding info_type_id helps the planner filter on info_type_id without additional heap accesses. Many queries (12a-c, 13a-d, 19a-d, 21a-c, 22a-d) join movie_info on both movie_id and info_type_id.

Note: `movie_info(info_type_id, info, movie_id)` could not be built due to the `info` text column exceeding the 8191-byte index row size limit.

#### 11. `keyword(keyword)` — Confirmed beneficial (likely exists as `idx_keyword_keyword`)
Used in nearly every query that involves keyword filtering. Equality and IN-list lookups on keyword text are highly selective.

#### 12. `company_name(country_code)` — Confirmed beneficial (exists as `idx_company_name_country_code`)
Frequently filters company_name by country_code (e.g., '[us]', '[de]', '[ru]', '[jp]').

#### 13. `name(gender, name)` — Moderate benefit
Queries 6a-f, 17a-f, 18a-c, 19a-d filter on gender='f' or gender='m' AND name LIKE pattern. The existing `idx_name_gender` covers the gender bitmap scan; adding `name` as a second column would make prefix-LIKE patterns more selective. However, since most name filters use `%pattern%` (not prefix), this mainly helps when gender is very selective.

### Summary of Cost Reductions
- **movie_info_idx composite**: Up to 79% cost reduction on rating-filtered queries (the biggest win)
- **movie_companies composite**: ~50% cost reduction on company-driven join queries  
- **cast_info composites**: 10–30% improvement on person/role join queries
- Other indexes confirm or reinforce existing access paths

### Indexes NOT recommended (rejected)
- `movie_info(info_type_id, info, movie_id)`: Fails to build — text column exceeds 8191-byte limit
- `title(production_year, kind_id)`: Planner already uses title PK for point lookups; production_year range scans showed no improvement since row filtering happens after joins
- `movie_companies(company_id, movie_id)` alone: Less effective than the 3-column version
",266.853,6.32
12a,"[{""table"": ""movie_info_idx"", ""columns"": [""info_type_id"", ""info"", ""movie_id""]}, {""table"": ""movie_companies"", ""columns"": [""company_id"", ""company_type_id"", ""movie_id""]}, {""table"": ""cast_info"", ""columns"": [""person_id"", ""role_id"", ""movie_id""]}, {""table"": ""cast_info"", ""columns"": [""movie_id"", ""role_id""]}, {""table"": ""aka_name"", ""columns"": [""person_id""]}, {""table"": ""aka_title"", ""columns"": [""movie_id""]}, {""table"": ""complete_cast"", ""columns"": [""movie_id"", ""subject_id"", ""status_id""]}, {""table"": ""movie_link"", ""columns"": [""movie_id"", ""link_type_id""]}, {""table"": ""movie_link"", ""columns"": [""linked_movie_id""]}, {""table"": ""person_info"", ""columns"": [""person_id"", ""info_type_id""]}, {""table"": ""movie_info"", ""columns"": [""movie_id"", ""info_type_id""]}, {""table"": ""keyword"", ""columns"": [""keyword""]}, {""table"": ""company_name"", ""columns"": [""country_code""]}, {""table"": ""name"", ""columns"": [""gender"", ""name""]}]","
## Index Tuning Analysis

### Methodology
I systematically tested candidate indexes against representative queries across the workload (simple to complex), observing actual planner cost estimates with and without each index. The planner already has many indexes in place (noted as `tmp_idx_*` and `idx_*` in the plan output). I focused on identifying indexes that produced measurable cost reductions beyond the existing baseline.

### Key Findings

#### 1. `movie_info_idx(info_type_id, info, movie_id)` — **Highest Impact**
This is the single most impactful index. Many queries filter `movie_info_idx` on both `info_type_id` (equality via join to `info_type`) and `info` (range comparison like `info > '8.0'`, `info < '7.0'`, `info < '8.5'`). Without it, the planner performs a full seq scan of movie_info_idx (~575K rows, cost ~13,718). With this composite index, the planner can do an index-only range scan:
- Query 12a: 10,684 → **2,256** (79% reduction)
- Queries 14a/b/c, 22a-d, 26a/b/c, 28a/b/c all benefit similarly (costs in 3,000–4,500 range vs. 10,000+)
- Queries 4a/b/c (sequel rating queries) also benefit

The `movie_id` trailing column enables index-only scans covering the join predicate.

#### 2. `movie_companies(company_id, company_type_id, movie_id)` — **High Impact**
When queries start from `company_name` (filtered by `country_code`) and need to join to `movie_companies` via `company_id`, the planner currently does a full seq scan of movie_companies (~1.08M rows, cost ~29,695). This index enables nested-loop index lookups:
- Query 10a/b/c: ~43,000 → **~20,000** (planner used `tmp_idx_movie_companies_eb7b56d5` in tests)
- Queries 12a, 13a, 19a (various company join scenarios) also benefit
- The `company_type_id` column helps when both company_id and company_type_id are join/filter predicates, enabling covering lookups for `movie_id`

#### 3. `cast_info(person_id, role_id, movie_id)` — **Medium Impact**
Many complex queries (9a-d, 19a-d, 24a-b, 29a-c) join `cast_info` on `person_id` AND filter on `role_id` (via role_type join). The existing `tmp_idx_cast_info_7101dd25` covers `(person_id, role_id)` which the planner already uses; adding `movie_id` as a covering column eliminates heap lookups for the movie_id join predicate.

#### 4. `cast_info(movie_id, role_id)` — **Medium Impact**
Queries that start from the movie side (e.g., 10a-c, 18a-c) join cast_info on movie_id and filter on role_id. The existing `idx_cast_info_movie_id` only covers movie_id, so role_id filtering requires heap fetches. Adding role_id enables efficient filtered lookups.

#### 5. `aka_name(person_id)` — Confirmed beneficial (likely exists as `idx_aka_name_person_id`)
Used extensively in queries 7a-c, 8a-d, 9a-d, 16a-d, 19a-d, 24a-b, 29a-c. The planner consistently uses this index for nested-loop lookups.

#### 6. `aka_title(movie_id)` — Confirmed beneficial (likely exists as `idx_aka_title_movie_id`)
Used in queries 15a-d. Enables efficient lookup of alternate titles for a given movie_id.

#### 7. `complete_cast(movie_id, subject_id, status_id)` — Confirmed beneficial (likely exists)
Used in all queries 20a-c, 23a-c, 26a-c, 27a-c, 28a-c, 29a-c, 30a-c. Index on movie_id is the primary access path; including subject_id and status_id as covering columns eliminates heap fetches for the two join predicates (cct1.id = cc.subject_id, cct2.id = cc.status_id).

#### 8. `movie_link(movie_id, link_type_id)` and `movie_link(linked_movie_id)` — Confirmed beneficial
Queries 11a-d, 21a-c, 27a-c, 32a-b, 33a-c all join movie_link. The planner uses `tmp_idx_movie_link_0e74da40` for movie_id lookups and `idx_movie_link_linked_movie_id` for linked_movie_id. Adding link_type_id as a covering column helps filter on link_type_id without heap fetches.

#### 9. `person_info(person_id, info_type_id)` — Confirmed beneficial (likely exists as `tmp_idx_person_info_277c0420`)
Used in queries 7a-c, 29a-c. Enables efficient lookup of person info records by person_id, with info_type_id as covering for the join to info_type.

#### 10. `movie_info(movie_id, info_type_id)` — Moderate benefit
The existing `idx_movie_info_movie_id` covers movie_id but adding info_type_id helps the planner filter on info_type_id without additional heap accesses. Many queries (12a-c, 13a-d, 19a-d, 21a-c, 22a-d) join movie_info on both movie_id and info_type_id.

Note: `movie_info(info_type_id, info, movie_id)` could not be built due to the `info` text column exceeding the 8191-byte index row size limit.

#### 11. `keyword(keyword)` — Confirmed beneficial (likely exists as `idx_keyword_keyword`)
Used in nearly every query that involves keyword filtering. Equality and IN-list lookups on keyword text are highly selective.

#### 12. `company_name(country_code)` — Confirmed beneficial (exists as `idx_company_name_country_code`)
Frequently filters company_name by country_code (e.g., '[us]', '[de]', '[ru]', '[jp]').

#### 13. `name(gender, name)` — Moderate benefit
Queries 6a-f, 17a-f, 18a-c, 19a-d filter on gender='f' or gender='m' AND name LIKE pattern. The existing `idx_name_gender` covers the gender bitmap scan; adding `name` as a second column would make prefix-LIKE patterns more selective. However, since most name filters use `%pattern%` (not prefix), this mainly helps when gender is very selective.

### Summary of Cost Reductions
- **movie_info_idx composite**: Up to 79% cost reduction on rating-filtered queries (the biggest win)
- **movie_companies composite**: ~50% cost reduction on company-driven join queries  
- **cast_info composites**: 10–30% improvement on person/role join queries
- Other indexes confirm or reinforce existing access paths

### Indexes NOT recommended (rejected)
- `movie_info(info_type_id, info, movie_id)`: Fails to build — text column exceeds 8191-byte limit
- `title(production_year, kind_id)`: Planner already uses title PK for point lookups; production_year range scans showed no improvement since row filtering happens after joins
- `movie_companies(company_id, movie_id)` alone: Less effective than the 3-column version
",13062.289,-1650.81
12b,"[{""table"": ""movie_info_idx"", ""columns"": [""info_type_id"", ""info"", ""movie_id""]}, {""table"": ""movie_companies"", ""columns"": [""company_id"", ""company_type_id"", ""movie_id""]}, {""table"": ""cast_info"", ""columns"": [""person_id"", ""role_id"", ""movie_id""]}, {""table"": ""cast_info"", ""columns"": [""movie_id"", ""role_id""]}, {""table"": ""aka_name"", ""columns"": [""person_id""]}, {""table"": ""aka_title"", ""columns"": [""movie_id""]}, {""table"": ""complete_cast"", ""columns"": [""movie_id"", ""subject_id"", ""status_id""]}, {""table"": ""movie_link"", ""columns"": [""movie_id"", ""link_type_id""]}, {""table"": ""movie_link"", ""columns"": [""linked_movie_id""]}, {""table"": ""person_info"", ""columns"": [""person_id"", ""info_type_id""]}, {""table"": ""movie_info"", ""columns"": [""movie_id"", ""info_type_id""]}, {""table"": ""keyword"", ""columns"": [""keyword""]}, {""table"": ""company_name"", ""columns"": [""country_code""]}, {""table"": ""name"", ""columns"": [""gender"", ""name""]}]","
## Index Tuning Analysis

### Methodology
I systematically tested candidate indexes against representative queries across the workload (simple to complex), observing actual planner cost estimates with and without each index. The planner already has many indexes in place (noted as `tmp_idx_*` and `idx_*` in the plan output). I focused on identifying indexes that produced measurable cost reductions beyond the existing baseline.

### Key Findings

#### 1. `movie_info_idx(info_type_id, info, movie_id)` — **Highest Impact**
This is the single most impactful index. Many queries filter `movie_info_idx` on both `info_type_id` (equality via join to `info_type`) and `info` (range comparison like `info > '8.0'`, `info < '7.0'`, `info < '8.5'`). Without it, the planner performs a full seq scan of movie_info_idx (~575K rows, cost ~13,718). With this composite index, the planner can do an index-only range scan:
- Query 12a: 10,684 → **2,256** (79% reduction)
- Queries 14a/b/c, 22a-d, 26a/b/c, 28a/b/c all benefit similarly (costs in 3,000–4,500 range vs. 10,000+)
- Queries 4a/b/c (sequel rating queries) also benefit

The `movie_id` trailing column enables index-only scans covering the join predicate.

#### 2. `movie_companies(company_id, company_type_id, movie_id)` — **High Impact**
When queries start from `company_name` (filtered by `country_code`) and need to join to `movie_companies` via `company_id`, the planner currently does a full seq scan of movie_companies (~1.08M rows, cost ~29,695). This index enables nested-loop index lookups:
- Query 10a/b/c: ~43,000 → **~20,000** (planner used `tmp_idx_movie_companies_eb7b56d5` in tests)
- Queries 12a, 13a, 19a (various company join scenarios) also benefit
- The `company_type_id` column helps when both company_id and company_type_id are join/filter predicates, enabling covering lookups for `movie_id`

#### 3. `cast_info(person_id, role_id, movie_id)` — **Medium Impact**
Many complex queries (9a-d, 19a-d, 24a-b, 29a-c) join `cast_info` on `person_id` AND filter on `role_id` (via role_type join). The existing `tmp_idx_cast_info_7101dd25` covers `(person_id, role_id)` which the planner already uses; adding `movie_id` as a covering column eliminates heap lookups for the movie_id join predicate.

#### 4. `cast_info(movie_id, role_id)` — **Medium Impact**
Queries that start from the movie side (e.g., 10a-c, 18a-c) join cast_info on movie_id and filter on role_id. The existing `idx_cast_info_movie_id` only covers movie_id, so role_id filtering requires heap fetches. Adding role_id enables efficient filtered lookups.

#### 5. `aka_name(person_id)` — Confirmed beneficial (likely exists as `idx_aka_name_person_id`)
Used extensively in queries 7a-c, 8a-d, 9a-d, 16a-d, 19a-d, 24a-b, 29a-c. The planner consistently uses this index for nested-loop lookups.

#### 6. `aka_title(movie_id)` — Confirmed beneficial (likely exists as `idx_aka_title_movie_id`)
Used in queries 15a-d. Enables efficient lookup of alternate titles for a given movie_id.

#### 7. `complete_cast(movie_id, subject_id, status_id)` — Confirmed beneficial (likely exists)
Used in all queries 20a-c, 23a-c, 26a-c, 27a-c, 28a-c, 29a-c, 30a-c. Index on movie_id is the primary access path; including subject_id and status_id as covering columns eliminates heap fetches for the two join predicates (cct1.id = cc.subject_id, cct2.id = cc.status_id).

#### 8. `movie_link(movie_id, link_type_id)` and `movie_link(linked_movie_id)` — Confirmed beneficial
Queries 11a-d, 21a-c, 27a-c, 32a-b, 33a-c all join movie_link. The planner uses `tmp_idx_movie_link_0e74da40` for movie_id lookups and `idx_movie_link_linked_movie_id` for linked_movie_id. Adding link_type_id as a covering column helps filter on link_type_id without heap fetches.

#### 9. `person_info(person_id, info_type_id)` — Confirmed beneficial (likely exists as `tmp_idx_person_info_277c0420`)
Used in queries 7a-c, 29a-c. Enables efficient lookup of person info records by person_id, with info_type_id as covering for the join to info_type.

#### 10. `movie_info(movie_id, info_type_id)` — Moderate benefit
The existing `idx_movie_info_movie_id` covers movie_id but adding info_type_id helps the planner filter on info_type_id without additional heap accesses. Many queries (12a-c, 13a-d, 19a-d, 21a-c, 22a-d) join movie_info on both movie_id and info_type_id.

Note: `movie_info(info_type_id, info, movie_id)` could not be built due to the `info` text column exceeding the 8191-byte index row size limit.

#### 11. `keyword(keyword)` — Confirmed beneficial (likely exists as `idx_keyword_keyword`)
Used in nearly every query that involves keyword filtering. Equality and IN-list lookups on keyword text are highly selective.

#### 12. `company_name(country_code)` — Confirmed beneficial (exists as `idx_company_name_country_code`)
Frequently filters company_name by country_code (e.g., '[us]', '[de]', '[ru]', '[jp]').

#### 13. `name(gender, name)` — Moderate benefit
Queries 6a-f, 17a-f, 18a-c, 19a-d filter on gender='f' or gender='m' AND name LIKE pattern. The existing `idx_name_gender` covers the gender bitmap scan; adding `name` as a second column would make prefix-LIKE patterns more selective. However, since most name filters use `%pattern%` (not prefix), this mainly helps when gender is very selective.

### Summary of Cost Reductions
- **movie_info_idx composite**: Up to 79% cost reduction on rating-filtered queries (the biggest win)
- **movie_companies composite**: ~50% cost reduction on company-driven join queries  
- **cast_info composites**: 10–30% improvement on person/role join queries
- Other indexes confirm or reinforce existing access paths

### Indexes NOT recommended (rejected)
- `movie_info(info_type_id, info, movie_id)`: Fails to build — text column exceeds 8191-byte limit
- `title(production_year, kind_id)`: Planner already uses title PK for point lookups; production_year range scans showed no improvement since row filtering happens after joins
- `movie_companies(company_id, movie_id)` alone: Less effective than the 3-column version
",167.963,79.51
12c,"[{""table"": ""movie_info_idx"", ""columns"": [""info_type_id"", ""info"", ""movie_id""]}, {""table"": ""movie_companies"", ""columns"": [""company_id"", ""company_type_id"", ""movie_id""]}, {""table"": ""cast_info"", ""columns"": [""person_id"", ""role_id"", ""movie_id""]}, {""table"": ""cast_info"", ""columns"": [""movie_id"", ""role_id""]}, {""table"": ""aka_name"", ""columns"": [""person_id""]}, {""table"": ""aka_title"", ""columns"": [""movie_id""]}, {""table"": ""complete_cast"", ""columns"": [""movie_id"", ""subject_id"", ""status_id""]}, {""table"": ""movie_link"", ""columns"": [""movie_id"", ""link_type_id""]}, {""table"": ""movie_link"", ""columns"": [""linked_movie_id""]}, {""table"": ""person_info"", ""columns"": [""person_id"", ""info_type_id""]}, {""table"": ""movie_info"", ""columns"": [""movie_id"", ""info_type_id""]}, {""table"": ""keyword"", ""columns"": [""keyword""]}, {""table"": ""company_name"", ""columns"": [""country_code""]}, {""table"": ""name"", ""columns"": [""gender"", ""name""]}]","
## Index Tuning Analysis

### Methodology
I systematically tested candidate indexes against representative queries across the workload (simple to complex), observing actual planner cost estimates with and without each index. The planner already has many indexes in place (noted as `tmp_idx_*` and `idx_*` in the plan output). I focused on identifying indexes that produced measurable cost reductions beyond the existing baseline.

### Key Findings

#### 1. `movie_info_idx(info_type_id, info, movie_id)` — **Highest Impact**
This is the single most impactful index. Many queries filter `movie_info_idx` on both `info_type_id` (equality via join to `info_type`) and `info` (range comparison like `info > '8.0'`, `info < '7.0'`, `info < '8.5'`). Without it, the planner performs a full seq scan of movie_info_idx (~575K rows, cost ~13,718). With this composite index, the planner can do an index-only range scan:
- Query 12a: 10,684 → **2,256** (79% reduction)
- Queries 14a/b/c, 22a-d, 26a/b/c, 28a/b/c all benefit similarly (costs in 3,000–4,500 range vs. 10,000+)
- Queries 4a/b/c (sequel rating queries) also benefit

The `movie_id` trailing column enables index-only scans covering the join predicate.

#### 2. `movie_companies(company_id, company_type_id, movie_id)` — **High Impact**
When queries start from `company_name` (filtered by `country_code`) and need to join to `movie_companies` via `company_id`, the planner currently does a full seq scan of movie_companies (~1.08M rows, cost ~29,695). This index enables nested-loop index lookups:
- Query 10a/b/c: ~43,000 → **~20,000** (planner used `tmp_idx_movie_companies_eb7b56d5` in tests)
- Queries 12a, 13a, 19a (various company join scenarios) also benefit
- The `company_type_id` column helps when both company_id and company_type_id are join/filter predicates, enabling covering lookups for `movie_id`

#### 3. `cast_info(person_id, role_id, movie_id)` — **Medium Impact**
Many complex queries (9a-d, 19a-d, 24a-b, 29a-c) join `cast_info` on `person_id` AND filter on `role_id` (via role_type join). The existing `tmp_idx_cast_info_7101dd25` covers `(person_id, role_id)` which the planner already uses; adding `movie_id` as a covering column eliminates heap lookups for the movie_id join predicate.

#### 4. `cast_info(movie_id, role_id)` — **Medium Impact**
Queries that start from the movie side (e.g., 10a-c, 18a-c) join cast_info on movie_id and filter on role_id. The existing `idx_cast_info_movie_id` only covers movie_id, so role_id filtering requires heap fetches. Adding role_id enables efficient filtered lookups.

#### 5. `aka_name(person_id)` — Confirmed beneficial (likely exists as `idx_aka_name_person_id`)
Used extensively in queries 7a-c, 8a-d, 9a-d, 16a-d, 19a-d, 24a-b, 29a-c. The planner consistently uses this index for nested-loop lookups.

#### 6. `aka_title(movie_id)` — Confirmed beneficial (likely exists as `idx_aka_title_movie_id`)
Used in queries 15a-d. Enables efficient lookup of alternate titles for a given movie_id.

#### 7. `complete_cast(movie_id, subject_id, status_id)` — Confirmed beneficial (likely exists)
Used in all queries 20a-c, 23a-c, 26a-c, 27a-c, 28a-c, 29a-c, 30a-c. Index on movie_id is the primary access path; including subject_id and status_id as covering columns eliminates heap fetches for the two join predicates (cct1.id = cc.subject_id, cct2.id = cc.status_id).

#### 8. `movie_link(movie_id, link_type_id)` and `movie_link(linked_movie_id)` — Confirmed beneficial
Queries 11a-d, 21a-c, 27a-c, 32a-b, 33a-c all join movie_link. The planner uses `tmp_idx_movie_link_0e74da40` for movie_id lookups and `idx_movie_link_linked_movie_id` for linked_movie_id. Adding link_type_id as a covering column helps filter on link_type_id without heap fetches.

#### 9. `person_info(person_id, info_type_id)` — Confirmed beneficial (likely exists as `tmp_idx_person_info_277c0420`)
Used in queries 7a-c, 29a-c. Enables efficient lookup of person info records by person_id, with info_type_id as covering for the join to info_type.

#### 10. `movie_info(movie_id, info_type_id)` — Moderate benefit
The existing `idx_movie_info_movie_id` covers movie_id but adding info_type_id helps the planner filter on info_type_id without additional heap accesses. Many queries (12a-c, 13a-d, 19a-d, 21a-c, 22a-d) join movie_info on both movie_id and info_type_id.

Note: `movie_info(info_type_id, info, movie_id)` could not be built due to the `info` text column exceeding the 8191-byte index row size limit.

#### 11. `keyword(keyword)` — Confirmed beneficial (likely exists as `idx_keyword_keyword`)
Used in nearly every query that involves keyword filtering. Equality and IN-list lookups on keyword text are highly selective.

#### 12. `company_name(country_code)` — Confirmed beneficial (exists as `idx_company_name_country_code`)
Frequently filters company_name by country_code (e.g., '[us]', '[de]', '[ru]', '[jp]').

#### 13. `name(gender, name)` — Moderate benefit
Queries 6a-f, 17a-f, 18a-c, 19a-d filter on gender='f' or gender='m' AND name LIKE pattern. The existing `idx_name_gender` covers the gender bitmap scan; adding `name` as a second column would make prefix-LIKE patterns more selective. However, since most name filters use `%pattern%` (not prefix), this mainly helps when gender is very selective.

### Summary of Cost Reductions
- **movie_info_idx composite**: Up to 79% cost reduction on rating-filtered queries (the biggest win)
- **movie_companies composite**: ~50% cost reduction on company-driven join queries  
- **cast_info composites**: 10–30% improvement on person/role join queries
- Other indexes confirm or reinforce existing access paths

### Indexes NOT recommended (rejected)
- `movie_info(info_type_id, info, movie_id)`: Fails to build — text column exceeds 8191-byte limit
- `title(production_year, kind_id)`: Planner already uses title PK for point lookups; production_year range scans showed no improvement since row filtering happens after joins
- `movie_companies(company_id, movie_id)` alone: Less effective than the 3-column version
",610.7,35.89
13a,"[{""table"": ""movie_info_idx"", ""columns"": [""info_type_id"", ""info"", ""movie_id""]}, {""table"": ""movie_companies"", ""columns"": [""company_id"", ""company_type_id"", ""movie_id""]}, {""table"": ""cast_info"", ""columns"": [""person_id"", ""role_id"", ""movie_id""]}, {""table"": ""cast_info"", ""columns"": [""movie_id"", ""role_id""]}, {""table"": ""aka_name"", ""columns"": [""person_id""]}, {""table"": ""aka_title"", ""columns"": [""movie_id""]}, {""table"": ""complete_cast"", ""columns"": [""movie_id"", ""subject_id"", ""status_id""]}, {""table"": ""movie_link"", ""columns"": [""movie_id"", ""link_type_id""]}, {""table"": ""movie_link"", ""columns"": [""linked_movie_id""]}, {""table"": ""person_info"", ""columns"": [""person_id"", ""info_type_id""]}, {""table"": ""movie_info"", ""columns"": [""movie_id"", ""info_type_id""]}, {""table"": ""keyword"", ""columns"": [""keyword""]}, {""table"": ""company_name"", ""columns"": [""country_code""]}, {""table"": ""name"", ""columns"": [""gender"", ""name""]}]","
## Index Tuning Analysis

### Methodology
I systematically tested candidate indexes against representative queries across the workload (simple to complex), observing actual planner cost estimates with and without each index. The planner already has many indexes in place (noted as `tmp_idx_*` and `idx_*` in the plan output). I focused on identifying indexes that produced measurable cost reductions beyond the existing baseline.

### Key Findings

#### 1. `movie_info_idx(info_type_id, info, movie_id)` — **Highest Impact**
This is the single most impactful index. Many queries filter `movie_info_idx` on both `info_type_id` (equality via join to `info_type`) and `info` (range comparison like `info > '8.0'`, `info < '7.0'`, `info < '8.5'`). Without it, the planner performs a full seq scan of movie_info_idx (~575K rows, cost ~13,718). With this composite index, the planner can do an index-only range scan:
- Query 12a: 10,684 → **2,256** (79% reduction)
- Queries 14a/b/c, 22a-d, 26a/b/c, 28a/b/c all benefit similarly (costs in 3,000–4,500 range vs. 10,000+)
- Queries 4a/b/c (sequel rating queries) also benefit

The `movie_id` trailing column enables index-only scans covering the join predicate.

#### 2. `movie_companies(company_id, company_type_id, movie_id)` — **High Impact**
When queries start from `company_name` (filtered by `country_code`) and need to join to `movie_companies` via `company_id`, the planner currently does a full seq scan of movie_companies (~1.08M rows, cost ~29,695). This index enables nested-loop index lookups:
- Query 10a/b/c: ~43,000 → **~20,000** (planner used `tmp_idx_movie_companies_eb7b56d5` in tests)
- Queries 12a, 13a, 19a (various company join scenarios) also benefit
- The `company_type_id` column helps when both company_id and company_type_id are join/filter predicates, enabling covering lookups for `movie_id`

#### 3. `cast_info(person_id, role_id, movie_id)` — **Medium Impact**
Many complex queries (9a-d, 19a-d, 24a-b, 29a-c) join `cast_info` on `person_id` AND filter on `role_id` (via role_type join). The existing `tmp_idx_cast_info_7101dd25` covers `(person_id, role_id)` which the planner already uses; adding `movie_id` as a covering column eliminates heap lookups for the movie_id join predicate.

#### 4. `cast_info(movie_id, role_id)` — **Medium Impact**
Queries that start from the movie side (e.g., 10a-c, 18a-c) join cast_info on movie_id and filter on role_id. The existing `idx_cast_info_movie_id` only covers movie_id, so role_id filtering requires heap fetches. Adding role_id enables efficient filtered lookups.

#### 5. `aka_name(person_id)` — Confirmed beneficial (likely exists as `idx_aka_name_person_id`)
Used extensively in queries 7a-c, 8a-d, 9a-d, 16a-d, 19a-d, 24a-b, 29a-c. The planner consistently uses this index for nested-loop lookups.

#### 6. `aka_title(movie_id)` — Confirmed beneficial (likely exists as `idx_aka_title_movie_id`)
Used in queries 15a-d. Enables efficient lookup of alternate titles for a given movie_id.

#### 7. `complete_cast(movie_id, subject_id, status_id)` — Confirmed beneficial (likely exists)
Used in all queries 20a-c, 23a-c, 26a-c, 27a-c, 28a-c, 29a-c, 30a-c. Index on movie_id is the primary access path; including subject_id and status_id as covering columns eliminates heap fetches for the two join predicates (cct1.id = cc.subject_id, cct2.id = cc.status_id).

#### 8. `movie_link(movie_id, link_type_id)` and `movie_link(linked_movie_id)` — Confirmed beneficial
Queries 11a-d, 21a-c, 27a-c, 32a-b, 33a-c all join movie_link. The planner uses `tmp_idx_movie_link_0e74da40` for movie_id lookups and `idx_movie_link_linked_movie_id` for linked_movie_id. Adding link_type_id as a covering column helps filter on link_type_id without heap fetches.

#### 9. `person_info(person_id, info_type_id)` — Confirmed beneficial (likely exists as `tmp_idx_person_info_277c0420`)
Used in queries 7a-c, 29a-c. Enables efficient lookup of person info records by person_id, with info_type_id as covering for the join to info_type.

#### 10. `movie_info(movie_id, info_type_id)` — Moderate benefit
The existing `idx_movie_info_movie_id` covers movie_id but adding info_type_id helps the planner filter on info_type_id without additional heap accesses. Many queries (12a-c, 13a-d, 19a-d, 21a-c, 22a-d) join movie_info on both movie_id and info_type_id.

Note: `movie_info(info_type_id, info, movie_id)` could not be built due to the `info` text column exceeding the 8191-byte index row size limit.

#### 11. `keyword(keyword)` — Confirmed beneficial (likely exists as `idx_keyword_keyword`)
Used in nearly every query that involves keyword filtering. Equality and IN-list lookups on keyword text are highly selective.

#### 12. `company_name(country_code)` — Confirmed beneficial (exists as `idx_company_name_country_code`)
Frequently filters company_name by country_code (e.g., '[us]', '[de]', '[ru]', '[jp]').

#### 13. `name(gender, name)` — Moderate benefit
Queries 6a-f, 17a-f, 18a-c, 19a-d filter on gender='f' or gender='m' AND name LIKE pattern. The existing `idx_name_gender` covers the gender bitmap scan; adding `name` as a second column would make prefix-LIKE patterns more selective. However, since most name filters use `%pattern%` (not prefix), this mainly helps when gender is very selective.

### Summary of Cost Reductions
- **movie_info_idx composite**: Up to 79% cost reduction on rating-filtered queries (the biggest win)
- **movie_companies composite**: ~50% cost reduction on company-driven join queries  
- **cast_info composites**: 10–30% improvement on person/role join queries
- Other indexes confirm or reinforce existing access paths

### Indexes NOT recommended (rejected)
- `movie_info(info_type_id, info, movie_id)`: Fails to build — text column exceeds 8191-byte limit
- `title(production_year, kind_id)`: Planner already uses title PK for point lookups; production_year range scans showed no improvement since row filtering happens after joins
- `movie_companies(company_id, movie_id)` alone: Less effective than the 3-column version
",411.779,90.71
13b,"[{""table"": ""movie_info_idx"", ""columns"": [""info_type_id"", ""info"", ""movie_id""]}, {""table"": ""movie_companies"", ""columns"": [""company_id"", ""company_type_id"", ""movie_id""]}, {""table"": ""cast_info"", ""columns"": [""person_id"", ""role_id"", ""movie_id""]}, {""table"": ""cast_info"", ""columns"": [""movie_id"", ""role_id""]}, {""table"": ""aka_name"", ""columns"": [""person_id""]}, {""table"": ""aka_title"", ""columns"": [""movie_id""]}, {""table"": ""complete_cast"", ""columns"": [""movie_id"", ""subject_id"", ""status_id""]}, {""table"": ""movie_link"", ""columns"": [""movie_id"", ""link_type_id""]}, {""table"": ""movie_link"", ""columns"": [""linked_movie_id""]}, {""table"": ""person_info"", ""columns"": [""person_id"", ""info_type_id""]}, {""table"": ""movie_info"", ""columns"": [""movie_id"", ""info_type_id""]}, {""table"": ""keyword"", ""columns"": [""keyword""]}, {""table"": ""company_name"", ""columns"": [""country_code""]}, {""table"": ""name"", ""columns"": [""gender"", ""name""]}]","
## Index Tuning Analysis

### Methodology
I systematically tested candidate indexes against representative queries across the workload (simple to complex), observing actual planner cost estimates with and without each index. The planner already has many indexes in place (noted as `tmp_idx_*` and `idx_*` in the plan output). I focused on identifying indexes that produced measurable cost reductions beyond the existing baseline.

### Key Findings

#### 1. `movie_info_idx(info_type_id, info, movie_id)` — **Highest Impact**
This is the single most impactful index. Many queries filter `movie_info_idx` on both `info_type_id` (equality via join to `info_type`) and `info` (range comparison like `info > '8.0'`, `info < '7.0'`, `info < '8.5'`). Without it, the planner performs a full seq scan of movie_info_idx (~575K rows, cost ~13,718). With this composite index, the planner can do an index-only range scan:
- Query 12a: 10,684 → **2,256** (79% reduction)
- Queries 14a/b/c, 22a-d, 26a/b/c, 28a/b/c all benefit similarly (costs in 3,000–4,500 range vs. 10,000+)
- Queries 4a/b/c (sequel rating queries) also benefit

The `movie_id` trailing column enables index-only scans covering the join predicate.

#### 2. `movie_companies(company_id, company_type_id, movie_id)` — **High Impact**
When queries start from `company_name` (filtered by `country_code`) and need to join to `movie_companies` via `company_id`, the planner currently does a full seq scan of movie_companies (~1.08M rows, cost ~29,695). This index enables nested-loop index lookups:
- Query 10a/b/c: ~43,000 → **~20,000** (planner used `tmp_idx_movie_companies_eb7b56d5` in tests)
- Queries 12a, 13a, 19a (various company join scenarios) also benefit
- The `company_type_id` column helps when both company_id and company_type_id are join/filter predicates, enabling covering lookups for `movie_id`

#### 3. `cast_info(person_id, role_id, movie_id)` — **Medium Impact**
Many complex queries (9a-d, 19a-d, 24a-b, 29a-c) join `cast_info` on `person_id` AND filter on `role_id` (via role_type join). The existing `tmp_idx_cast_info_7101dd25` covers `(person_id, role_id)` which the planner already uses; adding `movie_id` as a covering column eliminates heap lookups for the movie_id join predicate.

#### 4. `cast_info(movie_id, role_id)` — **Medium Impact**
Queries that start from the movie side (e.g., 10a-c, 18a-c) join cast_info on movie_id and filter on role_id. The existing `idx_cast_info_movie_id` only covers movie_id, so role_id filtering requires heap fetches. Adding role_id enables efficient filtered lookups.

#### 5. `aka_name(person_id)` — Confirmed beneficial (likely exists as `idx_aka_name_person_id`)
Used extensively in queries 7a-c, 8a-d, 9a-d, 16a-d, 19a-d, 24a-b, 29a-c. The planner consistently uses this index for nested-loop lookups.

#### 6. `aka_title(movie_id)` — Confirmed beneficial (likely exists as `idx_aka_title_movie_id`)
Used in queries 15a-d. Enables efficient lookup of alternate titles for a given movie_id.

#### 7. `complete_cast(movie_id, subject_id, status_id)` — Confirmed beneficial (likely exists)
Used in all queries 20a-c, 23a-c, 26a-c, 27a-c, 28a-c, 29a-c, 30a-c. Index on movie_id is the primary access path; including subject_id and status_id as covering columns eliminates heap fetches for the two join predicates (cct1.id = cc.subject_id, cct2.id = cc.status_id).

#### 8. `movie_link(movie_id, link_type_id)` and `movie_link(linked_movie_id)` — Confirmed beneficial
Queries 11a-d, 21a-c, 27a-c, 32a-b, 33a-c all join movie_link. The planner uses `tmp_idx_movie_link_0e74da40` for movie_id lookups and `idx_movie_link_linked_movie_id` for linked_movie_id. Adding link_type_id as a covering column helps filter on link_type_id without heap fetches.

#### 9. `person_info(person_id, info_type_id)` — Confirmed beneficial (likely exists as `tmp_idx_person_info_277c0420`)
Used in queries 7a-c, 29a-c. Enables efficient lookup of person info records by person_id, with info_type_id as covering for the join to info_type.

#### 10. `movie_info(movie_id, info_type_id)` — Moderate benefit
The existing `idx_movie_info_movie_id` covers movie_id but adding info_type_id helps the planner filter on info_type_id without additional heap accesses. Many queries (12a-c, 13a-d, 19a-d, 21a-c, 22a-d) join movie_info on both movie_id and info_type_id.

Note: `movie_info(info_type_id, info, movie_id)` could not be built due to the `info` text column exceeding the 8191-byte index row size limit.

#### 11. `keyword(keyword)` — Confirmed beneficial (likely exists as `idx_keyword_keyword`)
Used in nearly every query that involves keyword filtering. Equality and IN-list lookups on keyword text are highly selective.

#### 12. `company_name(country_code)` — Confirmed beneficial (exists as `idx_company_name_country_code`)
Frequently filters company_name by country_code (e.g., '[us]', '[de]', '[ru]', '[jp]').

#### 13. `name(gender, name)` — Moderate benefit
Queries 6a-f, 17a-f, 18a-c, 19a-d filter on gender='f' or gender='m' AND name LIKE pattern. The existing `idx_name_gender` covers the gender bitmap scan; adding `name` as a second column would make prefix-LIKE patterns more selective. However, since most name filters use `%pattern%` (not prefix), this mainly helps when gender is very selective.

### Summary of Cost Reductions
- **movie_info_idx composite**: Up to 79% cost reduction on rating-filtered queries (the biggest win)
- **movie_companies composite**: ~50% cost reduction on company-driven join queries  
- **cast_info composites**: 10–30% improvement on person/role join queries
- Other indexes confirm or reinforce existing access paths

### Indexes NOT recommended (rejected)
- `movie_info(info_type_id, info, movie_id)`: Fails to build — text column exceeds 8191-byte limit
- `title(production_year, kind_id)`: Planner already uses title PK for point lookups; production_year range scans showed no improvement since row filtering happens after joins
- `movie_companies(company_id, movie_id)` alone: Less effective than the 3-column version
",2071.625,-2.77
13c,"[{""table"": ""movie_info_idx"", ""columns"": [""info_type_id"", ""info"", ""movie_id""]}, {""table"": ""movie_companies"", ""columns"": [""company_id"", ""company_type_id"", ""movie_id""]}, {""table"": ""cast_info"", ""columns"": [""person_id"", ""role_id"", ""movie_id""]}, {""table"": ""cast_info"", ""columns"": [""movie_id"", ""role_id""]}, {""table"": ""aka_name"", ""columns"": [""person_id""]}, {""table"": ""aka_title"", ""columns"": [""movie_id""]}, {""table"": ""complete_cast"", ""columns"": [""movie_id"", ""subject_id"", ""status_id""]}, {""table"": ""movie_link"", ""columns"": [""movie_id"", ""link_type_id""]}, {""table"": ""movie_link"", ""columns"": [""linked_movie_id""]}, {""table"": ""person_info"", ""columns"": [""person_id"", ""info_type_id""]}, {""table"": ""movie_info"", ""columns"": [""movie_id"", ""info_type_id""]}, {""table"": ""keyword"", ""columns"": [""keyword""]}, {""table"": ""company_name"", ""columns"": [""country_code""]}, {""table"": ""name"", ""columns"": [""gender"", ""name""]}]","
## Index Tuning Analysis

### Methodology
I systematically tested candidate indexes against representative queries across the workload (simple to complex), observing actual planner cost estimates with and without each index. The planner already has many indexes in place (noted as `tmp_idx_*` and `idx_*` in the plan output). I focused on identifying indexes that produced measurable cost reductions beyond the existing baseline.

### Key Findings

#### 1. `movie_info_idx(info_type_id, info, movie_id)` — **Highest Impact**
This is the single most impactful index. Many queries filter `movie_info_idx` on both `info_type_id` (equality via join to `info_type`) and `info` (range comparison like `info > '8.0'`, `info < '7.0'`, `info < '8.5'`). Without it, the planner performs a full seq scan of movie_info_idx (~575K rows, cost ~13,718). With this composite index, the planner can do an index-only range scan:
- Query 12a: 10,684 → **2,256** (79% reduction)
- Queries 14a/b/c, 22a-d, 26a/b/c, 28a/b/c all benefit similarly (costs in 3,000–4,500 range vs. 10,000+)
- Queries 4a/b/c (sequel rating queries) also benefit

The `movie_id` trailing column enables index-only scans covering the join predicate.

#### 2. `movie_companies(company_id, company_type_id, movie_id)` — **High Impact**
When queries start from `company_name` (filtered by `country_code`) and need to join to `movie_companies` via `company_id`, the planner currently does a full seq scan of movie_companies (~1.08M rows, cost ~29,695). This index enables nested-loop index lookups:
- Query 10a/b/c: ~43,000 → **~20,000** (planner used `tmp_idx_movie_companies_eb7b56d5` in tests)
- Queries 12a, 13a, 19a (various company join scenarios) also benefit
- The `company_type_id` column helps when both company_id and company_type_id are join/filter predicates, enabling covering lookups for `movie_id`

#### 3. `cast_info(person_id, role_id, movie_id)` — **Medium Impact**
Many complex queries (9a-d, 19a-d, 24a-b, 29a-c) join `cast_info` on `person_id` AND filter on `role_id` (via role_type join). The existing `tmp_idx_cast_info_7101dd25` covers `(person_id, role_id)` which the planner already uses; adding `movie_id` as a covering column eliminates heap lookups for the movie_id join predicate.

#### 4. `cast_info(movie_id, role_id)` — **Medium Impact**
Queries that start from the movie side (e.g., 10a-c, 18a-c) join cast_info on movie_id and filter on role_id. The existing `idx_cast_info_movie_id` only covers movie_id, so role_id filtering requires heap fetches. Adding role_id enables efficient filtered lookups.

#### 5. `aka_name(person_id)` — Confirmed beneficial (likely exists as `idx_aka_name_person_id`)
Used extensively in queries 7a-c, 8a-d, 9a-d, 16a-d, 19a-d, 24a-b, 29a-c. The planner consistently uses this index for nested-loop lookups.

#### 6. `aka_title(movie_id)` — Confirmed beneficial (likely exists as `idx_aka_title_movie_id`)
Used in queries 15a-d. Enables efficient lookup of alternate titles for a given movie_id.

#### 7. `complete_cast(movie_id, subject_id, status_id)` — Confirmed beneficial (likely exists)
Used in all queries 20a-c, 23a-c, 26a-c, 27a-c, 28a-c, 29a-c, 30a-c. Index on movie_id is the primary access path; including subject_id and status_id as covering columns eliminates heap fetches for the two join predicates (cct1.id = cc.subject_id, cct2.id = cc.status_id).

#### 8. `movie_link(movie_id, link_type_id)` and `movie_link(linked_movie_id)` — Confirmed beneficial
Queries 11a-d, 21a-c, 27a-c, 32a-b, 33a-c all join movie_link. The planner uses `tmp_idx_movie_link_0e74da40` for movie_id lookups and `idx_movie_link_linked_movie_id` for linked_movie_id. Adding link_type_id as a covering column helps filter on link_type_id without heap fetches.

#### 9. `person_info(person_id, info_type_id)` — Confirmed beneficial (likely exists as `tmp_idx_person_info_277c0420`)
Used in queries 7a-c, 29a-c. Enables efficient lookup of person info records by person_id, with info_type_id as covering for the join to info_type.

#### 10. `movie_info(movie_id, info_type_id)` — Moderate benefit
The existing `idx_movie_info_movie_id` covers movie_id but adding info_type_id helps the planner filter on info_type_id without additional heap accesses. Many queries (12a-c, 13a-d, 19a-d, 21a-c, 22a-d) join movie_info on both movie_id and info_type_id.

Note: `movie_info(info_type_id, info, movie_id)` could not be built due to the `info` text column exceeding the 8191-byte index row size limit.

#### 11. `keyword(keyword)` — Confirmed beneficial (likely exists as `idx_keyword_keyword`)
Used in nearly every query that involves keyword filtering. Equality and IN-list lookups on keyword text are highly selective.

#### 12. `company_name(country_code)` — Confirmed beneficial (exists as `idx_company_name_country_code`)
Frequently filters company_name by country_code (e.g., '[us]', '[de]', '[ru]', '[jp]').

#### 13. `name(gender, name)` — Moderate benefit
Queries 6a-f, 17a-f, 18a-c, 19a-d filter on gender='f' or gender='m' AND name LIKE pattern. The existing `idx_name_gender` covers the gender bitmap scan; adding `name` as a second column would make prefix-LIKE patterns more selective. However, since most name filters use `%pattern%` (not prefix), this mainly helps when gender is very selective.

### Summary of Cost Reductions
- **movie_info_idx composite**: Up to 79% cost reduction on rating-filtered queries (the biggest win)
- **movie_companies composite**: ~50% cost reduction on company-driven join queries  
- **cast_info composites**: 10–30% improvement on person/role join queries
- Other indexes confirm or reinforce existing access paths

### Indexes NOT recommended (rejected)
- `movie_info(info_type_id, info, movie_id)`: Fails to build — text column exceeds 8191-byte limit
- `title(production_year, kind_id)`: Planner already uses title PK for point lookups; production_year range scans showed no improvement since row filtering happens after joins
- `movie_companies(company_id, movie_id)` alone: Less effective than the 3-column version
",698.485,61.53
13d,"[{""table"": ""movie_info_idx"", ""columns"": [""info_type_id"", ""info"", ""movie_id""]}, {""table"": ""movie_companies"", ""columns"": [""company_id"", ""company_type_id"", ""movie_id""]}, {""table"": ""cast_info"", ""columns"": [""person_id"", ""role_id"", ""movie_id""]}, {""table"": ""cast_info"", ""columns"": [""movie_id"", ""role_id""]}, {""table"": ""aka_name"", ""columns"": [""person_id""]}, {""table"": ""aka_title"", ""columns"": [""movie_id""]}, {""table"": ""complete_cast"", ""columns"": [""movie_id"", ""subject_id"", ""status_id""]}, {""table"": ""movie_link"", ""columns"": [""movie_id"", ""link_type_id""]}, {""table"": ""movie_link"", ""columns"": [""linked_movie_id""]}, {""table"": ""person_info"", ""columns"": [""person_id"", ""info_type_id""]}, {""table"": ""movie_info"", ""columns"": [""movie_id"", ""info_type_id""]}, {""table"": ""keyword"", ""columns"": [""keyword""]}, {""table"": ""company_name"", ""columns"": [""country_code""]}, {""table"": ""name"", ""columns"": [""gender"", ""name""]}]","
## Index Tuning Analysis

### Methodology
I systematically tested candidate indexes against representative queries across the workload (simple to complex), observing actual planner cost estimates with and without each index. The planner already has many indexes in place (noted as `tmp_idx_*` and `idx_*` in the plan output). I focused on identifying indexes that produced measurable cost reductions beyond the existing baseline.

### Key Findings

#### 1. `movie_info_idx(info_type_id, info, movie_id)` — **Highest Impact**
This is the single most impactful index. Many queries filter `movie_info_idx` on both `info_type_id` (equality via join to `info_type`) and `info` (range comparison like `info > '8.0'`, `info < '7.0'`, `info < '8.5'`). Without it, the planner performs a full seq scan of movie_info_idx (~575K rows, cost ~13,718). With this composite index, the planner can do an index-only range scan:
- Query 12a: 10,684 → **2,256** (79% reduction)
- Queries 14a/b/c, 22a-d, 26a/b/c, 28a/b/c all benefit similarly (costs in 3,000–4,500 range vs. 10,000+)
- Queries 4a/b/c (sequel rating queries) also benefit

The `movie_id` trailing column enables index-only scans covering the join predicate.

#### 2. `movie_companies(company_id, company_type_id, movie_id)` — **High Impact**
When queries start from `company_name` (filtered by `country_code`) and need to join to `movie_companies` via `company_id`, the planner currently does a full seq scan of movie_companies (~1.08M rows, cost ~29,695). This index enables nested-loop index lookups:
- Query 10a/b/c: ~43,000 → **~20,000** (planner used `tmp_idx_movie_companies_eb7b56d5` in tests)
- Queries 12a, 13a, 19a (various company join scenarios) also benefit
- The `company_type_id` column helps when both company_id and company_type_id are join/filter predicates, enabling covering lookups for `movie_id`

#### 3. `cast_info(person_id, role_id, movie_id)` — **Medium Impact**
Many complex queries (9a-d, 19a-d, 24a-b, 29a-c) join `cast_info` on `person_id` AND filter on `role_id` (via role_type join). The existing `tmp_idx_cast_info_7101dd25` covers `(person_id, role_id)` which the planner already uses; adding `movie_id` as a covering column eliminates heap lookups for the movie_id join predicate.

#### 4. `cast_info(movie_id, role_id)` — **Medium Impact**
Queries that start from the movie side (e.g., 10a-c, 18a-c) join cast_info on movie_id and filter on role_id. The existing `idx_cast_info_movie_id` only covers movie_id, so role_id filtering requires heap fetches. Adding role_id enables efficient filtered lookups.

#### 5. `aka_name(person_id)` — Confirmed beneficial (likely exists as `idx_aka_name_person_id`)
Used extensively in queries 7a-c, 8a-d, 9a-d, 16a-d, 19a-d, 24a-b, 29a-c. The planner consistently uses this index for nested-loop lookups.

#### 6. `aka_title(movie_id)` — Confirmed beneficial (likely exists as `idx_aka_title_movie_id`)
Used in queries 15a-d. Enables efficient lookup of alternate titles for a given movie_id.

#### 7. `complete_cast(movie_id, subject_id, status_id)` — Confirmed beneficial (likely exists)
Used in all queries 20a-c, 23a-c, 26a-c, 27a-c, 28a-c, 29a-c, 30a-c. Index on movie_id is the primary access path; including subject_id and status_id as covering columns eliminates heap fetches for the two join predicates (cct1.id = cc.subject_id, cct2.id = cc.status_id).

#### 8. `movie_link(movie_id, link_type_id)` and `movie_link(linked_movie_id)` — Confirmed beneficial
Queries 11a-d, 21a-c, 27a-c, 32a-b, 33a-c all join movie_link. The planner uses `tmp_idx_movie_link_0e74da40` for movie_id lookups and `idx_movie_link_linked_movie_id` for linked_movie_id. Adding link_type_id as a covering column helps filter on link_type_id without heap fetches.

#### 9. `person_info(person_id, info_type_id)` — Confirmed beneficial (likely exists as `tmp_idx_person_info_277c0420`)
Used in queries 7a-c, 29a-c. Enables efficient lookup of person info records by person_id, with info_type_id as covering for the join to info_type.

#### 10. `movie_info(movie_id, info_type_id)` — Moderate benefit
The existing `idx_movie_info_movie_id` covers movie_id but adding info_type_id helps the planner filter on info_type_id without additional heap accesses. Many queries (12a-c, 13a-d, 19a-d, 21a-c, 22a-d) join movie_info on both movie_id and info_type_id.

Note: `movie_info(info_type_id, info, movie_id)` could not be built due to the `info` text column exceeding the 8191-byte index row size limit.

#### 11. `keyword(keyword)` — Confirmed beneficial (likely exists as `idx_keyword_keyword`)
Used in nearly every query that involves keyword filtering. Equality and IN-list lookups on keyword text are highly selective.

#### 12. `company_name(country_code)` — Confirmed beneficial (exists as `idx_company_name_country_code`)
Frequently filters company_name by country_code (e.g., '[us]', '[de]', '[ru]', '[jp]').

#### 13. `name(gender, name)` — Moderate benefit
Queries 6a-f, 17a-f, 18a-c, 19a-d filter on gender='f' or gender='m' AND name LIKE pattern. The existing `idx_name_gender` covers the gender bitmap scan; adding `name` as a second column would make prefix-LIKE patterns more selective. However, since most name filters use `%pattern%` (not prefix), this mainly helps when gender is very selective.

### Summary of Cost Reductions
- **movie_info_idx composite**: Up to 79% cost reduction on rating-filtered queries (the biggest win)
- **movie_companies composite**: ~50% cost reduction on company-driven join queries  
- **cast_info composites**: 10–30% improvement on person/role join queries
- Other indexes confirm or reinforce existing access paths

### Indexes NOT recommended (rejected)
- `movie_info(info_type_id, info, movie_id)`: Fails to build — text column exceeds 8191-byte limit
- `title(production_year, kind_id)`: Planner already uses title PK for point lookups; production_year range scans showed no improvement since row filtering happens after joins
- `movie_companies(company_id, movie_id)` alone: Less effective than the 3-column version
",1162.411,65.7
14a,"[{""table"": ""movie_info_idx"", ""columns"": [""info_type_id"", ""info"", ""movie_id""]}, {""table"": ""movie_companies"", ""columns"": [""company_id"", ""company_type_id"", ""movie_id""]}, {""table"": ""cast_info"", ""columns"": [""person_id"", ""role_id"", ""movie_id""]}, {""table"": ""cast_info"", ""columns"": [""movie_id"", ""role_id""]}, {""table"": ""aka_name"", ""columns"": [""person_id""]}, {""table"": ""aka_title"", ""columns"": [""movie_id""]}, {""table"": ""complete_cast"", ""columns"": [""movie_id"", ""subject_id"", ""status_id""]}, {""table"": ""movie_link"", ""columns"": [""movie_id"", ""link_type_id""]}, {""table"": ""movie_link"", ""columns"": [""linked_movie_id""]}, {""table"": ""person_info"", ""columns"": [""person_id"", ""info_type_id""]}, {""table"": ""movie_info"", ""columns"": [""movie_id"", ""info_type_id""]}, {""table"": ""keyword"", ""columns"": [""keyword""]}, {""table"": ""company_name"", ""columns"": [""country_code""]}, {""table"": ""name"", ""columns"": [""gender"", ""name""]}]","
## Index Tuning Analysis

### Methodology
I systematically tested candidate indexes against representative queries across the workload (simple to complex), observing actual planner cost estimates with and without each index. The planner already has many indexes in place (noted as `tmp_idx_*` and `idx_*` in the plan output). I focused on identifying indexes that produced measurable cost reductions beyond the existing baseline.

### Key Findings

#### 1. `movie_info_idx(info_type_id, info, movie_id)` — **Highest Impact**
This is the single most impactful index. Many queries filter `movie_info_idx` on both `info_type_id` (equality via join to `info_type`) and `info` (range comparison like `info > '8.0'`, `info < '7.0'`, `info < '8.5'`). Without it, the planner performs a full seq scan of movie_info_idx (~575K rows, cost ~13,718). With this composite index, the planner can do an index-only range scan:
- Query 12a: 10,684 → **2,256** (79% reduction)
- Queries 14a/b/c, 22a-d, 26a/b/c, 28a/b/c all benefit similarly (costs in 3,000–4,500 range vs. 10,000+)
- Queries 4a/b/c (sequel rating queries) also benefit

The `movie_id` trailing column enables index-only scans covering the join predicate.

#### 2. `movie_companies(company_id, company_type_id, movie_id)` — **High Impact**
When queries start from `company_name` (filtered by `country_code`) and need to join to `movie_companies` via `company_id`, the planner currently does a full seq scan of movie_companies (~1.08M rows, cost ~29,695). This index enables nested-loop index lookups:
- Query 10a/b/c: ~43,000 → **~20,000** (planner used `tmp_idx_movie_companies_eb7b56d5` in tests)
- Queries 12a, 13a, 19a (various company join scenarios) also benefit
- The `company_type_id` column helps when both company_id and company_type_id are join/filter predicates, enabling covering lookups for `movie_id`

#### 3. `cast_info(person_id, role_id, movie_id)` — **Medium Impact**
Many complex queries (9a-d, 19a-d, 24a-b, 29a-c) join `cast_info` on `person_id` AND filter on `role_id` (via role_type join). The existing `tmp_idx_cast_info_7101dd25` covers `(person_id, role_id)` which the planner already uses; adding `movie_id` as a covering column eliminates heap lookups for the movie_id join predicate.

#### 4. `cast_info(movie_id, role_id)` — **Medium Impact**
Queries that start from the movie side (e.g., 10a-c, 18a-c) join cast_info on movie_id and filter on role_id. The existing `idx_cast_info_movie_id` only covers movie_id, so role_id filtering requires heap fetches. Adding role_id enables efficient filtered lookups.

#### 5. `aka_name(person_id)` — Confirmed beneficial (likely exists as `idx_aka_name_person_id`)
Used extensively in queries 7a-c, 8a-d, 9a-d, 16a-d, 19a-d, 24a-b, 29a-c. The planner consistently uses this index for nested-loop lookups.

#### 6. `aka_title(movie_id)` — Confirmed beneficial (likely exists as `idx_aka_title_movie_id`)
Used in queries 15a-d. Enables efficient lookup of alternate titles for a given movie_id.

#### 7. `complete_cast(movie_id, subject_id, status_id)` — Confirmed beneficial (likely exists)
Used in all queries 20a-c, 23a-c, 26a-c, 27a-c, 28a-c, 29a-c, 30a-c. Index on movie_id is the primary access path; including subject_id and status_id as covering columns eliminates heap fetches for the two join predicates (cct1.id = cc.subject_id, cct2.id = cc.status_id).

#### 8. `movie_link(movie_id, link_type_id)` and `movie_link(linked_movie_id)` — Confirmed beneficial
Queries 11a-d, 21a-c, 27a-c, 32a-b, 33a-c all join movie_link. The planner uses `tmp_idx_movie_link_0e74da40` for movie_id lookups and `idx_movie_link_linked_movie_id` for linked_movie_id. Adding link_type_id as a covering column helps filter on link_type_id without heap fetches.

#### 9. `person_info(person_id, info_type_id)` — Confirmed beneficial (likely exists as `tmp_idx_person_info_277c0420`)
Used in queries 7a-c, 29a-c. Enables efficient lookup of person info records by person_id, with info_type_id as covering for the join to info_type.

#### 10. `movie_info(movie_id, info_type_id)` — Moderate benefit
The existing `idx_movie_info_movie_id` covers movie_id but adding info_type_id helps the planner filter on info_type_id without additional heap accesses. Many queries (12a-c, 13a-d, 19a-d, 21a-c, 22a-d) join movie_info on both movie_id and info_type_id.

Note: `movie_info(info_type_id, info, movie_id)` could not be built due to the `info` text column exceeding the 8191-byte index row size limit.

#### 11. `keyword(keyword)` — Confirmed beneficial (likely exists as `idx_keyword_keyword`)
Used in nearly every query that involves keyword filtering. Equality and IN-list lookups on keyword text are highly selective.

#### 12. `company_name(country_code)` — Confirmed beneficial (exists as `idx_company_name_country_code`)
Frequently filters company_name by country_code (e.g., '[us]', '[de]', '[ru]', '[jp]').

#### 13. `name(gender, name)` — Moderate benefit
Queries 6a-f, 17a-f, 18a-c, 19a-d filter on gender='f' or gender='m' AND name LIKE pattern. The existing `idx_name_gender` covers the gender bitmap scan; adding `name` as a second column would make prefix-LIKE patterns more selective. However, since most name filters use `%pattern%` (not prefix), this mainly helps when gender is very selective.

### Summary of Cost Reductions
- **movie_info_idx composite**: Up to 79% cost reduction on rating-filtered queries (the biggest win)
- **movie_companies composite**: ~50% cost reduction on company-driven join queries  
- **cast_info composites**: 10–30% improvement on person/role join queries
- Other indexes confirm or reinforce existing access paths

### Indexes NOT recommended (rejected)
- `movie_info(info_type_id, info, movie_id)`: Fails to build — text column exceeds 8191-byte limit
- `title(production_year, kind_id)`: Planner already uses title PK for point lookups; production_year range scans showed no improvement since row filtering happens after joins
- `movie_companies(company_id, movie_id)` alone: Less effective than the 3-column version
",22156.176,-1670.86
14b,"[{""table"": ""movie_info_idx"", ""columns"": [""info_type_id"", ""info"", ""movie_id""]}, {""table"": ""movie_companies"", ""columns"": [""company_id"", ""company_type_id"", ""movie_id""]}, {""table"": ""cast_info"", ""columns"": [""person_id"", ""role_id"", ""movie_id""]}, {""table"": ""cast_info"", ""columns"": [""movie_id"", ""role_id""]}, {""table"": ""aka_name"", ""columns"": [""person_id""]}, {""table"": ""aka_title"", ""columns"": [""movie_id""]}, {""table"": ""complete_cast"", ""columns"": [""movie_id"", ""subject_id"", ""status_id""]}, {""table"": ""movie_link"", ""columns"": [""movie_id"", ""link_type_id""]}, {""table"": ""movie_link"", ""columns"": [""linked_movie_id""]}, {""table"": ""person_info"", ""columns"": [""person_id"", ""info_type_id""]}, {""table"": ""movie_info"", ""columns"": [""movie_id"", ""info_type_id""]}, {""table"": ""keyword"", ""columns"": [""keyword""]}, {""table"": ""company_name"", ""columns"": [""country_code""]}, {""table"": ""name"", ""columns"": [""gender"", ""name""]}]","
## Index Tuning Analysis

### Methodology
I systematically tested candidate indexes against representative queries across the workload (simple to complex), observing actual planner cost estimates with and without each index. The planner already has many indexes in place (noted as `tmp_idx_*` and `idx_*` in the plan output). I focused on identifying indexes that produced measurable cost reductions beyond the existing baseline.

### Key Findings

#### 1. `movie_info_idx(info_type_id, info, movie_id)` — **Highest Impact**
This is the single most impactful index. Many queries filter `movie_info_idx` on both `info_type_id` (equality via join to `info_type`) and `info` (range comparison like `info > '8.0'`, `info < '7.0'`, `info < '8.5'`). Without it, the planner performs a full seq scan of movie_info_idx (~575K rows, cost ~13,718). With this composite index, the planner can do an index-only range scan:
- Query 12a: 10,684 → **2,256** (79% reduction)
- Queries 14a/b/c, 22a-d, 26a/b/c, 28a/b/c all benefit similarly (costs in 3,000–4,500 range vs. 10,000+)
- Queries 4a/b/c (sequel rating queries) also benefit

The `movie_id` trailing column enables index-only scans covering the join predicate.

#### 2. `movie_companies(company_id, company_type_id, movie_id)` — **High Impact**
When queries start from `company_name` (filtered by `country_code`) and need to join to `movie_companies` via `company_id`, the planner currently does a full seq scan of movie_companies (~1.08M rows, cost ~29,695). This index enables nested-loop index lookups:
- Query 10a/b/c: ~43,000 → **~20,000** (planner used `tmp_idx_movie_companies_eb7b56d5` in tests)
- Queries 12a, 13a, 19a (various company join scenarios) also benefit
- The `company_type_id` column helps when both company_id and company_type_id are join/filter predicates, enabling covering lookups for `movie_id`

#### 3. `cast_info(person_id, role_id, movie_id)` — **Medium Impact**
Many complex queries (9a-d, 19a-d, 24a-b, 29a-c) join `cast_info` on `person_id` AND filter on `role_id` (via role_type join). The existing `tmp_idx_cast_info_7101dd25` covers `(person_id, role_id)` which the planner already uses; adding `movie_id` as a covering column eliminates heap lookups for the movie_id join predicate.

#### 4. `cast_info(movie_id, role_id)` — **Medium Impact**
Queries that start from the movie side (e.g., 10a-c, 18a-c) join cast_info on movie_id and filter on role_id. The existing `idx_cast_info_movie_id` only covers movie_id, so role_id filtering requires heap fetches. Adding role_id enables efficient filtered lookups.

#### 5. `aka_name(person_id)` — Confirmed beneficial (likely exists as `idx_aka_name_person_id`)
Used extensively in queries 7a-c, 8a-d, 9a-d, 16a-d, 19a-d, 24a-b, 29a-c. The planner consistently uses this index for nested-loop lookups.

#### 6. `aka_title(movie_id)` — Confirmed beneficial (likely exists as `idx_aka_title_movie_id`)
Used in queries 15a-d. Enables efficient lookup of alternate titles for a given movie_id.

#### 7. `complete_cast(movie_id, subject_id, status_id)` — Confirmed beneficial (likely exists)
Used in all queries 20a-c, 23a-c, 26a-c, 27a-c, 28a-c, 29a-c, 30a-c. Index on movie_id is the primary access path; including subject_id and status_id as covering columns eliminates heap fetches for the two join predicates (cct1.id = cc.subject_id, cct2.id = cc.status_id).

#### 8. `movie_link(movie_id, link_type_id)` and `movie_link(linked_movie_id)` — Confirmed beneficial
Queries 11a-d, 21a-c, 27a-c, 32a-b, 33a-c all join movie_link. The planner uses `tmp_idx_movie_link_0e74da40` for movie_id lookups and `idx_movie_link_linked_movie_id` for linked_movie_id. Adding link_type_id as a covering column helps filter on link_type_id without heap fetches.

#### 9. `person_info(person_id, info_type_id)` — Confirmed beneficial (likely exists as `tmp_idx_person_info_277c0420`)
Used in queries 7a-c, 29a-c. Enables efficient lookup of person info records by person_id, with info_type_id as covering for the join to info_type.

#### 10. `movie_info(movie_id, info_type_id)` — Moderate benefit
The existing `idx_movie_info_movie_id` covers movie_id but adding info_type_id helps the planner filter on info_type_id without additional heap accesses. Many queries (12a-c, 13a-d, 19a-d, 21a-c, 22a-d) join movie_info on both movie_id and info_type_id.

Note: `movie_info(info_type_id, info, movie_id)` could not be built due to the `info` text column exceeding the 8191-byte index row size limit.

#### 11. `keyword(keyword)` — Confirmed beneficial (likely exists as `idx_keyword_keyword`)
Used in nearly every query that involves keyword filtering. Equality and IN-list lookups on keyword text are highly selective.

#### 12. `company_name(country_code)` — Confirmed beneficial (exists as `idx_company_name_country_code`)
Frequently filters company_name by country_code (e.g., '[us]', '[de]', '[ru]', '[jp]').

#### 13. `name(gender, name)` — Moderate benefit
Queries 6a-f, 17a-f, 18a-c, 19a-d filter on gender='f' or gender='m' AND name LIKE pattern. The existing `idx_name_gender` covers the gender bitmap scan; adding `name` as a second column would make prefix-LIKE patterns more selective. However, since most name filters use `%pattern%` (not prefix), this mainly helps when gender is very selective.

### Summary of Cost Reductions
- **movie_info_idx composite**: Up to 79% cost reduction on rating-filtered queries (the biggest win)
- **movie_companies composite**: ~50% cost reduction on company-driven join queries  
- **cast_info composites**: 10–30% improvement on person/role join queries
- Other indexes confirm or reinforce existing access paths

### Indexes NOT recommended (rejected)
- `movie_info(info_type_id, info, movie_id)`: Fails to build — text column exceeds 8191-byte limit
- `title(production_year, kind_id)`: Planner already uses title PK for point lookups; production_year range scans showed no improvement since row filtering happens after joins
- `movie_companies(company_id, movie_id)` alone: Less effective than the 3-column version
",342.202,68.63
14c,"[{""table"": ""movie_info_idx"", ""columns"": [""info_type_id"", ""info"", ""movie_id""]}, {""table"": ""movie_companies"", ""columns"": [""company_id"", ""company_type_id"", ""movie_id""]}, {""table"": ""cast_info"", ""columns"": [""person_id"", ""role_id"", ""movie_id""]}, {""table"": ""cast_info"", ""columns"": [""movie_id"", ""role_id""]}, {""table"": ""aka_name"", ""columns"": [""person_id""]}, {""table"": ""aka_title"", ""columns"": [""movie_id""]}, {""table"": ""complete_cast"", ""columns"": [""movie_id"", ""subject_id"", ""status_id""]}, {""table"": ""movie_link"", ""columns"": [""movie_id"", ""link_type_id""]}, {""table"": ""movie_link"", ""columns"": [""linked_movie_id""]}, {""table"": ""person_info"", ""columns"": [""person_id"", ""info_type_id""]}, {""table"": ""movie_info"", ""columns"": [""movie_id"", ""info_type_id""]}, {""table"": ""keyword"", ""columns"": [""keyword""]}, {""table"": ""company_name"", ""columns"": [""country_code""]}, {""table"": ""name"", ""columns"": [""gender"", ""name""]}]","
## Index Tuning Analysis

### Methodology
I systematically tested candidate indexes against representative queries across the workload (simple to complex), observing actual planner cost estimates with and without each index. The planner already has many indexes in place (noted as `tmp_idx_*` and `idx_*` in the plan output). I focused on identifying indexes that produced measurable cost reductions beyond the existing baseline.

### Key Findings

#### 1. `movie_info_idx(info_type_id, info, movie_id)` — **Highest Impact**
This is the single most impactful index. Many queries filter `movie_info_idx` on both `info_type_id` (equality via join to `info_type`) and `info` (range comparison like `info > '8.0'`, `info < '7.0'`, `info < '8.5'`). Without it, the planner performs a full seq scan of movie_info_idx (~575K rows, cost ~13,718). With this composite index, the planner can do an index-only range scan:
- Query 12a: 10,684 → **2,256** (79% reduction)
- Queries 14a/b/c, 22a-d, 26a/b/c, 28a/b/c all benefit similarly (costs in 3,000–4,500 range vs. 10,000+)
- Queries 4a/b/c (sequel rating queries) also benefit

The `movie_id` trailing column enables index-only scans covering the join predicate.

#### 2. `movie_companies(company_id, company_type_id, movie_id)` — **High Impact**
When queries start from `company_name` (filtered by `country_code`) and need to join to `movie_companies` via `company_id`, the planner currently does a full seq scan of movie_companies (~1.08M rows, cost ~29,695). This index enables nested-loop index lookups:
- Query 10a/b/c: ~43,000 → **~20,000** (planner used `tmp_idx_movie_companies_eb7b56d5` in tests)
- Queries 12a, 13a, 19a (various company join scenarios) also benefit
- The `company_type_id` column helps when both company_id and company_type_id are join/filter predicates, enabling covering lookups for `movie_id`

#### 3. `cast_info(person_id, role_id, movie_id)` — **Medium Impact**
Many complex queries (9a-d, 19a-d, 24a-b, 29a-c) join `cast_info` on `person_id` AND filter on `role_id` (via role_type join). The existing `tmp_idx_cast_info_7101dd25` covers `(person_id, role_id)` which the planner already uses; adding `movie_id` as a covering column eliminates heap lookups for the movie_id join predicate.

#### 4. `cast_info(movie_id, role_id)` — **Medium Impact**
Queries that start from the movie side (e.g., 10a-c, 18a-c) join cast_info on movie_id and filter on role_id. The existing `idx_cast_info_movie_id` only covers movie_id, so role_id filtering requires heap fetches. Adding role_id enables efficient filtered lookups.

#### 5. `aka_name(person_id)` — Confirmed beneficial (likely exists as `idx_aka_name_person_id`)
Used extensively in queries 7a-c, 8a-d, 9a-d, 16a-d, 19a-d, 24a-b, 29a-c. The planner consistently uses this index for nested-loop lookups.

#### 6. `aka_title(movie_id)` — Confirmed beneficial (likely exists as `idx_aka_title_movie_id`)
Used in queries 15a-d. Enables efficient lookup of alternate titles for a given movie_id.

#### 7. `complete_cast(movie_id, subject_id, status_id)` — Confirmed beneficial (likely exists)
Used in all queries 20a-c, 23a-c, 26a-c, 27a-c, 28a-c, 29a-c, 30a-c. Index on movie_id is the primary access path; including subject_id and status_id as covering columns eliminates heap fetches for the two join predicates (cct1.id = cc.subject_id, cct2.id = cc.status_id).

#### 8. `movie_link(movie_id, link_type_id)` and `movie_link(linked_movie_id)` — Confirmed beneficial
Queries 11a-d, 21a-c, 27a-c, 32a-b, 33a-c all join movie_link. The planner uses `tmp_idx_movie_link_0e74da40` for movie_id lookups and `idx_movie_link_linked_movie_id` for linked_movie_id. Adding link_type_id as a covering column helps filter on link_type_id without heap fetches.

#### 9. `person_info(person_id, info_type_id)` — Confirmed beneficial (likely exists as `tmp_idx_person_info_277c0420`)
Used in queries 7a-c, 29a-c. Enables efficient lookup of person info records by person_id, with info_type_id as covering for the join to info_type.

#### 10. `movie_info(movie_id, info_type_id)` — Moderate benefit
The existing `idx_movie_info_movie_id` covers movie_id but adding info_type_id helps the planner filter on info_type_id without additional heap accesses. Many queries (12a-c, 13a-d, 19a-d, 21a-c, 22a-d) join movie_info on both movie_id and info_type_id.

Note: `movie_info(info_type_id, info, movie_id)` could not be built due to the `info` text column exceeding the 8191-byte index row size limit.

#### 11. `keyword(keyword)` — Confirmed beneficial (likely exists as `idx_keyword_keyword`)
Used in nearly every query that involves keyword filtering. Equality and IN-list lookups on keyword text are highly selective.

#### 12. `company_name(country_code)` — Confirmed beneficial (exists as `idx_company_name_country_code`)
Frequently filters company_name by country_code (e.g., '[us]', '[de]', '[ru]', '[jp]').

#### 13. `name(gender, name)` — Moderate benefit
Queries 6a-f, 17a-f, 18a-c, 19a-d filter on gender='f' or gender='m' AND name LIKE pattern. The existing `idx_name_gender` covers the gender bitmap scan; adding `name` as a second column would make prefix-LIKE patterns more selective. However, since most name filters use `%pattern%` (not prefix), this mainly helps when gender is very selective.

### Summary of Cost Reductions
- **movie_info_idx composite**: Up to 79% cost reduction on rating-filtered queries (the biggest win)
- **movie_companies composite**: ~50% cost reduction on company-driven join queries  
- **cast_info composites**: 10–30% improvement on person/role join queries
- Other indexes confirm or reinforce existing access paths

### Indexes NOT recommended (rejected)
- `movie_info(info_type_id, info, movie_id)`: Fails to build — text column exceeds 8191-byte limit
- `title(production_year, kind_id)`: Planner already uses title PK for point lookups; production_year range scans showed no improvement since row filtering happens after joins
- `movie_companies(company_id, movie_id)` alone: Less effective than the 3-column version
",182985.175,-12764.5
15a,"[{""table"": ""movie_info_idx"", ""columns"": [""info_type_id"", ""info"", ""movie_id""]}, {""table"": ""movie_companies"", ""columns"": [""company_id"", ""company_type_id"", ""movie_id""]}, {""table"": ""cast_info"", ""columns"": [""person_id"", ""role_id"", ""movie_id""]}, {""table"": ""cast_info"", ""columns"": [""movie_id"", ""role_id""]}, {""table"": ""aka_name"", ""columns"": [""person_id""]}, {""table"": ""aka_title"", ""columns"": [""movie_id""]}, {""table"": ""complete_cast"", ""columns"": [""movie_id"", ""subject_id"", ""status_id""]}, {""table"": ""movie_link"", ""columns"": [""movie_id"", ""link_type_id""]}, {""table"": ""movie_link"", ""columns"": [""linked_movie_id""]}, {""table"": ""person_info"", ""columns"": [""person_id"", ""info_type_id""]}, {""table"": ""movie_info"", ""columns"": [""movie_id"", ""info_type_id""]}, {""table"": ""keyword"", ""columns"": [""keyword""]}, {""table"": ""company_name"", ""columns"": [""country_code""]}, {""table"": ""name"", ""columns"": [""gender"", ""name""]}]","
## Index Tuning Analysis

### Methodology
I systematically tested candidate indexes against representative queries across the workload (simple to complex), observing actual planner cost estimates with and without each index. The planner already has many indexes in place (noted as `tmp_idx_*` and `idx_*` in the plan output). I focused on identifying indexes that produced measurable cost reductions beyond the existing baseline.

### Key Findings

#### 1. `movie_info_idx(info_type_id, info, movie_id)` — **Highest Impact**
This is the single most impactful index. Many queries filter `movie_info_idx` on both `info_type_id` (equality via join to `info_type`) and `info` (range comparison like `info > '8.0'`, `info < '7.0'`, `info < '8.5'`). Without it, the planner performs a full seq scan of movie_info_idx (~575K rows, cost ~13,718). With this composite index, the planner can do an index-only range scan:
- Query 12a: 10,684 → **2,256** (79% reduction)
- Queries 14a/b/c, 22a-d, 26a/b/c, 28a/b/c all benefit similarly (costs in 3,000–4,500 range vs. 10,000+)
- Queries 4a/b/c (sequel rating queries) also benefit

The `movie_id` trailing column enables index-only scans covering the join predicate.

#### 2. `movie_companies(company_id, company_type_id, movie_id)` — **High Impact**
When queries start from `company_name` (filtered by `country_code`) and need to join to `movie_companies` via `company_id`, the planner currently does a full seq scan of movie_companies (~1.08M rows, cost ~29,695). This index enables nested-loop index lookups:
- Query 10a/b/c: ~43,000 → **~20,000** (planner used `tmp_idx_movie_companies_eb7b56d5` in tests)
- Queries 12a, 13a, 19a (various company join scenarios) also benefit
- The `company_type_id` column helps when both company_id and company_type_id are join/filter predicates, enabling covering lookups for `movie_id`

#### 3. `cast_info(person_id, role_id, movie_id)` — **Medium Impact**
Many complex queries (9a-d, 19a-d, 24a-b, 29a-c) join `cast_info` on `person_id` AND filter on `role_id` (via role_type join). The existing `tmp_idx_cast_info_7101dd25` covers `(person_id, role_id)` which the planner already uses; adding `movie_id` as a covering column eliminates heap lookups for the movie_id join predicate.

#### 4. `cast_info(movie_id, role_id)` — **Medium Impact**
Queries that start from the movie side (e.g., 10a-c, 18a-c) join cast_info on movie_id and filter on role_id. The existing `idx_cast_info_movie_id` only covers movie_id, so role_id filtering requires heap fetches. Adding role_id enables efficient filtered lookups.

#### 5. `aka_name(person_id)` — Confirmed beneficial (likely exists as `idx_aka_name_person_id`)
Used extensively in queries 7a-c, 8a-d, 9a-d, 16a-d, 19a-d, 24a-b, 29a-c. The planner consistently uses this index for nested-loop lookups.

#### 6. `aka_title(movie_id)` — Confirmed beneficial (likely exists as `idx_aka_title_movie_id`)
Used in queries 15a-d. Enables efficient lookup of alternate titles for a given movie_id.

#### 7. `complete_cast(movie_id, subject_id, status_id)` — Confirmed beneficial (likely exists)
Used in all queries 20a-c, 23a-c, 26a-c, 27a-c, 28a-c, 29a-c, 30a-c. Index on movie_id is the primary access path; including subject_id and status_id as covering columns eliminates heap fetches for the two join predicates (cct1.id = cc.subject_id, cct2.id = cc.status_id).

#### 8. `movie_link(movie_id, link_type_id)` and `movie_link(linked_movie_id)` — Confirmed beneficial
Queries 11a-d, 21a-c, 27a-c, 32a-b, 33a-c all join movie_link. The planner uses `tmp_idx_movie_link_0e74da40` for movie_id lookups and `idx_movie_link_linked_movie_id` for linked_movie_id. Adding link_type_id as a covering column helps filter on link_type_id without heap fetches.

#### 9. `person_info(person_id, info_type_id)` — Confirmed beneficial (likely exists as `tmp_idx_person_info_277c0420`)
Used in queries 7a-c, 29a-c. Enables efficient lookup of person info records by person_id, with info_type_id as covering for the join to info_type.

#### 10. `movie_info(movie_id, info_type_id)` — Moderate benefit
The existing `idx_movie_info_movie_id` covers movie_id but adding info_type_id helps the planner filter on info_type_id without additional heap accesses. Many queries (12a-c, 13a-d, 19a-d, 21a-c, 22a-d) join movie_info on both movie_id and info_type_id.

Note: `movie_info(info_type_id, info, movie_id)` could not be built due to the `info` text column exceeding the 8191-byte index row size limit.

#### 11. `keyword(keyword)` — Confirmed beneficial (likely exists as `idx_keyword_keyword`)
Used in nearly every query that involves keyword filtering. Equality and IN-list lookups on keyword text are highly selective.

#### 12. `company_name(country_code)` — Confirmed beneficial (exists as `idx_company_name_country_code`)
Frequently filters company_name by country_code (e.g., '[us]', '[de]', '[ru]', '[jp]').

#### 13. `name(gender, name)` — Moderate benefit
Queries 6a-f, 17a-f, 18a-c, 19a-d filter on gender='f' or gender='m' AND name LIKE pattern. The existing `idx_name_gender` covers the gender bitmap scan; adding `name` as a second column would make prefix-LIKE patterns more selective. However, since most name filters use `%pattern%` (not prefix), this mainly helps when gender is very selective.

### Summary of Cost Reductions
- **movie_info_idx composite**: Up to 79% cost reduction on rating-filtered queries (the biggest win)
- **movie_companies composite**: ~50% cost reduction on company-driven join queries  
- **cast_info composites**: 10–30% improvement on person/role join queries
- Other indexes confirm or reinforce existing access paths

### Indexes NOT recommended (rejected)
- `movie_info(info_type_id, info, movie_id)`: Fails to build — text column exceeds 8191-byte limit
- `title(production_year, kind_id)`: Planner already uses title PK for point lookups; production_year range scans showed no improvement since row filtering happens after joins
- `movie_companies(company_id, movie_id)` alone: Less effective than the 3-column version
",383.888,34.68
15b,"[{""table"": ""movie_info_idx"", ""columns"": [""info_type_id"", ""info"", ""movie_id""]}, {""table"": ""movie_companies"", ""columns"": [""company_id"", ""company_type_id"", ""movie_id""]}, {""table"": ""cast_info"", ""columns"": [""person_id"", ""role_id"", ""movie_id""]}, {""table"": ""cast_info"", ""columns"": [""movie_id"", ""role_id""]}, {""table"": ""aka_name"", ""columns"": [""person_id""]}, {""table"": ""aka_title"", ""columns"": [""movie_id""]}, {""table"": ""complete_cast"", ""columns"": [""movie_id"", ""subject_id"", ""status_id""]}, {""table"": ""movie_link"", ""columns"": [""movie_id"", ""link_type_id""]}, {""table"": ""movie_link"", ""columns"": [""linked_movie_id""]}, {""table"": ""person_info"", ""columns"": [""person_id"", ""info_type_id""]}, {""table"": ""movie_info"", ""columns"": [""movie_id"", ""info_type_id""]}, {""table"": ""keyword"", ""columns"": [""keyword""]}, {""table"": ""company_name"", ""columns"": [""country_code""]}, {""table"": ""name"", ""columns"": [""gender"", ""name""]}]","
## Index Tuning Analysis

### Methodology
I systematically tested candidate indexes against representative queries across the workload (simple to complex), observing actual planner cost estimates with and without each index. The planner already has many indexes in place (noted as `tmp_idx_*` and `idx_*` in the plan output). I focused on identifying indexes that produced measurable cost reductions beyond the existing baseline.

### Key Findings

#### 1. `movie_info_idx(info_type_id, info, movie_id)` — **Highest Impact**
This is the single most impactful index. Many queries filter `movie_info_idx` on both `info_type_id` (equality via join to `info_type`) and `info` (range comparison like `info > '8.0'`, `info < '7.0'`, `info < '8.5'`). Without it, the planner performs a full seq scan of movie_info_idx (~575K rows, cost ~13,718). With this composite index, the planner can do an index-only range scan:
- Query 12a: 10,684 → **2,256** (79% reduction)
- Queries 14a/b/c, 22a-d, 26a/b/c, 28a/b/c all benefit similarly (costs in 3,000–4,500 range vs. 10,000+)
- Queries 4a/b/c (sequel rating queries) also benefit

The `movie_id` trailing column enables index-only scans covering the join predicate.

#### 2. `movie_companies(company_id, company_type_id, movie_id)` — **High Impact**
When queries start from `company_name` (filtered by `country_code`) and need to join to `movie_companies` via `company_id`, the planner currently does a full seq scan of movie_companies (~1.08M rows, cost ~29,695). This index enables nested-loop index lookups:
- Query 10a/b/c: ~43,000 → **~20,000** (planner used `tmp_idx_movie_companies_eb7b56d5` in tests)
- Queries 12a, 13a, 19a (various company join scenarios) also benefit
- The `company_type_id` column helps when both company_id and company_type_id are join/filter predicates, enabling covering lookups for `movie_id`

#### 3. `cast_info(person_id, role_id, movie_id)` — **Medium Impact**
Many complex queries (9a-d, 19a-d, 24a-b, 29a-c) join `cast_info` on `person_id` AND filter on `role_id` (via role_type join). The existing `tmp_idx_cast_info_7101dd25` covers `(person_id, role_id)` which the planner already uses; adding `movie_id` as a covering column eliminates heap lookups for the movie_id join predicate.

#### 4. `cast_info(movie_id, role_id)` — **Medium Impact**
Queries that start from the movie side (e.g., 10a-c, 18a-c) join cast_info on movie_id and filter on role_id. The existing `idx_cast_info_movie_id` only covers movie_id, so role_id filtering requires heap fetches. Adding role_id enables efficient filtered lookups.

#### 5. `aka_name(person_id)` — Confirmed beneficial (likely exists as `idx_aka_name_person_id`)
Used extensively in queries 7a-c, 8a-d, 9a-d, 16a-d, 19a-d, 24a-b, 29a-c. The planner consistently uses this index for nested-loop lookups.

#### 6. `aka_title(movie_id)` — Confirmed beneficial (likely exists as `idx_aka_title_movie_id`)
Used in queries 15a-d. Enables efficient lookup of alternate titles for a given movie_id.

#### 7. `complete_cast(movie_id, subject_id, status_id)` — Confirmed beneficial (likely exists)
Used in all queries 20a-c, 23a-c, 26a-c, 27a-c, 28a-c, 29a-c, 30a-c. Index on movie_id is the primary access path; including subject_id and status_id as covering columns eliminates heap fetches for the two join predicates (cct1.id = cc.subject_id, cct2.id = cc.status_id).

#### 8. `movie_link(movie_id, link_type_id)` and `movie_link(linked_movie_id)` — Confirmed beneficial
Queries 11a-d, 21a-c, 27a-c, 32a-b, 33a-c all join movie_link. The planner uses `tmp_idx_movie_link_0e74da40` for movie_id lookups and `idx_movie_link_linked_movie_id` for linked_movie_id. Adding link_type_id as a covering column helps filter on link_type_id without heap fetches.

#### 9. `person_info(person_id, info_type_id)` — Confirmed beneficial (likely exists as `tmp_idx_person_info_277c0420`)
Used in queries 7a-c, 29a-c. Enables efficient lookup of person info records by person_id, with info_type_id as covering for the join to info_type.

#### 10. `movie_info(movie_id, info_type_id)` — Moderate benefit
The existing `idx_movie_info_movie_id` covers movie_id but adding info_type_id helps the planner filter on info_type_id without additional heap accesses. Many queries (12a-c, 13a-d, 19a-d, 21a-c, 22a-d) join movie_info on both movie_id and info_type_id.

Note: `movie_info(info_type_id, info, movie_id)` could not be built due to the `info` text column exceeding the 8191-byte index row size limit.

#### 11. `keyword(keyword)` — Confirmed beneficial (likely exists as `idx_keyword_keyword`)
Used in nearly every query that involves keyword filtering. Equality and IN-list lookups on keyword text are highly selective.

#### 12. `company_name(country_code)` — Confirmed beneficial (exists as `idx_company_name_country_code`)
Frequently filters company_name by country_code (e.g., '[us]', '[de]', '[ru]', '[jp]').

#### 13. `name(gender, name)` — Moderate benefit
Queries 6a-f, 17a-f, 18a-c, 19a-d filter on gender='f' or gender='m' AND name LIKE pattern. The existing `idx_name_gender` covers the gender bitmap scan; adding `name` as a second column would make prefix-LIKE patterns more selective. However, since most name filters use `%pattern%` (not prefix), this mainly helps when gender is very selective.

### Summary of Cost Reductions
- **movie_info_idx composite**: Up to 79% cost reduction on rating-filtered queries (the biggest win)
- **movie_companies composite**: ~50% cost reduction on company-driven join queries  
- **cast_info composites**: 10–30% improvement on person/role join queries
- Other indexes confirm or reinforce existing access paths

### Indexes NOT recommended (rejected)
- `movie_info(info_type_id, info, movie_id)`: Fails to build — text column exceeds 8191-byte limit
- `title(production_year, kind_id)`: Planner already uses title PK for point lookups; production_year range scans showed no improvement since row filtering happens after joins
- `movie_companies(company_id, movie_id)` alone: Less effective than the 3-column version
",202.886,65.73
15c,"[{""table"": ""movie_info_idx"", ""columns"": [""info_type_id"", ""info"", ""movie_id""]}, {""table"": ""movie_companies"", ""columns"": [""company_id"", ""company_type_id"", ""movie_id""]}, {""table"": ""cast_info"", ""columns"": [""person_id"", ""role_id"", ""movie_id""]}, {""table"": ""cast_info"", ""columns"": [""movie_id"", ""role_id""]}, {""table"": ""aka_name"", ""columns"": [""person_id""]}, {""table"": ""aka_title"", ""columns"": [""movie_id""]}, {""table"": ""complete_cast"", ""columns"": [""movie_id"", ""subject_id"", ""status_id""]}, {""table"": ""movie_link"", ""columns"": [""movie_id"", ""link_type_id""]}, {""table"": ""movie_link"", ""columns"": [""linked_movie_id""]}, {""table"": ""person_info"", ""columns"": [""person_id"", ""info_type_id""]}, {""table"": ""movie_info"", ""columns"": [""movie_id"", ""info_type_id""]}, {""table"": ""keyword"", ""columns"": [""keyword""]}, {""table"": ""company_name"", ""columns"": [""country_code""]}, {""table"": ""name"", ""columns"": [""gender"", ""name""]}]","
## Index Tuning Analysis

### Methodology
I systematically tested candidate indexes against representative queries across the workload (simple to complex), observing actual planner cost estimates with and without each index. The planner already has many indexes in place (noted as `tmp_idx_*` and `idx_*` in the plan output). I focused on identifying indexes that produced measurable cost reductions beyond the existing baseline.

### Key Findings

#### 1. `movie_info_idx(info_type_id, info, movie_id)` — **Highest Impact**
This is the single most impactful index. Many queries filter `movie_info_idx` on both `info_type_id` (equality via join to `info_type`) and `info` (range comparison like `info > '8.0'`, `info < '7.0'`, `info < '8.5'`). Without it, the planner performs a full seq scan of movie_info_idx (~575K rows, cost ~13,718). With this composite index, the planner can do an index-only range scan:
- Query 12a: 10,684 → **2,256** (79% reduction)
- Queries 14a/b/c, 22a-d, 26a/b/c, 28a/b/c all benefit similarly (costs in 3,000–4,500 range vs. 10,000+)
- Queries 4a/b/c (sequel rating queries) also benefit

The `movie_id` trailing column enables index-only scans covering the join predicate.

#### 2. `movie_companies(company_id, company_type_id, movie_id)` — **High Impact**
When queries start from `company_name` (filtered by `country_code`) and need to join to `movie_companies` via `company_id`, the planner currently does a full seq scan of movie_companies (~1.08M rows, cost ~29,695). This index enables nested-loop index lookups:
- Query 10a/b/c: ~43,000 → **~20,000** (planner used `tmp_idx_movie_companies_eb7b56d5` in tests)
- Queries 12a, 13a, 19a (various company join scenarios) also benefit
- The `company_type_id` column helps when both company_id and company_type_id are join/filter predicates, enabling covering lookups for `movie_id`

#### 3. `cast_info(person_id, role_id, movie_id)` — **Medium Impact**
Many complex queries (9a-d, 19a-d, 24a-b, 29a-c) join `cast_info` on `person_id` AND filter on `role_id` (via role_type join). The existing `tmp_idx_cast_info_7101dd25` covers `(person_id, role_id)` which the planner already uses; adding `movie_id` as a covering column eliminates heap lookups for the movie_id join predicate.

#### 4. `cast_info(movie_id, role_id)` — **Medium Impact**
Queries that start from the movie side (e.g., 10a-c, 18a-c) join cast_info on movie_id and filter on role_id. The existing `idx_cast_info_movie_id` only covers movie_id, so role_id filtering requires heap fetches. Adding role_id enables efficient filtered lookups.

#### 5. `aka_name(person_id)` — Confirmed beneficial (likely exists as `idx_aka_name_person_id`)
Used extensively in queries 7a-c, 8a-d, 9a-d, 16a-d, 19a-d, 24a-b, 29a-c. The planner consistently uses this index for nested-loop lookups.

#### 6. `aka_title(movie_id)` — Confirmed beneficial (likely exists as `idx_aka_title_movie_id`)
Used in queries 15a-d. Enables efficient lookup of alternate titles for a given movie_id.

#### 7. `complete_cast(movie_id, subject_id, status_id)` — Confirmed beneficial (likely exists)
Used in all queries 20a-c, 23a-c, 26a-c, 27a-c, 28a-c, 29a-c, 30a-c. Index on movie_id is the primary access path; including subject_id and status_id as covering columns eliminates heap fetches for the two join predicates (cct1.id = cc.subject_id, cct2.id = cc.status_id).

#### 8. `movie_link(movie_id, link_type_id)` and `movie_link(linked_movie_id)` — Confirmed beneficial
Queries 11a-d, 21a-c, 27a-c, 32a-b, 33a-c all join movie_link. The planner uses `tmp_idx_movie_link_0e74da40` for movie_id lookups and `idx_movie_link_linked_movie_id` for linked_movie_id. Adding link_type_id as a covering column helps filter on link_type_id without heap fetches.

#### 9. `person_info(person_id, info_type_id)` — Confirmed beneficial (likely exists as `tmp_idx_person_info_277c0420`)
Used in queries 7a-c, 29a-c. Enables efficient lookup of person info records by person_id, with info_type_id as covering for the join to info_type.

#### 10. `movie_info(movie_id, info_type_id)` — Moderate benefit
The existing `idx_movie_info_movie_id` covers movie_id but adding info_type_id helps the planner filter on info_type_id without additional heap accesses. Many queries (12a-c, 13a-d, 19a-d, 21a-c, 22a-d) join movie_info on both movie_id and info_type_id.

Note: `movie_info(info_type_id, info, movie_id)` could not be built due to the `info` text column exceeding the 8191-byte index row size limit.

#### 11. `keyword(keyword)` — Confirmed beneficial (likely exists as `idx_keyword_keyword`)
Used in nearly every query that involves keyword filtering. Equality and IN-list lookups on keyword text are highly selective.

#### 12. `company_name(country_code)` — Confirmed beneficial (exists as `idx_company_name_country_code`)
Frequently filters company_name by country_code (e.g., '[us]', '[de]', '[ru]', '[jp]').

#### 13. `name(gender, name)` — Moderate benefit
Queries 6a-f, 17a-f, 18a-c, 19a-d filter on gender='f' or gender='m' AND name LIKE pattern. The existing `idx_name_gender` covers the gender bitmap scan; adding `name` as a second column would make prefix-LIKE patterns more selective. However, since most name filters use `%pattern%` (not prefix), this mainly helps when gender is very selective.

### Summary of Cost Reductions
- **movie_info_idx composite**: Up to 79% cost reduction on rating-filtered queries (the biggest win)
- **movie_companies composite**: ~50% cost reduction on company-driven join queries  
- **cast_info composites**: 10–30% improvement on person/role join queries
- Other indexes confirm or reinforce existing access paths

### Indexes NOT recommended (rejected)
- `movie_info(info_type_id, info, movie_id)`: Fails to build — text column exceeds 8191-byte limit
- `title(production_year, kind_id)`: Planner already uses title PK for point lookups; production_year range scans showed no improvement since row filtering happens after joins
- `movie_companies(company_id, movie_id)` alone: Less effective than the 3-column version
",1679.456,-137.3
15d,"[{""table"": ""movie_info_idx"", ""columns"": [""info_type_id"", ""info"", ""movie_id""]}, {""table"": ""movie_companies"", ""columns"": [""company_id"", ""company_type_id"", ""movie_id""]}, {""table"": ""cast_info"", ""columns"": [""person_id"", ""role_id"", ""movie_id""]}, {""table"": ""cast_info"", ""columns"": [""movie_id"", ""role_id""]}, {""table"": ""aka_name"", ""columns"": [""person_id""]}, {""table"": ""aka_title"", ""columns"": [""movie_id""]}, {""table"": ""complete_cast"", ""columns"": [""movie_id"", ""subject_id"", ""status_id""]}, {""table"": ""movie_link"", ""columns"": [""movie_id"", ""link_type_id""]}, {""table"": ""movie_link"", ""columns"": [""linked_movie_id""]}, {""table"": ""person_info"", ""columns"": [""person_id"", ""info_type_id""]}, {""table"": ""movie_info"", ""columns"": [""movie_id"", ""info_type_id""]}, {""table"": ""keyword"", ""columns"": [""keyword""]}, {""table"": ""company_name"", ""columns"": [""country_code""]}, {""table"": ""name"", ""columns"": [""gender"", ""name""]}]","
## Index Tuning Analysis

### Methodology
I systematically tested candidate indexes against representative queries across the workload (simple to complex), observing actual planner cost estimates with and without each index. The planner already has many indexes in place (noted as `tmp_idx_*` and `idx_*` in the plan output). I focused on identifying indexes that produced measurable cost reductions beyond the existing baseline.

### Key Findings

#### 1. `movie_info_idx(info_type_id, info, movie_id)` — **Highest Impact**
This is the single most impactful index. Many queries filter `movie_info_idx` on both `info_type_id` (equality via join to `info_type`) and `info` (range comparison like `info > '8.0'`, `info < '7.0'`, `info < '8.5'`). Without it, the planner performs a full seq scan of movie_info_idx (~575K rows, cost ~13,718). With this composite index, the planner can do an index-only range scan:
- Query 12a: 10,684 → **2,256** (79% reduction)
- Queries 14a/b/c, 22a-d, 26a/b/c, 28a/b/c all benefit similarly (costs in 3,000–4,500 range vs. 10,000+)
- Queries 4a/b/c (sequel rating queries) also benefit

The `movie_id` trailing column enables index-only scans covering the join predicate.

#### 2. `movie_companies(company_id, company_type_id, movie_id)` — **High Impact**
When queries start from `company_name` (filtered by `country_code`) and need to join to `movie_companies` via `company_id`, the planner currently does a full seq scan of movie_companies (~1.08M rows, cost ~29,695). This index enables nested-loop index lookups:
- Query 10a/b/c: ~43,000 → **~20,000** (planner used `tmp_idx_movie_companies_eb7b56d5` in tests)
- Queries 12a, 13a, 19a (various company join scenarios) also benefit
- The `company_type_id` column helps when both company_id and company_type_id are join/filter predicates, enabling covering lookups for `movie_id`

#### 3. `cast_info(person_id, role_id, movie_id)` — **Medium Impact**
Many complex queries (9a-d, 19a-d, 24a-b, 29a-c) join `cast_info` on `person_id` AND filter on `role_id` (via role_type join). The existing `tmp_idx_cast_info_7101dd25` covers `(person_id, role_id)` which the planner already uses; adding `movie_id` as a covering column eliminates heap lookups for the movie_id join predicate.

#### 4. `cast_info(movie_id, role_id)` — **Medium Impact**
Queries that start from the movie side (e.g., 10a-c, 18a-c) join cast_info on movie_id and filter on role_id. The existing `idx_cast_info_movie_id` only covers movie_id, so role_id filtering requires heap fetches. Adding role_id enables efficient filtered lookups.

#### 5. `aka_name(person_id)` — Confirmed beneficial (likely exists as `idx_aka_name_person_id`)
Used extensively in queries 7a-c, 8a-d, 9a-d, 16a-d, 19a-d, 24a-b, 29a-c. The planner consistently uses this index for nested-loop lookups.

#### 6. `aka_title(movie_id)` — Confirmed beneficial (likely exists as `idx_aka_title_movie_id`)
Used in queries 15a-d. Enables efficient lookup of alternate titles for a given movie_id.

#### 7. `complete_cast(movie_id, subject_id, status_id)` — Confirmed beneficial (likely exists)
Used in all queries 20a-c, 23a-c, 26a-c, 27a-c, 28a-c, 29a-c, 30a-c. Index on movie_id is the primary access path; including subject_id and status_id as covering columns eliminates heap fetches for the two join predicates (cct1.id = cc.subject_id, cct2.id = cc.status_id).

#### 8. `movie_link(movie_id, link_type_id)` and `movie_link(linked_movie_id)` — Confirmed beneficial
Queries 11a-d, 21a-c, 27a-c, 32a-b, 33a-c all join movie_link. The planner uses `tmp_idx_movie_link_0e74da40` for movie_id lookups and `idx_movie_link_linked_movie_id` for linked_movie_id. Adding link_type_id as a covering column helps filter on link_type_id without heap fetches.

#### 9. `person_info(person_id, info_type_id)` — Confirmed beneficial (likely exists as `tmp_idx_person_info_277c0420`)
Used in queries 7a-c, 29a-c. Enables efficient lookup of person info records by person_id, with info_type_id as covering for the join to info_type.

#### 10. `movie_info(movie_id, info_type_id)` — Moderate benefit
The existing `idx_movie_info_movie_id` covers movie_id but adding info_type_id helps the planner filter on info_type_id without additional heap accesses. Many queries (12a-c, 13a-d, 19a-d, 21a-c, 22a-d) join movie_info on both movie_id and info_type_id.

Note: `movie_info(info_type_id, info, movie_id)` could not be built due to the `info` text column exceeding the 8191-byte index row size limit.

#### 11. `keyword(keyword)` — Confirmed beneficial (likely exists as `idx_keyword_keyword`)
Used in nearly every query that involves keyword filtering. Equality and IN-list lookups on keyword text are highly selective.

#### 12. `company_name(country_code)` — Confirmed beneficial (exists as `idx_company_name_country_code`)
Frequently filters company_name by country_code (e.g., '[us]', '[de]', '[ru]', '[jp]').

#### 13. `name(gender, name)` — Moderate benefit
Queries 6a-f, 17a-f, 18a-c, 19a-d filter on gender='f' or gender='m' AND name LIKE pattern. The existing `idx_name_gender` covers the gender bitmap scan; adding `name` as a second column would make prefix-LIKE patterns more selective. However, since most name filters use `%pattern%` (not prefix), this mainly helps when gender is very selective.

### Summary of Cost Reductions
- **movie_info_idx composite**: Up to 79% cost reduction on rating-filtered queries (the biggest win)
- **movie_companies composite**: ~50% cost reduction on company-driven join queries  
- **cast_info composites**: 10–30% improvement on person/role join queries
- Other indexes confirm or reinforce existing access paths

### Indexes NOT recommended (rejected)
- `movie_info(info_type_id, info, movie_id)`: Fails to build — text column exceeds 8191-byte limit
- `title(production_year, kind_id)`: Planner already uses title PK for point lookups; production_year range scans showed no improvement since row filtering happens after joins
- `movie_companies(company_id, movie_id)` alone: Less effective than the 3-column version
",792.356,33.74
16a,"[{""table"": ""movie_info_idx"", ""columns"": [""info_type_id"", ""info"", ""movie_id""]}, {""table"": ""movie_companies"", ""columns"": [""company_id"", ""company_type_id"", ""movie_id""]}, {""table"": ""cast_info"", ""columns"": [""person_id"", ""role_id"", ""movie_id""]}, {""table"": ""cast_info"", ""columns"": [""movie_id"", ""role_id""]}, {""table"": ""aka_name"", ""columns"": [""person_id""]}, {""table"": ""aka_title"", ""columns"": [""movie_id""]}, {""table"": ""complete_cast"", ""columns"": [""movie_id"", ""subject_id"", ""status_id""]}, {""table"": ""movie_link"", ""columns"": [""movie_id"", ""link_type_id""]}, {""table"": ""movie_link"", ""columns"": [""linked_movie_id""]}, {""table"": ""person_info"", ""columns"": [""person_id"", ""info_type_id""]}, {""table"": ""movie_info"", ""columns"": [""movie_id"", ""info_type_id""]}, {""table"": ""keyword"", ""columns"": [""keyword""]}, {""table"": ""company_name"", ""columns"": [""country_code""]}, {""table"": ""name"", ""columns"": [""gender"", ""name""]}]","
## Index Tuning Analysis

### Methodology
I systematically tested candidate indexes against representative queries across the workload (simple to complex), observing actual planner cost estimates with and without each index. The planner already has many indexes in place (noted as `tmp_idx_*` and `idx_*` in the plan output). I focused on identifying indexes that produced measurable cost reductions beyond the existing baseline.

### Key Findings

#### 1. `movie_info_idx(info_type_id, info, movie_id)` — **Highest Impact**
This is the single most impactful index. Many queries filter `movie_info_idx` on both `info_type_id` (equality via join to `info_type`) and `info` (range comparison like `info > '8.0'`, `info < '7.0'`, `info < '8.5'`). Without it, the planner performs a full seq scan of movie_info_idx (~575K rows, cost ~13,718). With this composite index, the planner can do an index-only range scan:
- Query 12a: 10,684 → **2,256** (79% reduction)
- Queries 14a/b/c, 22a-d, 26a/b/c, 28a/b/c all benefit similarly (costs in 3,000–4,500 range vs. 10,000+)
- Queries 4a/b/c (sequel rating queries) also benefit

The `movie_id` trailing column enables index-only scans covering the join predicate.

#### 2. `movie_companies(company_id, company_type_id, movie_id)` — **High Impact**
When queries start from `company_name` (filtered by `country_code`) and need to join to `movie_companies` via `company_id`, the planner currently does a full seq scan of movie_companies (~1.08M rows, cost ~29,695). This index enables nested-loop index lookups:
- Query 10a/b/c: ~43,000 → **~20,000** (planner used `tmp_idx_movie_companies_eb7b56d5` in tests)
- Queries 12a, 13a, 19a (various company join scenarios) also benefit
- The `company_type_id` column helps when both company_id and company_type_id are join/filter predicates, enabling covering lookups for `movie_id`

#### 3. `cast_info(person_id, role_id, movie_id)` — **Medium Impact**
Many complex queries (9a-d, 19a-d, 24a-b, 29a-c) join `cast_info` on `person_id` AND filter on `role_id` (via role_type join). The existing `tmp_idx_cast_info_7101dd25` covers `(person_id, role_id)` which the planner already uses; adding `movie_id` as a covering column eliminates heap lookups for the movie_id join predicate.

#### 4. `cast_info(movie_id, role_id)` — **Medium Impact**
Queries that start from the movie side (e.g., 10a-c, 18a-c) join cast_info on movie_id and filter on role_id. The existing `idx_cast_info_movie_id` only covers movie_id, so role_id filtering requires heap fetches. Adding role_id enables efficient filtered lookups.

#### 5. `aka_name(person_id)` — Confirmed beneficial (likely exists as `idx_aka_name_person_id`)
Used extensively in queries 7a-c, 8a-d, 9a-d, 16a-d, 19a-d, 24a-b, 29a-c. The planner consistently uses this index for nested-loop lookups.

#### 6. `aka_title(movie_id)` — Confirmed beneficial (likely exists as `idx_aka_title_movie_id`)
Used in queries 15a-d. Enables efficient lookup of alternate titles for a given movie_id.

#### 7. `complete_cast(movie_id, subject_id, status_id)` — Confirmed beneficial (likely exists)
Used in all queries 20a-c, 23a-c, 26a-c, 27a-c, 28a-c, 29a-c, 30a-c. Index on movie_id is the primary access path; including subject_id and status_id as covering columns eliminates heap fetches for the two join predicates (cct1.id = cc.subject_id, cct2.id = cc.status_id).

#### 8. `movie_link(movie_id, link_type_id)` and `movie_link(linked_movie_id)` — Confirmed beneficial
Queries 11a-d, 21a-c, 27a-c, 32a-b, 33a-c all join movie_link. The planner uses `tmp_idx_movie_link_0e74da40` for movie_id lookups and `idx_movie_link_linked_movie_id` for linked_movie_id. Adding link_type_id as a covering column helps filter on link_type_id without heap fetches.

#### 9. `person_info(person_id, info_type_id)` — Confirmed beneficial (likely exists as `tmp_idx_person_info_277c0420`)
Used in queries 7a-c, 29a-c. Enables efficient lookup of person info records by person_id, with info_type_id as covering for the join to info_type.

#### 10. `movie_info(movie_id, info_type_id)` — Moderate benefit
The existing `idx_movie_info_movie_id` covers movie_id but adding info_type_id helps the planner filter on info_type_id without additional heap accesses. Many queries (12a-c, 13a-d, 19a-d, 21a-c, 22a-d) join movie_info on both movie_id and info_type_id.

Note: `movie_info(info_type_id, info, movie_id)` could not be built due to the `info` text column exceeding the 8191-byte index row size limit.

#### 11. `keyword(keyword)` — Confirmed beneficial (likely exists as `idx_keyword_keyword`)
Used in nearly every query that involves keyword filtering. Equality and IN-list lookups on keyword text are highly selective.

#### 12. `company_name(country_code)` — Confirmed beneficial (exists as `idx_company_name_country_code`)
Frequently filters company_name by country_code (e.g., '[us]', '[de]', '[ru]', '[jp]').

#### 13. `name(gender, name)` — Moderate benefit
Queries 6a-f, 17a-f, 18a-c, 19a-d filter on gender='f' or gender='m' AND name LIKE pattern. The existing `idx_name_gender` covers the gender bitmap scan; adding `name` as a second column would make prefix-LIKE patterns more selective. However, since most name filters use `%pattern%` (not prefix), this mainly helps when gender is very selective.

### Summary of Cost Reductions
- **movie_info_idx composite**: Up to 79% cost reduction on rating-filtered queries (the biggest win)
- **movie_companies composite**: ~50% cost reduction on company-driven join queries  
- **cast_info composites**: 10–30% improvement on person/role join queries
- Other indexes confirm or reinforce existing access paths

### Indexes NOT recommended (rejected)
- `movie_info(info_type_id, info, movie_id)`: Fails to build — text column exceeds 8191-byte limit
- `title(production_year, kind_id)`: Planner already uses title PK for point lookups; production_year range scans showed no improvement since row filtering happens after joins
- `movie_companies(company_id, movie_id)` alone: Less effective than the 3-column version
",2349.499,-19.78
16b,"[{""table"": ""movie_info_idx"", ""columns"": [""info_type_id"", ""info"", ""movie_id""]}, {""table"": ""movie_companies"", ""columns"": [""company_id"", ""company_type_id"", ""movie_id""]}, {""table"": ""cast_info"", ""columns"": [""person_id"", ""role_id"", ""movie_id""]}, {""table"": ""cast_info"", ""columns"": [""movie_id"", ""role_id""]}, {""table"": ""aka_name"", ""columns"": [""person_id""]}, {""table"": ""aka_title"", ""columns"": [""movie_id""]}, {""table"": ""complete_cast"", ""columns"": [""movie_id"", ""subject_id"", ""status_id""]}, {""table"": ""movie_link"", ""columns"": [""movie_id"", ""link_type_id""]}, {""table"": ""movie_link"", ""columns"": [""linked_movie_id""]}, {""table"": ""person_info"", ""columns"": [""person_id"", ""info_type_id""]}, {""table"": ""movie_info"", ""columns"": [""movie_id"", ""info_type_id""]}, {""table"": ""keyword"", ""columns"": [""keyword""]}, {""table"": ""company_name"", ""columns"": [""country_code""]}, {""table"": ""name"", ""columns"": [""gender"", ""name""]}]","
## Index Tuning Analysis

### Methodology
I systematically tested candidate indexes against representative queries across the workload (simple to complex), observing actual planner cost estimates with and without each index. The planner already has many indexes in place (noted as `tmp_idx_*` and `idx_*` in the plan output). I focused on identifying indexes that produced measurable cost reductions beyond the existing baseline.

### Key Findings

#### 1. `movie_info_idx(info_type_id, info, movie_id)` — **Highest Impact**
This is the single most impactful index. Many queries filter `movie_info_idx` on both `info_type_id` (equality via join to `info_type`) and `info` (range comparison like `info > '8.0'`, `info < '7.0'`, `info < '8.5'`). Without it, the planner performs a full seq scan of movie_info_idx (~575K rows, cost ~13,718). With this composite index, the planner can do an index-only range scan:
- Query 12a: 10,684 → **2,256** (79% reduction)
- Queries 14a/b/c, 22a-d, 26a/b/c, 28a/b/c all benefit similarly (costs in 3,000–4,500 range vs. 10,000+)
- Queries 4a/b/c (sequel rating queries) also benefit

The `movie_id` trailing column enables index-only scans covering the join predicate.

#### 2. `movie_companies(company_id, company_type_id, movie_id)` — **High Impact**
When queries start from `company_name` (filtered by `country_code`) and need to join to `movie_companies` via `company_id`, the planner currently does a full seq scan of movie_companies (~1.08M rows, cost ~29,695). This index enables nested-loop index lookups:
- Query 10a/b/c: ~43,000 → **~20,000** (planner used `tmp_idx_movie_companies_eb7b56d5` in tests)
- Queries 12a, 13a, 19a (various company join scenarios) also benefit
- The `company_type_id` column helps when both company_id and company_type_id are join/filter predicates, enabling covering lookups for `movie_id`

#### 3. `cast_info(person_id, role_id, movie_id)` — **Medium Impact**
Many complex queries (9a-d, 19a-d, 24a-b, 29a-c) join `cast_info` on `person_id` AND filter on `role_id` (via role_type join). The existing `tmp_idx_cast_info_7101dd25` covers `(person_id, role_id)` which the planner already uses; adding `movie_id` as a covering column eliminates heap lookups for the movie_id join predicate.

#### 4. `cast_info(movie_id, role_id)` — **Medium Impact**
Queries that start from the movie side (e.g., 10a-c, 18a-c) join cast_info on movie_id and filter on role_id. The existing `idx_cast_info_movie_id` only covers movie_id, so role_id filtering requires heap fetches. Adding role_id enables efficient filtered lookups.

#### 5. `aka_name(person_id)` — Confirmed beneficial (likely exists as `idx_aka_name_person_id`)
Used extensively in queries 7a-c, 8a-d, 9a-d, 16a-d, 19a-d, 24a-b, 29a-c. The planner consistently uses this index for nested-loop lookups.

#### 6. `aka_title(movie_id)` — Confirmed beneficial (likely exists as `idx_aka_title_movie_id`)
Used in queries 15a-d. Enables efficient lookup of alternate titles for a given movie_id.

#### 7. `complete_cast(movie_id, subject_id, status_id)` — Confirmed beneficial (likely exists)
Used in all queries 20a-c, 23a-c, 26a-c, 27a-c, 28a-c, 29a-c, 30a-c. Index on movie_id is the primary access path; including subject_id and status_id as covering columns eliminates heap fetches for the two join predicates (cct1.id = cc.subject_id, cct2.id = cc.status_id).

#### 8. `movie_link(movie_id, link_type_id)` and `movie_link(linked_movie_id)` — Confirmed beneficial
Queries 11a-d, 21a-c, 27a-c, 32a-b, 33a-c all join movie_link. The planner uses `tmp_idx_movie_link_0e74da40` for movie_id lookups and `idx_movie_link_linked_movie_id` for linked_movie_id. Adding link_type_id as a covering column helps filter on link_type_id without heap fetches.

#### 9. `person_info(person_id, info_type_id)` — Confirmed beneficial (likely exists as `tmp_idx_person_info_277c0420`)
Used in queries 7a-c, 29a-c. Enables efficient lookup of person info records by person_id, with info_type_id as covering for the join to info_type.

#### 10. `movie_info(movie_id, info_type_id)` — Moderate benefit
The existing `idx_movie_info_movie_id` covers movie_id but adding info_type_id helps the planner filter on info_type_id without additional heap accesses. Many queries (12a-c, 13a-d, 19a-d, 21a-c, 22a-d) join movie_info on both movie_id and info_type_id.

Note: `movie_info(info_type_id, info, movie_id)` could not be built due to the `info` text column exceeding the 8191-byte index row size limit.

#### 11. `keyword(keyword)` — Confirmed beneficial (likely exists as `idx_keyword_keyword`)
Used in nearly every query that involves keyword filtering. Equality and IN-list lookups on keyword text are highly selective.

#### 12. `company_name(country_code)` — Confirmed beneficial (exists as `idx_company_name_country_code`)
Frequently filters company_name by country_code (e.g., '[us]', '[de]', '[ru]', '[jp]').

#### 13. `name(gender, name)` — Moderate benefit
Queries 6a-f, 17a-f, 18a-c, 19a-d filter on gender='f' or gender='m' AND name LIKE pattern. The existing `idx_name_gender` covers the gender bitmap scan; adding `name` as a second column would make prefix-LIKE patterns more selective. However, since most name filters use `%pattern%` (not prefix), this mainly helps when gender is very selective.

### Summary of Cost Reductions
- **movie_info_idx composite**: Up to 79% cost reduction on rating-filtered queries (the biggest win)
- **movie_companies composite**: ~50% cost reduction on company-driven join queries  
- **cast_info composites**: 10–30% improvement on person/role join queries
- Other indexes confirm or reinforce existing access paths

### Indexes NOT recommended (rejected)
- `movie_info(info_type_id, info, movie_id)`: Fails to build — text column exceeds 8191-byte limit
- `title(production_year, kind_id)`: Planner already uses title PK for point lookups; production_year range scans showed no improvement since row filtering happens after joins
- `movie_companies(company_id, movie_id)` alone: Less effective than the 3-column version
",9474.686,-122.61
16c,"[{""table"": ""movie_info_idx"", ""columns"": [""info_type_id"", ""info"", ""movie_id""]}, {""table"": ""movie_companies"", ""columns"": [""company_id"", ""company_type_id"", ""movie_id""]}, {""table"": ""cast_info"", ""columns"": [""person_id"", ""role_id"", ""movie_id""]}, {""table"": ""cast_info"", ""columns"": [""movie_id"", ""role_id""]}, {""table"": ""aka_name"", ""columns"": [""person_id""]}, {""table"": ""aka_title"", ""columns"": [""movie_id""]}, {""table"": ""complete_cast"", ""columns"": [""movie_id"", ""subject_id"", ""status_id""]}, {""table"": ""movie_link"", ""columns"": [""movie_id"", ""link_type_id""]}, {""table"": ""movie_link"", ""columns"": [""linked_movie_id""]}, {""table"": ""person_info"", ""columns"": [""person_id"", ""info_type_id""]}, {""table"": ""movie_info"", ""columns"": [""movie_id"", ""info_type_id""]}, {""table"": ""keyword"", ""columns"": [""keyword""]}, {""table"": ""company_name"", ""columns"": [""country_code""]}, {""table"": ""name"", ""columns"": [""gender"", ""name""]}]","
## Index Tuning Analysis

### Methodology
I systematically tested candidate indexes against representative queries across the workload (simple to complex), observing actual planner cost estimates with and without each index. The planner already has many indexes in place (noted as `tmp_idx_*` and `idx_*` in the plan output). I focused on identifying indexes that produced measurable cost reductions beyond the existing baseline.

### Key Findings

#### 1. `movie_info_idx(info_type_id, info, movie_id)` — **Highest Impact**
This is the single most impactful index. Many queries filter `movie_info_idx` on both `info_type_id` (equality via join to `info_type`) and `info` (range comparison like `info > '8.0'`, `info < '7.0'`, `info < '8.5'`). Without it, the planner performs a full seq scan of movie_info_idx (~575K rows, cost ~13,718). With this composite index, the planner can do an index-only range scan:
- Query 12a: 10,684 → **2,256** (79% reduction)
- Queries 14a/b/c, 22a-d, 26a/b/c, 28a/b/c all benefit similarly (costs in 3,000–4,500 range vs. 10,000+)
- Queries 4a/b/c (sequel rating queries) also benefit

The `movie_id` trailing column enables index-only scans covering the join predicate.

#### 2. `movie_companies(company_id, company_type_id, movie_id)` — **High Impact**
When queries start from `company_name` (filtered by `country_code`) and need to join to `movie_companies` via `company_id`, the planner currently does a full seq scan of movie_companies (~1.08M rows, cost ~29,695). This index enables nested-loop index lookups:
- Query 10a/b/c: ~43,000 → **~20,000** (planner used `tmp_idx_movie_companies_eb7b56d5` in tests)
- Queries 12a, 13a, 19a (various company join scenarios) also benefit
- The `company_type_id` column helps when both company_id and company_type_id are join/filter predicates, enabling covering lookups for `movie_id`

#### 3. `cast_info(person_id, role_id, movie_id)` — **Medium Impact**
Many complex queries (9a-d, 19a-d, 24a-b, 29a-c) join `cast_info` on `person_id` AND filter on `role_id` (via role_type join). The existing `tmp_idx_cast_info_7101dd25` covers `(person_id, role_id)` which the planner already uses; adding `movie_id` as a covering column eliminates heap lookups for the movie_id join predicate.

#### 4. `cast_info(movie_id, role_id)` — **Medium Impact**
Queries that start from the movie side (e.g., 10a-c, 18a-c) join cast_info on movie_id and filter on role_id. The existing `idx_cast_info_movie_id` only covers movie_id, so role_id filtering requires heap fetches. Adding role_id enables efficient filtered lookups.

#### 5. `aka_name(person_id)` — Confirmed beneficial (likely exists as `idx_aka_name_person_id`)
Used extensively in queries 7a-c, 8a-d, 9a-d, 16a-d, 19a-d, 24a-b, 29a-c. The planner consistently uses this index for nested-loop lookups.

#### 6. `aka_title(movie_id)` — Confirmed beneficial (likely exists as `idx_aka_title_movie_id`)
Used in queries 15a-d. Enables efficient lookup of alternate titles for a given movie_id.

#### 7. `complete_cast(movie_id, subject_id, status_id)` — Confirmed beneficial (likely exists)
Used in all queries 20a-c, 23a-c, 26a-c, 27a-c, 28a-c, 29a-c, 30a-c. Index on movie_id is the primary access path; including subject_id and status_id as covering columns eliminates heap fetches for the two join predicates (cct1.id = cc.subject_id, cct2.id = cc.status_id).

#### 8. `movie_link(movie_id, link_type_id)` and `movie_link(linked_movie_id)` — Confirmed beneficial
Queries 11a-d, 21a-c, 27a-c, 32a-b, 33a-c all join movie_link. The planner uses `tmp_idx_movie_link_0e74da40` for movie_id lookups and `idx_movie_link_linked_movie_id` for linked_movie_id. Adding link_type_id as a covering column helps filter on link_type_id without heap fetches.

#### 9. `person_info(person_id, info_type_id)` — Confirmed beneficial (likely exists as `tmp_idx_person_info_277c0420`)
Used in queries 7a-c, 29a-c. Enables efficient lookup of person info records by person_id, with info_type_id as covering for the join to info_type.

#### 10. `movie_info(movie_id, info_type_id)` — Moderate benefit
The existing `idx_movie_info_movie_id` covers movie_id but adding info_type_id helps the planner filter on info_type_id without additional heap accesses. Many queries (12a-c, 13a-d, 19a-d, 21a-c, 22a-d) join movie_info on both movie_id and info_type_id.

Note: `movie_info(info_type_id, info, movie_id)` could not be built due to the `info` text column exceeding the 8191-byte index row size limit.

#### 11. `keyword(keyword)` — Confirmed beneficial (likely exists as `idx_keyword_keyword`)
Used in nearly every query that involves keyword filtering. Equality and IN-list lookups on keyword text are highly selective.

#### 12. `company_name(country_code)` — Confirmed beneficial (exists as `idx_company_name_country_code`)
Frequently filters company_name by country_code (e.g., '[us]', '[de]', '[ru]', '[jp]').

#### 13. `name(gender, name)` — Moderate benefit
Queries 6a-f, 17a-f, 18a-c, 19a-d filter on gender='f' or gender='m' AND name LIKE pattern. The existing `idx_name_gender` covers the gender bitmap scan; adding `name` as a second column would make prefix-LIKE patterns more selective. However, since most name filters use `%pattern%` (not prefix), this mainly helps when gender is very selective.

### Summary of Cost Reductions
- **movie_info_idx composite**: Up to 79% cost reduction on rating-filtered queries (the biggest win)
- **movie_companies composite**: ~50% cost reduction on company-driven join queries  
- **cast_info composites**: 10–30% improvement on person/role join queries
- Other indexes confirm or reinforce existing access paths

### Indexes NOT recommended (rejected)
- `movie_info(info_type_id, info, movie_id)`: Fails to build — text column exceeds 8191-byte limit
- `title(production_year, kind_id)`: Planner already uses title PK for point lookups; production_year range scans showed no improvement since row filtering happens after joins
- `movie_companies(company_id, movie_id)` alone: Less effective than the 3-column version
",960.549,67.04
16d,"[{""table"": ""movie_info_idx"", ""columns"": [""info_type_id"", ""info"", ""movie_id""]}, {""table"": ""movie_companies"", ""columns"": [""company_id"", ""company_type_id"", ""movie_id""]}, {""table"": ""cast_info"", ""columns"": [""person_id"", ""role_id"", ""movie_id""]}, {""table"": ""cast_info"", ""columns"": [""movie_id"", ""role_id""]}, {""table"": ""aka_name"", ""columns"": [""person_id""]}, {""table"": ""aka_title"", ""columns"": [""movie_id""]}, {""table"": ""complete_cast"", ""columns"": [""movie_id"", ""subject_id"", ""status_id""]}, {""table"": ""movie_link"", ""columns"": [""movie_id"", ""link_type_id""]}, {""table"": ""movie_link"", ""columns"": [""linked_movie_id""]}, {""table"": ""person_info"", ""columns"": [""person_id"", ""info_type_id""]}, {""table"": ""movie_info"", ""columns"": [""movie_id"", ""info_type_id""]}, {""table"": ""keyword"", ""columns"": [""keyword""]}, {""table"": ""company_name"", ""columns"": [""country_code""]}, {""table"": ""name"", ""columns"": [""gender"", ""name""]}]","
## Index Tuning Analysis

### Methodology
I systematically tested candidate indexes against representative queries across the workload (simple to complex), observing actual planner cost estimates with and without each index. The planner already has many indexes in place (noted as `tmp_idx_*` and `idx_*` in the plan output). I focused on identifying indexes that produced measurable cost reductions beyond the existing baseline.

### Key Findings

#### 1. `movie_info_idx(info_type_id, info, movie_id)` — **Highest Impact**
This is the single most impactful index. Many queries filter `movie_info_idx` on both `info_type_id` (equality via join to `info_type`) and `info` (range comparison like `info > '8.0'`, `info < '7.0'`, `info < '8.5'`). Without it, the planner performs a full seq scan of movie_info_idx (~575K rows, cost ~13,718). With this composite index, the planner can do an index-only range scan:
- Query 12a: 10,684 → **2,256** (79% reduction)
- Queries 14a/b/c, 22a-d, 26a/b/c, 28a/b/c all benefit similarly (costs in 3,000–4,500 range vs. 10,000+)
- Queries 4a/b/c (sequel rating queries) also benefit

The `movie_id` trailing column enables index-only scans covering the join predicate.

#### 2. `movie_companies(company_id, company_type_id, movie_id)` — **High Impact**
When queries start from `company_name` (filtered by `country_code`) and need to join to `movie_companies` via `company_id`, the planner currently does a full seq scan of movie_companies (~1.08M rows, cost ~29,695). This index enables nested-loop index lookups:
- Query 10a/b/c: ~43,000 → **~20,000** (planner used `tmp_idx_movie_companies_eb7b56d5` in tests)
- Queries 12a, 13a, 19a (various company join scenarios) also benefit
- The `company_type_id` column helps when both company_id and company_type_id are join/filter predicates, enabling covering lookups for `movie_id`

#### 3. `cast_info(person_id, role_id, movie_id)` — **Medium Impact**
Many complex queries (9a-d, 19a-d, 24a-b, 29a-c) join `cast_info` on `person_id` AND filter on `role_id` (via role_type join). The existing `tmp_idx_cast_info_7101dd25` covers `(person_id, role_id)` which the planner already uses; adding `movie_id` as a covering column eliminates heap lookups for the movie_id join predicate.

#### 4. `cast_info(movie_id, role_id)` — **Medium Impact**
Queries that start from the movie side (e.g., 10a-c, 18a-c) join cast_info on movie_id and filter on role_id. The existing `idx_cast_info_movie_id` only covers movie_id, so role_id filtering requires heap fetches. Adding role_id enables efficient filtered lookups.

#### 5. `aka_name(person_id)` — Confirmed beneficial (likely exists as `idx_aka_name_person_id`)
Used extensively in queries 7a-c, 8a-d, 9a-d, 16a-d, 19a-d, 24a-b, 29a-c. The planner consistently uses this index for nested-loop lookups.

#### 6. `aka_title(movie_id)` — Confirmed beneficial (likely exists as `idx_aka_title_movie_id`)
Used in queries 15a-d. Enables efficient lookup of alternate titles for a given movie_id.

#### 7. `complete_cast(movie_id, subject_id, status_id)` — Confirmed beneficial (likely exists)
Used in all queries 20a-c, 23a-c, 26a-c, 27a-c, 28a-c, 29a-c, 30a-c. Index on movie_id is the primary access path; including subject_id and status_id as covering columns eliminates heap fetches for the two join predicates (cct1.id = cc.subject_id, cct2.id = cc.status_id).

#### 8. `movie_link(movie_id, link_type_id)` and `movie_link(linked_movie_id)` — Confirmed beneficial
Queries 11a-d, 21a-c, 27a-c, 32a-b, 33a-c all join movie_link. The planner uses `tmp_idx_movie_link_0e74da40` for movie_id lookups and `idx_movie_link_linked_movie_id` for linked_movie_id. Adding link_type_id as a covering column helps filter on link_type_id without heap fetches.

#### 9. `person_info(person_id, info_type_id)` — Confirmed beneficial (likely exists as `tmp_idx_person_info_277c0420`)
Used in queries 7a-c, 29a-c. Enables efficient lookup of person info records by person_id, with info_type_id as covering for the join to info_type.

#### 10. `movie_info(movie_id, info_type_id)` — Moderate benefit
The existing `idx_movie_info_movie_id` covers movie_id but adding info_type_id helps the planner filter on info_type_id without additional heap accesses. Many queries (12a-c, 13a-d, 19a-d, 21a-c, 22a-d) join movie_info on both movie_id and info_type_id.

Note: `movie_info(info_type_id, info, movie_id)` could not be built due to the `info` text column exceeding the 8191-byte index row size limit.

#### 11. `keyword(keyword)` — Confirmed beneficial (likely exists as `idx_keyword_keyword`)
Used in nearly every query that involves keyword filtering. Equality and IN-list lookups on keyword text are highly selective.

#### 12. `company_name(country_code)` — Confirmed beneficial (exists as `idx_company_name_country_code`)
Frequently filters company_name by country_code (e.g., '[us]', '[de]', '[ru]', '[jp]').

#### 13. `name(gender, name)` — Moderate benefit
Queries 6a-f, 17a-f, 18a-c, 19a-d filter on gender='f' or gender='m' AND name LIKE pattern. The existing `idx_name_gender` covers the gender bitmap scan; adding `name` as a second column would make prefix-LIKE patterns more selective. However, since most name filters use `%pattern%` (not prefix), this mainly helps when gender is very selective.

### Summary of Cost Reductions
- **movie_info_idx composite**: Up to 79% cost reduction on rating-filtered queries (the biggest win)
- **movie_companies composite**: ~50% cost reduction on company-driven join queries  
- **cast_info composites**: 10–30% improvement on person/role join queries
- Other indexes confirm or reinforce existing access paths

### Indexes NOT recommended (rejected)
- `movie_info(info_type_id, info, movie_id)`: Fails to build — text column exceeds 8191-byte limit
- `title(production_year, kind_id)`: Planner already uses title PK for point lookups; production_year range scans showed no improvement since row filtering happens after joins
- `movie_companies(company_id, movie_id)` alone: Less effective than the 3-column version
",903.283,64.92
17a,"[{""table"": ""movie_info_idx"", ""columns"": [""info_type_id"", ""info"", ""movie_id""]}, {""table"": ""movie_companies"", ""columns"": [""company_id"", ""company_type_id"", ""movie_id""]}, {""table"": ""cast_info"", ""columns"": [""person_id"", ""role_id"", ""movie_id""]}, {""table"": ""cast_info"", ""columns"": [""movie_id"", ""role_id""]}, {""table"": ""aka_name"", ""columns"": [""person_id""]}, {""table"": ""aka_title"", ""columns"": [""movie_id""]}, {""table"": ""complete_cast"", ""columns"": [""movie_id"", ""subject_id"", ""status_id""]}, {""table"": ""movie_link"", ""columns"": [""movie_id"", ""link_type_id""]}, {""table"": ""movie_link"", ""columns"": [""linked_movie_id""]}, {""table"": ""person_info"", ""columns"": [""person_id"", ""info_type_id""]}, {""table"": ""movie_info"", ""columns"": [""movie_id"", ""info_type_id""]}, {""table"": ""keyword"", ""columns"": [""keyword""]}, {""table"": ""company_name"", ""columns"": [""country_code""]}, {""table"": ""name"", ""columns"": [""gender"", ""name""]}]","
## Index Tuning Analysis

### Methodology
I systematically tested candidate indexes against representative queries across the workload (simple to complex), observing actual planner cost estimates with and without each index. The planner already has many indexes in place (noted as `tmp_idx_*` and `idx_*` in the plan output). I focused on identifying indexes that produced measurable cost reductions beyond the existing baseline.

### Key Findings

#### 1. `movie_info_idx(info_type_id, info, movie_id)` — **Highest Impact**
This is the single most impactful index. Many queries filter `movie_info_idx` on both `info_type_id` (equality via join to `info_type`) and `info` (range comparison like `info > '8.0'`, `info < '7.0'`, `info < '8.5'`). Without it, the planner performs a full seq scan of movie_info_idx (~575K rows, cost ~13,718). With this composite index, the planner can do an index-only range scan:
- Query 12a: 10,684 → **2,256** (79% reduction)
- Queries 14a/b/c, 22a-d, 26a/b/c, 28a/b/c all benefit similarly (costs in 3,000–4,500 range vs. 10,000+)
- Queries 4a/b/c (sequel rating queries) also benefit

The `movie_id` trailing column enables index-only scans covering the join predicate.

#### 2. `movie_companies(company_id, company_type_id, movie_id)` — **High Impact**
When queries start from `company_name` (filtered by `country_code`) and need to join to `movie_companies` via `company_id`, the planner currently does a full seq scan of movie_companies (~1.08M rows, cost ~29,695). This index enables nested-loop index lookups:
- Query 10a/b/c: ~43,000 → **~20,000** (planner used `tmp_idx_movie_companies_eb7b56d5` in tests)
- Queries 12a, 13a, 19a (various company join scenarios) also benefit
- The `company_type_id` column helps when both company_id and company_type_id are join/filter predicates, enabling covering lookups for `movie_id`

#### 3. `cast_info(person_id, role_id, movie_id)` — **Medium Impact**
Many complex queries (9a-d, 19a-d, 24a-b, 29a-c) join `cast_info` on `person_id` AND filter on `role_id` (via role_type join). The existing `tmp_idx_cast_info_7101dd25` covers `(person_id, role_id)` which the planner already uses; adding `movie_id` as a covering column eliminates heap lookups for the movie_id join predicate.

#### 4. `cast_info(movie_id, role_id)` — **Medium Impact**
Queries that start from the movie side (e.g., 10a-c, 18a-c) join cast_info on movie_id and filter on role_id. The existing `idx_cast_info_movie_id` only covers movie_id, so role_id filtering requires heap fetches. Adding role_id enables efficient filtered lookups.

#### 5. `aka_name(person_id)` — Confirmed beneficial (likely exists as `idx_aka_name_person_id`)
Used extensively in queries 7a-c, 8a-d, 9a-d, 16a-d, 19a-d, 24a-b, 29a-c. The planner consistently uses this index for nested-loop lookups.

#### 6. `aka_title(movie_id)` — Confirmed beneficial (likely exists as `idx_aka_title_movie_id`)
Used in queries 15a-d. Enables efficient lookup of alternate titles for a given movie_id.

#### 7. `complete_cast(movie_id, subject_id, status_id)` — Confirmed beneficial (likely exists)
Used in all queries 20a-c, 23a-c, 26a-c, 27a-c, 28a-c, 29a-c, 30a-c. Index on movie_id is the primary access path; including subject_id and status_id as covering columns eliminates heap fetches for the two join predicates (cct1.id = cc.subject_id, cct2.id = cc.status_id).

#### 8. `movie_link(movie_id, link_type_id)` and `movie_link(linked_movie_id)` — Confirmed beneficial
Queries 11a-d, 21a-c, 27a-c, 32a-b, 33a-c all join movie_link. The planner uses `tmp_idx_movie_link_0e74da40` for movie_id lookups and `idx_movie_link_linked_movie_id` for linked_movie_id. Adding link_type_id as a covering column helps filter on link_type_id without heap fetches.

#### 9. `person_info(person_id, info_type_id)` — Confirmed beneficial (likely exists as `tmp_idx_person_info_277c0420`)
Used in queries 7a-c, 29a-c. Enables efficient lookup of person info records by person_id, with info_type_id as covering for the join to info_type.

#### 10. `movie_info(movie_id, info_type_id)` — Moderate benefit
The existing `idx_movie_info_movie_id` covers movie_id but adding info_type_id helps the planner filter on info_type_id without additional heap accesses. Many queries (12a-c, 13a-d, 19a-d, 21a-c, 22a-d) join movie_info on both movie_id and info_type_id.

Note: `movie_info(info_type_id, info, movie_id)` could not be built due to the `info` text column exceeding the 8191-byte index row size limit.

#### 11. `keyword(keyword)` — Confirmed beneficial (likely exists as `idx_keyword_keyword`)
Used in nearly every query that involves keyword filtering. Equality and IN-list lookups on keyword text are highly selective.

#### 12. `company_name(country_code)` — Confirmed beneficial (exists as `idx_company_name_country_code`)
Frequently filters company_name by country_code (e.g., '[us]', '[de]', '[ru]', '[jp]').

#### 13. `name(gender, name)` — Moderate benefit
Queries 6a-f, 17a-f, 18a-c, 19a-d filter on gender='f' or gender='m' AND name LIKE pattern. The existing `idx_name_gender` covers the gender bitmap scan; adding `name` as a second column would make prefix-LIKE patterns more selective. However, since most name filters use `%pattern%` (not prefix), this mainly helps when gender is very selective.

### Summary of Cost Reductions
- **movie_info_idx composite**: Up to 79% cost reduction on rating-filtered queries (the biggest win)
- **movie_companies composite**: ~50% cost reduction on company-driven join queries  
- **cast_info composites**: 10–30% improvement on person/role join queries
- Other indexes confirm or reinforce existing access paths

### Indexes NOT recommended (rejected)
- `movie_info(info_type_id, info, movie_id)`: Fails to build — text column exceeds 8191-byte limit
- `title(production_year, kind_id)`: Planner already uses title PK for point lookups; production_year range scans showed no improvement since row filtering happens after joins
- `movie_companies(company_id, movie_id)` alone: Less effective than the 3-column version
",11360.855,-156.19
17b,"[{""table"": ""movie_info_idx"", ""columns"": [""info_type_id"", ""info"", ""movie_id""]}, {""table"": ""movie_companies"", ""columns"": [""company_id"", ""company_type_id"", ""movie_id""]}, {""table"": ""cast_info"", ""columns"": [""person_id"", ""role_id"", ""movie_id""]}, {""table"": ""cast_info"", ""columns"": [""movie_id"", ""role_id""]}, {""table"": ""aka_name"", ""columns"": [""person_id""]}, {""table"": ""aka_title"", ""columns"": [""movie_id""]}, {""table"": ""complete_cast"", ""columns"": [""movie_id"", ""subject_id"", ""status_id""]}, {""table"": ""movie_link"", ""columns"": [""movie_id"", ""link_type_id""]}, {""table"": ""movie_link"", ""columns"": [""linked_movie_id""]}, {""table"": ""person_info"", ""columns"": [""person_id"", ""info_type_id""]}, {""table"": ""movie_info"", ""columns"": [""movie_id"", ""info_type_id""]}, {""table"": ""keyword"", ""columns"": [""keyword""]}, {""table"": ""company_name"", ""columns"": [""country_code""]}, {""table"": ""name"", ""columns"": [""gender"", ""name""]}]","
## Index Tuning Analysis

### Methodology
I systematically tested candidate indexes against representative queries across the workload (simple to complex), observing actual planner cost estimates with and without each index. The planner already has many indexes in place (noted as `tmp_idx_*` and `idx_*` in the plan output). I focused on identifying indexes that produced measurable cost reductions beyond the existing baseline.

### Key Findings

#### 1. `movie_info_idx(info_type_id, info, movie_id)` — **Highest Impact**
This is the single most impactful index. Many queries filter `movie_info_idx` on both `info_type_id` (equality via join to `info_type`) and `info` (range comparison like `info > '8.0'`, `info < '7.0'`, `info < '8.5'`). Without it, the planner performs a full seq scan of movie_info_idx (~575K rows, cost ~13,718). With this composite index, the planner can do an index-only range scan:
- Query 12a: 10,684 → **2,256** (79% reduction)
- Queries 14a/b/c, 22a-d, 26a/b/c, 28a/b/c all benefit similarly (costs in 3,000–4,500 range vs. 10,000+)
- Queries 4a/b/c (sequel rating queries) also benefit

The `movie_id` trailing column enables index-only scans covering the join predicate.

#### 2. `movie_companies(company_id, company_type_id, movie_id)` — **High Impact**
When queries start from `company_name` (filtered by `country_code`) and need to join to `movie_companies` via `company_id`, the planner currently does a full seq scan of movie_companies (~1.08M rows, cost ~29,695). This index enables nested-loop index lookups:
- Query 10a/b/c: ~43,000 → **~20,000** (planner used `tmp_idx_movie_companies_eb7b56d5` in tests)
- Queries 12a, 13a, 19a (various company join scenarios) also benefit
- The `company_type_id` column helps when both company_id and company_type_id are join/filter predicates, enabling covering lookups for `movie_id`

#### 3. `cast_info(person_id, role_id, movie_id)` — **Medium Impact**
Many complex queries (9a-d, 19a-d, 24a-b, 29a-c) join `cast_info` on `person_id` AND filter on `role_id` (via role_type join). The existing `tmp_idx_cast_info_7101dd25` covers `(person_id, role_id)` which the planner already uses; adding `movie_id` as a covering column eliminates heap lookups for the movie_id join predicate.

#### 4. `cast_info(movie_id, role_id)` — **Medium Impact**
Queries that start from the movie side (e.g., 10a-c, 18a-c) join cast_info on movie_id and filter on role_id. The existing `idx_cast_info_movie_id` only covers movie_id, so role_id filtering requires heap fetches. Adding role_id enables efficient filtered lookups.

#### 5. `aka_name(person_id)` — Confirmed beneficial (likely exists as `idx_aka_name_person_id`)
Used extensively in queries 7a-c, 8a-d, 9a-d, 16a-d, 19a-d, 24a-b, 29a-c. The planner consistently uses this index for nested-loop lookups.

#### 6. `aka_title(movie_id)` — Confirmed beneficial (likely exists as `idx_aka_title_movie_id`)
Used in queries 15a-d. Enables efficient lookup of alternate titles for a given movie_id.

#### 7. `complete_cast(movie_id, subject_id, status_id)` — Confirmed beneficial (likely exists)
Used in all queries 20a-c, 23a-c, 26a-c, 27a-c, 28a-c, 29a-c, 30a-c. Index on movie_id is the primary access path; including subject_id and status_id as covering columns eliminates heap fetches for the two join predicates (cct1.id = cc.subject_id, cct2.id = cc.status_id).

#### 8. `movie_link(movie_id, link_type_id)` and `movie_link(linked_movie_id)` — Confirmed beneficial
Queries 11a-d, 21a-c, 27a-c, 32a-b, 33a-c all join movie_link. The planner uses `tmp_idx_movie_link_0e74da40` for movie_id lookups and `idx_movie_link_linked_movie_id` for linked_movie_id. Adding link_type_id as a covering column helps filter on link_type_id without heap fetches.

#### 9. `person_info(person_id, info_type_id)` — Confirmed beneficial (likely exists as `tmp_idx_person_info_277c0420`)
Used in queries 7a-c, 29a-c. Enables efficient lookup of person info records by person_id, with info_type_id as covering for the join to info_type.

#### 10. `movie_info(movie_id, info_type_id)` — Moderate benefit
The existing `idx_movie_info_movie_id` covers movie_id but adding info_type_id helps the planner filter on info_type_id without additional heap accesses. Many queries (12a-c, 13a-d, 19a-d, 21a-c, 22a-d) join movie_info on both movie_id and info_type_id.

Note: `movie_info(info_type_id, info, movie_id)` could not be built due to the `info` text column exceeding the 8191-byte index row size limit.

#### 11. `keyword(keyword)` — Confirmed beneficial (likely exists as `idx_keyword_keyword`)
Used in nearly every query that involves keyword filtering. Equality and IN-list lookups on keyword text are highly selective.

#### 12. `company_name(country_code)` — Confirmed beneficial (exists as `idx_company_name_country_code`)
Frequently filters company_name by country_code (e.g., '[us]', '[de]', '[ru]', '[jp]').

#### 13. `name(gender, name)` — Moderate benefit
Queries 6a-f, 17a-f, 18a-c, 19a-d filter on gender='f' or gender='m' AND name LIKE pattern. The existing `idx_name_gender` covers the gender bitmap scan; adding `name` as a second column would make prefix-LIKE patterns more selective. However, since most name filters use `%pattern%` (not prefix), this mainly helps when gender is very selective.

### Summary of Cost Reductions
- **movie_info_idx composite**: Up to 79% cost reduction on rating-filtered queries (the biggest win)
- **movie_companies composite**: ~50% cost reduction on company-driven join queries  
- **cast_info composites**: 10–30% improvement on person/role join queries
- Other indexes confirm or reinforce existing access paths

### Indexes NOT recommended (rejected)
- `movie_info(info_type_id, info, movie_id)`: Fails to build — text column exceeds 8191-byte limit
- `title(production_year, kind_id)`: Planner already uses title PK for point lookups; production_year range scans showed no improvement since row filtering happens after joins
- `movie_companies(company_id, movie_id)` alone: Less effective than the 3-column version
",175140.81,-5287.35
17c,"[{""table"": ""movie_info_idx"", ""columns"": [""info_type_id"", ""info"", ""movie_id""]}, {""table"": ""movie_companies"", ""columns"": [""company_id"", ""company_type_id"", ""movie_id""]}, {""table"": ""cast_info"", ""columns"": [""person_id"", ""role_id"", ""movie_id""]}, {""table"": ""cast_info"", ""columns"": [""movie_id"", ""role_id""]}, {""table"": ""aka_name"", ""columns"": [""person_id""]}, {""table"": ""aka_title"", ""columns"": [""movie_id""]}, {""table"": ""complete_cast"", ""columns"": [""movie_id"", ""subject_id"", ""status_id""]}, {""table"": ""movie_link"", ""columns"": [""movie_id"", ""link_type_id""]}, {""table"": ""movie_link"", ""columns"": [""linked_movie_id""]}, {""table"": ""person_info"", ""columns"": [""person_id"", ""info_type_id""]}, {""table"": ""movie_info"", ""columns"": [""movie_id"", ""info_type_id""]}, {""table"": ""keyword"", ""columns"": [""keyword""]}, {""table"": ""company_name"", ""columns"": [""country_code""]}, {""table"": ""name"", ""columns"": [""gender"", ""name""]}]","
## Index Tuning Analysis

### Methodology
I systematically tested candidate indexes against representative queries across the workload (simple to complex), observing actual planner cost estimates with and without each index. The planner already has many indexes in place (noted as `tmp_idx_*` and `idx_*` in the plan output). I focused on identifying indexes that produced measurable cost reductions beyond the existing baseline.

### Key Findings

#### 1. `movie_info_idx(info_type_id, info, movie_id)` — **Highest Impact**
This is the single most impactful index. Many queries filter `movie_info_idx` on both `info_type_id` (equality via join to `info_type`) and `info` (range comparison like `info > '8.0'`, `info < '7.0'`, `info < '8.5'`). Without it, the planner performs a full seq scan of movie_info_idx (~575K rows, cost ~13,718). With this composite index, the planner can do an index-only range scan:
- Query 12a: 10,684 → **2,256** (79% reduction)
- Queries 14a/b/c, 22a-d, 26a/b/c, 28a/b/c all benefit similarly (costs in 3,000–4,500 range vs. 10,000+)
- Queries 4a/b/c (sequel rating queries) also benefit

The `movie_id` trailing column enables index-only scans covering the join predicate.

#### 2. `movie_companies(company_id, company_type_id, movie_id)` — **High Impact**
When queries start from `company_name` (filtered by `country_code`) and need to join to `movie_companies` via `company_id`, the planner currently does a full seq scan of movie_companies (~1.08M rows, cost ~29,695). This index enables nested-loop index lookups:
- Query 10a/b/c: ~43,000 → **~20,000** (planner used `tmp_idx_movie_companies_eb7b56d5` in tests)
- Queries 12a, 13a, 19a (various company join scenarios) also benefit
- The `company_type_id` column helps when both company_id and company_type_id are join/filter predicates, enabling covering lookups for `movie_id`

#### 3. `cast_info(person_id, role_id, movie_id)` — **Medium Impact**
Many complex queries (9a-d, 19a-d, 24a-b, 29a-c) join `cast_info` on `person_id` AND filter on `role_id` (via role_type join). The existing `tmp_idx_cast_info_7101dd25` covers `(person_id, role_id)` which the planner already uses; adding `movie_id` as a covering column eliminates heap lookups for the movie_id join predicate.

#### 4. `cast_info(movie_id, role_id)` — **Medium Impact**
Queries that start from the movie side (e.g., 10a-c, 18a-c) join cast_info on movie_id and filter on role_id. The existing `idx_cast_info_movie_id` only covers movie_id, so role_id filtering requires heap fetches. Adding role_id enables efficient filtered lookups.

#### 5. `aka_name(person_id)` — Confirmed beneficial (likely exists as `idx_aka_name_person_id`)
Used extensively in queries 7a-c, 8a-d, 9a-d, 16a-d, 19a-d, 24a-b, 29a-c. The planner consistently uses this index for nested-loop lookups.

#### 6. `aka_title(movie_id)` — Confirmed beneficial (likely exists as `idx_aka_title_movie_id`)
Used in queries 15a-d. Enables efficient lookup of alternate titles for a given movie_id.

#### 7. `complete_cast(movie_id, subject_id, status_id)` — Confirmed beneficial (likely exists)
Used in all queries 20a-c, 23a-c, 26a-c, 27a-c, 28a-c, 29a-c, 30a-c. Index on movie_id is the primary access path; including subject_id and status_id as covering columns eliminates heap fetches for the two join predicates (cct1.id = cc.subject_id, cct2.id = cc.status_id).

#### 8. `movie_link(movie_id, link_type_id)` and `movie_link(linked_movie_id)` — Confirmed beneficial
Queries 11a-d, 21a-c, 27a-c, 32a-b, 33a-c all join movie_link. The planner uses `tmp_idx_movie_link_0e74da40` for movie_id lookups and `idx_movie_link_linked_movie_id` for linked_movie_id. Adding link_type_id as a covering column helps filter on link_type_id without heap fetches.

#### 9. `person_info(person_id, info_type_id)` — Confirmed beneficial (likely exists as `tmp_idx_person_info_277c0420`)
Used in queries 7a-c, 29a-c. Enables efficient lookup of person info records by person_id, with info_type_id as covering for the join to info_type.

#### 10. `movie_info(movie_id, info_type_id)` — Moderate benefit
The existing `idx_movie_info_movie_id` covers movie_id but adding info_type_id helps the planner filter on info_type_id without additional heap accesses. Many queries (12a-c, 13a-d, 19a-d, 21a-c, 22a-d) join movie_info on both movie_id and info_type_id.

Note: `movie_info(info_type_id, info, movie_id)` could not be built due to the `info` text column exceeding the 8191-byte index row size limit.

#### 11. `keyword(keyword)` — Confirmed beneficial (likely exists as `idx_keyword_keyword`)
Used in nearly every query that involves keyword filtering. Equality and IN-list lookups on keyword text are highly selective.

#### 12. `company_name(country_code)` — Confirmed beneficial (exists as `idx_company_name_country_code`)
Frequently filters company_name by country_code (e.g., '[us]', '[de]', '[ru]', '[jp]').

#### 13. `name(gender, name)` — Moderate benefit
Queries 6a-f, 17a-f, 18a-c, 19a-d filter on gender='f' or gender='m' AND name LIKE pattern. The existing `idx_name_gender` covers the gender bitmap scan; adding `name` as a second column would make prefix-LIKE patterns more selective. However, since most name filters use `%pattern%` (not prefix), this mainly helps when gender is very selective.

### Summary of Cost Reductions
- **movie_info_idx composite**: Up to 79% cost reduction on rating-filtered queries (the biggest win)
- **movie_companies composite**: ~50% cost reduction on company-driven join queries  
- **cast_info composites**: 10–30% improvement on person/role join queries
- Other indexes confirm or reinforce existing access paths

### Indexes NOT recommended (rejected)
- `movie_info(info_type_id, info, movie_id)`: Fails to build — text column exceeds 8191-byte limit
- `title(production_year, kind_id)`: Planner already uses title PK for point lookups; production_year range scans showed no improvement since row filtering happens after joins
- `movie_companies(company_id, movie_id)` alone: Less effective than the 3-column version
",11161.232,-248.17
17d,"[{""table"": ""movie_info_idx"", ""columns"": [""info_type_id"", ""info"", ""movie_id""]}, {""table"": ""movie_companies"", ""columns"": [""company_id"", ""company_type_id"", ""movie_id""]}, {""table"": ""cast_info"", ""columns"": [""person_id"", ""role_id"", ""movie_id""]}, {""table"": ""cast_info"", ""columns"": [""movie_id"", ""role_id""]}, {""table"": ""aka_name"", ""columns"": [""person_id""]}, {""table"": ""aka_title"", ""columns"": [""movie_id""]}, {""table"": ""complete_cast"", ""columns"": [""movie_id"", ""subject_id"", ""status_id""]}, {""table"": ""movie_link"", ""columns"": [""movie_id"", ""link_type_id""]}, {""table"": ""movie_link"", ""columns"": [""linked_movie_id""]}, {""table"": ""person_info"", ""columns"": [""person_id"", ""info_type_id""]}, {""table"": ""movie_info"", ""columns"": [""movie_id"", ""info_type_id""]}, {""table"": ""keyword"", ""columns"": [""keyword""]}, {""table"": ""company_name"", ""columns"": [""country_code""]}, {""table"": ""name"", ""columns"": [""gender"", ""name""]}]","
## Index Tuning Analysis

### Methodology
I systematically tested candidate indexes against representative queries across the workload (simple to complex), observing actual planner cost estimates with and without each index. The planner already has many indexes in place (noted as `tmp_idx_*` and `idx_*` in the plan output). I focused on identifying indexes that produced measurable cost reductions beyond the existing baseline.

### Key Findings

#### 1. `movie_info_idx(info_type_id, info, movie_id)` — **Highest Impact**
This is the single most impactful index. Many queries filter `movie_info_idx` on both `info_type_id` (equality via join to `info_type`) and `info` (range comparison like `info > '8.0'`, `info < '7.0'`, `info < '8.5'`). Without it, the planner performs a full seq scan of movie_info_idx (~575K rows, cost ~13,718). With this composite index, the planner can do an index-only range scan:
- Query 12a: 10,684 → **2,256** (79% reduction)
- Queries 14a/b/c, 22a-d, 26a/b/c, 28a/b/c all benefit similarly (costs in 3,000–4,500 range vs. 10,000+)
- Queries 4a/b/c (sequel rating queries) also benefit

The `movie_id` trailing column enables index-only scans covering the join predicate.

#### 2. `movie_companies(company_id, company_type_id, movie_id)` — **High Impact**
When queries start from `company_name` (filtered by `country_code`) and need to join to `movie_companies` via `company_id`, the planner currently does a full seq scan of movie_companies (~1.08M rows, cost ~29,695). This index enables nested-loop index lookups:
- Query 10a/b/c: ~43,000 → **~20,000** (planner used `tmp_idx_movie_companies_eb7b56d5` in tests)
- Queries 12a, 13a, 19a (various company join scenarios) also benefit
- The `company_type_id` column helps when both company_id and company_type_id are join/filter predicates, enabling covering lookups for `movie_id`

#### 3. `cast_info(person_id, role_id, movie_id)` — **Medium Impact**
Many complex queries (9a-d, 19a-d, 24a-b, 29a-c) join `cast_info` on `person_id` AND filter on `role_id` (via role_type join). The existing `tmp_idx_cast_info_7101dd25` covers `(person_id, role_id)` which the planner already uses; adding `movie_id` as a covering column eliminates heap lookups for the movie_id join predicate.

#### 4. `cast_info(movie_id, role_id)` — **Medium Impact**
Queries that start from the movie side (e.g., 10a-c, 18a-c) join cast_info on movie_id and filter on role_id. The existing `idx_cast_info_movie_id` only covers movie_id, so role_id filtering requires heap fetches. Adding role_id enables efficient filtered lookups.

#### 5. `aka_name(person_id)` — Confirmed beneficial (likely exists as `idx_aka_name_person_id`)
Used extensively in queries 7a-c, 8a-d, 9a-d, 16a-d, 19a-d, 24a-b, 29a-c. The planner consistently uses this index for nested-loop lookups.

#### 6. `aka_title(movie_id)` — Confirmed beneficial (likely exists as `idx_aka_title_movie_id`)
Used in queries 15a-d. Enables efficient lookup of alternate titles for a given movie_id.

#### 7. `complete_cast(movie_id, subject_id, status_id)` — Confirmed beneficial (likely exists)
Used in all queries 20a-c, 23a-c, 26a-c, 27a-c, 28a-c, 29a-c, 30a-c. Index on movie_id is the primary access path; including subject_id and status_id as covering columns eliminates heap fetches for the two join predicates (cct1.id = cc.subject_id, cct2.id = cc.status_id).

#### 8. `movie_link(movie_id, link_type_id)` and `movie_link(linked_movie_id)` — Confirmed beneficial
Queries 11a-d, 21a-c, 27a-c, 32a-b, 33a-c all join movie_link. The planner uses `tmp_idx_movie_link_0e74da40` for movie_id lookups and `idx_movie_link_linked_movie_id` for linked_movie_id. Adding link_type_id as a covering column helps filter on link_type_id without heap fetches.

#### 9. `person_info(person_id, info_type_id)` — Confirmed beneficial (likely exists as `tmp_idx_person_info_277c0420`)
Used in queries 7a-c, 29a-c. Enables efficient lookup of person info records by person_id, with info_type_id as covering for the join to info_type.

#### 10. `movie_info(movie_id, info_type_id)` — Moderate benefit
The existing `idx_movie_info_movie_id` covers movie_id but adding info_type_id helps the planner filter on info_type_id without additional heap accesses. Many queries (12a-c, 13a-d, 19a-d, 21a-c, 22a-d) join movie_info on both movie_id and info_type_id.

Note: `movie_info(info_type_id, info, movie_id)` could not be built due to the `info` text column exceeding the 8191-byte index row size limit.

#### 11. `keyword(keyword)` — Confirmed beneficial (likely exists as `idx_keyword_keyword`)
Used in nearly every query that involves keyword filtering. Equality and IN-list lookups on keyword text are highly selective.

#### 12. `company_name(country_code)` — Confirmed beneficial (exists as `idx_company_name_country_code`)
Frequently filters company_name by country_code (e.g., '[us]', '[de]', '[ru]', '[jp]').

#### 13. `name(gender, name)` — Moderate benefit
Queries 6a-f, 17a-f, 18a-c, 19a-d filter on gender='f' or gender='m' AND name LIKE pattern. The existing `idx_name_gender` covers the gender bitmap scan; adding `name` as a second column would make prefix-LIKE patterns more selective. However, since most name filters use `%pattern%` (not prefix), this mainly helps when gender is very selective.

### Summary of Cost Reductions
- **movie_info_idx composite**: Up to 79% cost reduction on rating-filtered queries (the biggest win)
- **movie_companies composite**: ~50% cost reduction on company-driven join queries  
- **cast_info composites**: 10–30% improvement on person/role join queries
- Other indexes confirm or reinforce existing access paths

### Indexes NOT recommended (rejected)
- `movie_info(info_type_id, info, movie_id)`: Fails to build — text column exceeds 8191-byte limit
- `title(production_year, kind_id)`: Planner already uses title PK for point lookups; production_year range scans showed no improvement since row filtering happens after joins
- `movie_companies(company_id, movie_id)` alone: Less effective than the 3-column version
",50893.841,-1468.03
17e,"[{""table"": ""movie_info_idx"", ""columns"": [""info_type_id"", ""info"", ""movie_id""]}, {""table"": ""movie_companies"", ""columns"": [""company_id"", ""company_type_id"", ""movie_id""]}, {""table"": ""cast_info"", ""columns"": [""person_id"", ""role_id"", ""movie_id""]}, {""table"": ""cast_info"", ""columns"": [""movie_id"", ""role_id""]}, {""table"": ""aka_name"", ""columns"": [""person_id""]}, {""table"": ""aka_title"", ""columns"": [""movie_id""]}, {""table"": ""complete_cast"", ""columns"": [""movie_id"", ""subject_id"", ""status_id""]}, {""table"": ""movie_link"", ""columns"": [""movie_id"", ""link_type_id""]}, {""table"": ""movie_link"", ""columns"": [""linked_movie_id""]}, {""table"": ""person_info"", ""columns"": [""person_id"", ""info_type_id""]}, {""table"": ""movie_info"", ""columns"": [""movie_id"", ""info_type_id""]}, {""table"": ""keyword"", ""columns"": [""keyword""]}, {""table"": ""company_name"", ""columns"": [""country_code""]}, {""table"": ""name"", ""columns"": [""gender"", ""name""]}]","
## Index Tuning Analysis

### Methodology
I systematically tested candidate indexes against representative queries across the workload (simple to complex), observing actual planner cost estimates with and without each index. The planner already has many indexes in place (noted as `tmp_idx_*` and `idx_*` in the plan output). I focused on identifying indexes that produced measurable cost reductions beyond the existing baseline.

### Key Findings

#### 1. `movie_info_idx(info_type_id, info, movie_id)` — **Highest Impact**
This is the single most impactful index. Many queries filter `movie_info_idx` on both `info_type_id` (equality via join to `info_type`) and `info` (range comparison like `info > '8.0'`, `info < '7.0'`, `info < '8.5'`). Without it, the planner performs a full seq scan of movie_info_idx (~575K rows, cost ~13,718). With this composite index, the planner can do an index-only range scan:
- Query 12a: 10,684 → **2,256** (79% reduction)
- Queries 14a/b/c, 22a-d, 26a/b/c, 28a/b/c all benefit similarly (costs in 3,000–4,500 range vs. 10,000+)
- Queries 4a/b/c (sequel rating queries) also benefit

The `movie_id` trailing column enables index-only scans covering the join predicate.

#### 2. `movie_companies(company_id, company_type_id, movie_id)` — **High Impact**
When queries start from `company_name` (filtered by `country_code`) and need to join to `movie_companies` via `company_id`, the planner currently does a full seq scan of movie_companies (~1.08M rows, cost ~29,695). This index enables nested-loop index lookups:
- Query 10a/b/c: ~43,000 → **~20,000** (planner used `tmp_idx_movie_companies_eb7b56d5` in tests)
- Queries 12a, 13a, 19a (various company join scenarios) also benefit
- The `company_type_id` column helps when both company_id and company_type_id are join/filter predicates, enabling covering lookups for `movie_id`

#### 3. `cast_info(person_id, role_id, movie_id)` — **Medium Impact**
Many complex queries (9a-d, 19a-d, 24a-b, 29a-c) join `cast_info` on `person_id` AND filter on `role_id` (via role_type join). The existing `tmp_idx_cast_info_7101dd25` covers `(person_id, role_id)` which the planner already uses; adding `movie_id` as a covering column eliminates heap lookups for the movie_id join predicate.

#### 4. `cast_info(movie_id, role_id)` — **Medium Impact**
Queries that start from the movie side (e.g., 10a-c, 18a-c) join cast_info on movie_id and filter on role_id. The existing `idx_cast_info_movie_id` only covers movie_id, so role_id filtering requires heap fetches. Adding role_id enables efficient filtered lookups.

#### 5. `aka_name(person_id)` — Confirmed beneficial (likely exists as `idx_aka_name_person_id`)
Used extensively in queries 7a-c, 8a-d, 9a-d, 16a-d, 19a-d, 24a-b, 29a-c. The planner consistently uses this index for nested-loop lookups.

#### 6. `aka_title(movie_id)` — Confirmed beneficial (likely exists as `idx_aka_title_movie_id`)
Used in queries 15a-d. Enables efficient lookup of alternate titles for a given movie_id.

#### 7. `complete_cast(movie_id, subject_id, status_id)` — Confirmed beneficial (likely exists)
Used in all queries 20a-c, 23a-c, 26a-c, 27a-c, 28a-c, 29a-c, 30a-c. Index on movie_id is the primary access path; including subject_id and status_id as covering columns eliminates heap fetches for the two join predicates (cct1.id = cc.subject_id, cct2.id = cc.status_id).

#### 8. `movie_link(movie_id, link_type_id)` and `movie_link(linked_movie_id)` — Confirmed beneficial
Queries 11a-d, 21a-c, 27a-c, 32a-b, 33a-c all join movie_link. The planner uses `tmp_idx_movie_link_0e74da40` for movie_id lookups and `idx_movie_link_linked_movie_id` for linked_movie_id. Adding link_type_id as a covering column helps filter on link_type_id without heap fetches.

#### 9. `person_info(person_id, info_type_id)` — Confirmed beneficial (likely exists as `tmp_idx_person_info_277c0420`)
Used in queries 7a-c, 29a-c. Enables efficient lookup of person info records by person_id, with info_type_id as covering for the join to info_type.

#### 10. `movie_info(movie_id, info_type_id)` — Moderate benefit
The existing `idx_movie_info_movie_id` covers movie_id but adding info_type_id helps the planner filter on info_type_id without additional heap accesses. Many queries (12a-c, 13a-d, 19a-d, 21a-c, 22a-d) join movie_info on both movie_id and info_type_id.

Note: `movie_info(info_type_id, info, movie_id)` could not be built due to the `info` text column exceeding the 8191-byte index row size limit.

#### 11. `keyword(keyword)` — Confirmed beneficial (likely exists as `idx_keyword_keyword`)
Used in nearly every query that involves keyword filtering. Equality and IN-list lookups on keyword text are highly selective.

#### 12. `company_name(country_code)` — Confirmed beneficial (exists as `idx_company_name_country_code`)
Frequently filters company_name by country_code (e.g., '[us]', '[de]', '[ru]', '[jp]').

#### 13. `name(gender, name)` — Moderate benefit
Queries 6a-f, 17a-f, 18a-c, 19a-d filter on gender='f' or gender='m' AND name LIKE pattern. The existing `idx_name_gender` covers the gender bitmap scan; adding `name` as a second column would make prefix-LIKE patterns more selective. However, since most name filters use `%pattern%` (not prefix), this mainly helps when gender is very selective.

### Summary of Cost Reductions
- **movie_info_idx composite**: Up to 79% cost reduction on rating-filtered queries (the biggest win)
- **movie_companies composite**: ~50% cost reduction on company-driven join queries  
- **cast_info composites**: 10–30% improvement on person/role join queries
- Other indexes confirm or reinforce existing access paths

### Indexes NOT recommended (rejected)
- `movie_info(info_type_id, info, movie_id)`: Fails to build — text column exceeds 8191-byte limit
- `title(production_year, kind_id)`: Planner already uses title PK for point lookups; production_year range scans showed no improvement since row filtering happens after joins
- `movie_companies(company_id, movie_id)` alone: Less effective than the 3-column version
",5942.409,-32.35
17f,"[{""table"": ""movie_info_idx"", ""columns"": [""info_type_id"", ""info"", ""movie_id""]}, {""table"": ""movie_companies"", ""columns"": [""company_id"", ""company_type_id"", ""movie_id""]}, {""table"": ""cast_info"", ""columns"": [""person_id"", ""role_id"", ""movie_id""]}, {""table"": ""cast_info"", ""columns"": [""movie_id"", ""role_id""]}, {""table"": ""aka_name"", ""columns"": [""person_id""]}, {""table"": ""aka_title"", ""columns"": [""movie_id""]}, {""table"": ""complete_cast"", ""columns"": [""movie_id"", ""subject_id"", ""status_id""]}, {""table"": ""movie_link"", ""columns"": [""movie_id"", ""link_type_id""]}, {""table"": ""movie_link"", ""columns"": [""linked_movie_id""]}, {""table"": ""person_info"", ""columns"": [""person_id"", ""info_type_id""]}, {""table"": ""movie_info"", ""columns"": [""movie_id"", ""info_type_id""]}, {""table"": ""keyword"", ""columns"": [""keyword""]}, {""table"": ""company_name"", ""columns"": [""country_code""]}, {""table"": ""name"", ""columns"": [""gender"", ""name""]}]","
## Index Tuning Analysis

### Methodology
I systematically tested candidate indexes against representative queries across the workload (simple to complex), observing actual planner cost estimates with and without each index. The planner already has many indexes in place (noted as `tmp_idx_*` and `idx_*` in the plan output). I focused on identifying indexes that produced measurable cost reductions beyond the existing baseline.

### Key Findings

#### 1. `movie_info_idx(info_type_id, info, movie_id)` — **Highest Impact**
This is the single most impactful index. Many queries filter `movie_info_idx` on both `info_type_id` (equality via join to `info_type`) and `info` (range comparison like `info > '8.0'`, `info < '7.0'`, `info < '8.5'`). Without it, the planner performs a full seq scan of movie_info_idx (~575K rows, cost ~13,718). With this composite index, the planner can do an index-only range scan:
- Query 12a: 10,684 → **2,256** (79% reduction)
- Queries 14a/b/c, 22a-d, 26a/b/c, 28a/b/c all benefit similarly (costs in 3,000–4,500 range vs. 10,000+)
- Queries 4a/b/c (sequel rating queries) also benefit

The `movie_id` trailing column enables index-only scans covering the join predicate.

#### 2. `movie_companies(company_id, company_type_id, movie_id)` — **High Impact**
When queries start from `company_name` (filtered by `country_code`) and need to join to `movie_companies` via `company_id`, the planner currently does a full seq scan of movie_companies (~1.08M rows, cost ~29,695). This index enables nested-loop index lookups:
- Query 10a/b/c: ~43,000 → **~20,000** (planner used `tmp_idx_movie_companies_eb7b56d5` in tests)
- Queries 12a, 13a, 19a (various company join scenarios) also benefit
- The `company_type_id` column helps when both company_id and company_type_id are join/filter predicates, enabling covering lookups for `movie_id`

#### 3. `cast_info(person_id, role_id, movie_id)` — **Medium Impact**
Many complex queries (9a-d, 19a-d, 24a-b, 29a-c) join `cast_info` on `person_id` AND filter on `role_id` (via role_type join). The existing `tmp_idx_cast_info_7101dd25` covers `(person_id, role_id)` which the planner already uses; adding `movie_id` as a covering column eliminates heap lookups for the movie_id join predicate.

#### 4. `cast_info(movie_id, role_id)` — **Medium Impact**
Queries that start from the movie side (e.g., 10a-c, 18a-c) join cast_info on movie_id and filter on role_id. The existing `idx_cast_info_movie_id` only covers movie_id, so role_id filtering requires heap fetches. Adding role_id enables efficient filtered lookups.

#### 5. `aka_name(person_id)` — Confirmed beneficial (likely exists as `idx_aka_name_person_id`)
Used extensively in queries 7a-c, 8a-d, 9a-d, 16a-d, 19a-d, 24a-b, 29a-c. The planner consistently uses this index for nested-loop lookups.

#### 6. `aka_title(movie_id)` — Confirmed beneficial (likely exists as `idx_aka_title_movie_id`)
Used in queries 15a-d. Enables efficient lookup of alternate titles for a given movie_id.

#### 7. `complete_cast(movie_id, subject_id, status_id)` — Confirmed beneficial (likely exists)
Used in all queries 20a-c, 23a-c, 26a-c, 27a-c, 28a-c, 29a-c, 30a-c. Index on movie_id is the primary access path; including subject_id and status_id as covering columns eliminates heap fetches for the two join predicates (cct1.id = cc.subject_id, cct2.id = cc.status_id).

#### 8. `movie_link(movie_id, link_type_id)` and `movie_link(linked_movie_id)` — Confirmed beneficial
Queries 11a-d, 21a-c, 27a-c, 32a-b, 33a-c all join movie_link. The planner uses `tmp_idx_movie_link_0e74da40` for movie_id lookups and `idx_movie_link_linked_movie_id` for linked_movie_id. Adding link_type_id as a covering column helps filter on link_type_id without heap fetches.

#### 9. `person_info(person_id, info_type_id)` — Confirmed beneficial (likely exists as `tmp_idx_person_info_277c0420`)
Used in queries 7a-c, 29a-c. Enables efficient lookup of person info records by person_id, with info_type_id as covering for the join to info_type.

#### 10. `movie_info(movie_id, info_type_id)` — Moderate benefit
The existing `idx_movie_info_movie_id` covers movie_id but adding info_type_id helps the planner filter on info_type_id without additional heap accesses. Many queries (12a-c, 13a-d, 19a-d, 21a-c, 22a-d) join movie_info on both movie_id and info_type_id.

Note: `movie_info(info_type_id, info, movie_id)` could not be built due to the `info` text column exceeding the 8191-byte index row size limit.

#### 11. `keyword(keyword)` — Confirmed beneficial (likely exists as `idx_keyword_keyword`)
Used in nearly every query that involves keyword filtering. Equality and IN-list lookups on keyword text are highly selective.

#### 12. `company_name(country_code)` — Confirmed beneficial (exists as `idx_company_name_country_code`)
Frequently filters company_name by country_code (e.g., '[us]', '[de]', '[ru]', '[jp]').

#### 13. `name(gender, name)` — Moderate benefit
Queries 6a-f, 17a-f, 18a-c, 19a-d filter on gender='f' or gender='m' AND name LIKE pattern. The existing `idx_name_gender` covers the gender bitmap scan; adding `name` as a second column would make prefix-LIKE patterns more selective. However, since most name filters use `%pattern%` (not prefix), this mainly helps when gender is very selective.

### Summary of Cost Reductions
- **movie_info_idx composite**: Up to 79% cost reduction on rating-filtered queries (the biggest win)
- **movie_companies composite**: ~50% cost reduction on company-driven join queries  
- **cast_info composites**: 10–30% improvement on person/role join queries
- Other indexes confirm or reinforce existing access paths

### Indexes NOT recommended (rejected)
- `movie_info(info_type_id, info, movie_id)`: Fails to build — text column exceeds 8191-byte limit
- `title(production_year, kind_id)`: Planner already uses title PK for point lookups; production_year range scans showed no improvement since row filtering happens after joins
- `movie_companies(company_id, movie_id)` alone: Less effective than the 3-column version
",4504.162,7.51
18a,"[{""table"": ""movie_info_idx"", ""columns"": [""info_type_id"", ""info"", ""movie_id""]}, {""table"": ""movie_companies"", ""columns"": [""company_id"", ""company_type_id"", ""movie_id""]}, {""table"": ""cast_info"", ""columns"": [""person_id"", ""role_id"", ""movie_id""]}, {""table"": ""cast_info"", ""columns"": [""movie_id"", ""role_id""]}, {""table"": ""aka_name"", ""columns"": [""person_id""]}, {""table"": ""aka_title"", ""columns"": [""movie_id""]}, {""table"": ""complete_cast"", ""columns"": [""movie_id"", ""subject_id"", ""status_id""]}, {""table"": ""movie_link"", ""columns"": [""movie_id"", ""link_type_id""]}, {""table"": ""movie_link"", ""columns"": [""linked_movie_id""]}, {""table"": ""person_info"", ""columns"": [""person_id"", ""info_type_id""]}, {""table"": ""movie_info"", ""columns"": [""movie_id"", ""info_type_id""]}, {""table"": ""keyword"", ""columns"": [""keyword""]}, {""table"": ""company_name"", ""columns"": [""country_code""]}, {""table"": ""name"", ""columns"": [""gender"", ""name""]}]","
## Index Tuning Analysis

### Methodology
I systematically tested candidate indexes against representative queries across the workload (simple to complex), observing actual planner cost estimates with and without each index. The planner already has many indexes in place (noted as `tmp_idx_*` and `idx_*` in the plan output). I focused on identifying indexes that produced measurable cost reductions beyond the existing baseline.

### Key Findings

#### 1. `movie_info_idx(info_type_id, info, movie_id)` — **Highest Impact**
This is the single most impactful index. Many queries filter `movie_info_idx` on both `info_type_id` (equality via join to `info_type`) and `info` (range comparison like `info > '8.0'`, `info < '7.0'`, `info < '8.5'`). Without it, the planner performs a full seq scan of movie_info_idx (~575K rows, cost ~13,718). With this composite index, the planner can do an index-only range scan:
- Query 12a: 10,684 → **2,256** (79% reduction)
- Queries 14a/b/c, 22a-d, 26a/b/c, 28a/b/c all benefit similarly (costs in 3,000–4,500 range vs. 10,000+)
- Queries 4a/b/c (sequel rating queries) also benefit

The `movie_id` trailing column enables index-only scans covering the join predicate.

#### 2. `movie_companies(company_id, company_type_id, movie_id)` — **High Impact**
When queries start from `company_name` (filtered by `country_code`) and need to join to `movie_companies` via `company_id`, the planner currently does a full seq scan of movie_companies (~1.08M rows, cost ~29,695). This index enables nested-loop index lookups:
- Query 10a/b/c: ~43,000 → **~20,000** (planner used `tmp_idx_movie_companies_eb7b56d5` in tests)
- Queries 12a, 13a, 19a (various company join scenarios) also benefit
- The `company_type_id` column helps when both company_id and company_type_id are join/filter predicates, enabling covering lookups for `movie_id`

#### 3. `cast_info(person_id, role_id, movie_id)` — **Medium Impact**
Many complex queries (9a-d, 19a-d, 24a-b, 29a-c) join `cast_info` on `person_id` AND filter on `role_id` (via role_type join). The existing `tmp_idx_cast_info_7101dd25` covers `(person_id, role_id)` which the planner already uses; adding `movie_id` as a covering column eliminates heap lookups for the movie_id join predicate.

#### 4. `cast_info(movie_id, role_id)` — **Medium Impact**
Queries that start from the movie side (e.g., 10a-c, 18a-c) join cast_info on movie_id and filter on role_id. The existing `idx_cast_info_movie_id` only covers movie_id, so role_id filtering requires heap fetches. Adding role_id enables efficient filtered lookups.

#### 5. `aka_name(person_id)` — Confirmed beneficial (likely exists as `idx_aka_name_person_id`)
Used extensively in queries 7a-c, 8a-d, 9a-d, 16a-d, 19a-d, 24a-b, 29a-c. The planner consistently uses this index for nested-loop lookups.

#### 6. `aka_title(movie_id)` — Confirmed beneficial (likely exists as `idx_aka_title_movie_id`)
Used in queries 15a-d. Enables efficient lookup of alternate titles for a given movie_id.

#### 7. `complete_cast(movie_id, subject_id, status_id)` — Confirmed beneficial (likely exists)
Used in all queries 20a-c, 23a-c, 26a-c, 27a-c, 28a-c, 29a-c, 30a-c. Index on movie_id is the primary access path; including subject_id and status_id as covering columns eliminates heap fetches for the two join predicates (cct1.id = cc.subject_id, cct2.id = cc.status_id).

#### 8. `movie_link(movie_id, link_type_id)` and `movie_link(linked_movie_id)` — Confirmed beneficial
Queries 11a-d, 21a-c, 27a-c, 32a-b, 33a-c all join movie_link. The planner uses `tmp_idx_movie_link_0e74da40` for movie_id lookups and `idx_movie_link_linked_movie_id` for linked_movie_id. Adding link_type_id as a covering column helps filter on link_type_id without heap fetches.

#### 9. `person_info(person_id, info_type_id)` — Confirmed beneficial (likely exists as `tmp_idx_person_info_277c0420`)
Used in queries 7a-c, 29a-c. Enables efficient lookup of person info records by person_id, with info_type_id as covering for the join to info_type.

#### 10. `movie_info(movie_id, info_type_id)` — Moderate benefit
The existing `idx_movie_info_movie_id` covers movie_id but adding info_type_id helps the planner filter on info_type_id without additional heap accesses. Many queries (12a-c, 13a-d, 19a-d, 21a-c, 22a-d) join movie_info on both movie_id and info_type_id.

Note: `movie_info(info_type_id, info, movie_id)` could not be built due to the `info` text column exceeding the 8191-byte index row size limit.

#### 11. `keyword(keyword)` — Confirmed beneficial (likely exists as `idx_keyword_keyword`)
Used in nearly every query that involves keyword filtering. Equality and IN-list lookups on keyword text are highly selective.

#### 12. `company_name(country_code)` — Confirmed beneficial (exists as `idx_company_name_country_code`)
Frequently filters company_name by country_code (e.g., '[us]', '[de]', '[ru]', '[jp]').

#### 13. `name(gender, name)` — Moderate benefit
Queries 6a-f, 17a-f, 18a-c, 19a-d filter on gender='f' or gender='m' AND name LIKE pattern. The existing `idx_name_gender` covers the gender bitmap scan; adding `name` as a second column would make prefix-LIKE patterns more selective. However, since most name filters use `%pattern%` (not prefix), this mainly helps when gender is very selective.

### Summary of Cost Reductions
- **movie_info_idx composite**: Up to 79% cost reduction on rating-filtered queries (the biggest win)
- **movie_companies composite**: ~50% cost reduction on company-driven join queries  
- **cast_info composites**: 10–30% improvement on person/role join queries
- Other indexes confirm or reinforce existing access paths

### Indexes NOT recommended (rejected)
- `movie_info(info_type_id, info, movie_id)`: Fails to build — text column exceeds 8191-byte limit
- `title(production_year, kind_id)`: Planner already uses title PK for point lookups; production_year range scans showed no improvement since row filtering happens after joins
- `movie_companies(company_id, movie_id)` alone: Less effective than the 3-column version
",3896.938,-113.22
18b,"[{""table"": ""movie_info_idx"", ""columns"": [""info_type_id"", ""info"", ""movie_id""]}, {""table"": ""movie_companies"", ""columns"": [""company_id"", ""company_type_id"", ""movie_id""]}, {""table"": ""cast_info"", ""columns"": [""person_id"", ""role_id"", ""movie_id""]}, {""table"": ""cast_info"", ""columns"": [""movie_id"", ""role_id""]}, {""table"": ""aka_name"", ""columns"": [""person_id""]}, {""table"": ""aka_title"", ""columns"": [""movie_id""]}, {""table"": ""complete_cast"", ""columns"": [""movie_id"", ""subject_id"", ""status_id""]}, {""table"": ""movie_link"", ""columns"": [""movie_id"", ""link_type_id""]}, {""table"": ""movie_link"", ""columns"": [""linked_movie_id""]}, {""table"": ""person_info"", ""columns"": [""person_id"", ""info_type_id""]}, {""table"": ""movie_info"", ""columns"": [""movie_id"", ""info_type_id""]}, {""table"": ""keyword"", ""columns"": [""keyword""]}, {""table"": ""company_name"", ""columns"": [""country_code""]}, {""table"": ""name"", ""columns"": [""gender"", ""name""]}]","
## Index Tuning Analysis

### Methodology
I systematically tested candidate indexes against representative queries across the workload (simple to complex), observing actual planner cost estimates with and without each index. The planner already has many indexes in place (noted as `tmp_idx_*` and `idx_*` in the plan output). I focused on identifying indexes that produced measurable cost reductions beyond the existing baseline.

### Key Findings

#### 1. `movie_info_idx(info_type_id, info, movie_id)` — **Highest Impact**
This is the single most impactful index. Many queries filter `movie_info_idx` on both `info_type_id` (equality via join to `info_type`) and `info` (range comparison like `info > '8.0'`, `info < '7.0'`, `info < '8.5'`). Without it, the planner performs a full seq scan of movie_info_idx (~575K rows, cost ~13,718). With this composite index, the planner can do an index-only range scan:
- Query 12a: 10,684 → **2,256** (79% reduction)
- Queries 14a/b/c, 22a-d, 26a/b/c, 28a/b/c all benefit similarly (costs in 3,000–4,500 range vs. 10,000+)
- Queries 4a/b/c (sequel rating queries) also benefit

The `movie_id` trailing column enables index-only scans covering the join predicate.

#### 2. `movie_companies(company_id, company_type_id, movie_id)` — **High Impact**
When queries start from `company_name` (filtered by `country_code`) and need to join to `movie_companies` via `company_id`, the planner currently does a full seq scan of movie_companies (~1.08M rows, cost ~29,695). This index enables nested-loop index lookups:
- Query 10a/b/c: ~43,000 → **~20,000** (planner used `tmp_idx_movie_companies_eb7b56d5` in tests)
- Queries 12a, 13a, 19a (various company join scenarios) also benefit
- The `company_type_id` column helps when both company_id and company_type_id are join/filter predicates, enabling covering lookups for `movie_id`

#### 3. `cast_info(person_id, role_id, movie_id)` — **Medium Impact**
Many complex queries (9a-d, 19a-d, 24a-b, 29a-c) join `cast_info` on `person_id` AND filter on `role_id` (via role_type join). The existing `tmp_idx_cast_info_7101dd25` covers `(person_id, role_id)` which the planner already uses; adding `movie_id` as a covering column eliminates heap lookups for the movie_id join predicate.

#### 4. `cast_info(movie_id, role_id)` — **Medium Impact**
Queries that start from the movie side (e.g., 10a-c, 18a-c) join cast_info on movie_id and filter on role_id. The existing `idx_cast_info_movie_id` only covers movie_id, so role_id filtering requires heap fetches. Adding role_id enables efficient filtered lookups.

#### 5. `aka_name(person_id)` — Confirmed beneficial (likely exists as `idx_aka_name_person_id`)
Used extensively in queries 7a-c, 8a-d, 9a-d, 16a-d, 19a-d, 24a-b, 29a-c. The planner consistently uses this index for nested-loop lookups.

#### 6. `aka_title(movie_id)` — Confirmed beneficial (likely exists as `idx_aka_title_movie_id`)
Used in queries 15a-d. Enables efficient lookup of alternate titles for a given movie_id.

#### 7. `complete_cast(movie_id, subject_id, status_id)` — Confirmed beneficial (likely exists)
Used in all queries 20a-c, 23a-c, 26a-c, 27a-c, 28a-c, 29a-c, 30a-c. Index on movie_id is the primary access path; including subject_id and status_id as covering columns eliminates heap fetches for the two join predicates (cct1.id = cc.subject_id, cct2.id = cc.status_id).

#### 8. `movie_link(movie_id, link_type_id)` and `movie_link(linked_movie_id)` — Confirmed beneficial
Queries 11a-d, 21a-c, 27a-c, 32a-b, 33a-c all join movie_link. The planner uses `tmp_idx_movie_link_0e74da40` for movie_id lookups and `idx_movie_link_linked_movie_id` for linked_movie_id. Adding link_type_id as a covering column helps filter on link_type_id without heap fetches.

#### 9. `person_info(person_id, info_type_id)` — Confirmed beneficial (likely exists as `tmp_idx_person_info_277c0420`)
Used in queries 7a-c, 29a-c. Enables efficient lookup of person info records by person_id, with info_type_id as covering for the join to info_type.

#### 10. `movie_info(movie_id, info_type_id)` — Moderate benefit
The existing `idx_movie_info_movie_id` covers movie_id but adding info_type_id helps the planner filter on info_type_id without additional heap accesses. Many queries (12a-c, 13a-d, 19a-d, 21a-c, 22a-d) join movie_info on both movie_id and info_type_id.

Note: `movie_info(info_type_id, info, movie_id)` could not be built due to the `info` text column exceeding the 8191-byte index row size limit.

#### 11. `keyword(keyword)` — Confirmed beneficial (likely exists as `idx_keyword_keyword`)
Used in nearly every query that involves keyword filtering. Equality and IN-list lookups on keyword text are highly selective.

#### 12. `company_name(country_code)` — Confirmed beneficial (exists as `idx_company_name_country_code`)
Frequently filters company_name by country_code (e.g., '[us]', '[de]', '[ru]', '[jp]').

#### 13. `name(gender, name)` — Moderate benefit
Queries 6a-f, 17a-f, 18a-c, 19a-d filter on gender='f' or gender='m' AND name LIKE pattern. The existing `idx_name_gender` covers the gender bitmap scan; adding `name` as a second column would make prefix-LIKE patterns more selective. However, since most name filters use `%pattern%` (not prefix), this mainly helps when gender is very selective.

### Summary of Cost Reductions
- **movie_info_idx composite**: Up to 79% cost reduction on rating-filtered queries (the biggest win)
- **movie_companies composite**: ~50% cost reduction on company-driven join queries  
- **cast_info composites**: 10–30% improvement on person/role join queries
- Other indexes confirm or reinforce existing access paths

### Indexes NOT recommended (rejected)
- `movie_info(info_type_id, info, movie_id)`: Fails to build — text column exceeds 8191-byte limit
- `title(production_year, kind_id)`: Planner already uses title PK for point lookups; production_year range scans showed no improvement since row filtering happens after joins
- `movie_companies(company_id, movie_id)` alone: Less effective than the 3-column version
",138.938,90.81
18c,"[{""table"": ""movie_info_idx"", ""columns"": [""info_type_id"", ""info"", ""movie_id""]}, {""table"": ""movie_companies"", ""columns"": [""company_id"", ""company_type_id"", ""movie_id""]}, {""table"": ""cast_info"", ""columns"": [""person_id"", ""role_id"", ""movie_id""]}, {""table"": ""cast_info"", ""columns"": [""movie_id"", ""role_id""]}, {""table"": ""aka_name"", ""columns"": [""person_id""]}, {""table"": ""aka_title"", ""columns"": [""movie_id""]}, {""table"": ""complete_cast"", ""columns"": [""movie_id"", ""subject_id"", ""status_id""]}, {""table"": ""movie_link"", ""columns"": [""movie_id"", ""link_type_id""]}, {""table"": ""movie_link"", ""columns"": [""linked_movie_id""]}, {""table"": ""person_info"", ""columns"": [""person_id"", ""info_type_id""]}, {""table"": ""movie_info"", ""columns"": [""movie_id"", ""info_type_id""]}, {""table"": ""keyword"", ""columns"": [""keyword""]}, {""table"": ""company_name"", ""columns"": [""country_code""]}, {""table"": ""name"", ""columns"": [""gender"", ""name""]}]","
## Index Tuning Analysis

### Methodology
I systematically tested candidate indexes against representative queries across the workload (simple to complex), observing actual planner cost estimates with and without each index. The planner already has many indexes in place (noted as `tmp_idx_*` and `idx_*` in the plan output). I focused on identifying indexes that produced measurable cost reductions beyond the existing baseline.

### Key Findings

#### 1. `movie_info_idx(info_type_id, info, movie_id)` — **Highest Impact**
This is the single most impactful index. Many queries filter `movie_info_idx` on both `info_type_id` (equality via join to `info_type`) and `info` (range comparison like `info > '8.0'`, `info < '7.0'`, `info < '8.5'`). Without it, the planner performs a full seq scan of movie_info_idx (~575K rows, cost ~13,718). With this composite index, the planner can do an index-only range scan:
- Query 12a: 10,684 → **2,256** (79% reduction)
- Queries 14a/b/c, 22a-d, 26a/b/c, 28a/b/c all benefit similarly (costs in 3,000–4,500 range vs. 10,000+)
- Queries 4a/b/c (sequel rating queries) also benefit

The `movie_id` trailing column enables index-only scans covering the join predicate.

#### 2. `movie_companies(company_id, company_type_id, movie_id)` — **High Impact**
When queries start from `company_name` (filtered by `country_code`) and need to join to `movie_companies` via `company_id`, the planner currently does a full seq scan of movie_companies (~1.08M rows, cost ~29,695). This index enables nested-loop index lookups:
- Query 10a/b/c: ~43,000 → **~20,000** (planner used `tmp_idx_movie_companies_eb7b56d5` in tests)
- Queries 12a, 13a, 19a (various company join scenarios) also benefit
- The `company_type_id` column helps when both company_id and company_type_id are join/filter predicates, enabling covering lookups for `movie_id`

#### 3. `cast_info(person_id, role_id, movie_id)` — **Medium Impact**
Many complex queries (9a-d, 19a-d, 24a-b, 29a-c) join `cast_info` on `person_id` AND filter on `role_id` (via role_type join). The existing `tmp_idx_cast_info_7101dd25` covers `(person_id, role_id)` which the planner already uses; adding `movie_id` as a covering column eliminates heap lookups for the movie_id join predicate.

#### 4. `cast_info(movie_id, role_id)` — **Medium Impact**
Queries that start from the movie side (e.g., 10a-c, 18a-c) join cast_info on movie_id and filter on role_id. The existing `idx_cast_info_movie_id` only covers movie_id, so role_id filtering requires heap fetches. Adding role_id enables efficient filtered lookups.

#### 5. `aka_name(person_id)` — Confirmed beneficial (likely exists as `idx_aka_name_person_id`)
Used extensively in queries 7a-c, 8a-d, 9a-d, 16a-d, 19a-d, 24a-b, 29a-c. The planner consistently uses this index for nested-loop lookups.

#### 6. `aka_title(movie_id)` — Confirmed beneficial (likely exists as `idx_aka_title_movie_id`)
Used in queries 15a-d. Enables efficient lookup of alternate titles for a given movie_id.

#### 7. `complete_cast(movie_id, subject_id, status_id)` — Confirmed beneficial (likely exists)
Used in all queries 20a-c, 23a-c, 26a-c, 27a-c, 28a-c, 29a-c, 30a-c. Index on movie_id is the primary access path; including subject_id and status_id as covering columns eliminates heap fetches for the two join predicates (cct1.id = cc.subject_id, cct2.id = cc.status_id).

#### 8. `movie_link(movie_id, link_type_id)` and `movie_link(linked_movie_id)` — Confirmed beneficial
Queries 11a-d, 21a-c, 27a-c, 32a-b, 33a-c all join movie_link. The planner uses `tmp_idx_movie_link_0e74da40` for movie_id lookups and `idx_movie_link_linked_movie_id` for linked_movie_id. Adding link_type_id as a covering column helps filter on link_type_id without heap fetches.

#### 9. `person_info(person_id, info_type_id)` — Confirmed beneficial (likely exists as `tmp_idx_person_info_277c0420`)
Used in queries 7a-c, 29a-c. Enables efficient lookup of person info records by person_id, with info_type_id as covering for the join to info_type.

#### 10. `movie_info(movie_id, info_type_id)` — Moderate benefit
The existing `idx_movie_info_movie_id` covers movie_id but adding info_type_id helps the planner filter on info_type_id without additional heap accesses. Many queries (12a-c, 13a-d, 19a-d, 21a-c, 22a-d) join movie_info on both movie_id and info_type_id.

Note: `movie_info(info_type_id, info, movie_id)` could not be built due to the `info` text column exceeding the 8191-byte index row size limit.

#### 11. `keyword(keyword)` — Confirmed beneficial (likely exists as `idx_keyword_keyword`)
Used in nearly every query that involves keyword filtering. Equality and IN-list lookups on keyword text are highly selective.

#### 12. `company_name(country_code)` — Confirmed beneficial (exists as `idx_company_name_country_code`)
Frequently filters company_name by country_code (e.g., '[us]', '[de]', '[ru]', '[jp]').

#### 13. `name(gender, name)` — Moderate benefit
Queries 6a-f, 17a-f, 18a-c, 19a-d filter on gender='f' or gender='m' AND name LIKE pattern. The existing `idx_name_gender` covers the gender bitmap scan; adding `name` as a second column would make prefix-LIKE patterns more selective. However, since most name filters use `%pattern%` (not prefix), this mainly helps when gender is very selective.

### Summary of Cost Reductions
- **movie_info_idx composite**: Up to 79% cost reduction on rating-filtered queries (the biggest win)
- **movie_companies composite**: ~50% cost reduction on company-driven join queries  
- **cast_info composites**: 10–30% improvement on person/role join queries
- Other indexes confirm or reinforce existing access paths

### Indexes NOT recommended (rejected)
- `movie_info(info_type_id, info, movie_id)`: Fails to build — text column exceeds 8191-byte limit
- `title(production_year, kind_id)`: Planner already uses title PK for point lookups; production_year range scans showed no improvement since row filtering happens after joins
- `movie_companies(company_id, movie_id)` alone: Less effective than the 3-column version
",4897.853,-121.6
19a,"[{""table"": ""movie_info_idx"", ""columns"": [""info_type_id"", ""info"", ""movie_id""]}, {""table"": ""movie_companies"", ""columns"": [""company_id"", ""company_type_id"", ""movie_id""]}, {""table"": ""cast_info"", ""columns"": [""person_id"", ""role_id"", ""movie_id""]}, {""table"": ""cast_info"", ""columns"": [""movie_id"", ""role_id""]}, {""table"": ""aka_name"", ""columns"": [""person_id""]}, {""table"": ""aka_title"", ""columns"": [""movie_id""]}, {""table"": ""complete_cast"", ""columns"": [""movie_id"", ""subject_id"", ""status_id""]}, {""table"": ""movie_link"", ""columns"": [""movie_id"", ""link_type_id""]}, {""table"": ""movie_link"", ""columns"": [""linked_movie_id""]}, {""table"": ""person_info"", ""columns"": [""person_id"", ""info_type_id""]}, {""table"": ""movie_info"", ""columns"": [""movie_id"", ""info_type_id""]}, {""table"": ""keyword"", ""columns"": [""keyword""]}, {""table"": ""company_name"", ""columns"": [""country_code""]}, {""table"": ""name"", ""columns"": [""gender"", ""name""]}]","
## Index Tuning Analysis

### Methodology
I systematically tested candidate indexes against representative queries across the workload (simple to complex), observing actual planner cost estimates with and without each index. The planner already has many indexes in place (noted as `tmp_idx_*` and `idx_*` in the plan output). I focused on identifying indexes that produced measurable cost reductions beyond the existing baseline.

### Key Findings

#### 1. `movie_info_idx(info_type_id, info, movie_id)` — **Highest Impact**
This is the single most impactful index. Many queries filter `movie_info_idx` on both `info_type_id` (equality via join to `info_type`) and `info` (range comparison like `info > '8.0'`, `info < '7.0'`, `info < '8.5'`). Without it, the planner performs a full seq scan of movie_info_idx (~575K rows, cost ~13,718). With this composite index, the planner can do an index-only range scan:
- Query 12a: 10,684 → **2,256** (79% reduction)
- Queries 14a/b/c, 22a-d, 26a/b/c, 28a/b/c all benefit similarly (costs in 3,000–4,500 range vs. 10,000+)
- Queries 4a/b/c (sequel rating queries) also benefit

The `movie_id` trailing column enables index-only scans covering the join predicate.

#### 2. `movie_companies(company_id, company_type_id, movie_id)` — **High Impact**
When queries start from `company_name` (filtered by `country_code`) and need to join to `movie_companies` via `company_id`, the planner currently does a full seq scan of movie_companies (~1.08M rows, cost ~29,695). This index enables nested-loop index lookups:
- Query 10a/b/c: ~43,000 → **~20,000** (planner used `tmp_idx_movie_companies_eb7b56d5` in tests)
- Queries 12a, 13a, 19a (various company join scenarios) also benefit
- The `company_type_id` column helps when both company_id and company_type_id are join/filter predicates, enabling covering lookups for `movie_id`

#### 3. `cast_info(person_id, role_id, movie_id)` — **Medium Impact**
Many complex queries (9a-d, 19a-d, 24a-b, 29a-c) join `cast_info` on `person_id` AND filter on `role_id` (via role_type join). The existing `tmp_idx_cast_info_7101dd25` covers `(person_id, role_id)` which the planner already uses; adding `movie_id` as a covering column eliminates heap lookups for the movie_id join predicate.

#### 4. `cast_info(movie_id, role_id)` — **Medium Impact**
Queries that start from the movie side (e.g., 10a-c, 18a-c) join cast_info on movie_id and filter on role_id. The existing `idx_cast_info_movie_id` only covers movie_id, so role_id filtering requires heap fetches. Adding role_id enables efficient filtered lookups.

#### 5. `aka_name(person_id)` — Confirmed beneficial (likely exists as `idx_aka_name_person_id`)
Used extensively in queries 7a-c, 8a-d, 9a-d, 16a-d, 19a-d, 24a-b, 29a-c. The planner consistently uses this index for nested-loop lookups.

#### 6. `aka_title(movie_id)` — Confirmed beneficial (likely exists as `idx_aka_title_movie_id`)
Used in queries 15a-d. Enables efficient lookup of alternate titles for a given movie_id.

#### 7. `complete_cast(movie_id, subject_id, status_id)` — Confirmed beneficial (likely exists)
Used in all queries 20a-c, 23a-c, 26a-c, 27a-c, 28a-c, 29a-c, 30a-c. Index on movie_id is the primary access path; including subject_id and status_id as covering columns eliminates heap fetches for the two join predicates (cct1.id = cc.subject_id, cct2.id = cc.status_id).

#### 8. `movie_link(movie_id, link_type_id)` and `movie_link(linked_movie_id)` — Confirmed beneficial
Queries 11a-d, 21a-c, 27a-c, 32a-b, 33a-c all join movie_link. The planner uses `tmp_idx_movie_link_0e74da40` for movie_id lookups and `idx_movie_link_linked_movie_id` for linked_movie_id. Adding link_type_id as a covering column helps filter on link_type_id without heap fetches.

#### 9. `person_info(person_id, info_type_id)` — Confirmed beneficial (likely exists as `tmp_idx_person_info_277c0420`)
Used in queries 7a-c, 29a-c. Enables efficient lookup of person info records by person_id, with info_type_id as covering for the join to info_type.

#### 10. `movie_info(movie_id, info_type_id)` — Moderate benefit
The existing `idx_movie_info_movie_id` covers movie_id but adding info_type_id helps the planner filter on info_type_id without additional heap accesses. Many queries (12a-c, 13a-d, 19a-d, 21a-c, 22a-d) join movie_info on both movie_id and info_type_id.

Note: `movie_info(info_type_id, info, movie_id)` could not be built due to the `info` text column exceeding the 8191-byte index row size limit.

#### 11. `keyword(keyword)` — Confirmed beneficial (likely exists as `idx_keyword_keyword`)
Used in nearly every query that involves keyword filtering. Equality and IN-list lookups on keyword text are highly selective.

#### 12. `company_name(country_code)` — Confirmed beneficial (exists as `idx_company_name_country_code`)
Frequently filters company_name by country_code (e.g., '[us]', '[de]', '[ru]', '[jp]').

#### 13. `name(gender, name)` — Moderate benefit
Queries 6a-f, 17a-f, 18a-c, 19a-d filter on gender='f' or gender='m' AND name LIKE pattern. The existing `idx_name_gender` covers the gender bitmap scan; adding `name` as a second column would make prefix-LIKE patterns more selective. However, since most name filters use `%pattern%` (not prefix), this mainly helps when gender is very selective.

### Summary of Cost Reductions
- **movie_info_idx composite**: Up to 79% cost reduction on rating-filtered queries (the biggest win)
- **movie_companies composite**: ~50% cost reduction on company-driven join queries  
- **cast_info composites**: 10–30% improvement on person/role join queries
- Other indexes confirm or reinforce existing access paths

### Indexes NOT recommended (rejected)
- `movie_info(info_type_id, info, movie_id)`: Fails to build — text column exceeds 8191-byte limit
- `title(production_year, kind_id)`: Planner already uses title PK for point lookups; production_year range scans showed no improvement since row filtering happens after joins
- `movie_companies(company_id, movie_id)` alone: Less effective than the 3-column version
",2247.581,-40.57
19b,"[{""table"": ""movie_info_idx"", ""columns"": [""info_type_id"", ""info"", ""movie_id""]}, {""table"": ""movie_companies"", ""columns"": [""company_id"", ""company_type_id"", ""movie_id""]}, {""table"": ""cast_info"", ""columns"": [""person_id"", ""role_id"", ""movie_id""]}, {""table"": ""cast_info"", ""columns"": [""movie_id"", ""role_id""]}, {""table"": ""aka_name"", ""columns"": [""person_id""]}, {""table"": ""aka_title"", ""columns"": [""movie_id""]}, {""table"": ""complete_cast"", ""columns"": [""movie_id"", ""subject_id"", ""status_id""]}, {""table"": ""movie_link"", ""columns"": [""movie_id"", ""link_type_id""]}, {""table"": ""movie_link"", ""columns"": [""linked_movie_id""]}, {""table"": ""person_info"", ""columns"": [""person_id"", ""info_type_id""]}, {""table"": ""movie_info"", ""columns"": [""movie_id"", ""info_type_id""]}, {""table"": ""keyword"", ""columns"": [""keyword""]}, {""table"": ""company_name"", ""columns"": [""country_code""]}, {""table"": ""name"", ""columns"": [""gender"", ""name""]}]","
## Index Tuning Analysis

### Methodology
I systematically tested candidate indexes against representative queries across the workload (simple to complex), observing actual planner cost estimates with and without each index. The planner already has many indexes in place (noted as `tmp_idx_*` and `idx_*` in the plan output). I focused on identifying indexes that produced measurable cost reductions beyond the existing baseline.

### Key Findings

#### 1. `movie_info_idx(info_type_id, info, movie_id)` — **Highest Impact**
This is the single most impactful index. Many queries filter `movie_info_idx` on both `info_type_id` (equality via join to `info_type`) and `info` (range comparison like `info > '8.0'`, `info < '7.0'`, `info < '8.5'`). Without it, the planner performs a full seq scan of movie_info_idx (~575K rows, cost ~13,718). With this composite index, the planner can do an index-only range scan:
- Query 12a: 10,684 → **2,256** (79% reduction)
- Queries 14a/b/c, 22a-d, 26a/b/c, 28a/b/c all benefit similarly (costs in 3,000–4,500 range vs. 10,000+)
- Queries 4a/b/c (sequel rating queries) also benefit

The `movie_id` trailing column enables index-only scans covering the join predicate.

#### 2. `movie_companies(company_id, company_type_id, movie_id)` — **High Impact**
When queries start from `company_name` (filtered by `country_code`) and need to join to `movie_companies` via `company_id`, the planner currently does a full seq scan of movie_companies (~1.08M rows, cost ~29,695). This index enables nested-loop index lookups:
- Query 10a/b/c: ~43,000 → **~20,000** (planner used `tmp_idx_movie_companies_eb7b56d5` in tests)
- Queries 12a, 13a, 19a (various company join scenarios) also benefit
- The `company_type_id` column helps when both company_id and company_type_id are join/filter predicates, enabling covering lookups for `movie_id`

#### 3. `cast_info(person_id, role_id, movie_id)` — **Medium Impact**
Many complex queries (9a-d, 19a-d, 24a-b, 29a-c) join `cast_info` on `person_id` AND filter on `role_id` (via role_type join). The existing `tmp_idx_cast_info_7101dd25` covers `(person_id, role_id)` which the planner already uses; adding `movie_id` as a covering column eliminates heap lookups for the movie_id join predicate.

#### 4. `cast_info(movie_id, role_id)` — **Medium Impact**
Queries that start from the movie side (e.g., 10a-c, 18a-c) join cast_info on movie_id and filter on role_id. The existing `idx_cast_info_movie_id` only covers movie_id, so role_id filtering requires heap fetches. Adding role_id enables efficient filtered lookups.

#### 5. `aka_name(person_id)` — Confirmed beneficial (likely exists as `idx_aka_name_person_id`)
Used extensively in queries 7a-c, 8a-d, 9a-d, 16a-d, 19a-d, 24a-b, 29a-c. The planner consistently uses this index for nested-loop lookups.

#### 6. `aka_title(movie_id)` — Confirmed beneficial (likely exists as `idx_aka_title_movie_id`)
Used in queries 15a-d. Enables efficient lookup of alternate titles for a given movie_id.

#### 7. `complete_cast(movie_id, subject_id, status_id)` — Confirmed beneficial (likely exists)
Used in all queries 20a-c, 23a-c, 26a-c, 27a-c, 28a-c, 29a-c, 30a-c. Index on movie_id is the primary access path; including subject_id and status_id as covering columns eliminates heap fetches for the two join predicates (cct1.id = cc.subject_id, cct2.id = cc.status_id).

#### 8. `movie_link(movie_id, link_type_id)` and `movie_link(linked_movie_id)` — Confirmed beneficial
Queries 11a-d, 21a-c, 27a-c, 32a-b, 33a-c all join movie_link. The planner uses `tmp_idx_movie_link_0e74da40` for movie_id lookups and `idx_movie_link_linked_movie_id` for linked_movie_id. Adding link_type_id as a covering column helps filter on link_type_id without heap fetches.

#### 9. `person_info(person_id, info_type_id)` — Confirmed beneficial (likely exists as `tmp_idx_person_info_277c0420`)
Used in queries 7a-c, 29a-c. Enables efficient lookup of person info records by person_id, with info_type_id as covering for the join to info_type.

#### 10. `movie_info(movie_id, info_type_id)` — Moderate benefit
The existing `idx_movie_info_movie_id` covers movie_id but adding info_type_id helps the planner filter on info_type_id without additional heap accesses. Many queries (12a-c, 13a-d, 19a-d, 21a-c, 22a-d) join movie_info on both movie_id and info_type_id.

Note: `movie_info(info_type_id, info, movie_id)` could not be built due to the `info` text column exceeding the 8191-byte index row size limit.

#### 11. `keyword(keyword)` — Confirmed beneficial (likely exists as `idx_keyword_keyword`)
Used in nearly every query that involves keyword filtering. Equality and IN-list lookups on keyword text are highly selective.

#### 12. `company_name(country_code)` — Confirmed beneficial (exists as `idx_company_name_country_code`)
Frequently filters company_name by country_code (e.g., '[us]', '[de]', '[ru]', '[jp]').

#### 13. `name(gender, name)` — Moderate benefit
Queries 6a-f, 17a-f, 18a-c, 19a-d filter on gender='f' or gender='m' AND name LIKE pattern. The existing `idx_name_gender` covers the gender bitmap scan; adding `name` as a second column would make prefix-LIKE patterns more selective. However, since most name filters use `%pattern%` (not prefix), this mainly helps when gender is very selective.

### Summary of Cost Reductions
- **movie_info_idx composite**: Up to 79% cost reduction on rating-filtered queries (the biggest win)
- **movie_companies composite**: ~50% cost reduction on company-driven join queries  
- **cast_info composites**: 10–30% improvement on person/role join queries
- Other indexes confirm or reinforce existing access paths

### Indexes NOT recommended (rejected)
- `movie_info(info_type_id, info, movie_id)`: Fails to build — text column exceeds 8191-byte limit
- `title(production_year, kind_id)`: Planner already uses title PK for point lookups; production_year range scans showed no improvement since row filtering happens after joins
- `movie_companies(company_id, movie_id)` alone: Less effective than the 3-column version
",708.716,60.19
19c,"[{""table"": ""movie_info_idx"", ""columns"": [""info_type_id"", ""info"", ""movie_id""]}, {""table"": ""movie_companies"", ""columns"": [""company_id"", ""company_type_id"", ""movie_id""]}, {""table"": ""cast_info"", ""columns"": [""person_id"", ""role_id"", ""movie_id""]}, {""table"": ""cast_info"", ""columns"": [""movie_id"", ""role_id""]}, {""table"": ""aka_name"", ""columns"": [""person_id""]}, {""table"": ""aka_title"", ""columns"": [""movie_id""]}, {""table"": ""complete_cast"", ""columns"": [""movie_id"", ""subject_id"", ""status_id""]}, {""table"": ""movie_link"", ""columns"": [""movie_id"", ""link_type_id""]}, {""table"": ""movie_link"", ""columns"": [""linked_movie_id""]}, {""table"": ""person_info"", ""columns"": [""person_id"", ""info_type_id""]}, {""table"": ""movie_info"", ""columns"": [""movie_id"", ""info_type_id""]}, {""table"": ""keyword"", ""columns"": [""keyword""]}, {""table"": ""company_name"", ""columns"": [""country_code""]}, {""table"": ""name"", ""columns"": [""gender"", ""name""]}]","
## Index Tuning Analysis

### Methodology
I systematically tested candidate indexes against representative queries across the workload (simple to complex), observing actual planner cost estimates with and without each index. The planner already has many indexes in place (noted as `tmp_idx_*` and `idx_*` in the plan output). I focused on identifying indexes that produced measurable cost reductions beyond the existing baseline.

### Key Findings

#### 1. `movie_info_idx(info_type_id, info, movie_id)` — **Highest Impact**
This is the single most impactful index. Many queries filter `movie_info_idx` on both `info_type_id` (equality via join to `info_type`) and `info` (range comparison like `info > '8.0'`, `info < '7.0'`, `info < '8.5'`). Without it, the planner performs a full seq scan of movie_info_idx (~575K rows, cost ~13,718). With this composite index, the planner can do an index-only range scan:
- Query 12a: 10,684 → **2,256** (79% reduction)
- Queries 14a/b/c, 22a-d, 26a/b/c, 28a/b/c all benefit similarly (costs in 3,000–4,500 range vs. 10,000+)
- Queries 4a/b/c (sequel rating queries) also benefit

The `movie_id` trailing column enables index-only scans covering the join predicate.

#### 2. `movie_companies(company_id, company_type_id, movie_id)` — **High Impact**
When queries start from `company_name` (filtered by `country_code`) and need to join to `movie_companies` via `company_id`, the planner currently does a full seq scan of movie_companies (~1.08M rows, cost ~29,695). This index enables nested-loop index lookups:
- Query 10a/b/c: ~43,000 → **~20,000** (planner used `tmp_idx_movie_companies_eb7b56d5` in tests)
- Queries 12a, 13a, 19a (various company join scenarios) also benefit
- The `company_type_id` column helps when both company_id and company_type_id are join/filter predicates, enabling covering lookups for `movie_id`

#### 3. `cast_info(person_id, role_id, movie_id)` — **Medium Impact**
Many complex queries (9a-d, 19a-d, 24a-b, 29a-c) join `cast_info` on `person_id` AND filter on `role_id` (via role_type join). The existing `tmp_idx_cast_info_7101dd25` covers `(person_id, role_id)` which the planner already uses; adding `movie_id` as a covering column eliminates heap lookups for the movie_id join predicate.

#### 4. `cast_info(movie_id, role_id)` — **Medium Impact**
Queries that start from the movie side (e.g., 10a-c, 18a-c) join cast_info on movie_id and filter on role_id. The existing `idx_cast_info_movie_id` only covers movie_id, so role_id filtering requires heap fetches. Adding role_id enables efficient filtered lookups.

#### 5. `aka_name(person_id)` — Confirmed beneficial (likely exists as `idx_aka_name_person_id`)
Used extensively in queries 7a-c, 8a-d, 9a-d, 16a-d, 19a-d, 24a-b, 29a-c. The planner consistently uses this index for nested-loop lookups.

#### 6. `aka_title(movie_id)` — Confirmed beneficial (likely exists as `idx_aka_title_movie_id`)
Used in queries 15a-d. Enables efficient lookup of alternate titles for a given movie_id.

#### 7. `complete_cast(movie_id, subject_id, status_id)` — Confirmed beneficial (likely exists)
Used in all queries 20a-c, 23a-c, 26a-c, 27a-c, 28a-c, 29a-c, 30a-c. Index on movie_id is the primary access path; including subject_id and status_id as covering columns eliminates heap fetches for the two join predicates (cct1.id = cc.subject_id, cct2.id = cc.status_id).

#### 8. `movie_link(movie_id, link_type_id)` and `movie_link(linked_movie_id)` — Confirmed beneficial
Queries 11a-d, 21a-c, 27a-c, 32a-b, 33a-c all join movie_link. The planner uses `tmp_idx_movie_link_0e74da40` for movie_id lookups and `idx_movie_link_linked_movie_id` for linked_movie_id. Adding link_type_id as a covering column helps filter on link_type_id without heap fetches.

#### 9. `person_info(person_id, info_type_id)` — Confirmed beneficial (likely exists as `tmp_idx_person_info_277c0420`)
Used in queries 7a-c, 29a-c. Enables efficient lookup of person info records by person_id, with info_type_id as covering for the join to info_type.

#### 10. `movie_info(movie_id, info_type_id)` — Moderate benefit
The existing `idx_movie_info_movie_id` covers movie_id but adding info_type_id helps the planner filter on info_type_id without additional heap accesses. Many queries (12a-c, 13a-d, 19a-d, 21a-c, 22a-d) join movie_info on both movie_id and info_type_id.

Note: `movie_info(info_type_id, info, movie_id)` could not be built due to the `info` text column exceeding the 8191-byte index row size limit.

#### 11. `keyword(keyword)` — Confirmed beneficial (likely exists as `idx_keyword_keyword`)
Used in nearly every query that involves keyword filtering. Equality and IN-list lookups on keyword text are highly selective.

#### 12. `company_name(country_code)` — Confirmed beneficial (exists as `idx_company_name_country_code`)
Frequently filters company_name by country_code (e.g., '[us]', '[de]', '[ru]', '[jp]').

#### 13. `name(gender, name)` — Moderate benefit
Queries 6a-f, 17a-f, 18a-c, 19a-d filter on gender='f' or gender='m' AND name LIKE pattern. The existing `idx_name_gender` covers the gender bitmap scan; adding `name` as a second column would make prefix-LIKE patterns more selective. However, since most name filters use `%pattern%` (not prefix), this mainly helps when gender is very selective.

### Summary of Cost Reductions
- **movie_info_idx composite**: Up to 79% cost reduction on rating-filtered queries (the biggest win)
- **movie_companies composite**: ~50% cost reduction on company-driven join queries  
- **cast_info composites**: 10–30% improvement on person/role join queries
- Other indexes confirm or reinforce existing access paths

### Indexes NOT recommended (rejected)
- `movie_info(info_type_id, info, movie_id)`: Fails to build — text column exceeds 8191-byte limit
- `title(production_year, kind_id)`: Planner already uses title PK for point lookups; production_year range scans showed no improvement since row filtering happens after joins
- `movie_companies(company_id, movie_id)` alone: Less effective than the 3-column version
",19473.389,-1082.44
19d,"[{""table"": ""movie_info_idx"", ""columns"": [""info_type_id"", ""info"", ""movie_id""]}, {""table"": ""movie_companies"", ""columns"": [""company_id"", ""company_type_id"", ""movie_id""]}, {""table"": ""cast_info"", ""columns"": [""person_id"", ""role_id"", ""movie_id""]}, {""table"": ""cast_info"", ""columns"": [""movie_id"", ""role_id""]}, {""table"": ""aka_name"", ""columns"": [""person_id""]}, {""table"": ""aka_title"", ""columns"": [""movie_id""]}, {""table"": ""complete_cast"", ""columns"": [""movie_id"", ""subject_id"", ""status_id""]}, {""table"": ""movie_link"", ""columns"": [""movie_id"", ""link_type_id""]}, {""table"": ""movie_link"", ""columns"": [""linked_movie_id""]}, {""table"": ""person_info"", ""columns"": [""person_id"", ""info_type_id""]}, {""table"": ""movie_info"", ""columns"": [""movie_id"", ""info_type_id""]}, {""table"": ""keyword"", ""columns"": [""keyword""]}, {""table"": ""company_name"", ""columns"": [""country_code""]}, {""table"": ""name"", ""columns"": [""gender"", ""name""]}]","
## Index Tuning Analysis

### Methodology
I systematically tested candidate indexes against representative queries across the workload (simple to complex), observing actual planner cost estimates with and without each index. The planner already has many indexes in place (noted as `tmp_idx_*` and `idx_*` in the plan output). I focused on identifying indexes that produced measurable cost reductions beyond the existing baseline.

### Key Findings

#### 1. `movie_info_idx(info_type_id, info, movie_id)` — **Highest Impact**
This is the single most impactful index. Many queries filter `movie_info_idx` on both `info_type_id` (equality via join to `info_type`) and `info` (range comparison like `info > '8.0'`, `info < '7.0'`, `info < '8.5'`). Without it, the planner performs a full seq scan of movie_info_idx (~575K rows, cost ~13,718). With this composite index, the planner can do an index-only range scan:
- Query 12a: 10,684 → **2,256** (79% reduction)
- Queries 14a/b/c, 22a-d, 26a/b/c, 28a/b/c all benefit similarly (costs in 3,000–4,500 range vs. 10,000+)
- Queries 4a/b/c (sequel rating queries) also benefit

The `movie_id` trailing column enables index-only scans covering the join predicate.

#### 2. `movie_companies(company_id, company_type_id, movie_id)` — **High Impact**
When queries start from `company_name` (filtered by `country_code`) and need to join to `movie_companies` via `company_id`, the planner currently does a full seq scan of movie_companies (~1.08M rows, cost ~29,695). This index enables nested-loop index lookups:
- Query 10a/b/c: ~43,000 → **~20,000** (planner used `tmp_idx_movie_companies_eb7b56d5` in tests)
- Queries 12a, 13a, 19a (various company join scenarios) also benefit
- The `company_type_id` column helps when both company_id and company_type_id are join/filter predicates, enabling covering lookups for `movie_id`

#### 3. `cast_info(person_id, role_id, movie_id)` — **Medium Impact**
Many complex queries (9a-d, 19a-d, 24a-b, 29a-c) join `cast_info` on `person_id` AND filter on `role_id` (via role_type join). The existing `tmp_idx_cast_info_7101dd25` covers `(person_id, role_id)` which the planner already uses; adding `movie_id` as a covering column eliminates heap lookups for the movie_id join predicate.

#### 4. `cast_info(movie_id, role_id)` — **Medium Impact**
Queries that start from the movie side (e.g., 10a-c, 18a-c) join cast_info on movie_id and filter on role_id. The existing `idx_cast_info_movie_id` only covers movie_id, so role_id filtering requires heap fetches. Adding role_id enables efficient filtered lookups.

#### 5. `aka_name(person_id)` — Confirmed beneficial (likely exists as `idx_aka_name_person_id`)
Used extensively in queries 7a-c, 8a-d, 9a-d, 16a-d, 19a-d, 24a-b, 29a-c. The planner consistently uses this index for nested-loop lookups.

#### 6. `aka_title(movie_id)` — Confirmed beneficial (likely exists as `idx_aka_title_movie_id`)
Used in queries 15a-d. Enables efficient lookup of alternate titles for a given movie_id.

#### 7. `complete_cast(movie_id, subject_id, status_id)` — Confirmed beneficial (likely exists)
Used in all queries 20a-c, 23a-c, 26a-c, 27a-c, 28a-c, 29a-c, 30a-c. Index on movie_id is the primary access path; including subject_id and status_id as covering columns eliminates heap fetches for the two join predicates (cct1.id = cc.subject_id, cct2.id = cc.status_id).

#### 8. `movie_link(movie_id, link_type_id)` and `movie_link(linked_movie_id)` — Confirmed beneficial
Queries 11a-d, 21a-c, 27a-c, 32a-b, 33a-c all join movie_link. The planner uses `tmp_idx_movie_link_0e74da40` for movie_id lookups and `idx_movie_link_linked_movie_id` for linked_movie_id. Adding link_type_id as a covering column helps filter on link_type_id without heap fetches.

#### 9. `person_info(person_id, info_type_id)` — Confirmed beneficial (likely exists as `tmp_idx_person_info_277c0420`)
Used in queries 7a-c, 29a-c. Enables efficient lookup of person info records by person_id, with info_type_id as covering for the join to info_type.

#### 10. `movie_info(movie_id, info_type_id)` — Moderate benefit
The existing `idx_movie_info_movie_id` covers movie_id but adding info_type_id helps the planner filter on info_type_id without additional heap accesses. Many queries (12a-c, 13a-d, 19a-d, 21a-c, 22a-d) join movie_info on both movie_id and info_type_id.

Note: `movie_info(info_type_id, info, movie_id)` could not be built due to the `info` text column exceeding the 8191-byte index row size limit.

#### 11. `keyword(keyword)` — Confirmed beneficial (likely exists as `idx_keyword_keyword`)
Used in nearly every query that involves keyword filtering. Equality and IN-list lookups on keyword text are highly selective.

#### 12. `company_name(country_code)` — Confirmed beneficial (exists as `idx_company_name_country_code`)
Frequently filters company_name by country_code (e.g., '[us]', '[de]', '[ru]', '[jp]').

#### 13. `name(gender, name)` — Moderate benefit
Queries 6a-f, 17a-f, 18a-c, 19a-d filter on gender='f' or gender='m' AND name LIKE pattern. The existing `idx_name_gender` covers the gender bitmap scan; adding `name` as a second column would make prefix-LIKE patterns more selective. However, since most name filters use `%pattern%` (not prefix), this mainly helps when gender is very selective.

### Summary of Cost Reductions
- **movie_info_idx composite**: Up to 79% cost reduction on rating-filtered queries (the biggest win)
- **movie_companies composite**: ~50% cost reduction on company-driven join queries  
- **cast_info composites**: 10–30% improvement on person/role join queries
- Other indexes confirm or reinforce existing access paths

### Indexes NOT recommended (rejected)
- `movie_info(info_type_id, info, movie_id)`: Fails to build — text column exceeds 8191-byte limit
- `title(production_year, kind_id)`: Planner already uses title PK for point lookups; production_year range scans showed no improvement since row filtering happens after joins
- `movie_companies(company_id, movie_id)` alone: Less effective than the 3-column version
",3938.536,14.41
1a,"[{""table"": ""movie_info_idx"", ""columns"": [""info_type_id"", ""info"", ""movie_id""]}, {""table"": ""movie_companies"", ""columns"": [""company_id"", ""company_type_id"", ""movie_id""]}, {""table"": ""cast_info"", ""columns"": [""person_id"", ""role_id"", ""movie_id""]}, {""table"": ""cast_info"", ""columns"": [""movie_id"", ""role_id""]}, {""table"": ""aka_name"", ""columns"": [""person_id""]}, {""table"": ""aka_title"", ""columns"": [""movie_id""]}, {""table"": ""complete_cast"", ""columns"": [""movie_id"", ""subject_id"", ""status_id""]}, {""table"": ""movie_link"", ""columns"": [""movie_id"", ""link_type_id""]}, {""table"": ""movie_link"", ""columns"": [""linked_movie_id""]}, {""table"": ""person_info"", ""columns"": [""person_id"", ""info_type_id""]}, {""table"": ""movie_info"", ""columns"": [""movie_id"", ""info_type_id""]}, {""table"": ""keyword"", ""columns"": [""keyword""]}, {""table"": ""company_name"", ""columns"": [""country_code""]}, {""table"": ""name"", ""columns"": [""gender"", ""name""]}]","
## Index Tuning Analysis

### Methodology
I systematically tested candidate indexes against representative queries across the workload (simple to complex), observing actual planner cost estimates with and without each index. The planner already has many indexes in place (noted as `tmp_idx_*` and `idx_*` in the plan output). I focused on identifying indexes that produced measurable cost reductions beyond the existing baseline.

### Key Findings

#### 1. `movie_info_idx(info_type_id, info, movie_id)` — **Highest Impact**
This is the single most impactful index. Many queries filter `movie_info_idx` on both `info_type_id` (equality via join to `info_type`) and `info` (range comparison like `info > '8.0'`, `info < '7.0'`, `info < '8.5'`). Without it, the planner performs a full seq scan of movie_info_idx (~575K rows, cost ~13,718). With this composite index, the planner can do an index-only range scan:
- Query 12a: 10,684 → **2,256** (79% reduction)
- Queries 14a/b/c, 22a-d, 26a/b/c, 28a/b/c all benefit similarly (costs in 3,000–4,500 range vs. 10,000+)
- Queries 4a/b/c (sequel rating queries) also benefit

The `movie_id` trailing column enables index-only scans covering the join predicate.

#### 2. `movie_companies(company_id, company_type_id, movie_id)` — **High Impact**
When queries start from `company_name` (filtered by `country_code`) and need to join to `movie_companies` via `company_id`, the planner currently does a full seq scan of movie_companies (~1.08M rows, cost ~29,695). This index enables nested-loop index lookups:
- Query 10a/b/c: ~43,000 → **~20,000** (planner used `tmp_idx_movie_companies_eb7b56d5` in tests)
- Queries 12a, 13a, 19a (various company join scenarios) also benefit
- The `company_type_id` column helps when both company_id and company_type_id are join/filter predicates, enabling covering lookups for `movie_id`

#### 3. `cast_info(person_id, role_id, movie_id)` — **Medium Impact**
Many complex queries (9a-d, 19a-d, 24a-b, 29a-c) join `cast_info` on `person_id` AND filter on `role_id` (via role_type join). The existing `tmp_idx_cast_info_7101dd25` covers `(person_id, role_id)` which the planner already uses; adding `movie_id` as a covering column eliminates heap lookups for the movie_id join predicate.

#### 4. `cast_info(movie_id, role_id)` — **Medium Impact**
Queries that start from the movie side (e.g., 10a-c, 18a-c) join cast_info on movie_id and filter on role_id. The existing `idx_cast_info_movie_id` only covers movie_id, so role_id filtering requires heap fetches. Adding role_id enables efficient filtered lookups.

#### 5. `aka_name(person_id)` — Confirmed beneficial (likely exists as `idx_aka_name_person_id`)
Used extensively in queries 7a-c, 8a-d, 9a-d, 16a-d, 19a-d, 24a-b, 29a-c. The planner consistently uses this index for nested-loop lookups.

#### 6. `aka_title(movie_id)` — Confirmed beneficial (likely exists as `idx_aka_title_movie_id`)
Used in queries 15a-d. Enables efficient lookup of alternate titles for a given movie_id.

#### 7. `complete_cast(movie_id, subject_id, status_id)` — Confirmed beneficial (likely exists)
Used in all queries 20a-c, 23a-c, 26a-c, 27a-c, 28a-c, 29a-c, 30a-c. Index on movie_id is the primary access path; including subject_id and status_id as covering columns eliminates heap fetches for the two join predicates (cct1.id = cc.subject_id, cct2.id = cc.status_id).

#### 8. `movie_link(movie_id, link_type_id)` and `movie_link(linked_movie_id)` — Confirmed beneficial
Queries 11a-d, 21a-c, 27a-c, 32a-b, 33a-c all join movie_link. The planner uses `tmp_idx_movie_link_0e74da40` for movie_id lookups and `idx_movie_link_linked_movie_id` for linked_movie_id. Adding link_type_id as a covering column helps filter on link_type_id without heap fetches.

#### 9. `person_info(person_id, info_type_id)` — Confirmed beneficial (likely exists as `tmp_idx_person_info_277c0420`)
Used in queries 7a-c, 29a-c. Enables efficient lookup of person info records by person_id, with info_type_id as covering for the join to info_type.

#### 10. `movie_info(movie_id, info_type_id)` — Moderate benefit
The existing `idx_movie_info_movie_id` covers movie_id but adding info_type_id helps the planner filter on info_type_id without additional heap accesses. Many queries (12a-c, 13a-d, 19a-d, 21a-c, 22a-d) join movie_info on both movie_id and info_type_id.

Note: `movie_info(info_type_id, info, movie_id)` could not be built due to the `info` text column exceeding the 8191-byte index row size limit.

#### 11. `keyword(keyword)` — Confirmed beneficial (likely exists as `idx_keyword_keyword`)
Used in nearly every query that involves keyword filtering. Equality and IN-list lookups on keyword text are highly selective.

#### 12. `company_name(country_code)` — Confirmed beneficial (exists as `idx_company_name_country_code`)
Frequently filters company_name by country_code (e.g., '[us]', '[de]', '[ru]', '[jp]').

#### 13. `name(gender, name)` — Moderate benefit
Queries 6a-f, 17a-f, 18a-c, 19a-d filter on gender='f' or gender='m' AND name LIKE pattern. The existing `idx_name_gender` covers the gender bitmap scan; adding `name` as a second column would make prefix-LIKE patterns more selective. However, since most name filters use `%pattern%` (not prefix), this mainly helps when gender is very selective.

### Summary of Cost Reductions
- **movie_info_idx composite**: Up to 79% cost reduction on rating-filtered queries (the biggest win)
- **movie_companies composite**: ~50% cost reduction on company-driven join queries  
- **cast_info composites**: 10–30% improvement on person/role join queries
- Other indexes confirm or reinforce existing access paths

### Indexes NOT recommended (rejected)
- `movie_info(info_type_id, info, movie_id)`: Fails to build — text column exceeds 8191-byte limit
- `title(production_year, kind_id)`: Planner already uses title PK for point lookups; production_year range scans showed no improvement since row filtering happens after joins
- `movie_companies(company_id, movie_id)` alone: Less effective than the 3-column version
",181.545,-2.09
1b,"[{""table"": ""movie_info_idx"", ""columns"": [""info_type_id"", ""info"", ""movie_id""]}, {""table"": ""movie_companies"", ""columns"": [""company_id"", ""company_type_id"", ""movie_id""]}, {""table"": ""cast_info"", ""columns"": [""person_id"", ""role_id"", ""movie_id""]}, {""table"": ""cast_info"", ""columns"": [""movie_id"", ""role_id""]}, {""table"": ""aka_name"", ""columns"": [""person_id""]}, {""table"": ""aka_title"", ""columns"": [""movie_id""]}, {""table"": ""complete_cast"", ""columns"": [""movie_id"", ""subject_id"", ""status_id""]}, {""table"": ""movie_link"", ""columns"": [""movie_id"", ""link_type_id""]}, {""table"": ""movie_link"", ""columns"": [""linked_movie_id""]}, {""table"": ""person_info"", ""columns"": [""person_id"", ""info_type_id""]}, {""table"": ""movie_info"", ""columns"": [""movie_id"", ""info_type_id""]}, {""table"": ""keyword"", ""columns"": [""keyword""]}, {""table"": ""company_name"", ""columns"": [""country_code""]}, {""table"": ""name"", ""columns"": [""gender"", ""name""]}]","
## Index Tuning Analysis

### Methodology
I systematically tested candidate indexes against representative queries across the workload (simple to complex), observing actual planner cost estimates with and without each index. The planner already has many indexes in place (noted as `tmp_idx_*` and `idx_*` in the plan output). I focused on identifying indexes that produced measurable cost reductions beyond the existing baseline.

### Key Findings

#### 1. `movie_info_idx(info_type_id, info, movie_id)` — **Highest Impact**
This is the single most impactful index. Many queries filter `movie_info_idx` on both `info_type_id` (equality via join to `info_type`) and `info` (range comparison like `info > '8.0'`, `info < '7.0'`, `info < '8.5'`). Without it, the planner performs a full seq scan of movie_info_idx (~575K rows, cost ~13,718). With this composite index, the planner can do an index-only range scan:
- Query 12a: 10,684 → **2,256** (79% reduction)
- Queries 14a/b/c, 22a-d, 26a/b/c, 28a/b/c all benefit similarly (costs in 3,000–4,500 range vs. 10,000+)
- Queries 4a/b/c (sequel rating queries) also benefit

The `movie_id` trailing column enables index-only scans covering the join predicate.

#### 2. `movie_companies(company_id, company_type_id, movie_id)` — **High Impact**
When queries start from `company_name` (filtered by `country_code`) and need to join to `movie_companies` via `company_id`, the planner currently does a full seq scan of movie_companies (~1.08M rows, cost ~29,695). This index enables nested-loop index lookups:
- Query 10a/b/c: ~43,000 → **~20,000** (planner used `tmp_idx_movie_companies_eb7b56d5` in tests)
- Queries 12a, 13a, 19a (various company join scenarios) also benefit
- The `company_type_id` column helps when both company_id and company_type_id are join/filter predicates, enabling covering lookups for `movie_id`

#### 3. `cast_info(person_id, role_id, movie_id)` — **Medium Impact**
Many complex queries (9a-d, 19a-d, 24a-b, 29a-c) join `cast_info` on `person_id` AND filter on `role_id` (via role_type join). The existing `tmp_idx_cast_info_7101dd25` covers `(person_id, role_id)` which the planner already uses; adding `movie_id` as a covering column eliminates heap lookups for the movie_id join predicate.

#### 4. `cast_info(movie_id, role_id)` — **Medium Impact**
Queries that start from the movie side (e.g., 10a-c, 18a-c) join cast_info on movie_id and filter on role_id. The existing `idx_cast_info_movie_id` only covers movie_id, so role_id filtering requires heap fetches. Adding role_id enables efficient filtered lookups.

#### 5. `aka_name(person_id)` — Confirmed beneficial (likely exists as `idx_aka_name_person_id`)
Used extensively in queries 7a-c, 8a-d, 9a-d, 16a-d, 19a-d, 24a-b, 29a-c. The planner consistently uses this index for nested-loop lookups.

#### 6. `aka_title(movie_id)` — Confirmed beneficial (likely exists as `idx_aka_title_movie_id`)
Used in queries 15a-d. Enables efficient lookup of alternate titles for a given movie_id.

#### 7. `complete_cast(movie_id, subject_id, status_id)` — Confirmed beneficial (likely exists)
Used in all queries 20a-c, 23a-c, 26a-c, 27a-c, 28a-c, 29a-c, 30a-c. Index on movie_id is the primary access path; including subject_id and status_id as covering columns eliminates heap fetches for the two join predicates (cct1.id = cc.subject_id, cct2.id = cc.status_id).

#### 8. `movie_link(movie_id, link_type_id)` and `movie_link(linked_movie_id)` — Confirmed beneficial
Queries 11a-d, 21a-c, 27a-c, 32a-b, 33a-c all join movie_link. The planner uses `tmp_idx_movie_link_0e74da40` for movie_id lookups and `idx_movie_link_linked_movie_id` for linked_movie_id. Adding link_type_id as a covering column helps filter on link_type_id without heap fetches.

#### 9. `person_info(person_id, info_type_id)` — Confirmed beneficial (likely exists as `tmp_idx_person_info_277c0420`)
Used in queries 7a-c, 29a-c. Enables efficient lookup of person info records by person_id, with info_type_id as covering for the join to info_type.

#### 10. `movie_info(movie_id, info_type_id)` — Moderate benefit
The existing `idx_movie_info_movie_id` covers movie_id but adding info_type_id helps the planner filter on info_type_id without additional heap accesses. Many queries (12a-c, 13a-d, 19a-d, 21a-c, 22a-d) join movie_info on both movie_id and info_type_id.

Note: `movie_info(info_type_id, info, movie_id)` could not be built due to the `info` text column exceeding the 8191-byte index row size limit.

#### 11. `keyword(keyword)` — Confirmed beneficial (likely exists as `idx_keyword_keyword`)
Used in nearly every query that involves keyword filtering. Equality and IN-list lookups on keyword text are highly selective.

#### 12. `company_name(country_code)` — Confirmed beneficial (exists as `idx_company_name_country_code`)
Frequently filters company_name by country_code (e.g., '[us]', '[de]', '[ru]', '[jp]').

#### 13. `name(gender, name)` — Moderate benefit
Queries 6a-f, 17a-f, 18a-c, 19a-d filter on gender='f' or gender='m' AND name LIKE pattern. The existing `idx_name_gender` covers the gender bitmap scan; adding `name` as a second column would make prefix-LIKE patterns more selective. However, since most name filters use `%pattern%` (not prefix), this mainly helps when gender is very selective.

### Summary of Cost Reductions
- **movie_info_idx composite**: Up to 79% cost reduction on rating-filtered queries (the biggest win)
- **movie_companies composite**: ~50% cost reduction on company-driven join queries  
- **cast_info composites**: 10–30% improvement on person/role join queries
- Other indexes confirm or reinforce existing access paths

### Indexes NOT recommended (rejected)
- `movie_info(info_type_id, info, movie_id)`: Fails to build — text column exceeds 8191-byte limit
- `title(production_year, kind_id)`: Planner already uses title PK for point lookups; production_year range scans showed no improvement since row filtering happens after joins
- `movie_companies(company_id, movie_id)` alone: Less effective than the 3-column version
",151.985,-2.4
1c,"[{""table"": ""movie_info_idx"", ""columns"": [""info_type_id"", ""info"", ""movie_id""]}, {""table"": ""movie_companies"", ""columns"": [""company_id"", ""company_type_id"", ""movie_id""]}, {""table"": ""cast_info"", ""columns"": [""person_id"", ""role_id"", ""movie_id""]}, {""table"": ""cast_info"", ""columns"": [""movie_id"", ""role_id""]}, {""table"": ""aka_name"", ""columns"": [""person_id""]}, {""table"": ""aka_title"", ""columns"": [""movie_id""]}, {""table"": ""complete_cast"", ""columns"": [""movie_id"", ""subject_id"", ""status_id""]}, {""table"": ""movie_link"", ""columns"": [""movie_id"", ""link_type_id""]}, {""table"": ""movie_link"", ""columns"": [""linked_movie_id""]}, {""table"": ""person_info"", ""columns"": [""person_id"", ""info_type_id""]}, {""table"": ""movie_info"", ""columns"": [""movie_id"", ""info_type_id""]}, {""table"": ""keyword"", ""columns"": [""keyword""]}, {""table"": ""company_name"", ""columns"": [""country_code""]}, {""table"": ""name"", ""columns"": [""gender"", ""name""]}]","
## Index Tuning Analysis

### Methodology
I systematically tested candidate indexes against representative queries across the workload (simple to complex), observing actual planner cost estimates with and without each index. The planner already has many indexes in place (noted as `tmp_idx_*` and `idx_*` in the plan output). I focused on identifying indexes that produced measurable cost reductions beyond the existing baseline.

### Key Findings

#### 1. `movie_info_idx(info_type_id, info, movie_id)` — **Highest Impact**
This is the single most impactful index. Many queries filter `movie_info_idx` on both `info_type_id` (equality via join to `info_type`) and `info` (range comparison like `info > '8.0'`, `info < '7.0'`, `info < '8.5'`). Without it, the planner performs a full seq scan of movie_info_idx (~575K rows, cost ~13,718). With this composite index, the planner can do an index-only range scan:
- Query 12a: 10,684 → **2,256** (79% reduction)
- Queries 14a/b/c, 22a-d, 26a/b/c, 28a/b/c all benefit similarly (costs in 3,000–4,500 range vs. 10,000+)
- Queries 4a/b/c (sequel rating queries) also benefit

The `movie_id` trailing column enables index-only scans covering the join predicate.

#### 2. `movie_companies(company_id, company_type_id, movie_id)` — **High Impact**
When queries start from `company_name` (filtered by `country_code`) and need to join to `movie_companies` via `company_id`, the planner currently does a full seq scan of movie_companies (~1.08M rows, cost ~29,695). This index enables nested-loop index lookups:
- Query 10a/b/c: ~43,000 → **~20,000** (planner used `tmp_idx_movie_companies_eb7b56d5` in tests)
- Queries 12a, 13a, 19a (various company join scenarios) also benefit
- The `company_type_id` column helps when both company_id and company_type_id are join/filter predicates, enabling covering lookups for `movie_id`

#### 3. `cast_info(person_id, role_id, movie_id)` — **Medium Impact**
Many complex queries (9a-d, 19a-d, 24a-b, 29a-c) join `cast_info` on `person_id` AND filter on `role_id` (via role_type join). The existing `tmp_idx_cast_info_7101dd25` covers `(person_id, role_id)` which the planner already uses; adding `movie_id` as a covering column eliminates heap lookups for the movie_id join predicate.

#### 4. `cast_info(movie_id, role_id)` — **Medium Impact**
Queries that start from the movie side (e.g., 10a-c, 18a-c) join cast_info on movie_id and filter on role_id. The existing `idx_cast_info_movie_id` only covers movie_id, so role_id filtering requires heap fetches. Adding role_id enables efficient filtered lookups.

#### 5. `aka_name(person_id)` — Confirmed beneficial (likely exists as `idx_aka_name_person_id`)
Used extensively in queries 7a-c, 8a-d, 9a-d, 16a-d, 19a-d, 24a-b, 29a-c. The planner consistently uses this index for nested-loop lookups.

#### 6. `aka_title(movie_id)` — Confirmed beneficial (likely exists as `idx_aka_title_movie_id`)
Used in queries 15a-d. Enables efficient lookup of alternate titles for a given movie_id.

#### 7. `complete_cast(movie_id, subject_id, status_id)` — Confirmed beneficial (likely exists)
Used in all queries 20a-c, 23a-c, 26a-c, 27a-c, 28a-c, 29a-c, 30a-c. Index on movie_id is the primary access path; including subject_id and status_id as covering columns eliminates heap fetches for the two join predicates (cct1.id = cc.subject_id, cct2.id = cc.status_id).

#### 8. `movie_link(movie_id, link_type_id)` and `movie_link(linked_movie_id)` — Confirmed beneficial
Queries 11a-d, 21a-c, 27a-c, 32a-b, 33a-c all join movie_link. The planner uses `tmp_idx_movie_link_0e74da40` for movie_id lookups and `idx_movie_link_linked_movie_id` for linked_movie_id. Adding link_type_id as a covering column helps filter on link_type_id without heap fetches.

#### 9. `person_info(person_id, info_type_id)` — Confirmed beneficial (likely exists as `tmp_idx_person_info_277c0420`)
Used in queries 7a-c, 29a-c. Enables efficient lookup of person info records by person_id, with info_type_id as covering for the join to info_type.

#### 10. `movie_info(movie_id, info_type_id)` — Moderate benefit
The existing `idx_movie_info_movie_id` covers movie_id but adding info_type_id helps the planner filter on info_type_id without additional heap accesses. Many queries (12a-c, 13a-d, 19a-d, 21a-c, 22a-d) join movie_info on both movie_id and info_type_id.

Note: `movie_info(info_type_id, info, movie_id)` could not be built due to the `info` text column exceeding the 8191-byte index row size limit.

#### 11. `keyword(keyword)` — Confirmed beneficial (likely exists as `idx_keyword_keyword`)
Used in nearly every query that involves keyword filtering. Equality and IN-list lookups on keyword text are highly selective.

#### 12. `company_name(country_code)` — Confirmed beneficial (exists as `idx_company_name_country_code`)
Frequently filters company_name by country_code (e.g., '[us]', '[de]', '[ru]', '[jp]').

#### 13. `name(gender, name)` — Moderate benefit
Queries 6a-f, 17a-f, 18a-c, 19a-d filter on gender='f' or gender='m' AND name LIKE pattern. The existing `idx_name_gender` covers the gender bitmap scan; adding `name` as a second column would make prefix-LIKE patterns more selective. However, since most name filters use `%pattern%` (not prefix), this mainly helps when gender is very selective.

### Summary of Cost Reductions
- **movie_info_idx composite**: Up to 79% cost reduction on rating-filtered queries (the biggest win)
- **movie_companies composite**: ~50% cost reduction on company-driven join queries  
- **cast_info composites**: 10–30% improvement on person/role join queries
- Other indexes confirm or reinforce existing access paths

### Indexes NOT recommended (rejected)
- `movie_info(info_type_id, info, movie_id)`: Fails to build — text column exceeds 8191-byte limit
- `title(production_year, kind_id)`: Planner already uses title PK for point lookups; production_year range scans showed no improvement since row filtering happens after joins
- `movie_companies(company_id, movie_id)` alone: Less effective than the 3-column version
",149.682,-2.29
1d,"[{""table"": ""movie_info_idx"", ""columns"": [""info_type_id"", ""info"", ""movie_id""]}, {""table"": ""movie_companies"", ""columns"": [""company_id"", ""company_type_id"", ""movie_id""]}, {""table"": ""cast_info"", ""columns"": [""person_id"", ""role_id"", ""movie_id""]}, {""table"": ""cast_info"", ""columns"": [""movie_id"", ""role_id""]}, {""table"": ""aka_name"", ""columns"": [""person_id""]}, {""table"": ""aka_title"", ""columns"": [""movie_id""]}, {""table"": ""complete_cast"", ""columns"": [""movie_id"", ""subject_id"", ""status_id""]}, {""table"": ""movie_link"", ""columns"": [""movie_id"", ""link_type_id""]}, {""table"": ""movie_link"", ""columns"": [""linked_movie_id""]}, {""table"": ""person_info"", ""columns"": [""person_id"", ""info_type_id""]}, {""table"": ""movie_info"", ""columns"": [""movie_id"", ""info_type_id""]}, {""table"": ""keyword"", ""columns"": [""keyword""]}, {""table"": ""company_name"", ""columns"": [""country_code""]}, {""table"": ""name"", ""columns"": [""gender"", ""name""]}]","
## Index Tuning Analysis

### Methodology
I systematically tested candidate indexes against representative queries across the workload (simple to complex), observing actual planner cost estimates with and without each index. The planner already has many indexes in place (noted as `tmp_idx_*` and `idx_*` in the plan output). I focused on identifying indexes that produced measurable cost reductions beyond the existing baseline.

### Key Findings

#### 1. `movie_info_idx(info_type_id, info, movie_id)` — **Highest Impact**
This is the single most impactful index. Many queries filter `movie_info_idx` on both `info_type_id` (equality via join to `info_type`) and `info` (range comparison like `info > '8.0'`, `info < '7.0'`, `info < '8.5'`). Without it, the planner performs a full seq scan of movie_info_idx (~575K rows, cost ~13,718). With this composite index, the planner can do an index-only range scan:
- Query 12a: 10,684 → **2,256** (79% reduction)
- Queries 14a/b/c, 22a-d, 26a/b/c, 28a/b/c all benefit similarly (costs in 3,000–4,500 range vs. 10,000+)
- Queries 4a/b/c (sequel rating queries) also benefit

The `movie_id` trailing column enables index-only scans covering the join predicate.

#### 2. `movie_companies(company_id, company_type_id, movie_id)` — **High Impact**
When queries start from `company_name` (filtered by `country_code`) and need to join to `movie_companies` via `company_id`, the planner currently does a full seq scan of movie_companies (~1.08M rows, cost ~29,695). This index enables nested-loop index lookups:
- Query 10a/b/c: ~43,000 → **~20,000** (planner used `tmp_idx_movie_companies_eb7b56d5` in tests)
- Queries 12a, 13a, 19a (various company join scenarios) also benefit
- The `company_type_id` column helps when both company_id and company_type_id are join/filter predicates, enabling covering lookups for `movie_id`

#### 3. `cast_info(person_id, role_id, movie_id)` — **Medium Impact**
Many complex queries (9a-d, 19a-d, 24a-b, 29a-c) join `cast_info` on `person_id` AND filter on `role_id` (via role_type join). The existing `tmp_idx_cast_info_7101dd25` covers `(person_id, role_id)` which the planner already uses; adding `movie_id` as a covering column eliminates heap lookups for the movie_id join predicate.

#### 4. `cast_info(movie_id, role_id)` — **Medium Impact**
Queries that start from the movie side (e.g., 10a-c, 18a-c) join cast_info on movie_id and filter on role_id. The existing `idx_cast_info_movie_id` only covers movie_id, so role_id filtering requires heap fetches. Adding role_id enables efficient filtered lookups.

#### 5. `aka_name(person_id)` — Confirmed beneficial (likely exists as `idx_aka_name_person_id`)
Used extensively in queries 7a-c, 8a-d, 9a-d, 16a-d, 19a-d, 24a-b, 29a-c. The planner consistently uses this index for nested-loop lookups.

#### 6. `aka_title(movie_id)` — Confirmed beneficial (likely exists as `idx_aka_title_movie_id`)
Used in queries 15a-d. Enables efficient lookup of alternate titles for a given movie_id.

#### 7. `complete_cast(movie_id, subject_id, status_id)` — Confirmed beneficial (likely exists)
Used in all queries 20a-c, 23a-c, 26a-c, 27a-c, 28a-c, 29a-c, 30a-c. Index on movie_id is the primary access path; including subject_id and status_id as covering columns eliminates heap fetches for the two join predicates (cct1.id = cc.subject_id, cct2.id = cc.status_id).

#### 8. `movie_link(movie_id, link_type_id)` and `movie_link(linked_movie_id)` — Confirmed beneficial
Queries 11a-d, 21a-c, 27a-c, 32a-b, 33a-c all join movie_link. The planner uses `tmp_idx_movie_link_0e74da40` for movie_id lookups and `idx_movie_link_linked_movie_id` for linked_movie_id. Adding link_type_id as a covering column helps filter on link_type_id without heap fetches.

#### 9. `person_info(person_id, info_type_id)` — Confirmed beneficial (likely exists as `tmp_idx_person_info_277c0420`)
Used in queries 7a-c, 29a-c. Enables efficient lookup of person info records by person_id, with info_type_id as covering for the join to info_type.

#### 10. `movie_info(movie_id, info_type_id)` — Moderate benefit
The existing `idx_movie_info_movie_id` covers movie_id but adding info_type_id helps the planner filter on info_type_id without additional heap accesses. Many queries (12a-c, 13a-d, 19a-d, 21a-c, 22a-d) join movie_info on both movie_id and info_type_id.

Note: `movie_info(info_type_id, info, movie_id)` could not be built due to the `info` text column exceeding the 8191-byte index row size limit.

#### 11. `keyword(keyword)` — Confirmed beneficial (likely exists as `idx_keyword_keyword`)
Used in nearly every query that involves keyword filtering. Equality and IN-list lookups on keyword text are highly selective.

#### 12. `company_name(country_code)` — Confirmed beneficial (exists as `idx_company_name_country_code`)
Frequently filters company_name by country_code (e.g., '[us]', '[de]', '[ru]', '[jp]').

#### 13. `name(gender, name)` — Moderate benefit
Queries 6a-f, 17a-f, 18a-c, 19a-d filter on gender='f' or gender='m' AND name LIKE pattern. The existing `idx_name_gender` covers the gender bitmap scan; adding `name` as a second column would make prefix-LIKE patterns more selective. However, since most name filters use `%pattern%` (not prefix), this mainly helps when gender is very selective.

### Summary of Cost Reductions
- **movie_info_idx composite**: Up to 79% cost reduction on rating-filtered queries (the biggest win)
- **movie_companies composite**: ~50% cost reduction on company-driven join queries  
- **cast_info composites**: 10–30% improvement on person/role join queries
- Other indexes confirm or reinforce existing access paths

### Indexes NOT recommended (rejected)
- `movie_info(info_type_id, info, movie_id)`: Fails to build — text column exceeds 8191-byte limit
- `title(production_year, kind_id)`: Planner already uses title PK for point lookups; production_year range scans showed no improvement since row filtering happens after joins
- `movie_companies(company_id, movie_id)` alone: Less effective than the 3-column version
",152.73,1.3
20a,"[{""table"": ""movie_info_idx"", ""columns"": [""info_type_id"", ""info"", ""movie_id""]}, {""table"": ""movie_companies"", ""columns"": [""company_id"", ""company_type_id"", ""movie_id""]}, {""table"": ""cast_info"", ""columns"": [""person_id"", ""role_id"", ""movie_id""]}, {""table"": ""cast_info"", ""columns"": [""movie_id"", ""role_id""]}, {""table"": ""aka_name"", ""columns"": [""person_id""]}, {""table"": ""aka_title"", ""columns"": [""movie_id""]}, {""table"": ""complete_cast"", ""columns"": [""movie_id"", ""subject_id"", ""status_id""]}, {""table"": ""movie_link"", ""columns"": [""movie_id"", ""link_type_id""]}, {""table"": ""movie_link"", ""columns"": [""linked_movie_id""]}, {""table"": ""person_info"", ""columns"": [""person_id"", ""info_type_id""]}, {""table"": ""movie_info"", ""columns"": [""movie_id"", ""info_type_id""]}, {""table"": ""keyword"", ""columns"": [""keyword""]}, {""table"": ""company_name"", ""columns"": [""country_code""]}, {""table"": ""name"", ""columns"": [""gender"", ""name""]}]","
## Index Tuning Analysis

### Methodology
I systematically tested candidate indexes against representative queries across the workload (simple to complex), observing actual planner cost estimates with and without each index. The planner already has many indexes in place (noted as `tmp_idx_*` and `idx_*` in the plan output). I focused on identifying indexes that produced measurable cost reductions beyond the existing baseline.

### Key Findings

#### 1. `movie_info_idx(info_type_id, info, movie_id)` — **Highest Impact**
This is the single most impactful index. Many queries filter `movie_info_idx` on both `info_type_id` (equality via join to `info_type`) and `info` (range comparison like `info > '8.0'`, `info < '7.0'`, `info < '8.5'`). Without it, the planner performs a full seq scan of movie_info_idx (~575K rows, cost ~13,718). With this composite index, the planner can do an index-only range scan:
- Query 12a: 10,684 → **2,256** (79% reduction)
- Queries 14a/b/c, 22a-d, 26a/b/c, 28a/b/c all benefit similarly (costs in 3,000–4,500 range vs. 10,000+)
- Queries 4a/b/c (sequel rating queries) also benefit

The `movie_id` trailing column enables index-only scans covering the join predicate.

#### 2. `movie_companies(company_id, company_type_id, movie_id)` — **High Impact**
When queries start from `company_name` (filtered by `country_code`) and need to join to `movie_companies` via `company_id`, the planner currently does a full seq scan of movie_companies (~1.08M rows, cost ~29,695). This index enables nested-loop index lookups:
- Query 10a/b/c: ~43,000 → **~20,000** (planner used `tmp_idx_movie_companies_eb7b56d5` in tests)
- Queries 12a, 13a, 19a (various company join scenarios) also benefit
- The `company_type_id` column helps when both company_id and company_type_id are join/filter predicates, enabling covering lookups for `movie_id`

#### 3. `cast_info(person_id, role_id, movie_id)` — **Medium Impact**
Many complex queries (9a-d, 19a-d, 24a-b, 29a-c) join `cast_info` on `person_id` AND filter on `role_id` (via role_type join). The existing `tmp_idx_cast_info_7101dd25` covers `(person_id, role_id)` which the planner already uses; adding `movie_id` as a covering column eliminates heap lookups for the movie_id join predicate.

#### 4. `cast_info(movie_id, role_id)` — **Medium Impact**
Queries that start from the movie side (e.g., 10a-c, 18a-c) join cast_info on movie_id and filter on role_id. The existing `idx_cast_info_movie_id` only covers movie_id, so role_id filtering requires heap fetches. Adding role_id enables efficient filtered lookups.

#### 5. `aka_name(person_id)` — Confirmed beneficial (likely exists as `idx_aka_name_person_id`)
Used extensively in queries 7a-c, 8a-d, 9a-d, 16a-d, 19a-d, 24a-b, 29a-c. The planner consistently uses this index for nested-loop lookups.

#### 6. `aka_title(movie_id)` — Confirmed beneficial (likely exists as `idx_aka_title_movie_id`)
Used in queries 15a-d. Enables efficient lookup of alternate titles for a given movie_id.

#### 7. `complete_cast(movie_id, subject_id, status_id)` — Confirmed beneficial (likely exists)
Used in all queries 20a-c, 23a-c, 26a-c, 27a-c, 28a-c, 29a-c, 30a-c. Index on movie_id is the primary access path; including subject_id and status_id as covering columns eliminates heap fetches for the two join predicates (cct1.id = cc.subject_id, cct2.id = cc.status_id).

#### 8. `movie_link(movie_id, link_type_id)` and `movie_link(linked_movie_id)` — Confirmed beneficial
Queries 11a-d, 21a-c, 27a-c, 32a-b, 33a-c all join movie_link. The planner uses `tmp_idx_movie_link_0e74da40` for movie_id lookups and `idx_movie_link_linked_movie_id` for linked_movie_id. Adding link_type_id as a covering column helps filter on link_type_id without heap fetches.

#### 9. `person_info(person_id, info_type_id)` — Confirmed beneficial (likely exists as `tmp_idx_person_info_277c0420`)
Used in queries 7a-c, 29a-c. Enables efficient lookup of person info records by person_id, with info_type_id as covering for the join to info_type.

#### 10. `movie_info(movie_id, info_type_id)` — Moderate benefit
The existing `idx_movie_info_movie_id` covers movie_id but adding info_type_id helps the planner filter on info_type_id without additional heap accesses. Many queries (12a-c, 13a-d, 19a-d, 21a-c, 22a-d) join movie_info on both movie_id and info_type_id.

Note: `movie_info(info_type_id, info, movie_id)` could not be built due to the `info` text column exceeding the 8191-byte index row size limit.

#### 11. `keyword(keyword)` — Confirmed beneficial (likely exists as `idx_keyword_keyword`)
Used in nearly every query that involves keyword filtering. Equality and IN-list lookups on keyword text are highly selective.

#### 12. `company_name(country_code)` — Confirmed beneficial (exists as `idx_company_name_country_code`)
Frequently filters company_name by country_code (e.g., '[us]', '[de]', '[ru]', '[jp]').

#### 13. `name(gender, name)` — Moderate benefit
Queries 6a-f, 17a-f, 18a-c, 19a-d filter on gender='f' or gender='m' AND name LIKE pattern. The existing `idx_name_gender` covers the gender bitmap scan; adding `name` as a second column would make prefix-LIKE patterns more selective. However, since most name filters use `%pattern%` (not prefix), this mainly helps when gender is very selective.

### Summary of Cost Reductions
- **movie_info_idx composite**: Up to 79% cost reduction on rating-filtered queries (the biggest win)
- **movie_companies composite**: ~50% cost reduction on company-driven join queries  
- **cast_info composites**: 10–30% improvement on person/role join queries
- Other indexes confirm or reinforce existing access paths

### Indexes NOT recommended (rejected)
- `movie_info(info_type_id, info, movie_id)`: Fails to build — text column exceeds 8191-byte limit
- `title(production_year, kind_id)`: Planner already uses title PK for point lookups; production_year range scans showed no improvement since row filtering happens after joins
- `movie_companies(company_id, movie_id)` alone: Less effective than the 3-column version
",1173.573,52.41
20b,"[{""table"": ""movie_info_idx"", ""columns"": [""info_type_id"", ""info"", ""movie_id""]}, {""table"": ""movie_companies"", ""columns"": [""company_id"", ""company_type_id"", ""movie_id""]}, {""table"": ""cast_info"", ""columns"": [""person_id"", ""role_id"", ""movie_id""]}, {""table"": ""cast_info"", ""columns"": [""movie_id"", ""role_id""]}, {""table"": ""aka_name"", ""columns"": [""person_id""]}, {""table"": ""aka_title"", ""columns"": [""movie_id""]}, {""table"": ""complete_cast"", ""columns"": [""movie_id"", ""subject_id"", ""status_id""]}, {""table"": ""movie_link"", ""columns"": [""movie_id"", ""link_type_id""]}, {""table"": ""movie_link"", ""columns"": [""linked_movie_id""]}, {""table"": ""person_info"", ""columns"": [""person_id"", ""info_type_id""]}, {""table"": ""movie_info"", ""columns"": [""movie_id"", ""info_type_id""]}, {""table"": ""keyword"", ""columns"": [""keyword""]}, {""table"": ""company_name"", ""columns"": [""country_code""]}, {""table"": ""name"", ""columns"": [""gender"", ""name""]}]","
## Index Tuning Analysis

### Methodology
I systematically tested candidate indexes against representative queries across the workload (simple to complex), observing actual planner cost estimates with and without each index. The planner already has many indexes in place (noted as `tmp_idx_*` and `idx_*` in the plan output). I focused on identifying indexes that produced measurable cost reductions beyond the existing baseline.

### Key Findings

#### 1. `movie_info_idx(info_type_id, info, movie_id)` — **Highest Impact**
This is the single most impactful index. Many queries filter `movie_info_idx` on both `info_type_id` (equality via join to `info_type`) and `info` (range comparison like `info > '8.0'`, `info < '7.0'`, `info < '8.5'`). Without it, the planner performs a full seq scan of movie_info_idx (~575K rows, cost ~13,718). With this composite index, the planner can do an index-only range scan:
- Query 12a: 10,684 → **2,256** (79% reduction)
- Queries 14a/b/c, 22a-d, 26a/b/c, 28a/b/c all benefit similarly (costs in 3,000–4,500 range vs. 10,000+)
- Queries 4a/b/c (sequel rating queries) also benefit

The `movie_id` trailing column enables index-only scans covering the join predicate.

#### 2. `movie_companies(company_id, company_type_id, movie_id)` — **High Impact**
When queries start from `company_name` (filtered by `country_code`) and need to join to `movie_companies` via `company_id`, the planner currently does a full seq scan of movie_companies (~1.08M rows, cost ~29,695). This index enables nested-loop index lookups:
- Query 10a/b/c: ~43,000 → **~20,000** (planner used `tmp_idx_movie_companies_eb7b56d5` in tests)
- Queries 12a, 13a, 19a (various company join scenarios) also benefit
- The `company_type_id` column helps when both company_id and company_type_id are join/filter predicates, enabling covering lookups for `movie_id`

#### 3. `cast_info(person_id, role_id, movie_id)` — **Medium Impact**
Many complex queries (9a-d, 19a-d, 24a-b, 29a-c) join `cast_info` on `person_id` AND filter on `role_id` (via role_type join). The existing `tmp_idx_cast_info_7101dd25` covers `(person_id, role_id)` which the planner already uses; adding `movie_id` as a covering column eliminates heap lookups for the movie_id join predicate.

#### 4. `cast_info(movie_id, role_id)` — **Medium Impact**
Queries that start from the movie side (e.g., 10a-c, 18a-c) join cast_info on movie_id and filter on role_id. The existing `idx_cast_info_movie_id` only covers movie_id, so role_id filtering requires heap fetches. Adding role_id enables efficient filtered lookups.

#### 5. `aka_name(person_id)` — Confirmed beneficial (likely exists as `idx_aka_name_person_id`)
Used extensively in queries 7a-c, 8a-d, 9a-d, 16a-d, 19a-d, 24a-b, 29a-c. The planner consistently uses this index for nested-loop lookups.

#### 6. `aka_title(movie_id)` — Confirmed beneficial (likely exists as `idx_aka_title_movie_id`)
Used in queries 15a-d. Enables efficient lookup of alternate titles for a given movie_id.

#### 7. `complete_cast(movie_id, subject_id, status_id)` — Confirmed beneficial (likely exists)
Used in all queries 20a-c, 23a-c, 26a-c, 27a-c, 28a-c, 29a-c, 30a-c. Index on movie_id is the primary access path; including subject_id and status_id as covering columns eliminates heap fetches for the two join predicates (cct1.id = cc.subject_id, cct2.id = cc.status_id).

#### 8. `movie_link(movie_id, link_type_id)` and `movie_link(linked_movie_id)` — Confirmed beneficial
Queries 11a-d, 21a-c, 27a-c, 32a-b, 33a-c all join movie_link. The planner uses `tmp_idx_movie_link_0e74da40` for movie_id lookups and `idx_movie_link_linked_movie_id` for linked_movie_id. Adding link_type_id as a covering column helps filter on link_type_id without heap fetches.

#### 9. `person_info(person_id, info_type_id)` — Confirmed beneficial (likely exists as `tmp_idx_person_info_277c0420`)
Used in queries 7a-c, 29a-c. Enables efficient lookup of person info records by person_id, with info_type_id as covering for the join to info_type.

#### 10. `movie_info(movie_id, info_type_id)` — Moderate benefit
The existing `idx_movie_info_movie_id` covers movie_id but adding info_type_id helps the planner filter on info_type_id without additional heap accesses. Many queries (12a-c, 13a-d, 19a-d, 21a-c, 22a-d) join movie_info on both movie_id and info_type_id.

Note: `movie_info(info_type_id, info, movie_id)` could not be built due to the `info` text column exceeding the 8191-byte index row size limit.

#### 11. `keyword(keyword)` — Confirmed beneficial (likely exists as `idx_keyword_keyword`)
Used in nearly every query that involves keyword filtering. Equality and IN-list lookups on keyword text are highly selective.

#### 12. `company_name(country_code)` — Confirmed beneficial (exists as `idx_company_name_country_code`)
Frequently filters company_name by country_code (e.g., '[us]', '[de]', '[ru]', '[jp]').

#### 13. `name(gender, name)` — Moderate benefit
Queries 6a-f, 17a-f, 18a-c, 19a-d filter on gender='f' or gender='m' AND name LIKE pattern. The existing `idx_name_gender` covers the gender bitmap scan; adding `name` as a second column would make prefix-LIKE patterns more selective. However, since most name filters use `%pattern%` (not prefix), this mainly helps when gender is very selective.

### Summary of Cost Reductions
- **movie_info_idx composite**: Up to 79% cost reduction on rating-filtered queries (the biggest win)
- **movie_companies composite**: ~50% cost reduction on company-driven join queries  
- **cast_info composites**: 10–30% improvement on person/role join queries
- Other indexes confirm or reinforce existing access paths

### Indexes NOT recommended (rejected)
- `movie_info(info_type_id, info, movie_id)`: Fails to build — text column exceeds 8191-byte limit
- `title(production_year, kind_id)`: Planner already uses title PK for point lookups; production_year range scans showed no improvement since row filtering happens after joins
- `movie_companies(company_id, movie_id)` alone: Less effective than the 3-column version
",856.438,64.94
20c,"[{""table"": ""movie_info_idx"", ""columns"": [""info_type_id"", ""info"", ""movie_id""]}, {""table"": ""movie_companies"", ""columns"": [""company_id"", ""company_type_id"", ""movie_id""]}, {""table"": ""cast_info"", ""columns"": [""person_id"", ""role_id"", ""movie_id""]}, {""table"": ""cast_info"", ""columns"": [""movie_id"", ""role_id""]}, {""table"": ""aka_name"", ""columns"": [""person_id""]}, {""table"": ""aka_title"", ""columns"": [""movie_id""]}, {""table"": ""complete_cast"", ""columns"": [""movie_id"", ""subject_id"", ""status_id""]}, {""table"": ""movie_link"", ""columns"": [""movie_id"", ""link_type_id""]}, {""table"": ""movie_link"", ""columns"": [""linked_movie_id""]}, {""table"": ""person_info"", ""columns"": [""person_id"", ""info_type_id""]}, {""table"": ""movie_info"", ""columns"": [""movie_id"", ""info_type_id""]}, {""table"": ""keyword"", ""columns"": [""keyword""]}, {""table"": ""company_name"", ""columns"": [""country_code""]}, {""table"": ""name"", ""columns"": [""gender"", ""name""]}]","
## Index Tuning Analysis

### Methodology
I systematically tested candidate indexes against representative queries across the workload (simple to complex), observing actual planner cost estimates with and without each index. The planner already has many indexes in place (noted as `tmp_idx_*` and `idx_*` in the plan output). I focused on identifying indexes that produced measurable cost reductions beyond the existing baseline.

### Key Findings

#### 1. `movie_info_idx(info_type_id, info, movie_id)` — **Highest Impact**
This is the single most impactful index. Many queries filter `movie_info_idx` on both `info_type_id` (equality via join to `info_type`) and `info` (range comparison like `info > '8.0'`, `info < '7.0'`, `info < '8.5'`). Without it, the planner performs a full seq scan of movie_info_idx (~575K rows, cost ~13,718). With this composite index, the planner can do an index-only range scan:
- Query 12a: 10,684 → **2,256** (79% reduction)
- Queries 14a/b/c, 22a-d, 26a/b/c, 28a/b/c all benefit similarly (costs in 3,000–4,500 range vs. 10,000+)
- Queries 4a/b/c (sequel rating queries) also benefit

The `movie_id` trailing column enables index-only scans covering the join predicate.

#### 2. `movie_companies(company_id, company_type_id, movie_id)` — **High Impact**
When queries start from `company_name` (filtered by `country_code`) and need to join to `movie_companies` via `company_id`, the planner currently does a full seq scan of movie_companies (~1.08M rows, cost ~29,695). This index enables nested-loop index lookups:
- Query 10a/b/c: ~43,000 → **~20,000** (planner used `tmp_idx_movie_companies_eb7b56d5` in tests)
- Queries 12a, 13a, 19a (various company join scenarios) also benefit
- The `company_type_id` column helps when both company_id and company_type_id are join/filter predicates, enabling covering lookups for `movie_id`

#### 3. `cast_info(person_id, role_id, movie_id)` — **Medium Impact**
Many complex queries (9a-d, 19a-d, 24a-b, 29a-c) join `cast_info` on `person_id` AND filter on `role_id` (via role_type join). The existing `tmp_idx_cast_info_7101dd25` covers `(person_id, role_id)` which the planner already uses; adding `movie_id` as a covering column eliminates heap lookups for the movie_id join predicate.

#### 4. `cast_info(movie_id, role_id)` — **Medium Impact**
Queries that start from the movie side (e.g., 10a-c, 18a-c) join cast_info on movie_id and filter on role_id. The existing `idx_cast_info_movie_id` only covers movie_id, so role_id filtering requires heap fetches. Adding role_id enables efficient filtered lookups.

#### 5. `aka_name(person_id)` — Confirmed beneficial (likely exists as `idx_aka_name_person_id`)
Used extensively in queries 7a-c, 8a-d, 9a-d, 16a-d, 19a-d, 24a-b, 29a-c. The planner consistently uses this index for nested-loop lookups.

#### 6. `aka_title(movie_id)` — Confirmed beneficial (likely exists as `idx_aka_title_movie_id`)
Used in queries 15a-d. Enables efficient lookup of alternate titles for a given movie_id.

#### 7. `complete_cast(movie_id, subject_id, status_id)` — Confirmed beneficial (likely exists)
Used in all queries 20a-c, 23a-c, 26a-c, 27a-c, 28a-c, 29a-c, 30a-c. Index on movie_id is the primary access path; including subject_id and status_id as covering columns eliminates heap fetches for the two join predicates (cct1.id = cc.subject_id, cct2.id = cc.status_id).

#### 8. `movie_link(movie_id, link_type_id)` and `movie_link(linked_movie_id)` — Confirmed beneficial
Queries 11a-d, 21a-c, 27a-c, 32a-b, 33a-c all join movie_link. The planner uses `tmp_idx_movie_link_0e74da40` for movie_id lookups and `idx_movie_link_linked_movie_id` for linked_movie_id. Adding link_type_id as a covering column helps filter on link_type_id without heap fetches.

#### 9. `person_info(person_id, info_type_id)` — Confirmed beneficial (likely exists as `tmp_idx_person_info_277c0420`)
Used in queries 7a-c, 29a-c. Enables efficient lookup of person info records by person_id, with info_type_id as covering for the join to info_type.

#### 10. `movie_info(movie_id, info_type_id)` — Moderate benefit
The existing `idx_movie_info_movie_id` covers movie_id but adding info_type_id helps the planner filter on info_type_id without additional heap accesses. Many queries (12a-c, 13a-d, 19a-d, 21a-c, 22a-d) join movie_info on both movie_id and info_type_id.

Note: `movie_info(info_type_id, info, movie_id)` could not be built due to the `info` text column exceeding the 8191-byte index row size limit.

#### 11. `keyword(keyword)` — Confirmed beneficial (likely exists as `idx_keyword_keyword`)
Used in nearly every query that involves keyword filtering. Equality and IN-list lookups on keyword text are highly selective.

#### 12. `company_name(country_code)` — Confirmed beneficial (exists as `idx_company_name_country_code`)
Frequently filters company_name by country_code (e.g., '[us]', '[de]', '[ru]', '[jp]').

#### 13. `name(gender, name)` — Moderate benefit
Queries 6a-f, 17a-f, 18a-c, 19a-d filter on gender='f' or gender='m' AND name LIKE pattern. The existing `idx_name_gender` covers the gender bitmap scan; adding `name` as a second column would make prefix-LIKE patterns more selective. However, since most name filters use `%pattern%` (not prefix), this mainly helps when gender is very selective.

### Summary of Cost Reductions
- **movie_info_idx composite**: Up to 79% cost reduction on rating-filtered queries (the biggest win)
- **movie_companies composite**: ~50% cost reduction on company-driven join queries  
- **cast_info composites**: 10–30% improvement on person/role join queries
- Other indexes confirm or reinforce existing access paths

### Indexes NOT recommended (rejected)
- `movie_info(info_type_id, info, movie_id)`: Fails to build — text column exceeds 8191-byte limit
- `title(production_year, kind_id)`: Planner already uses title PK for point lookups; production_year range scans showed no improvement since row filtering happens after joins
- `movie_companies(company_id, movie_id)` alone: Less effective than the 3-column version
",558.848,74.4
21a,"[{""table"": ""movie_info_idx"", ""columns"": [""info_type_id"", ""info"", ""movie_id""]}, {""table"": ""movie_companies"", ""columns"": [""company_id"", ""company_type_id"", ""movie_id""]}, {""table"": ""cast_info"", ""columns"": [""person_id"", ""role_id"", ""movie_id""]}, {""table"": ""cast_info"", ""columns"": [""movie_id"", ""role_id""]}, {""table"": ""aka_name"", ""columns"": [""person_id""]}, {""table"": ""aka_title"", ""columns"": [""movie_id""]}, {""table"": ""complete_cast"", ""columns"": [""movie_id"", ""subject_id"", ""status_id""]}, {""table"": ""movie_link"", ""columns"": [""movie_id"", ""link_type_id""]}, {""table"": ""movie_link"", ""columns"": [""linked_movie_id""]}, {""table"": ""person_info"", ""columns"": [""person_id"", ""info_type_id""]}, {""table"": ""movie_info"", ""columns"": [""movie_id"", ""info_type_id""]}, {""table"": ""keyword"", ""columns"": [""keyword""]}, {""table"": ""company_name"", ""columns"": [""country_code""]}, {""table"": ""name"", ""columns"": [""gender"", ""name""]}]","
## Index Tuning Analysis

### Methodology
I systematically tested candidate indexes against representative queries across the workload (simple to complex), observing actual planner cost estimates with and without each index. The planner already has many indexes in place (noted as `tmp_idx_*` and `idx_*` in the plan output). I focused on identifying indexes that produced measurable cost reductions beyond the existing baseline.

### Key Findings

#### 1. `movie_info_idx(info_type_id, info, movie_id)` — **Highest Impact**
This is the single most impactful index. Many queries filter `movie_info_idx` on both `info_type_id` (equality via join to `info_type`) and `info` (range comparison like `info > '8.0'`, `info < '7.0'`, `info < '8.5'`). Without it, the planner performs a full seq scan of movie_info_idx (~575K rows, cost ~13,718). With this composite index, the planner can do an index-only range scan:
- Query 12a: 10,684 → **2,256** (79% reduction)
- Queries 14a/b/c, 22a-d, 26a/b/c, 28a/b/c all benefit similarly (costs in 3,000–4,500 range vs. 10,000+)
- Queries 4a/b/c (sequel rating queries) also benefit

The `movie_id` trailing column enables index-only scans covering the join predicate.

#### 2. `movie_companies(company_id, company_type_id, movie_id)` — **High Impact**
When queries start from `company_name` (filtered by `country_code`) and need to join to `movie_companies` via `company_id`, the planner currently does a full seq scan of movie_companies (~1.08M rows, cost ~29,695). This index enables nested-loop index lookups:
- Query 10a/b/c: ~43,000 → **~20,000** (planner used `tmp_idx_movie_companies_eb7b56d5` in tests)
- Queries 12a, 13a, 19a (various company join scenarios) also benefit
- The `company_type_id` column helps when both company_id and company_type_id are join/filter predicates, enabling covering lookups for `movie_id`

#### 3. `cast_info(person_id, role_id, movie_id)` — **Medium Impact**
Many complex queries (9a-d, 19a-d, 24a-b, 29a-c) join `cast_info` on `person_id` AND filter on `role_id` (via role_type join). The existing `tmp_idx_cast_info_7101dd25` covers `(person_id, role_id)` which the planner already uses; adding `movie_id` as a covering column eliminates heap lookups for the movie_id join predicate.

#### 4. `cast_info(movie_id, role_id)` — **Medium Impact**
Queries that start from the movie side (e.g., 10a-c, 18a-c) join cast_info on movie_id and filter on role_id. The existing `idx_cast_info_movie_id` only covers movie_id, so role_id filtering requires heap fetches. Adding role_id enables efficient filtered lookups.

#### 5. `aka_name(person_id)` — Confirmed beneficial (likely exists as `idx_aka_name_person_id`)
Used extensively in queries 7a-c, 8a-d, 9a-d, 16a-d, 19a-d, 24a-b, 29a-c. The planner consistently uses this index for nested-loop lookups.

#### 6. `aka_title(movie_id)` — Confirmed beneficial (likely exists as `idx_aka_title_movie_id`)
Used in queries 15a-d. Enables efficient lookup of alternate titles for a given movie_id.

#### 7. `complete_cast(movie_id, subject_id, status_id)` — Confirmed beneficial (likely exists)
Used in all queries 20a-c, 23a-c, 26a-c, 27a-c, 28a-c, 29a-c, 30a-c. Index on movie_id is the primary access path; including subject_id and status_id as covering columns eliminates heap fetches for the two join predicates (cct1.id = cc.subject_id, cct2.id = cc.status_id).

#### 8. `movie_link(movie_id, link_type_id)` and `movie_link(linked_movie_id)` — Confirmed beneficial
Queries 11a-d, 21a-c, 27a-c, 32a-b, 33a-c all join movie_link. The planner uses `tmp_idx_movie_link_0e74da40` for movie_id lookups and `idx_movie_link_linked_movie_id` for linked_movie_id. Adding link_type_id as a covering column helps filter on link_type_id without heap fetches.

#### 9. `person_info(person_id, info_type_id)` — Confirmed beneficial (likely exists as `tmp_idx_person_info_277c0420`)
Used in queries 7a-c, 29a-c. Enables efficient lookup of person info records by person_id, with info_type_id as covering for the join to info_type.

#### 10. `movie_info(movie_id, info_type_id)` — Moderate benefit
The existing `idx_movie_info_movie_id` covers movie_id but adding info_type_id helps the planner filter on info_type_id without additional heap accesses. Many queries (12a-c, 13a-d, 19a-d, 21a-c, 22a-d) join movie_info on both movie_id and info_type_id.

Note: `movie_info(info_type_id, info, movie_id)` could not be built due to the `info` text column exceeding the 8191-byte index row size limit.

#### 11. `keyword(keyword)` — Confirmed beneficial (likely exists as `idx_keyword_keyword`)
Used in nearly every query that involves keyword filtering. Equality and IN-list lookups on keyword text are highly selective.

#### 12. `company_name(country_code)` — Confirmed beneficial (exists as `idx_company_name_country_code`)
Frequently filters company_name by country_code (e.g., '[us]', '[de]', '[ru]', '[jp]').

#### 13. `name(gender, name)` — Moderate benefit
Queries 6a-f, 17a-f, 18a-c, 19a-d filter on gender='f' or gender='m' AND name LIKE pattern. The existing `idx_name_gender` covers the gender bitmap scan; adding `name` as a second column would make prefix-LIKE patterns more selective. However, since most name filters use `%pattern%` (not prefix), this mainly helps when gender is very selective.

### Summary of Cost Reductions
- **movie_info_idx composite**: Up to 79% cost reduction on rating-filtered queries (the biggest win)
- **movie_companies composite**: ~50% cost reduction on company-driven join queries  
- **cast_info composites**: 10–30% improvement on person/role join queries
- Other indexes confirm or reinforce existing access paths

### Indexes NOT recommended (rejected)
- `movie_info(info_type_id, info, movie_id)`: Fails to build — text column exceeds 8191-byte limit
- `title(production_year, kind_id)`: Planner already uses title PK for point lookups; production_year range scans showed no improvement since row filtering happens after joins
- `movie_companies(company_id, movie_id)` alone: Less effective than the 3-column version
",4893.166,-31.47
21b,"[{""table"": ""movie_info_idx"", ""columns"": [""info_type_id"", ""info"", ""movie_id""]}, {""table"": ""movie_companies"", ""columns"": [""company_id"", ""company_type_id"", ""movie_id""]}, {""table"": ""cast_info"", ""columns"": [""person_id"", ""role_id"", ""movie_id""]}, {""table"": ""cast_info"", ""columns"": [""movie_id"", ""role_id""]}, {""table"": ""aka_name"", ""columns"": [""person_id""]}, {""table"": ""aka_title"", ""columns"": [""movie_id""]}, {""table"": ""complete_cast"", ""columns"": [""movie_id"", ""subject_id"", ""status_id""]}, {""table"": ""movie_link"", ""columns"": [""movie_id"", ""link_type_id""]}, {""table"": ""movie_link"", ""columns"": [""linked_movie_id""]}, {""table"": ""person_info"", ""columns"": [""person_id"", ""info_type_id""]}, {""table"": ""movie_info"", ""columns"": [""movie_id"", ""info_type_id""]}, {""table"": ""keyword"", ""columns"": [""keyword""]}, {""table"": ""company_name"", ""columns"": [""country_code""]}, {""table"": ""name"", ""columns"": [""gender"", ""name""]}]","
## Index Tuning Analysis

### Methodology
I systematically tested candidate indexes against representative queries across the workload (simple to complex), observing actual planner cost estimates with and without each index. The planner already has many indexes in place (noted as `tmp_idx_*` and `idx_*` in the plan output). I focused on identifying indexes that produced measurable cost reductions beyond the existing baseline.

### Key Findings

#### 1. `movie_info_idx(info_type_id, info, movie_id)` — **Highest Impact**
This is the single most impactful index. Many queries filter `movie_info_idx` on both `info_type_id` (equality via join to `info_type`) and `info` (range comparison like `info > '8.0'`, `info < '7.0'`, `info < '8.5'`). Without it, the planner performs a full seq scan of movie_info_idx (~575K rows, cost ~13,718). With this composite index, the planner can do an index-only range scan:
- Query 12a: 10,684 → **2,256** (79% reduction)
- Queries 14a/b/c, 22a-d, 26a/b/c, 28a/b/c all benefit similarly (costs in 3,000–4,500 range vs. 10,000+)
- Queries 4a/b/c (sequel rating queries) also benefit

The `movie_id` trailing column enables index-only scans covering the join predicate.

#### 2. `movie_companies(company_id, company_type_id, movie_id)` — **High Impact**
When queries start from `company_name` (filtered by `country_code`) and need to join to `movie_companies` via `company_id`, the planner currently does a full seq scan of movie_companies (~1.08M rows, cost ~29,695). This index enables nested-loop index lookups:
- Query 10a/b/c: ~43,000 → **~20,000** (planner used `tmp_idx_movie_companies_eb7b56d5` in tests)
- Queries 12a, 13a, 19a (various company join scenarios) also benefit
- The `company_type_id` column helps when both company_id and company_type_id are join/filter predicates, enabling covering lookups for `movie_id`

#### 3. `cast_info(person_id, role_id, movie_id)` — **Medium Impact**
Many complex queries (9a-d, 19a-d, 24a-b, 29a-c) join `cast_info` on `person_id` AND filter on `role_id` (via role_type join). The existing `tmp_idx_cast_info_7101dd25` covers `(person_id, role_id)` which the planner already uses; adding `movie_id` as a covering column eliminates heap lookups for the movie_id join predicate.

#### 4. `cast_info(movie_id, role_id)` — **Medium Impact**
Queries that start from the movie side (e.g., 10a-c, 18a-c) join cast_info on movie_id and filter on role_id. The existing `idx_cast_info_movie_id` only covers movie_id, so role_id filtering requires heap fetches. Adding role_id enables efficient filtered lookups.

#### 5. `aka_name(person_id)` — Confirmed beneficial (likely exists as `idx_aka_name_person_id`)
Used extensively in queries 7a-c, 8a-d, 9a-d, 16a-d, 19a-d, 24a-b, 29a-c. The planner consistently uses this index for nested-loop lookups.

#### 6. `aka_title(movie_id)` — Confirmed beneficial (likely exists as `idx_aka_title_movie_id`)
Used in queries 15a-d. Enables efficient lookup of alternate titles for a given movie_id.

#### 7. `complete_cast(movie_id, subject_id, status_id)` — Confirmed beneficial (likely exists)
Used in all queries 20a-c, 23a-c, 26a-c, 27a-c, 28a-c, 29a-c, 30a-c. Index on movie_id is the primary access path; including subject_id and status_id as covering columns eliminates heap fetches for the two join predicates (cct1.id = cc.subject_id, cct2.id = cc.status_id).

#### 8. `movie_link(movie_id, link_type_id)` and `movie_link(linked_movie_id)` — Confirmed beneficial
Queries 11a-d, 21a-c, 27a-c, 32a-b, 33a-c all join movie_link. The planner uses `tmp_idx_movie_link_0e74da40` for movie_id lookups and `idx_movie_link_linked_movie_id` for linked_movie_id. Adding link_type_id as a covering column helps filter on link_type_id without heap fetches.

#### 9. `person_info(person_id, info_type_id)` — Confirmed beneficial (likely exists as `tmp_idx_person_info_277c0420`)
Used in queries 7a-c, 29a-c. Enables efficient lookup of person info records by person_id, with info_type_id as covering for the join to info_type.

#### 10. `movie_info(movie_id, info_type_id)` — Moderate benefit
The existing `idx_movie_info_movie_id` covers movie_id but adding info_type_id helps the planner filter on info_type_id without additional heap accesses. Many queries (12a-c, 13a-d, 19a-d, 21a-c, 22a-d) join movie_info on both movie_id and info_type_id.

Note: `movie_info(info_type_id, info, movie_id)` could not be built due to the `info` text column exceeding the 8191-byte index row size limit.

#### 11. `keyword(keyword)` — Confirmed beneficial (likely exists as `idx_keyword_keyword`)
Used in nearly every query that involves keyword filtering. Equality and IN-list lookups on keyword text are highly selective.

#### 12. `company_name(country_code)` — Confirmed beneficial (exists as `idx_company_name_country_code`)
Frequently filters company_name by country_code (e.g., '[us]', '[de]', '[ru]', '[jp]').

#### 13. `name(gender, name)` — Moderate benefit
Queries 6a-f, 17a-f, 18a-c, 19a-d filter on gender='f' or gender='m' AND name LIKE pattern. The existing `idx_name_gender` covers the gender bitmap scan; adding `name` as a second column would make prefix-LIKE patterns more selective. However, since most name filters use `%pattern%` (not prefix), this mainly helps when gender is very selective.

### Summary of Cost Reductions
- **movie_info_idx composite**: Up to 79% cost reduction on rating-filtered queries (the biggest win)
- **movie_companies composite**: ~50% cost reduction on company-driven join queries  
- **cast_info composites**: 10–30% improvement on person/role join queries
- Other indexes confirm or reinforce existing access paths

### Indexes NOT recommended (rejected)
- `movie_info(info_type_id, info, movie_id)`: Fails to build — text column exceeds 8191-byte limit
- `title(production_year, kind_id)`: Planner already uses title PK for point lookups; production_year range scans showed no improvement since row filtering happens after joins
- `movie_companies(company_id, movie_id)` alone: Less effective than the 3-column version
",4893.424,-287.83
21c,"[{""table"": ""movie_info_idx"", ""columns"": [""info_type_id"", ""info"", ""movie_id""]}, {""table"": ""movie_companies"", ""columns"": [""company_id"", ""company_type_id"", ""movie_id""]}, {""table"": ""cast_info"", ""columns"": [""person_id"", ""role_id"", ""movie_id""]}, {""table"": ""cast_info"", ""columns"": [""movie_id"", ""role_id""]}, {""table"": ""aka_name"", ""columns"": [""person_id""]}, {""table"": ""aka_title"", ""columns"": [""movie_id""]}, {""table"": ""complete_cast"", ""columns"": [""movie_id"", ""subject_id"", ""status_id""]}, {""table"": ""movie_link"", ""columns"": [""movie_id"", ""link_type_id""]}, {""table"": ""movie_link"", ""columns"": [""linked_movie_id""]}, {""table"": ""person_info"", ""columns"": [""person_id"", ""info_type_id""]}, {""table"": ""movie_info"", ""columns"": [""movie_id"", ""info_type_id""]}, {""table"": ""keyword"", ""columns"": [""keyword""]}, {""table"": ""company_name"", ""columns"": [""country_code""]}, {""table"": ""name"", ""columns"": [""gender"", ""name""]}]","
## Index Tuning Analysis

### Methodology
I systematically tested candidate indexes against representative queries across the workload (simple to complex), observing actual planner cost estimates with and without each index. The planner already has many indexes in place (noted as `tmp_idx_*` and `idx_*` in the plan output). I focused on identifying indexes that produced measurable cost reductions beyond the existing baseline.

### Key Findings

#### 1. `movie_info_idx(info_type_id, info, movie_id)` — **Highest Impact**
This is the single most impactful index. Many queries filter `movie_info_idx` on both `info_type_id` (equality via join to `info_type`) and `info` (range comparison like `info > '8.0'`, `info < '7.0'`, `info < '8.5'`). Without it, the planner performs a full seq scan of movie_info_idx (~575K rows, cost ~13,718). With this composite index, the planner can do an index-only range scan:
- Query 12a: 10,684 → **2,256** (79% reduction)
- Queries 14a/b/c, 22a-d, 26a/b/c, 28a/b/c all benefit similarly (costs in 3,000–4,500 range vs. 10,000+)
- Queries 4a/b/c (sequel rating queries) also benefit

The `movie_id` trailing column enables index-only scans covering the join predicate.

#### 2. `movie_companies(company_id, company_type_id, movie_id)` — **High Impact**
When queries start from `company_name` (filtered by `country_code`) and need to join to `movie_companies` via `company_id`, the planner currently does a full seq scan of movie_companies (~1.08M rows, cost ~29,695). This index enables nested-loop index lookups:
- Query 10a/b/c: ~43,000 → **~20,000** (planner used `tmp_idx_movie_companies_eb7b56d5` in tests)
- Queries 12a, 13a, 19a (various company join scenarios) also benefit
- The `company_type_id` column helps when both company_id and company_type_id are join/filter predicates, enabling covering lookups for `movie_id`

#### 3. `cast_info(person_id, role_id, movie_id)` — **Medium Impact**
Many complex queries (9a-d, 19a-d, 24a-b, 29a-c) join `cast_info` on `person_id` AND filter on `role_id` (via role_type join). The existing `tmp_idx_cast_info_7101dd25` covers `(person_id, role_id)` which the planner already uses; adding `movie_id` as a covering column eliminates heap lookups for the movie_id join predicate.

#### 4. `cast_info(movie_id, role_id)` — **Medium Impact**
Queries that start from the movie side (e.g., 10a-c, 18a-c) join cast_info on movie_id and filter on role_id. The existing `idx_cast_info_movie_id` only covers movie_id, so role_id filtering requires heap fetches. Adding role_id enables efficient filtered lookups.

#### 5. `aka_name(person_id)` — Confirmed beneficial (likely exists as `idx_aka_name_person_id`)
Used extensively in queries 7a-c, 8a-d, 9a-d, 16a-d, 19a-d, 24a-b, 29a-c. The planner consistently uses this index for nested-loop lookups.

#### 6. `aka_title(movie_id)` — Confirmed beneficial (likely exists as `idx_aka_title_movie_id`)
Used in queries 15a-d. Enables efficient lookup of alternate titles for a given movie_id.

#### 7. `complete_cast(movie_id, subject_id, status_id)` — Confirmed beneficial (likely exists)
Used in all queries 20a-c, 23a-c, 26a-c, 27a-c, 28a-c, 29a-c, 30a-c. Index on movie_id is the primary access path; including subject_id and status_id as covering columns eliminates heap fetches for the two join predicates (cct1.id = cc.subject_id, cct2.id = cc.status_id).

#### 8. `movie_link(movie_id, link_type_id)` and `movie_link(linked_movie_id)` — Confirmed beneficial
Queries 11a-d, 21a-c, 27a-c, 32a-b, 33a-c all join movie_link. The planner uses `tmp_idx_movie_link_0e74da40` for movie_id lookups and `idx_movie_link_linked_movie_id` for linked_movie_id. Adding link_type_id as a covering column helps filter on link_type_id without heap fetches.

#### 9. `person_info(person_id, info_type_id)` — Confirmed beneficial (likely exists as `tmp_idx_person_info_277c0420`)
Used in queries 7a-c, 29a-c. Enables efficient lookup of person info records by person_id, with info_type_id as covering for the join to info_type.

#### 10. `movie_info(movie_id, info_type_id)` — Moderate benefit
The existing `idx_movie_info_movie_id` covers movie_id but adding info_type_id helps the planner filter on info_type_id without additional heap accesses. Many queries (12a-c, 13a-d, 19a-d, 21a-c, 22a-d) join movie_info on both movie_id and info_type_id.

Note: `movie_info(info_type_id, info, movie_id)` could not be built due to the `info` text column exceeding the 8191-byte index row size limit.

#### 11. `keyword(keyword)` — Confirmed beneficial (likely exists as `idx_keyword_keyword`)
Used in nearly every query that involves keyword filtering. Equality and IN-list lookups on keyword text are highly selective.

#### 12. `company_name(country_code)` — Confirmed beneficial (exists as `idx_company_name_country_code`)
Frequently filters company_name by country_code (e.g., '[us]', '[de]', '[ru]', '[jp]').

#### 13. `name(gender, name)` — Moderate benefit
Queries 6a-f, 17a-f, 18a-c, 19a-d filter on gender='f' or gender='m' AND name LIKE pattern. The existing `idx_name_gender` covers the gender bitmap scan; adding `name` as a second column would make prefix-LIKE patterns more selective. However, since most name filters use `%pattern%` (not prefix), this mainly helps when gender is very selective.

### Summary of Cost Reductions
- **movie_info_idx composite**: Up to 79% cost reduction on rating-filtered queries (the biggest win)
- **movie_companies composite**: ~50% cost reduction on company-driven join queries  
- **cast_info composites**: 10–30% improvement on person/role join queries
- Other indexes confirm or reinforce existing access paths

### Indexes NOT recommended (rejected)
- `movie_info(info_type_id, info, movie_id)`: Fails to build — text column exceeds 8191-byte limit
- `title(production_year, kind_id)`: Planner already uses title PK for point lookups; production_year range scans showed no improvement since row filtering happens after joins
- `movie_companies(company_id, movie_id)` alone: Less effective than the 3-column version
",17895.478,-1850.56
22a,"[{""table"": ""movie_info_idx"", ""columns"": [""info_type_id"", ""info"", ""movie_id""]}, {""table"": ""movie_companies"", ""columns"": [""company_id"", ""company_type_id"", ""movie_id""]}, {""table"": ""cast_info"", ""columns"": [""person_id"", ""role_id"", ""movie_id""]}, {""table"": ""cast_info"", ""columns"": [""movie_id"", ""role_id""]}, {""table"": ""aka_name"", ""columns"": [""person_id""]}, {""table"": ""aka_title"", ""columns"": [""movie_id""]}, {""table"": ""complete_cast"", ""columns"": [""movie_id"", ""subject_id"", ""status_id""]}, {""table"": ""movie_link"", ""columns"": [""movie_id"", ""link_type_id""]}, {""table"": ""movie_link"", ""columns"": [""linked_movie_id""]}, {""table"": ""person_info"", ""columns"": [""person_id"", ""info_type_id""]}, {""table"": ""movie_info"", ""columns"": [""movie_id"", ""info_type_id""]}, {""table"": ""keyword"", ""columns"": [""keyword""]}, {""table"": ""company_name"", ""columns"": [""country_code""]}, {""table"": ""name"", ""columns"": [""gender"", ""name""]}]","
## Index Tuning Analysis

### Methodology
I systematically tested candidate indexes against representative queries across the workload (simple to complex), observing actual planner cost estimates with and without each index. The planner already has many indexes in place (noted as `tmp_idx_*` and `idx_*` in the plan output). I focused on identifying indexes that produced measurable cost reductions beyond the existing baseline.

### Key Findings

#### 1. `movie_info_idx(info_type_id, info, movie_id)` — **Highest Impact**
This is the single most impactful index. Many queries filter `movie_info_idx` on both `info_type_id` (equality via join to `info_type`) and `info` (range comparison like `info > '8.0'`, `info < '7.0'`, `info < '8.5'`). Without it, the planner performs a full seq scan of movie_info_idx (~575K rows, cost ~13,718). With this composite index, the planner can do an index-only range scan:
- Query 12a: 10,684 → **2,256** (79% reduction)
- Queries 14a/b/c, 22a-d, 26a/b/c, 28a/b/c all benefit similarly (costs in 3,000–4,500 range vs. 10,000+)
- Queries 4a/b/c (sequel rating queries) also benefit

The `movie_id` trailing column enables index-only scans covering the join predicate.

#### 2. `movie_companies(company_id, company_type_id, movie_id)` — **High Impact**
When queries start from `company_name` (filtered by `country_code`) and need to join to `movie_companies` via `company_id`, the planner currently does a full seq scan of movie_companies (~1.08M rows, cost ~29,695). This index enables nested-loop index lookups:
- Query 10a/b/c: ~43,000 → **~20,000** (planner used `tmp_idx_movie_companies_eb7b56d5` in tests)
- Queries 12a, 13a, 19a (various company join scenarios) also benefit
- The `company_type_id` column helps when both company_id and company_type_id are join/filter predicates, enabling covering lookups for `movie_id`

#### 3. `cast_info(person_id, role_id, movie_id)` — **Medium Impact**
Many complex queries (9a-d, 19a-d, 24a-b, 29a-c) join `cast_info` on `person_id` AND filter on `role_id` (via role_type join). The existing `tmp_idx_cast_info_7101dd25` covers `(person_id, role_id)` which the planner already uses; adding `movie_id` as a covering column eliminates heap lookups for the movie_id join predicate.

#### 4. `cast_info(movie_id, role_id)` — **Medium Impact**
Queries that start from the movie side (e.g., 10a-c, 18a-c) join cast_info on movie_id and filter on role_id. The existing `idx_cast_info_movie_id` only covers movie_id, so role_id filtering requires heap fetches. Adding role_id enables efficient filtered lookups.

#### 5. `aka_name(person_id)` — Confirmed beneficial (likely exists as `idx_aka_name_person_id`)
Used extensively in queries 7a-c, 8a-d, 9a-d, 16a-d, 19a-d, 24a-b, 29a-c. The planner consistently uses this index for nested-loop lookups.

#### 6. `aka_title(movie_id)` — Confirmed beneficial (likely exists as `idx_aka_title_movie_id`)
Used in queries 15a-d. Enables efficient lookup of alternate titles for a given movie_id.

#### 7. `complete_cast(movie_id, subject_id, status_id)` — Confirmed beneficial (likely exists)
Used in all queries 20a-c, 23a-c, 26a-c, 27a-c, 28a-c, 29a-c, 30a-c. Index on movie_id is the primary access path; including subject_id and status_id as covering columns eliminates heap fetches for the two join predicates (cct1.id = cc.subject_id, cct2.id = cc.status_id).

#### 8. `movie_link(movie_id, link_type_id)` and `movie_link(linked_movie_id)` — Confirmed beneficial
Queries 11a-d, 21a-c, 27a-c, 32a-b, 33a-c all join movie_link. The planner uses `tmp_idx_movie_link_0e74da40` for movie_id lookups and `idx_movie_link_linked_movie_id` for linked_movie_id. Adding link_type_id as a covering column helps filter on link_type_id without heap fetches.

#### 9. `person_info(person_id, info_type_id)` — Confirmed beneficial (likely exists as `tmp_idx_person_info_277c0420`)
Used in queries 7a-c, 29a-c. Enables efficient lookup of person info records by person_id, with info_type_id as covering for the join to info_type.

#### 10. `movie_info(movie_id, info_type_id)` — Moderate benefit
The existing `idx_movie_info_movie_id` covers movie_id but adding info_type_id helps the planner filter on info_type_id without additional heap accesses. Many queries (12a-c, 13a-d, 19a-d, 21a-c, 22a-d) join movie_info on both movie_id and info_type_id.

Note: `movie_info(info_type_id, info, movie_id)` could not be built due to the `info` text column exceeding the 8191-byte index row size limit.

#### 11. `keyword(keyword)` — Confirmed beneficial (likely exists as `idx_keyword_keyword`)
Used in nearly every query that involves keyword filtering. Equality and IN-list lookups on keyword text are highly selective.

#### 12. `company_name(country_code)` — Confirmed beneficial (exists as `idx_company_name_country_code`)
Frequently filters company_name by country_code (e.g., '[us]', '[de]', '[ru]', '[jp]').

#### 13. `name(gender, name)` — Moderate benefit
Queries 6a-f, 17a-f, 18a-c, 19a-d filter on gender='f' or gender='m' AND name LIKE pattern. The existing `idx_name_gender` covers the gender bitmap scan; adding `name` as a second column would make prefix-LIKE patterns more selective. However, since most name filters use `%pattern%` (not prefix), this mainly helps when gender is very selective.

### Summary of Cost Reductions
- **movie_info_idx composite**: Up to 79% cost reduction on rating-filtered queries (the biggest win)
- **movie_companies composite**: ~50% cost reduction on company-driven join queries  
- **cast_info composites**: 10–30% improvement on person/role join queries
- Other indexes confirm or reinforce existing access paths

### Indexes NOT recommended (rejected)
- `movie_info(info_type_id, info, movie_id)`: Fails to build — text column exceeds 8191-byte limit
- `title(production_year, kind_id)`: Planner already uses title PK for point lookups; production_year range scans showed no improvement since row filtering happens after joins
- `movie_companies(company_id, movie_id)` alone: Less effective than the 3-column version
",175116.945,-13986.65
22b,"[{""table"": ""movie_info_idx"", ""columns"": [""info_type_id"", ""info"", ""movie_id""]}, {""table"": ""movie_companies"", ""columns"": [""company_id"", ""company_type_id"", ""movie_id""]}, {""table"": ""cast_info"", ""columns"": [""person_id"", ""role_id"", ""movie_id""]}, {""table"": ""cast_info"", ""columns"": [""movie_id"", ""role_id""]}, {""table"": ""aka_name"", ""columns"": [""person_id""]}, {""table"": ""aka_title"", ""columns"": [""movie_id""]}, {""table"": ""complete_cast"", ""columns"": [""movie_id"", ""subject_id"", ""status_id""]}, {""table"": ""movie_link"", ""columns"": [""movie_id"", ""link_type_id""]}, {""table"": ""movie_link"", ""columns"": [""linked_movie_id""]}, {""table"": ""person_info"", ""columns"": [""person_id"", ""info_type_id""]}, {""table"": ""movie_info"", ""columns"": [""movie_id"", ""info_type_id""]}, {""table"": ""keyword"", ""columns"": [""keyword""]}, {""table"": ""company_name"", ""columns"": [""country_code""]}, {""table"": ""name"", ""columns"": [""gender"", ""name""]}]","
## Index Tuning Analysis

### Methodology
I systematically tested candidate indexes against representative queries across the workload (simple to complex), observing actual planner cost estimates with and without each index. The planner already has many indexes in place (noted as `tmp_idx_*` and `idx_*` in the plan output). I focused on identifying indexes that produced measurable cost reductions beyond the existing baseline.

### Key Findings

#### 1. `movie_info_idx(info_type_id, info, movie_id)` — **Highest Impact**
This is the single most impactful index. Many queries filter `movie_info_idx` on both `info_type_id` (equality via join to `info_type`) and `info` (range comparison like `info > '8.0'`, `info < '7.0'`, `info < '8.5'`). Without it, the planner performs a full seq scan of movie_info_idx (~575K rows, cost ~13,718). With this composite index, the planner can do an index-only range scan:
- Query 12a: 10,684 → **2,256** (79% reduction)
- Queries 14a/b/c, 22a-d, 26a/b/c, 28a/b/c all benefit similarly (costs in 3,000–4,500 range vs. 10,000+)
- Queries 4a/b/c (sequel rating queries) also benefit

The `movie_id` trailing column enables index-only scans covering the join predicate.

#### 2. `movie_companies(company_id, company_type_id, movie_id)` — **High Impact**
When queries start from `company_name` (filtered by `country_code`) and need to join to `movie_companies` via `company_id`, the planner currently does a full seq scan of movie_companies (~1.08M rows, cost ~29,695). This index enables nested-loop index lookups:
- Query 10a/b/c: ~43,000 → **~20,000** (planner used `tmp_idx_movie_companies_eb7b56d5` in tests)
- Queries 12a, 13a, 19a (various company join scenarios) also benefit
- The `company_type_id` column helps when both company_id and company_type_id are join/filter predicates, enabling covering lookups for `movie_id`

#### 3. `cast_info(person_id, role_id, movie_id)` — **Medium Impact**
Many complex queries (9a-d, 19a-d, 24a-b, 29a-c) join `cast_info` on `person_id` AND filter on `role_id` (via role_type join). The existing `tmp_idx_cast_info_7101dd25` covers `(person_id, role_id)` which the planner already uses; adding `movie_id` as a covering column eliminates heap lookups for the movie_id join predicate.

#### 4. `cast_info(movie_id, role_id)` — **Medium Impact**
Queries that start from the movie side (e.g., 10a-c, 18a-c) join cast_info on movie_id and filter on role_id. The existing `idx_cast_info_movie_id` only covers movie_id, so role_id filtering requires heap fetches. Adding role_id enables efficient filtered lookups.

#### 5. `aka_name(person_id)` — Confirmed beneficial (likely exists as `idx_aka_name_person_id`)
Used extensively in queries 7a-c, 8a-d, 9a-d, 16a-d, 19a-d, 24a-b, 29a-c. The planner consistently uses this index for nested-loop lookups.

#### 6. `aka_title(movie_id)` — Confirmed beneficial (likely exists as `idx_aka_title_movie_id`)
Used in queries 15a-d. Enables efficient lookup of alternate titles for a given movie_id.

#### 7. `complete_cast(movie_id, subject_id, status_id)` — Confirmed beneficial (likely exists)
Used in all queries 20a-c, 23a-c, 26a-c, 27a-c, 28a-c, 29a-c, 30a-c. Index on movie_id is the primary access path; including subject_id and status_id as covering columns eliminates heap fetches for the two join predicates (cct1.id = cc.subject_id, cct2.id = cc.status_id).

#### 8. `movie_link(movie_id, link_type_id)` and `movie_link(linked_movie_id)` — Confirmed beneficial
Queries 11a-d, 21a-c, 27a-c, 32a-b, 33a-c all join movie_link. The planner uses `tmp_idx_movie_link_0e74da40` for movie_id lookups and `idx_movie_link_linked_movie_id` for linked_movie_id. Adding link_type_id as a covering column helps filter on link_type_id without heap fetches.

#### 9. `person_info(person_id, info_type_id)` — Confirmed beneficial (likely exists as `tmp_idx_person_info_277c0420`)
Used in queries 7a-c, 29a-c. Enables efficient lookup of person info records by person_id, with info_type_id as covering for the join to info_type.

#### 10. `movie_info(movie_id, info_type_id)` — Moderate benefit
The existing `idx_movie_info_movie_id` covers movie_id but adding info_type_id helps the planner filter on info_type_id without additional heap accesses. Many queries (12a-c, 13a-d, 19a-d, 21a-c, 22a-d) join movie_info on both movie_id and info_type_id.

Note: `movie_info(info_type_id, info, movie_id)` could not be built due to the `info` text column exceeding the 8191-byte index row size limit.

#### 11. `keyword(keyword)` — Confirmed beneficial (likely exists as `idx_keyword_keyword`)
Used in nearly every query that involves keyword filtering. Equality and IN-list lookups on keyword text are highly selective.

#### 12. `company_name(country_code)` — Confirmed beneficial (exists as `idx_company_name_country_code`)
Frequently filters company_name by country_code (e.g., '[us]', '[de]', '[ru]', '[jp]').

#### 13. `name(gender, name)` — Moderate benefit
Queries 6a-f, 17a-f, 18a-c, 19a-d filter on gender='f' or gender='m' AND name LIKE pattern. The existing `idx_name_gender` covers the gender bitmap scan; adding `name` as a second column would make prefix-LIKE patterns more selective. However, since most name filters use `%pattern%` (not prefix), this mainly helps when gender is very selective.

### Summary of Cost Reductions
- **movie_info_idx composite**: Up to 79% cost reduction on rating-filtered queries (the biggest win)
- **movie_companies composite**: ~50% cost reduction on company-driven join queries  
- **cast_info composites**: 10–30% improvement on person/role join queries
- Other indexes confirm or reinforce existing access paths

### Indexes NOT recommended (rejected)
- `movie_info(info_type_id, info, movie_id)`: Fails to build — text column exceeds 8191-byte limit
- `title(production_year, kind_id)`: Planner already uses title PK for point lookups; production_year range scans showed no improvement since row filtering happens after joins
- `movie_companies(company_id, movie_id)` alone: Less effective than the 3-column version
",52520.683,-4766.87
22c,"[{""table"": ""movie_info_idx"", ""columns"": [""info_type_id"", ""info"", ""movie_id""]}, {""table"": ""movie_companies"", ""columns"": [""company_id"", ""company_type_id"", ""movie_id""]}, {""table"": ""cast_info"", ""columns"": [""person_id"", ""role_id"", ""movie_id""]}, {""table"": ""cast_info"", ""columns"": [""movie_id"", ""role_id""]}, {""table"": ""aka_name"", ""columns"": [""person_id""]}, {""table"": ""aka_title"", ""columns"": [""movie_id""]}, {""table"": ""complete_cast"", ""columns"": [""movie_id"", ""subject_id"", ""status_id""]}, {""table"": ""movie_link"", ""columns"": [""movie_id"", ""link_type_id""]}, {""table"": ""movie_link"", ""columns"": [""linked_movie_id""]}, {""table"": ""person_info"", ""columns"": [""person_id"", ""info_type_id""]}, {""table"": ""movie_info"", ""columns"": [""movie_id"", ""info_type_id""]}, {""table"": ""keyword"", ""columns"": [""keyword""]}, {""table"": ""company_name"", ""columns"": [""country_code""]}, {""table"": ""name"", ""columns"": [""gender"", ""name""]}]","
## Index Tuning Analysis

### Methodology
I systematically tested candidate indexes against representative queries across the workload (simple to complex), observing actual planner cost estimates with and without each index. The planner already has many indexes in place (noted as `tmp_idx_*` and `idx_*` in the plan output). I focused on identifying indexes that produced measurable cost reductions beyond the existing baseline.

### Key Findings

#### 1. `movie_info_idx(info_type_id, info, movie_id)` — **Highest Impact**
This is the single most impactful index. Many queries filter `movie_info_idx` on both `info_type_id` (equality via join to `info_type`) and `info` (range comparison like `info > '8.0'`, `info < '7.0'`, `info < '8.5'`). Without it, the planner performs a full seq scan of movie_info_idx (~575K rows, cost ~13,718). With this composite index, the planner can do an index-only range scan:
- Query 12a: 10,684 → **2,256** (79% reduction)
- Queries 14a/b/c, 22a-d, 26a/b/c, 28a/b/c all benefit similarly (costs in 3,000–4,500 range vs. 10,000+)
- Queries 4a/b/c (sequel rating queries) also benefit

The `movie_id` trailing column enables index-only scans covering the join predicate.

#### 2. `movie_companies(company_id, company_type_id, movie_id)` — **High Impact**
When queries start from `company_name` (filtered by `country_code`) and need to join to `movie_companies` via `company_id`, the planner currently does a full seq scan of movie_companies (~1.08M rows, cost ~29,695). This index enables nested-loop index lookups:
- Query 10a/b/c: ~43,000 → **~20,000** (planner used `tmp_idx_movie_companies_eb7b56d5` in tests)
- Queries 12a, 13a, 19a (various company join scenarios) also benefit
- The `company_type_id` column helps when both company_id and company_type_id are join/filter predicates, enabling covering lookups for `movie_id`

#### 3. `cast_info(person_id, role_id, movie_id)` — **Medium Impact**
Many complex queries (9a-d, 19a-d, 24a-b, 29a-c) join `cast_info` on `person_id` AND filter on `role_id` (via role_type join). The existing `tmp_idx_cast_info_7101dd25` covers `(person_id, role_id)` which the planner already uses; adding `movie_id` as a covering column eliminates heap lookups for the movie_id join predicate.

#### 4. `cast_info(movie_id, role_id)` — **Medium Impact**
Queries that start from the movie side (e.g., 10a-c, 18a-c) join cast_info on movie_id and filter on role_id. The existing `idx_cast_info_movie_id` only covers movie_id, so role_id filtering requires heap fetches. Adding role_id enables efficient filtered lookups.

#### 5. `aka_name(person_id)` — Confirmed beneficial (likely exists as `idx_aka_name_person_id`)
Used extensively in queries 7a-c, 8a-d, 9a-d, 16a-d, 19a-d, 24a-b, 29a-c. The planner consistently uses this index for nested-loop lookups.

#### 6. `aka_title(movie_id)` — Confirmed beneficial (likely exists as `idx_aka_title_movie_id`)
Used in queries 15a-d. Enables efficient lookup of alternate titles for a given movie_id.

#### 7. `complete_cast(movie_id, subject_id, status_id)` — Confirmed beneficial (likely exists)
Used in all queries 20a-c, 23a-c, 26a-c, 27a-c, 28a-c, 29a-c, 30a-c. Index on movie_id is the primary access path; including subject_id and status_id as covering columns eliminates heap fetches for the two join predicates (cct1.id = cc.subject_id, cct2.id = cc.status_id).

#### 8. `movie_link(movie_id, link_type_id)` and `movie_link(linked_movie_id)` — Confirmed beneficial
Queries 11a-d, 21a-c, 27a-c, 32a-b, 33a-c all join movie_link. The planner uses `tmp_idx_movie_link_0e74da40` for movie_id lookups and `idx_movie_link_linked_movie_id` for linked_movie_id. Adding link_type_id as a covering column helps filter on link_type_id without heap fetches.

#### 9. `person_info(person_id, info_type_id)` — Confirmed beneficial (likely exists as `tmp_idx_person_info_277c0420`)
Used in queries 7a-c, 29a-c. Enables efficient lookup of person info records by person_id, with info_type_id as covering for the join to info_type.

#### 10. `movie_info(movie_id, info_type_id)` — Moderate benefit
The existing `idx_movie_info_movie_id` covers movie_id but adding info_type_id helps the planner filter on info_type_id without additional heap accesses. Many queries (12a-c, 13a-d, 19a-d, 21a-c, 22a-d) join movie_info on both movie_id and info_type_id.

Note: `movie_info(info_type_id, info, movie_id)` could not be built due to the `info` text column exceeding the 8191-byte index row size limit.

#### 11. `keyword(keyword)` — Confirmed beneficial (likely exists as `idx_keyword_keyword`)
Used in nearly every query that involves keyword filtering. Equality and IN-list lookups on keyword text are highly selective.

#### 12. `company_name(country_code)` — Confirmed beneficial (exists as `idx_company_name_country_code`)
Frequently filters company_name by country_code (e.g., '[us]', '[de]', '[ru]', '[jp]').

#### 13. `name(gender, name)` — Moderate benefit
Queries 6a-f, 17a-f, 18a-c, 19a-d filter on gender='f' or gender='m' AND name LIKE pattern. The existing `idx_name_gender` covers the gender bitmap scan; adding `name` as a second column would make prefix-LIKE patterns more selective. However, since most name filters use `%pattern%` (not prefix), this mainly helps when gender is very selective.

### Summary of Cost Reductions
- **movie_info_idx composite**: Up to 79% cost reduction on rating-filtered queries (the biggest win)
- **movie_companies composite**: ~50% cost reduction on company-driven join queries  
- **cast_info composites**: 10–30% improvement on person/role join queries
- Other indexes confirm or reinforce existing access paths

### Indexes NOT recommended (rejected)
- `movie_info(info_type_id, info, movie_id)`: Fails to build — text column exceeds 8191-byte limit
- `title(production_year, kind_id)`: Planner already uses title PK for point lookups; production_year range scans showed no improvement since row filtering happens after joins
- `movie_companies(company_id, movie_id)` alone: Less effective than the 3-column version
",911061.861,-41334.37
22d,"[{""table"": ""movie_info_idx"", ""columns"": [""info_type_id"", ""info"", ""movie_id""]}, {""table"": ""movie_companies"", ""columns"": [""company_id"", ""company_type_id"", ""movie_id""]}, {""table"": ""cast_info"", ""columns"": [""person_id"", ""role_id"", ""movie_id""]}, {""table"": ""cast_info"", ""columns"": [""movie_id"", ""role_id""]}, {""table"": ""aka_name"", ""columns"": [""person_id""]}, {""table"": ""aka_title"", ""columns"": [""movie_id""]}, {""table"": ""complete_cast"", ""columns"": [""movie_id"", ""subject_id"", ""status_id""]}, {""table"": ""movie_link"", ""columns"": [""movie_id"", ""link_type_id""]}, {""table"": ""movie_link"", ""columns"": [""linked_movie_id""]}, {""table"": ""person_info"", ""columns"": [""person_id"", ""info_type_id""]}, {""table"": ""movie_info"", ""columns"": [""movie_id"", ""info_type_id""]}, {""table"": ""keyword"", ""columns"": [""keyword""]}, {""table"": ""company_name"", ""columns"": [""country_code""]}, {""table"": ""name"", ""columns"": [""gender"", ""name""]}]","
## Index Tuning Analysis

### Methodology
I systematically tested candidate indexes against representative queries across the workload (simple to complex), observing actual planner cost estimates with and without each index. The planner already has many indexes in place (noted as `tmp_idx_*` and `idx_*` in the plan output). I focused on identifying indexes that produced measurable cost reductions beyond the existing baseline.

### Key Findings

#### 1. `movie_info_idx(info_type_id, info, movie_id)` — **Highest Impact**
This is the single most impactful index. Many queries filter `movie_info_idx` on both `info_type_id` (equality via join to `info_type`) and `info` (range comparison like `info > '8.0'`, `info < '7.0'`, `info < '8.5'`). Without it, the planner performs a full seq scan of movie_info_idx (~575K rows, cost ~13,718). With this composite index, the planner can do an index-only range scan:
- Query 12a: 10,684 → **2,256** (79% reduction)
- Queries 14a/b/c, 22a-d, 26a/b/c, 28a/b/c all benefit similarly (costs in 3,000–4,500 range vs. 10,000+)
- Queries 4a/b/c (sequel rating queries) also benefit

The `movie_id` trailing column enables index-only scans covering the join predicate.

#### 2. `movie_companies(company_id, company_type_id, movie_id)` — **High Impact**
When queries start from `company_name` (filtered by `country_code`) and need to join to `movie_companies` via `company_id`, the planner currently does a full seq scan of movie_companies (~1.08M rows, cost ~29,695). This index enables nested-loop index lookups:
- Query 10a/b/c: ~43,000 → **~20,000** (planner used `tmp_idx_movie_companies_eb7b56d5` in tests)
- Queries 12a, 13a, 19a (various company join scenarios) also benefit
- The `company_type_id` column helps when both company_id and company_type_id are join/filter predicates, enabling covering lookups for `movie_id`

#### 3. `cast_info(person_id, role_id, movie_id)` — **Medium Impact**
Many complex queries (9a-d, 19a-d, 24a-b, 29a-c) join `cast_info` on `person_id` AND filter on `role_id` (via role_type join). The existing `tmp_idx_cast_info_7101dd25` covers `(person_id, role_id)` which the planner already uses; adding `movie_id` as a covering column eliminates heap lookups for the movie_id join predicate.

#### 4. `cast_info(movie_id, role_id)` — **Medium Impact**
Queries that start from the movie side (e.g., 10a-c, 18a-c) join cast_info on movie_id and filter on role_id. The existing `idx_cast_info_movie_id` only covers movie_id, so role_id filtering requires heap fetches. Adding role_id enables efficient filtered lookups.

#### 5. `aka_name(person_id)` — Confirmed beneficial (likely exists as `idx_aka_name_person_id`)
Used extensively in queries 7a-c, 8a-d, 9a-d, 16a-d, 19a-d, 24a-b, 29a-c. The planner consistently uses this index for nested-loop lookups.

#### 6. `aka_title(movie_id)` — Confirmed beneficial (likely exists as `idx_aka_title_movie_id`)
Used in queries 15a-d. Enables efficient lookup of alternate titles for a given movie_id.

#### 7. `complete_cast(movie_id, subject_id, status_id)` — Confirmed beneficial (likely exists)
Used in all queries 20a-c, 23a-c, 26a-c, 27a-c, 28a-c, 29a-c, 30a-c. Index on movie_id is the primary access path; including subject_id and status_id as covering columns eliminates heap fetches for the two join predicates (cct1.id = cc.subject_id, cct2.id = cc.status_id).

#### 8. `movie_link(movie_id, link_type_id)` and `movie_link(linked_movie_id)` — Confirmed beneficial
Queries 11a-d, 21a-c, 27a-c, 32a-b, 33a-c all join movie_link. The planner uses `tmp_idx_movie_link_0e74da40` for movie_id lookups and `idx_movie_link_linked_movie_id` for linked_movie_id. Adding link_type_id as a covering column helps filter on link_type_id without heap fetches.

#### 9. `person_info(person_id, info_type_id)` — Confirmed beneficial (likely exists as `tmp_idx_person_info_277c0420`)
Used in queries 7a-c, 29a-c. Enables efficient lookup of person info records by person_id, with info_type_id as covering for the join to info_type.

#### 10. `movie_info(movie_id, info_type_id)` — Moderate benefit
The existing `idx_movie_info_movie_id` covers movie_id but adding info_type_id helps the planner filter on info_type_id without additional heap accesses. Many queries (12a-c, 13a-d, 19a-d, 21a-c, 22a-d) join movie_info on both movie_id and info_type_id.

Note: `movie_info(info_type_id, info, movie_id)` could not be built due to the `info` text column exceeding the 8191-byte index row size limit.

#### 11. `keyword(keyword)` — Confirmed beneficial (likely exists as `idx_keyword_keyword`)
Used in nearly every query that involves keyword filtering. Equality and IN-list lookups on keyword text are highly selective.

#### 12. `company_name(country_code)` — Confirmed beneficial (exists as `idx_company_name_country_code`)
Frequently filters company_name by country_code (e.g., '[us]', '[de]', '[ru]', '[jp]').

#### 13. `name(gender, name)` — Moderate benefit
Queries 6a-f, 17a-f, 18a-c, 19a-d filter on gender='f' or gender='m' AND name LIKE pattern. The existing `idx_name_gender` covers the gender bitmap scan; adding `name` as a second column would make prefix-LIKE patterns more selective. However, since most name filters use `%pattern%` (not prefix), this mainly helps when gender is very selective.

### Summary of Cost Reductions
- **movie_info_idx composite**: Up to 79% cost reduction on rating-filtered queries (the biggest win)
- **movie_companies composite**: ~50% cost reduction on company-driven join queries  
- **cast_info composites**: 10–30% improvement on person/role join queries
- Other indexes confirm or reinforce existing access paths

### Indexes NOT recommended (rejected)
- `movie_info(info_type_id, info, movie_id)`: Fails to build — text column exceeds 8191-byte limit
- `title(production_year, kind_id)`: Planner already uses title PK for point lookups; production_year range scans showed no improvement since row filtering happens after joins
- `movie_companies(company_id, movie_id)` alone: Less effective than the 3-column version
",1872844.811,-116881.59
23a,"[{""table"": ""movie_info_idx"", ""columns"": [""info_type_id"", ""info"", ""movie_id""]}, {""table"": ""movie_companies"", ""columns"": [""company_id"", ""company_type_id"", ""movie_id""]}, {""table"": ""cast_info"", ""columns"": [""person_id"", ""role_id"", ""movie_id""]}, {""table"": ""cast_info"", ""columns"": [""movie_id"", ""role_id""]}, {""table"": ""aka_name"", ""columns"": [""person_id""]}, {""table"": ""aka_title"", ""columns"": [""movie_id""]}, {""table"": ""complete_cast"", ""columns"": [""movie_id"", ""subject_id"", ""status_id""]}, {""table"": ""movie_link"", ""columns"": [""movie_id"", ""link_type_id""]}, {""table"": ""movie_link"", ""columns"": [""linked_movie_id""]}, {""table"": ""person_info"", ""columns"": [""person_id"", ""info_type_id""]}, {""table"": ""movie_info"", ""columns"": [""movie_id"", ""info_type_id""]}, {""table"": ""keyword"", ""columns"": [""keyword""]}, {""table"": ""company_name"", ""columns"": [""country_code""]}, {""table"": ""name"", ""columns"": [""gender"", ""name""]}]","
## Index Tuning Analysis

### Methodology
I systematically tested candidate indexes against representative queries across the workload (simple to complex), observing actual planner cost estimates with and without each index. The planner already has many indexes in place (noted as `tmp_idx_*` and `idx_*` in the plan output). I focused on identifying indexes that produced measurable cost reductions beyond the existing baseline.

### Key Findings

#### 1. `movie_info_idx(info_type_id, info, movie_id)` — **Highest Impact**
This is the single most impactful index. Many queries filter `movie_info_idx` on both `info_type_id` (equality via join to `info_type`) and `info` (range comparison like `info > '8.0'`, `info < '7.0'`, `info < '8.5'`). Without it, the planner performs a full seq scan of movie_info_idx (~575K rows, cost ~13,718). With this composite index, the planner can do an index-only range scan:
- Query 12a: 10,684 → **2,256** (79% reduction)
- Queries 14a/b/c, 22a-d, 26a/b/c, 28a/b/c all benefit similarly (costs in 3,000–4,500 range vs. 10,000+)
- Queries 4a/b/c (sequel rating queries) also benefit

The `movie_id` trailing column enables index-only scans covering the join predicate.

#### 2. `movie_companies(company_id, company_type_id, movie_id)` — **High Impact**
When queries start from `company_name` (filtered by `country_code`) and need to join to `movie_companies` via `company_id`, the planner currently does a full seq scan of movie_companies (~1.08M rows, cost ~29,695). This index enables nested-loop index lookups:
- Query 10a/b/c: ~43,000 → **~20,000** (planner used `tmp_idx_movie_companies_eb7b56d5` in tests)
- Queries 12a, 13a, 19a (various company join scenarios) also benefit
- The `company_type_id` column helps when both company_id and company_type_id are join/filter predicates, enabling covering lookups for `movie_id`

#### 3. `cast_info(person_id, role_id, movie_id)` — **Medium Impact**
Many complex queries (9a-d, 19a-d, 24a-b, 29a-c) join `cast_info` on `person_id` AND filter on `role_id` (via role_type join). The existing `tmp_idx_cast_info_7101dd25` covers `(person_id, role_id)` which the planner already uses; adding `movie_id` as a covering column eliminates heap lookups for the movie_id join predicate.

#### 4. `cast_info(movie_id, role_id)` — **Medium Impact**
Queries that start from the movie side (e.g., 10a-c, 18a-c) join cast_info on movie_id and filter on role_id. The existing `idx_cast_info_movie_id` only covers movie_id, so role_id filtering requires heap fetches. Adding role_id enables efficient filtered lookups.

#### 5. `aka_name(person_id)` — Confirmed beneficial (likely exists as `idx_aka_name_person_id`)
Used extensively in queries 7a-c, 8a-d, 9a-d, 16a-d, 19a-d, 24a-b, 29a-c. The planner consistently uses this index for nested-loop lookups.

#### 6. `aka_title(movie_id)` — Confirmed beneficial (likely exists as `idx_aka_title_movie_id`)
Used in queries 15a-d. Enables efficient lookup of alternate titles for a given movie_id.

#### 7. `complete_cast(movie_id, subject_id, status_id)` — Confirmed beneficial (likely exists)
Used in all queries 20a-c, 23a-c, 26a-c, 27a-c, 28a-c, 29a-c, 30a-c. Index on movie_id is the primary access path; including subject_id and status_id as covering columns eliminates heap fetches for the two join predicates (cct1.id = cc.subject_id, cct2.id = cc.status_id).

#### 8. `movie_link(movie_id, link_type_id)` and `movie_link(linked_movie_id)` — Confirmed beneficial
Queries 11a-d, 21a-c, 27a-c, 32a-b, 33a-c all join movie_link. The planner uses `tmp_idx_movie_link_0e74da40` for movie_id lookups and `idx_movie_link_linked_movie_id` for linked_movie_id. Adding link_type_id as a covering column helps filter on link_type_id without heap fetches.

#### 9. `person_info(person_id, info_type_id)` — Confirmed beneficial (likely exists as `tmp_idx_person_info_277c0420`)
Used in queries 7a-c, 29a-c. Enables efficient lookup of person info records by person_id, with info_type_id as covering for the join to info_type.

#### 10. `movie_info(movie_id, info_type_id)` — Moderate benefit
The existing `idx_movie_info_movie_id` covers movie_id but adding info_type_id helps the planner filter on info_type_id without additional heap accesses. Many queries (12a-c, 13a-d, 19a-d, 21a-c, 22a-d) join movie_info on both movie_id and info_type_id.

Note: `movie_info(info_type_id, info, movie_id)` could not be built due to the `info` text column exceeding the 8191-byte index row size limit.

#### 11. `keyword(keyword)` — Confirmed beneficial (likely exists as `idx_keyword_keyword`)
Used in nearly every query that involves keyword filtering. Equality and IN-list lookups on keyword text are highly selective.

#### 12. `company_name(country_code)` — Confirmed beneficial (exists as `idx_company_name_country_code`)
Frequently filters company_name by country_code (e.g., '[us]', '[de]', '[ru]', '[jp]').

#### 13. `name(gender, name)` — Moderate benefit
Queries 6a-f, 17a-f, 18a-c, 19a-d filter on gender='f' or gender='m' AND name LIKE pattern. The existing `idx_name_gender` covers the gender bitmap scan; adding `name` as a second column would make prefix-LIKE patterns more selective. However, since most name filters use `%pattern%` (not prefix), this mainly helps when gender is very selective.

### Summary of Cost Reductions
- **movie_info_idx composite**: Up to 79% cost reduction on rating-filtered queries (the biggest win)
- **movie_companies composite**: ~50% cost reduction on company-driven join queries  
- **cast_info composites**: 10–30% improvement on person/role join queries
- Other indexes confirm or reinforce existing access paths

### Indexes NOT recommended (rejected)
- `movie_info(info_type_id, info, movie_id)`: Fails to build — text column exceeds 8191-byte limit
- `title(production_year, kind_id)`: Planner already uses title PK for point lookups; production_year range scans showed no improvement since row filtering happens after joins
- `movie_companies(company_id, movie_id)` alone: Less effective than the 3-column version
",14961.892,-2408.71
23b,"[{""table"": ""movie_info_idx"", ""columns"": [""info_type_id"", ""info"", ""movie_id""]}, {""table"": ""movie_companies"", ""columns"": [""company_id"", ""company_type_id"", ""movie_id""]}, {""table"": ""cast_info"", ""columns"": [""person_id"", ""role_id"", ""movie_id""]}, {""table"": ""cast_info"", ""columns"": [""movie_id"", ""role_id""]}, {""table"": ""aka_name"", ""columns"": [""person_id""]}, {""table"": ""aka_title"", ""columns"": [""movie_id""]}, {""table"": ""complete_cast"", ""columns"": [""movie_id"", ""subject_id"", ""status_id""]}, {""table"": ""movie_link"", ""columns"": [""movie_id"", ""link_type_id""]}, {""table"": ""movie_link"", ""columns"": [""linked_movie_id""]}, {""table"": ""person_info"", ""columns"": [""person_id"", ""info_type_id""]}, {""table"": ""movie_info"", ""columns"": [""movie_id"", ""info_type_id""]}, {""table"": ""keyword"", ""columns"": [""keyword""]}, {""table"": ""company_name"", ""columns"": [""country_code""]}, {""table"": ""name"", ""columns"": [""gender"", ""name""]}]","
## Index Tuning Analysis

### Methodology
I systematically tested candidate indexes against representative queries across the workload (simple to complex), observing actual planner cost estimates with and without each index. The planner already has many indexes in place (noted as `tmp_idx_*` and `idx_*` in the plan output). I focused on identifying indexes that produced measurable cost reductions beyond the existing baseline.

### Key Findings

#### 1. `movie_info_idx(info_type_id, info, movie_id)` — **Highest Impact**
This is the single most impactful index. Many queries filter `movie_info_idx` on both `info_type_id` (equality via join to `info_type`) and `info` (range comparison like `info > '8.0'`, `info < '7.0'`, `info < '8.5'`). Without it, the planner performs a full seq scan of movie_info_idx (~575K rows, cost ~13,718). With this composite index, the planner can do an index-only range scan:
- Query 12a: 10,684 → **2,256** (79% reduction)
- Queries 14a/b/c, 22a-d, 26a/b/c, 28a/b/c all benefit similarly (costs in 3,000–4,500 range vs. 10,000+)
- Queries 4a/b/c (sequel rating queries) also benefit

The `movie_id` trailing column enables index-only scans covering the join predicate.

#### 2. `movie_companies(company_id, company_type_id, movie_id)` — **High Impact**
When queries start from `company_name` (filtered by `country_code`) and need to join to `movie_companies` via `company_id`, the planner currently does a full seq scan of movie_companies (~1.08M rows, cost ~29,695). This index enables nested-loop index lookups:
- Query 10a/b/c: ~43,000 → **~20,000** (planner used `tmp_idx_movie_companies_eb7b56d5` in tests)
- Queries 12a, 13a, 19a (various company join scenarios) also benefit
- The `company_type_id` column helps when both company_id and company_type_id are join/filter predicates, enabling covering lookups for `movie_id`

#### 3. `cast_info(person_id, role_id, movie_id)` — **Medium Impact**
Many complex queries (9a-d, 19a-d, 24a-b, 29a-c) join `cast_info` on `person_id` AND filter on `role_id` (via role_type join). The existing `tmp_idx_cast_info_7101dd25` covers `(person_id, role_id)` which the planner already uses; adding `movie_id` as a covering column eliminates heap lookups for the movie_id join predicate.

#### 4. `cast_info(movie_id, role_id)` — **Medium Impact**
Queries that start from the movie side (e.g., 10a-c, 18a-c) join cast_info on movie_id and filter on role_id. The existing `idx_cast_info_movie_id` only covers movie_id, so role_id filtering requires heap fetches. Adding role_id enables efficient filtered lookups.

#### 5. `aka_name(person_id)` — Confirmed beneficial (likely exists as `idx_aka_name_person_id`)
Used extensively in queries 7a-c, 8a-d, 9a-d, 16a-d, 19a-d, 24a-b, 29a-c. The planner consistently uses this index for nested-loop lookups.

#### 6. `aka_title(movie_id)` — Confirmed beneficial (likely exists as `idx_aka_title_movie_id`)
Used in queries 15a-d. Enables efficient lookup of alternate titles for a given movie_id.

#### 7. `complete_cast(movie_id, subject_id, status_id)` — Confirmed beneficial (likely exists)
Used in all queries 20a-c, 23a-c, 26a-c, 27a-c, 28a-c, 29a-c, 30a-c. Index on movie_id is the primary access path; including subject_id and status_id as covering columns eliminates heap fetches for the two join predicates (cct1.id = cc.subject_id, cct2.id = cc.status_id).

#### 8. `movie_link(movie_id, link_type_id)` and `movie_link(linked_movie_id)` — Confirmed beneficial
Queries 11a-d, 21a-c, 27a-c, 32a-b, 33a-c all join movie_link. The planner uses `tmp_idx_movie_link_0e74da40` for movie_id lookups and `idx_movie_link_linked_movie_id` for linked_movie_id. Adding link_type_id as a covering column helps filter on link_type_id without heap fetches.

#### 9. `person_info(person_id, info_type_id)` — Confirmed beneficial (likely exists as `tmp_idx_person_info_277c0420`)
Used in queries 7a-c, 29a-c. Enables efficient lookup of person info records by person_id, with info_type_id as covering for the join to info_type.

#### 10. `movie_info(movie_id, info_type_id)` — Moderate benefit
The existing `idx_movie_info_movie_id` covers movie_id but adding info_type_id helps the planner filter on info_type_id without additional heap accesses. Many queries (12a-c, 13a-d, 19a-d, 21a-c, 22a-d) join movie_info on both movie_id and info_type_id.

Note: `movie_info(info_type_id, info, movie_id)` could not be built due to the `info` text column exceeding the 8191-byte index row size limit.

#### 11. `keyword(keyword)` — Confirmed beneficial (likely exists as `idx_keyword_keyword`)
Used in nearly every query that involves keyword filtering. Equality and IN-list lookups on keyword text are highly selective.

#### 12. `company_name(country_code)` — Confirmed beneficial (exists as `idx_company_name_country_code`)
Frequently filters company_name by country_code (e.g., '[us]', '[de]', '[ru]', '[jp]').

#### 13. `name(gender, name)` — Moderate benefit
Queries 6a-f, 17a-f, 18a-c, 19a-d filter on gender='f' or gender='m' AND name LIKE pattern. The existing `idx_name_gender` covers the gender bitmap scan; adding `name` as a second column would make prefix-LIKE patterns more selective. However, since most name filters use `%pattern%` (not prefix), this mainly helps when gender is very selective.

### Summary of Cost Reductions
- **movie_info_idx composite**: Up to 79% cost reduction on rating-filtered queries (the biggest win)
- **movie_companies composite**: ~50% cost reduction on company-driven join queries  
- **cast_info composites**: 10–30% improvement on person/role join queries
- Other indexes confirm or reinforce existing access paths

### Indexes NOT recommended (rejected)
- `movie_info(info_type_id, info, movie_id)`: Fails to build — text column exceeds 8191-byte limit
- `title(production_year, kind_id)`: Planner already uses title PK for point lookups; production_year range scans showed no improvement since row filtering happens after joins
- `movie_companies(company_id, movie_id)` alone: Less effective than the 3-column version
",553.4,6.25
23c,"[{""table"": ""movie_info_idx"", ""columns"": [""info_type_id"", ""info"", ""movie_id""]}, {""table"": ""movie_companies"", ""columns"": [""company_id"", ""company_type_id"", ""movie_id""]}, {""table"": ""cast_info"", ""columns"": [""person_id"", ""role_id"", ""movie_id""]}, {""table"": ""cast_info"", ""columns"": [""movie_id"", ""role_id""]}, {""table"": ""aka_name"", ""columns"": [""person_id""]}, {""table"": ""aka_title"", ""columns"": [""movie_id""]}, {""table"": ""complete_cast"", ""columns"": [""movie_id"", ""subject_id"", ""status_id""]}, {""table"": ""movie_link"", ""columns"": [""movie_id"", ""link_type_id""]}, {""table"": ""movie_link"", ""columns"": [""linked_movie_id""]}, {""table"": ""person_info"", ""columns"": [""person_id"", ""info_type_id""]}, {""table"": ""movie_info"", ""columns"": [""movie_id"", ""info_type_id""]}, {""table"": ""keyword"", ""columns"": [""keyword""]}, {""table"": ""company_name"", ""columns"": [""country_code""]}, {""table"": ""name"", ""columns"": [""gender"", ""name""]}]","
## Index Tuning Analysis

### Methodology
I systematically tested candidate indexes against representative queries across the workload (simple to complex), observing actual planner cost estimates with and without each index. The planner already has many indexes in place (noted as `tmp_idx_*` and `idx_*` in the plan output). I focused on identifying indexes that produced measurable cost reductions beyond the existing baseline.

### Key Findings

#### 1. `movie_info_idx(info_type_id, info, movie_id)` — **Highest Impact**
This is the single most impactful index. Many queries filter `movie_info_idx` on both `info_type_id` (equality via join to `info_type`) and `info` (range comparison like `info > '8.0'`, `info < '7.0'`, `info < '8.5'`). Without it, the planner performs a full seq scan of movie_info_idx (~575K rows, cost ~13,718). With this composite index, the planner can do an index-only range scan:
- Query 12a: 10,684 → **2,256** (79% reduction)
- Queries 14a/b/c, 22a-d, 26a/b/c, 28a/b/c all benefit similarly (costs in 3,000–4,500 range vs. 10,000+)
- Queries 4a/b/c (sequel rating queries) also benefit

The `movie_id` trailing column enables index-only scans covering the join predicate.

#### 2. `movie_companies(company_id, company_type_id, movie_id)` — **High Impact**
When queries start from `company_name` (filtered by `country_code`) and need to join to `movie_companies` via `company_id`, the planner currently does a full seq scan of movie_companies (~1.08M rows, cost ~29,695). This index enables nested-loop index lookups:
- Query 10a/b/c: ~43,000 → **~20,000** (planner used `tmp_idx_movie_companies_eb7b56d5` in tests)
- Queries 12a, 13a, 19a (various company join scenarios) also benefit
- The `company_type_id` column helps when both company_id and company_type_id are join/filter predicates, enabling covering lookups for `movie_id`

#### 3. `cast_info(person_id, role_id, movie_id)` — **Medium Impact**
Many complex queries (9a-d, 19a-d, 24a-b, 29a-c) join `cast_info` on `person_id` AND filter on `role_id` (via role_type join). The existing `tmp_idx_cast_info_7101dd25` covers `(person_id, role_id)` which the planner already uses; adding `movie_id` as a covering column eliminates heap lookups for the movie_id join predicate.

#### 4. `cast_info(movie_id, role_id)` — **Medium Impact**
Queries that start from the movie side (e.g., 10a-c, 18a-c) join cast_info on movie_id and filter on role_id. The existing `idx_cast_info_movie_id` only covers movie_id, so role_id filtering requires heap fetches. Adding role_id enables efficient filtered lookups.

#### 5. `aka_name(person_id)` — Confirmed beneficial (likely exists as `idx_aka_name_person_id`)
Used extensively in queries 7a-c, 8a-d, 9a-d, 16a-d, 19a-d, 24a-b, 29a-c. The planner consistently uses this index for nested-loop lookups.

#### 6. `aka_title(movie_id)` — Confirmed beneficial (likely exists as `idx_aka_title_movie_id`)
Used in queries 15a-d. Enables efficient lookup of alternate titles for a given movie_id.

#### 7. `complete_cast(movie_id, subject_id, status_id)` — Confirmed beneficial (likely exists)
Used in all queries 20a-c, 23a-c, 26a-c, 27a-c, 28a-c, 29a-c, 30a-c. Index on movie_id is the primary access path; including subject_id and status_id as covering columns eliminates heap fetches for the two join predicates (cct1.id = cc.subject_id, cct2.id = cc.status_id).

#### 8. `movie_link(movie_id, link_type_id)` and `movie_link(linked_movie_id)` — Confirmed beneficial
Queries 11a-d, 21a-c, 27a-c, 32a-b, 33a-c all join movie_link. The planner uses `tmp_idx_movie_link_0e74da40` for movie_id lookups and `idx_movie_link_linked_movie_id` for linked_movie_id. Adding link_type_id as a covering column helps filter on link_type_id without heap fetches.

#### 9. `person_info(person_id, info_type_id)` — Confirmed beneficial (likely exists as `tmp_idx_person_info_277c0420`)
Used in queries 7a-c, 29a-c. Enables efficient lookup of person info records by person_id, with info_type_id as covering for the join to info_type.

#### 10. `movie_info(movie_id, info_type_id)` — Moderate benefit
The existing `idx_movie_info_movie_id` covers movie_id but adding info_type_id helps the planner filter on info_type_id without additional heap accesses. Many queries (12a-c, 13a-d, 19a-d, 21a-c, 22a-d) join movie_info on both movie_id and info_type_id.

Note: `movie_info(info_type_id, info, movie_id)` could not be built due to the `info` text column exceeding the 8191-byte index row size limit.

#### 11. `keyword(keyword)` — Confirmed beneficial (likely exists as `idx_keyword_keyword`)
Used in nearly every query that involves keyword filtering. Equality and IN-list lookups on keyword text are highly selective.

#### 12. `company_name(country_code)` — Confirmed beneficial (exists as `idx_company_name_country_code`)
Frequently filters company_name by country_code (e.g., '[us]', '[de]', '[ru]', '[jp]').

#### 13. `name(gender, name)` — Moderate benefit
Queries 6a-f, 17a-f, 18a-c, 19a-d filter on gender='f' or gender='m' AND name LIKE pattern. The existing `idx_name_gender` covers the gender bitmap scan; adding `name` as a second column would make prefix-LIKE patterns more selective. However, since most name filters use `%pattern%` (not prefix), this mainly helps when gender is very selective.

### Summary of Cost Reductions
- **movie_info_idx composite**: Up to 79% cost reduction on rating-filtered queries (the biggest win)
- **movie_companies composite**: ~50% cost reduction on company-driven join queries  
- **cast_info composites**: 10–30% improvement on person/role join queries
- Other indexes confirm or reinforce existing access paths

### Indexes NOT recommended (rejected)
- `movie_info(info_type_id, info, movie_id)`: Fails to build — text column exceeds 8191-byte limit
- `title(production_year, kind_id)`: Planner already uses title PK for point lookups; production_year range scans showed no improvement since row filtering happens after joins
- `movie_companies(company_id, movie_id)` alone: Less effective than the 3-column version
",478.986,26.92
24a,"[{""table"": ""movie_info_idx"", ""columns"": [""info_type_id"", ""info"", ""movie_id""]}, {""table"": ""movie_companies"", ""columns"": [""company_id"", ""company_type_id"", ""movie_id""]}, {""table"": ""cast_info"", ""columns"": [""person_id"", ""role_id"", ""movie_id""]}, {""table"": ""cast_info"", ""columns"": [""movie_id"", ""role_id""]}, {""table"": ""aka_name"", ""columns"": [""person_id""]}, {""table"": ""aka_title"", ""columns"": [""movie_id""]}, {""table"": ""complete_cast"", ""columns"": [""movie_id"", ""subject_id"", ""status_id""]}, {""table"": ""movie_link"", ""columns"": [""movie_id"", ""link_type_id""]}, {""table"": ""movie_link"", ""columns"": [""linked_movie_id""]}, {""table"": ""person_info"", ""columns"": [""person_id"", ""info_type_id""]}, {""table"": ""movie_info"", ""columns"": [""movie_id"", ""info_type_id""]}, {""table"": ""keyword"", ""columns"": [""keyword""]}, {""table"": ""company_name"", ""columns"": [""country_code""]}, {""table"": ""name"", ""columns"": [""gender"", ""name""]}]","
## Index Tuning Analysis

### Methodology
I systematically tested candidate indexes against representative queries across the workload (simple to complex), observing actual planner cost estimates with and without each index. The planner already has many indexes in place (noted as `tmp_idx_*` and `idx_*` in the plan output). I focused on identifying indexes that produced measurable cost reductions beyond the existing baseline.

### Key Findings

#### 1. `movie_info_idx(info_type_id, info, movie_id)` — **Highest Impact**
This is the single most impactful index. Many queries filter `movie_info_idx` on both `info_type_id` (equality via join to `info_type`) and `info` (range comparison like `info > '8.0'`, `info < '7.0'`, `info < '8.5'`). Without it, the planner performs a full seq scan of movie_info_idx (~575K rows, cost ~13,718). With this composite index, the planner can do an index-only range scan:
- Query 12a: 10,684 → **2,256** (79% reduction)
- Queries 14a/b/c, 22a-d, 26a/b/c, 28a/b/c all benefit similarly (costs in 3,000–4,500 range vs. 10,000+)
- Queries 4a/b/c (sequel rating queries) also benefit

The `movie_id` trailing column enables index-only scans covering the join predicate.

#### 2. `movie_companies(company_id, company_type_id, movie_id)` — **High Impact**
When queries start from `company_name` (filtered by `country_code`) and need to join to `movie_companies` via `company_id`, the planner currently does a full seq scan of movie_companies (~1.08M rows, cost ~29,695). This index enables nested-loop index lookups:
- Query 10a/b/c: ~43,000 → **~20,000** (planner used `tmp_idx_movie_companies_eb7b56d5` in tests)
- Queries 12a, 13a, 19a (various company join scenarios) also benefit
- The `company_type_id` column helps when both company_id and company_type_id are join/filter predicates, enabling covering lookups for `movie_id`

#### 3. `cast_info(person_id, role_id, movie_id)` — **Medium Impact**
Many complex queries (9a-d, 19a-d, 24a-b, 29a-c) join `cast_info` on `person_id` AND filter on `role_id` (via role_type join). The existing `tmp_idx_cast_info_7101dd25` covers `(person_id, role_id)` which the planner already uses; adding `movie_id` as a covering column eliminates heap lookups for the movie_id join predicate.

#### 4. `cast_info(movie_id, role_id)` — **Medium Impact**
Queries that start from the movie side (e.g., 10a-c, 18a-c) join cast_info on movie_id and filter on role_id. The existing `idx_cast_info_movie_id` only covers movie_id, so role_id filtering requires heap fetches. Adding role_id enables efficient filtered lookups.

#### 5. `aka_name(person_id)` — Confirmed beneficial (likely exists as `idx_aka_name_person_id`)
Used extensively in queries 7a-c, 8a-d, 9a-d, 16a-d, 19a-d, 24a-b, 29a-c. The planner consistently uses this index for nested-loop lookups.

#### 6. `aka_title(movie_id)` — Confirmed beneficial (likely exists as `idx_aka_title_movie_id`)
Used in queries 15a-d. Enables efficient lookup of alternate titles for a given movie_id.

#### 7. `complete_cast(movie_id, subject_id, status_id)` — Confirmed beneficial (likely exists)
Used in all queries 20a-c, 23a-c, 26a-c, 27a-c, 28a-c, 29a-c, 30a-c. Index on movie_id is the primary access path; including subject_id and status_id as covering columns eliminates heap fetches for the two join predicates (cct1.id = cc.subject_id, cct2.id = cc.status_id).

#### 8. `movie_link(movie_id, link_type_id)` and `movie_link(linked_movie_id)` — Confirmed beneficial
Queries 11a-d, 21a-c, 27a-c, 32a-b, 33a-c all join movie_link. The planner uses `tmp_idx_movie_link_0e74da40` for movie_id lookups and `idx_movie_link_linked_movie_id` for linked_movie_id. Adding link_type_id as a covering column helps filter on link_type_id without heap fetches.

#### 9. `person_info(person_id, info_type_id)` — Confirmed beneficial (likely exists as `tmp_idx_person_info_277c0420`)
Used in queries 7a-c, 29a-c. Enables efficient lookup of person info records by person_id, with info_type_id as covering for the join to info_type.

#### 10. `movie_info(movie_id, info_type_id)` — Moderate benefit
The existing `idx_movie_info_movie_id` covers movie_id but adding info_type_id helps the planner filter on info_type_id without additional heap accesses. Many queries (12a-c, 13a-d, 19a-d, 21a-c, 22a-d) join movie_info on both movie_id and info_type_id.

Note: `movie_info(info_type_id, info, movie_id)` could not be built due to the `info` text column exceeding the 8191-byte index row size limit.

#### 11. `keyword(keyword)` — Confirmed beneficial (likely exists as `idx_keyword_keyword`)
Used in nearly every query that involves keyword filtering. Equality and IN-list lookups on keyword text are highly selective.

#### 12. `company_name(country_code)` — Confirmed beneficial (exists as `idx_company_name_country_code`)
Frequently filters company_name by country_code (e.g., '[us]', '[de]', '[ru]', '[jp]').

#### 13. `name(gender, name)` — Moderate benefit
Queries 6a-f, 17a-f, 18a-c, 19a-d filter on gender='f' or gender='m' AND name LIKE pattern. The existing `idx_name_gender` covers the gender bitmap scan; adding `name` as a second column would make prefix-LIKE patterns more selective. However, since most name filters use `%pattern%` (not prefix), this mainly helps when gender is very selective.

### Summary of Cost Reductions
- **movie_info_idx composite**: Up to 79% cost reduction on rating-filtered queries (the biggest win)
- **movie_companies composite**: ~50% cost reduction on company-driven join queries  
- **cast_info composites**: 10–30% improvement on person/role join queries
- Other indexes confirm or reinforce existing access paths

### Indexes NOT recommended (rejected)
- `movie_info(info_type_id, info, movie_id)`: Fails to build — text column exceeds 8191-byte limit
- `title(production_year, kind_id)`: Planner already uses title PK for point lookups; production_year range scans showed no improvement since row filtering happens after joins
- `movie_companies(company_id, movie_id)` alone: Less effective than the 3-column version
",916.105,51.77
24b,"[{""table"": ""movie_info_idx"", ""columns"": [""info_type_id"", ""info"", ""movie_id""]}, {""table"": ""movie_companies"", ""columns"": [""company_id"", ""company_type_id"", ""movie_id""]}, {""table"": ""cast_info"", ""columns"": [""person_id"", ""role_id"", ""movie_id""]}, {""table"": ""cast_info"", ""columns"": [""movie_id"", ""role_id""]}, {""table"": ""aka_name"", ""columns"": [""person_id""]}, {""table"": ""aka_title"", ""columns"": [""movie_id""]}, {""table"": ""complete_cast"", ""columns"": [""movie_id"", ""subject_id"", ""status_id""]}, {""table"": ""movie_link"", ""columns"": [""movie_id"", ""link_type_id""]}, {""table"": ""movie_link"", ""columns"": [""linked_movie_id""]}, {""table"": ""person_info"", ""columns"": [""person_id"", ""info_type_id""]}, {""table"": ""movie_info"", ""columns"": [""movie_id"", ""info_type_id""]}, {""table"": ""keyword"", ""columns"": [""keyword""]}, {""table"": ""company_name"", ""columns"": [""country_code""]}, {""table"": ""name"", ""columns"": [""gender"", ""name""]}]","
## Index Tuning Analysis

### Methodology
I systematically tested candidate indexes against representative queries across the workload (simple to complex), observing actual planner cost estimates with and without each index. The planner already has many indexes in place (noted as `tmp_idx_*` and `idx_*` in the plan output). I focused on identifying indexes that produced measurable cost reductions beyond the existing baseline.

### Key Findings

#### 1. `movie_info_idx(info_type_id, info, movie_id)` — **Highest Impact**
This is the single most impactful index. Many queries filter `movie_info_idx` on both `info_type_id` (equality via join to `info_type`) and `info` (range comparison like `info > '8.0'`, `info < '7.0'`, `info < '8.5'`). Without it, the planner performs a full seq scan of movie_info_idx (~575K rows, cost ~13,718). With this composite index, the planner can do an index-only range scan:
- Query 12a: 10,684 → **2,256** (79% reduction)
- Queries 14a/b/c, 22a-d, 26a/b/c, 28a/b/c all benefit similarly (costs in 3,000–4,500 range vs. 10,000+)
- Queries 4a/b/c (sequel rating queries) also benefit

The `movie_id` trailing column enables index-only scans covering the join predicate.

#### 2. `movie_companies(company_id, company_type_id, movie_id)` — **High Impact**
When queries start from `company_name` (filtered by `country_code`) and need to join to `movie_companies` via `company_id`, the planner currently does a full seq scan of movie_companies (~1.08M rows, cost ~29,695). This index enables nested-loop index lookups:
- Query 10a/b/c: ~43,000 → **~20,000** (planner used `tmp_idx_movie_companies_eb7b56d5` in tests)
- Queries 12a, 13a, 19a (various company join scenarios) also benefit
- The `company_type_id` column helps when both company_id and company_type_id are join/filter predicates, enabling covering lookups for `movie_id`

#### 3. `cast_info(person_id, role_id, movie_id)` — **Medium Impact**
Many complex queries (9a-d, 19a-d, 24a-b, 29a-c) join `cast_info` on `person_id` AND filter on `role_id` (via role_type join). The existing `tmp_idx_cast_info_7101dd25` covers `(person_id, role_id)` which the planner already uses; adding `movie_id` as a covering column eliminates heap lookups for the movie_id join predicate.

#### 4. `cast_info(movie_id, role_id)` — **Medium Impact**
Queries that start from the movie side (e.g., 10a-c, 18a-c) join cast_info on movie_id and filter on role_id. The existing `idx_cast_info_movie_id` only covers movie_id, so role_id filtering requires heap fetches. Adding role_id enables efficient filtered lookups.

#### 5. `aka_name(person_id)` — Confirmed beneficial (likely exists as `idx_aka_name_person_id`)
Used extensively in queries 7a-c, 8a-d, 9a-d, 16a-d, 19a-d, 24a-b, 29a-c. The planner consistently uses this index for nested-loop lookups.

#### 6. `aka_title(movie_id)` — Confirmed beneficial (likely exists as `idx_aka_title_movie_id`)
Used in queries 15a-d. Enables efficient lookup of alternate titles for a given movie_id.

#### 7. `complete_cast(movie_id, subject_id, status_id)` — Confirmed beneficial (likely exists)
Used in all queries 20a-c, 23a-c, 26a-c, 27a-c, 28a-c, 29a-c, 30a-c. Index on movie_id is the primary access path; including subject_id and status_id as covering columns eliminates heap fetches for the two join predicates (cct1.id = cc.subject_id, cct2.id = cc.status_id).

#### 8. `movie_link(movie_id, link_type_id)` and `movie_link(linked_movie_id)` — Confirmed beneficial
Queries 11a-d, 21a-c, 27a-c, 32a-b, 33a-c all join movie_link. The planner uses `tmp_idx_movie_link_0e74da40` for movie_id lookups and `idx_movie_link_linked_movie_id` for linked_movie_id. Adding link_type_id as a covering column helps filter on link_type_id without heap fetches.

#### 9. `person_info(person_id, info_type_id)` — Confirmed beneficial (likely exists as `tmp_idx_person_info_277c0420`)
Used in queries 7a-c, 29a-c. Enables efficient lookup of person info records by person_id, with info_type_id as covering for the join to info_type.

#### 10. `movie_info(movie_id, info_type_id)` — Moderate benefit
The existing `idx_movie_info_movie_id` covers movie_id but adding info_type_id helps the planner filter on info_type_id without additional heap accesses. Many queries (12a-c, 13a-d, 19a-d, 21a-c, 22a-d) join movie_info on both movie_id and info_type_id.

Note: `movie_info(info_type_id, info, movie_id)` could not be built due to the `info` text column exceeding the 8191-byte index row size limit.

#### 11. `keyword(keyword)` — Confirmed beneficial (likely exists as `idx_keyword_keyword`)
Used in nearly every query that involves keyword filtering. Equality and IN-list lookups on keyword text are highly selective.

#### 12. `company_name(country_code)` — Confirmed beneficial (exists as `idx_company_name_country_code`)
Frequently filters company_name by country_code (e.g., '[us]', '[de]', '[ru]', '[jp]').

#### 13. `name(gender, name)` — Moderate benefit
Queries 6a-f, 17a-f, 18a-c, 19a-d filter on gender='f' or gender='m' AND name LIKE pattern. The existing `idx_name_gender` covers the gender bitmap scan; adding `name` as a second column would make prefix-LIKE patterns more selective. However, since most name filters use `%pattern%` (not prefix), this mainly helps when gender is very selective.

### Summary of Cost Reductions
- **movie_info_idx composite**: Up to 79% cost reduction on rating-filtered queries (the biggest win)
- **movie_companies composite**: ~50% cost reduction on company-driven join queries  
- **cast_info composites**: 10–30% improvement on person/role join queries
- Other indexes confirm or reinforce existing access paths

### Indexes NOT recommended (rejected)
- `movie_info(info_type_id, info, movie_id)`: Fails to build — text column exceeds 8191-byte limit
- `title(production_year, kind_id)`: Planner already uses title PK for point lookups; production_year range scans showed no improvement since row filtering happens after joins
- `movie_companies(company_id, movie_id)` alone: Less effective than the 3-column version
",185.229,91.76
25a,"[{""table"": ""movie_info_idx"", ""columns"": [""info_type_id"", ""info"", ""movie_id""]}, {""table"": ""movie_companies"", ""columns"": [""company_id"", ""company_type_id"", ""movie_id""]}, {""table"": ""cast_info"", ""columns"": [""person_id"", ""role_id"", ""movie_id""]}, {""table"": ""cast_info"", ""columns"": [""movie_id"", ""role_id""]}, {""table"": ""aka_name"", ""columns"": [""person_id""]}, {""table"": ""aka_title"", ""columns"": [""movie_id""]}, {""table"": ""complete_cast"", ""columns"": [""movie_id"", ""subject_id"", ""status_id""]}, {""table"": ""movie_link"", ""columns"": [""movie_id"", ""link_type_id""]}, {""table"": ""movie_link"", ""columns"": [""linked_movie_id""]}, {""table"": ""person_info"", ""columns"": [""person_id"", ""info_type_id""]}, {""table"": ""movie_info"", ""columns"": [""movie_id"", ""info_type_id""]}, {""table"": ""keyword"", ""columns"": [""keyword""]}, {""table"": ""company_name"", ""columns"": [""country_code""]}, {""table"": ""name"", ""columns"": [""gender"", ""name""]}]","
## Index Tuning Analysis

### Methodology
I systematically tested candidate indexes against representative queries across the workload (simple to complex), observing actual planner cost estimates with and without each index. The planner already has many indexes in place (noted as `tmp_idx_*` and `idx_*` in the plan output). I focused on identifying indexes that produced measurable cost reductions beyond the existing baseline.

### Key Findings

#### 1. `movie_info_idx(info_type_id, info, movie_id)` — **Highest Impact**
This is the single most impactful index. Many queries filter `movie_info_idx` on both `info_type_id` (equality via join to `info_type`) and `info` (range comparison like `info > '8.0'`, `info < '7.0'`, `info < '8.5'`). Without it, the planner performs a full seq scan of movie_info_idx (~575K rows, cost ~13,718). With this composite index, the planner can do an index-only range scan:
- Query 12a: 10,684 → **2,256** (79% reduction)
- Queries 14a/b/c, 22a-d, 26a/b/c, 28a/b/c all benefit similarly (costs in 3,000–4,500 range vs. 10,000+)
- Queries 4a/b/c (sequel rating queries) also benefit

The `movie_id` trailing column enables index-only scans covering the join predicate.

#### 2. `movie_companies(company_id, company_type_id, movie_id)` — **High Impact**
When queries start from `company_name` (filtered by `country_code`) and need to join to `movie_companies` via `company_id`, the planner currently does a full seq scan of movie_companies (~1.08M rows, cost ~29,695). This index enables nested-loop index lookups:
- Query 10a/b/c: ~43,000 → **~20,000** (planner used `tmp_idx_movie_companies_eb7b56d5` in tests)
- Queries 12a, 13a, 19a (various company join scenarios) also benefit
- The `company_type_id` column helps when both company_id and company_type_id are join/filter predicates, enabling covering lookups for `movie_id`

#### 3. `cast_info(person_id, role_id, movie_id)` — **Medium Impact**
Many complex queries (9a-d, 19a-d, 24a-b, 29a-c) join `cast_info` on `person_id` AND filter on `role_id` (via role_type join). The existing `tmp_idx_cast_info_7101dd25` covers `(person_id, role_id)` which the planner already uses; adding `movie_id` as a covering column eliminates heap lookups for the movie_id join predicate.

#### 4. `cast_info(movie_id, role_id)` — **Medium Impact**
Queries that start from the movie side (e.g., 10a-c, 18a-c) join cast_info on movie_id and filter on role_id. The existing `idx_cast_info_movie_id` only covers movie_id, so role_id filtering requires heap fetches. Adding role_id enables efficient filtered lookups.

#### 5. `aka_name(person_id)` — Confirmed beneficial (likely exists as `idx_aka_name_person_id`)
Used extensively in queries 7a-c, 8a-d, 9a-d, 16a-d, 19a-d, 24a-b, 29a-c. The planner consistently uses this index for nested-loop lookups.

#### 6. `aka_title(movie_id)` — Confirmed beneficial (likely exists as `idx_aka_title_movie_id`)
Used in queries 15a-d. Enables efficient lookup of alternate titles for a given movie_id.

#### 7. `complete_cast(movie_id, subject_id, status_id)` — Confirmed beneficial (likely exists)
Used in all queries 20a-c, 23a-c, 26a-c, 27a-c, 28a-c, 29a-c, 30a-c. Index on movie_id is the primary access path; including subject_id and status_id as covering columns eliminates heap fetches for the two join predicates (cct1.id = cc.subject_id, cct2.id = cc.status_id).

#### 8. `movie_link(movie_id, link_type_id)` and `movie_link(linked_movie_id)` — Confirmed beneficial
Queries 11a-d, 21a-c, 27a-c, 32a-b, 33a-c all join movie_link. The planner uses `tmp_idx_movie_link_0e74da40` for movie_id lookups and `idx_movie_link_linked_movie_id` for linked_movie_id. Adding link_type_id as a covering column helps filter on link_type_id without heap fetches.

#### 9. `person_info(person_id, info_type_id)` — Confirmed beneficial (likely exists as `tmp_idx_person_info_277c0420`)
Used in queries 7a-c, 29a-c. Enables efficient lookup of person info records by person_id, with info_type_id as covering for the join to info_type.

#### 10. `movie_info(movie_id, info_type_id)` — Moderate benefit
The existing `idx_movie_info_movie_id` covers movie_id but adding info_type_id helps the planner filter on info_type_id without additional heap accesses. Many queries (12a-c, 13a-d, 19a-d, 21a-c, 22a-d) join movie_info on both movie_id and info_type_id.

Note: `movie_info(info_type_id, info, movie_id)` could not be built due to the `info` text column exceeding the 8191-byte index row size limit.

#### 11. `keyword(keyword)` — Confirmed beneficial (likely exists as `idx_keyword_keyword`)
Used in nearly every query that involves keyword filtering. Equality and IN-list lookups on keyword text are highly selective.

#### 12. `company_name(country_code)` — Confirmed beneficial (exists as `idx_company_name_country_code`)
Frequently filters company_name by country_code (e.g., '[us]', '[de]', '[ru]', '[jp]').

#### 13. `name(gender, name)` — Moderate benefit
Queries 6a-f, 17a-f, 18a-c, 19a-d filter on gender='f' or gender='m' AND name LIKE pattern. The existing `idx_name_gender` covers the gender bitmap scan; adding `name` as a second column would make prefix-LIKE patterns more selective. However, since most name filters use `%pattern%` (not prefix), this mainly helps when gender is very selective.

### Summary of Cost Reductions
- **movie_info_idx composite**: Up to 79% cost reduction on rating-filtered queries (the biggest win)
- **movie_companies composite**: ~50% cost reduction on company-driven join queries  
- **cast_info composites**: 10–30% improvement on person/role join queries
- Other indexes confirm or reinforce existing access paths

### Indexes NOT recommended (rejected)
- `movie_info(info_type_id, info, movie_id)`: Fails to build — text column exceeds 8191-byte limit
- `title(production_year, kind_id)`: Planner already uses title PK for point lookups; production_year range scans showed no improvement since row filtering happens after joins
- `movie_companies(company_id, movie_id)` alone: Less effective than the 3-column version
",73277.866,-3849.93
25b,"[{""table"": ""movie_info_idx"", ""columns"": [""info_type_id"", ""info"", ""movie_id""]}, {""table"": ""movie_companies"", ""columns"": [""company_id"", ""company_type_id"", ""movie_id""]}, {""table"": ""cast_info"", ""columns"": [""person_id"", ""role_id"", ""movie_id""]}, {""table"": ""cast_info"", ""columns"": [""movie_id"", ""role_id""]}, {""table"": ""aka_name"", ""columns"": [""person_id""]}, {""table"": ""aka_title"", ""columns"": [""movie_id""]}, {""table"": ""complete_cast"", ""columns"": [""movie_id"", ""subject_id"", ""status_id""]}, {""table"": ""movie_link"", ""columns"": [""movie_id"", ""link_type_id""]}, {""table"": ""movie_link"", ""columns"": [""linked_movie_id""]}, {""table"": ""person_info"", ""columns"": [""person_id"", ""info_type_id""]}, {""table"": ""movie_info"", ""columns"": [""movie_id"", ""info_type_id""]}, {""table"": ""keyword"", ""columns"": [""keyword""]}, {""table"": ""company_name"", ""columns"": [""country_code""]}, {""table"": ""name"", ""columns"": [""gender"", ""name""]}]","
## Index Tuning Analysis

### Methodology
I systematically tested candidate indexes against representative queries across the workload (simple to complex), observing actual planner cost estimates with and without each index. The planner already has many indexes in place (noted as `tmp_idx_*` and `idx_*` in the plan output). I focused on identifying indexes that produced measurable cost reductions beyond the existing baseline.

### Key Findings

#### 1. `movie_info_idx(info_type_id, info, movie_id)` — **Highest Impact**
This is the single most impactful index. Many queries filter `movie_info_idx` on both `info_type_id` (equality via join to `info_type`) and `info` (range comparison like `info > '8.0'`, `info < '7.0'`, `info < '8.5'`). Without it, the planner performs a full seq scan of movie_info_idx (~575K rows, cost ~13,718). With this composite index, the planner can do an index-only range scan:
- Query 12a: 10,684 → **2,256** (79% reduction)
- Queries 14a/b/c, 22a-d, 26a/b/c, 28a/b/c all benefit similarly (costs in 3,000–4,500 range vs. 10,000+)
- Queries 4a/b/c (sequel rating queries) also benefit

The `movie_id` trailing column enables index-only scans covering the join predicate.

#### 2. `movie_companies(company_id, company_type_id, movie_id)` — **High Impact**
When queries start from `company_name` (filtered by `country_code`) and need to join to `movie_companies` via `company_id`, the planner currently does a full seq scan of movie_companies (~1.08M rows, cost ~29,695). This index enables nested-loop index lookups:
- Query 10a/b/c: ~43,000 → **~20,000** (planner used `tmp_idx_movie_companies_eb7b56d5` in tests)
- Queries 12a, 13a, 19a (various company join scenarios) also benefit
- The `company_type_id` column helps when both company_id and company_type_id are join/filter predicates, enabling covering lookups for `movie_id`

#### 3. `cast_info(person_id, role_id, movie_id)` — **Medium Impact**
Many complex queries (9a-d, 19a-d, 24a-b, 29a-c) join `cast_info` on `person_id` AND filter on `role_id` (via role_type join). The existing `tmp_idx_cast_info_7101dd25` covers `(person_id, role_id)` which the planner already uses; adding `movie_id` as a covering column eliminates heap lookups for the movie_id join predicate.

#### 4. `cast_info(movie_id, role_id)` — **Medium Impact**
Queries that start from the movie side (e.g., 10a-c, 18a-c) join cast_info on movie_id and filter on role_id. The existing `idx_cast_info_movie_id` only covers movie_id, so role_id filtering requires heap fetches. Adding role_id enables efficient filtered lookups.

#### 5. `aka_name(person_id)` — Confirmed beneficial (likely exists as `idx_aka_name_person_id`)
Used extensively in queries 7a-c, 8a-d, 9a-d, 16a-d, 19a-d, 24a-b, 29a-c. The planner consistently uses this index for nested-loop lookups.

#### 6. `aka_title(movie_id)` — Confirmed beneficial (likely exists as `idx_aka_title_movie_id`)
Used in queries 15a-d. Enables efficient lookup of alternate titles for a given movie_id.

#### 7. `complete_cast(movie_id, subject_id, status_id)` — Confirmed beneficial (likely exists)
Used in all queries 20a-c, 23a-c, 26a-c, 27a-c, 28a-c, 29a-c, 30a-c. Index on movie_id is the primary access path; including subject_id and status_id as covering columns eliminates heap fetches for the two join predicates (cct1.id = cc.subject_id, cct2.id = cc.status_id).

#### 8. `movie_link(movie_id, link_type_id)` and `movie_link(linked_movie_id)` — Confirmed beneficial
Queries 11a-d, 21a-c, 27a-c, 32a-b, 33a-c all join movie_link. The planner uses `tmp_idx_movie_link_0e74da40` for movie_id lookups and `idx_movie_link_linked_movie_id` for linked_movie_id. Adding link_type_id as a covering column helps filter on link_type_id without heap fetches.

#### 9. `person_info(person_id, info_type_id)` — Confirmed beneficial (likely exists as `tmp_idx_person_info_277c0420`)
Used in queries 7a-c, 29a-c. Enables efficient lookup of person info records by person_id, with info_type_id as covering for the join to info_type.

#### 10. `movie_info(movie_id, info_type_id)` — Moderate benefit
The existing `idx_movie_info_movie_id` covers movie_id but adding info_type_id helps the planner filter on info_type_id without additional heap accesses. Many queries (12a-c, 13a-d, 19a-d, 21a-c, 22a-d) join movie_info on both movie_id and info_type_id.

Note: `movie_info(info_type_id, info, movie_id)` could not be built due to the `info` text column exceeding the 8191-byte index row size limit.

#### 11. `keyword(keyword)` — Confirmed beneficial (likely exists as `idx_keyword_keyword`)
Used in nearly every query that involves keyword filtering. Equality and IN-list lookups on keyword text are highly selective.

#### 12. `company_name(country_code)` — Confirmed beneficial (exists as `idx_company_name_country_code`)
Frequently filters company_name by country_code (e.g., '[us]', '[de]', '[ru]', '[jp]').

#### 13. `name(gender, name)` — Moderate benefit
Queries 6a-f, 17a-f, 18a-c, 19a-d filter on gender='f' or gender='m' AND name LIKE pattern. The existing `idx_name_gender` covers the gender bitmap scan; adding `name` as a second column would make prefix-LIKE patterns more selective. However, since most name filters use `%pattern%` (not prefix), this mainly helps when gender is very selective.

### Summary of Cost Reductions
- **movie_info_idx composite**: Up to 79% cost reduction on rating-filtered queries (the biggest win)
- **movie_companies composite**: ~50% cost reduction on company-driven join queries  
- **cast_info composites**: 10–30% improvement on person/role join queries
- Other indexes confirm or reinforce existing access paths

### Indexes NOT recommended (rejected)
- `movie_info(info_type_id, info, movie_id)`: Fails to build — text column exceeds 8191-byte limit
- `title(production_year, kind_id)`: Planner already uses title PK for point lookups; production_year range scans showed no improvement since row filtering happens after joins
- `movie_companies(company_id, movie_id)` alone: Less effective than the 3-column version
",316.411,82.19
25c,"[{""table"": ""movie_info_idx"", ""columns"": [""info_type_id"", ""info"", ""movie_id""]}, {""table"": ""movie_companies"", ""columns"": [""company_id"", ""company_type_id"", ""movie_id""]}, {""table"": ""cast_info"", ""columns"": [""person_id"", ""role_id"", ""movie_id""]}, {""table"": ""cast_info"", ""columns"": [""movie_id"", ""role_id""]}, {""table"": ""aka_name"", ""columns"": [""person_id""]}, {""table"": ""aka_title"", ""columns"": [""movie_id""]}, {""table"": ""complete_cast"", ""columns"": [""movie_id"", ""subject_id"", ""status_id""]}, {""table"": ""movie_link"", ""columns"": [""movie_id"", ""link_type_id""]}, {""table"": ""movie_link"", ""columns"": [""linked_movie_id""]}, {""table"": ""person_info"", ""columns"": [""person_id"", ""info_type_id""]}, {""table"": ""movie_info"", ""columns"": [""movie_id"", ""info_type_id""]}, {""table"": ""keyword"", ""columns"": [""keyword""]}, {""table"": ""company_name"", ""columns"": [""country_code""]}, {""table"": ""name"", ""columns"": [""gender"", ""name""]}]","
## Index Tuning Analysis

### Methodology
I systematically tested candidate indexes against representative queries across the workload (simple to complex), observing actual planner cost estimates with and without each index. The planner already has many indexes in place (noted as `tmp_idx_*` and `idx_*` in the plan output). I focused on identifying indexes that produced measurable cost reductions beyond the existing baseline.

### Key Findings

#### 1. `movie_info_idx(info_type_id, info, movie_id)` — **Highest Impact**
This is the single most impactful index. Many queries filter `movie_info_idx` on both `info_type_id` (equality via join to `info_type`) and `info` (range comparison like `info > '8.0'`, `info < '7.0'`, `info < '8.5'`). Without it, the planner performs a full seq scan of movie_info_idx (~575K rows, cost ~13,718). With this composite index, the planner can do an index-only range scan:
- Query 12a: 10,684 → **2,256** (79% reduction)
- Queries 14a/b/c, 22a-d, 26a/b/c, 28a/b/c all benefit similarly (costs in 3,000–4,500 range vs. 10,000+)
- Queries 4a/b/c (sequel rating queries) also benefit

The `movie_id` trailing column enables index-only scans covering the join predicate.

#### 2. `movie_companies(company_id, company_type_id, movie_id)` — **High Impact**
When queries start from `company_name` (filtered by `country_code`) and need to join to `movie_companies` via `company_id`, the planner currently does a full seq scan of movie_companies (~1.08M rows, cost ~29,695). This index enables nested-loop index lookups:
- Query 10a/b/c: ~43,000 → **~20,000** (planner used `tmp_idx_movie_companies_eb7b56d5` in tests)
- Queries 12a, 13a, 19a (various company join scenarios) also benefit
- The `company_type_id` column helps when both company_id and company_type_id are join/filter predicates, enabling covering lookups for `movie_id`

#### 3. `cast_info(person_id, role_id, movie_id)` — **Medium Impact**
Many complex queries (9a-d, 19a-d, 24a-b, 29a-c) join `cast_info` on `person_id` AND filter on `role_id` (via role_type join). The existing `tmp_idx_cast_info_7101dd25` covers `(person_id, role_id)` which the planner already uses; adding `movie_id` as a covering column eliminates heap lookups for the movie_id join predicate.

#### 4. `cast_info(movie_id, role_id)` — **Medium Impact**
Queries that start from the movie side (e.g., 10a-c, 18a-c) join cast_info on movie_id and filter on role_id. The existing `idx_cast_info_movie_id` only covers movie_id, so role_id filtering requires heap fetches. Adding role_id enables efficient filtered lookups.

#### 5. `aka_name(person_id)` — Confirmed beneficial (likely exists as `idx_aka_name_person_id`)
Used extensively in queries 7a-c, 8a-d, 9a-d, 16a-d, 19a-d, 24a-b, 29a-c. The planner consistently uses this index for nested-loop lookups.

#### 6. `aka_title(movie_id)` — Confirmed beneficial (likely exists as `idx_aka_title_movie_id`)
Used in queries 15a-d. Enables efficient lookup of alternate titles for a given movie_id.

#### 7. `complete_cast(movie_id, subject_id, status_id)` — Confirmed beneficial (likely exists)
Used in all queries 20a-c, 23a-c, 26a-c, 27a-c, 28a-c, 29a-c, 30a-c. Index on movie_id is the primary access path; including subject_id and status_id as covering columns eliminates heap fetches for the two join predicates (cct1.id = cc.subject_id, cct2.id = cc.status_id).

#### 8. `movie_link(movie_id, link_type_id)` and `movie_link(linked_movie_id)` — Confirmed beneficial
Queries 11a-d, 21a-c, 27a-c, 32a-b, 33a-c all join movie_link. The planner uses `tmp_idx_movie_link_0e74da40` for movie_id lookups and `idx_movie_link_linked_movie_id` for linked_movie_id. Adding link_type_id as a covering column helps filter on link_type_id without heap fetches.

#### 9. `person_info(person_id, info_type_id)` — Confirmed beneficial (likely exists as `tmp_idx_person_info_277c0420`)
Used in queries 7a-c, 29a-c. Enables efficient lookup of person info records by person_id, with info_type_id as covering for the join to info_type.

#### 10. `movie_info(movie_id, info_type_id)` — Moderate benefit
The existing `idx_movie_info_movie_id` covers movie_id but adding info_type_id helps the planner filter on info_type_id without additional heap accesses. Many queries (12a-c, 13a-d, 19a-d, 21a-c, 22a-d) join movie_info on both movie_id and info_type_id.

Note: `movie_info(info_type_id, info, movie_id)` could not be built due to the `info` text column exceeding the 8191-byte index row size limit.

#### 11. `keyword(keyword)` — Confirmed beneficial (likely exists as `idx_keyword_keyword`)
Used in nearly every query that involves keyword filtering. Equality and IN-list lookups on keyword text are highly selective.

#### 12. `company_name(country_code)` — Confirmed beneficial (exists as `idx_company_name_country_code`)
Frequently filters company_name by country_code (e.g., '[us]', '[de]', '[ru]', '[jp]').

#### 13. `name(gender, name)` — Moderate benefit
Queries 6a-f, 17a-f, 18a-c, 19a-d filter on gender='f' or gender='m' AND name LIKE pattern. The existing `idx_name_gender` covers the gender bitmap scan; adding `name` as a second column would make prefix-LIKE patterns more selective. However, since most name filters use `%pattern%` (not prefix), this mainly helps when gender is very selective.

### Summary of Cost Reductions
- **movie_info_idx composite**: Up to 79% cost reduction on rating-filtered queries (the biggest win)
- **movie_companies composite**: ~50% cost reduction on company-driven join queries  
- **cast_info composites**: 10–30% improvement on person/role join queries
- Other indexes confirm or reinforce existing access paths

### Indexes NOT recommended (rejected)
- `movie_info(info_type_id, info, movie_id)`: Fails to build — text column exceeds 8191-byte limit
- `title(production_year, kind_id)`: Planner already uses title PK for point lookups; production_year range scans showed no improvement since row filtering happens after joins
- `movie_companies(company_id, movie_id)` alone: Less effective than the 3-column version
",483445.396,-15017.1
26a,"[{""table"": ""movie_info_idx"", ""columns"": [""info_type_id"", ""info"", ""movie_id""]}, {""table"": ""movie_companies"", ""columns"": [""company_id"", ""company_type_id"", ""movie_id""]}, {""table"": ""cast_info"", ""columns"": [""person_id"", ""role_id"", ""movie_id""]}, {""table"": ""cast_info"", ""columns"": [""movie_id"", ""role_id""]}, {""table"": ""aka_name"", ""columns"": [""person_id""]}, {""table"": ""aka_title"", ""columns"": [""movie_id""]}, {""table"": ""complete_cast"", ""columns"": [""movie_id"", ""subject_id"", ""status_id""]}, {""table"": ""movie_link"", ""columns"": [""movie_id"", ""link_type_id""]}, {""table"": ""movie_link"", ""columns"": [""linked_movie_id""]}, {""table"": ""person_info"", ""columns"": [""person_id"", ""info_type_id""]}, {""table"": ""movie_info"", ""columns"": [""movie_id"", ""info_type_id""]}, {""table"": ""keyword"", ""columns"": [""keyword""]}, {""table"": ""company_name"", ""columns"": [""country_code""]}, {""table"": ""name"", ""columns"": [""gender"", ""name""]}]","
## Index Tuning Analysis

### Methodology
I systematically tested candidate indexes against representative queries across the workload (simple to complex), observing actual planner cost estimates with and without each index. The planner already has many indexes in place (noted as `tmp_idx_*` and `idx_*` in the plan output). I focused on identifying indexes that produced measurable cost reductions beyond the existing baseline.

### Key Findings

#### 1. `movie_info_idx(info_type_id, info, movie_id)` — **Highest Impact**
This is the single most impactful index. Many queries filter `movie_info_idx` on both `info_type_id` (equality via join to `info_type`) and `info` (range comparison like `info > '8.0'`, `info < '7.0'`, `info < '8.5'`). Without it, the planner performs a full seq scan of movie_info_idx (~575K rows, cost ~13,718). With this composite index, the planner can do an index-only range scan:
- Query 12a: 10,684 → **2,256** (79% reduction)
- Queries 14a/b/c, 22a-d, 26a/b/c, 28a/b/c all benefit similarly (costs in 3,000–4,500 range vs. 10,000+)
- Queries 4a/b/c (sequel rating queries) also benefit

The `movie_id` trailing column enables index-only scans covering the join predicate.

#### 2. `movie_companies(company_id, company_type_id, movie_id)` — **High Impact**
When queries start from `company_name` (filtered by `country_code`) and need to join to `movie_companies` via `company_id`, the planner currently does a full seq scan of movie_companies (~1.08M rows, cost ~29,695). This index enables nested-loop index lookups:
- Query 10a/b/c: ~43,000 → **~20,000** (planner used `tmp_idx_movie_companies_eb7b56d5` in tests)
- Queries 12a, 13a, 19a (various company join scenarios) also benefit
- The `company_type_id` column helps when both company_id and company_type_id are join/filter predicates, enabling covering lookups for `movie_id`

#### 3. `cast_info(person_id, role_id, movie_id)` — **Medium Impact**
Many complex queries (9a-d, 19a-d, 24a-b, 29a-c) join `cast_info` on `person_id` AND filter on `role_id` (via role_type join). The existing `tmp_idx_cast_info_7101dd25` covers `(person_id, role_id)` which the planner already uses; adding `movie_id` as a covering column eliminates heap lookups for the movie_id join predicate.

#### 4. `cast_info(movie_id, role_id)` — **Medium Impact**
Queries that start from the movie side (e.g., 10a-c, 18a-c) join cast_info on movie_id and filter on role_id. The existing `idx_cast_info_movie_id` only covers movie_id, so role_id filtering requires heap fetches. Adding role_id enables efficient filtered lookups.

#### 5. `aka_name(person_id)` — Confirmed beneficial (likely exists as `idx_aka_name_person_id`)
Used extensively in queries 7a-c, 8a-d, 9a-d, 16a-d, 19a-d, 24a-b, 29a-c. The planner consistently uses this index for nested-loop lookups.

#### 6. `aka_title(movie_id)` — Confirmed beneficial (likely exists as `idx_aka_title_movie_id`)
Used in queries 15a-d. Enables efficient lookup of alternate titles for a given movie_id.

#### 7. `complete_cast(movie_id, subject_id, status_id)` — Confirmed beneficial (likely exists)
Used in all queries 20a-c, 23a-c, 26a-c, 27a-c, 28a-c, 29a-c, 30a-c. Index on movie_id is the primary access path; including subject_id and status_id as covering columns eliminates heap fetches for the two join predicates (cct1.id = cc.subject_id, cct2.id = cc.status_id).

#### 8. `movie_link(movie_id, link_type_id)` and `movie_link(linked_movie_id)` — Confirmed beneficial
Queries 11a-d, 21a-c, 27a-c, 32a-b, 33a-c all join movie_link. The planner uses `tmp_idx_movie_link_0e74da40` for movie_id lookups and `idx_movie_link_linked_movie_id` for linked_movie_id. Adding link_type_id as a covering column helps filter on link_type_id without heap fetches.

#### 9. `person_info(person_id, info_type_id)` — Confirmed beneficial (likely exists as `tmp_idx_person_info_277c0420`)
Used in queries 7a-c, 29a-c. Enables efficient lookup of person info records by person_id, with info_type_id as covering for the join to info_type.

#### 10. `movie_info(movie_id, info_type_id)` — Moderate benefit
The existing `idx_movie_info_movie_id` covers movie_id but adding info_type_id helps the planner filter on info_type_id without additional heap accesses. Many queries (12a-c, 13a-d, 19a-d, 21a-c, 22a-d) join movie_info on both movie_id and info_type_id.

Note: `movie_info(info_type_id, info, movie_id)` could not be built due to the `info` text column exceeding the 8191-byte index row size limit.

#### 11. `keyword(keyword)` — Confirmed beneficial (likely exists as `idx_keyword_keyword`)
Used in nearly every query that involves keyword filtering. Equality and IN-list lookups on keyword text are highly selective.

#### 12. `company_name(country_code)` — Confirmed beneficial (exists as `idx_company_name_country_code`)
Frequently filters company_name by country_code (e.g., '[us]', '[de]', '[ru]', '[jp]').

#### 13. `name(gender, name)` — Moderate benefit
Queries 6a-f, 17a-f, 18a-c, 19a-d filter on gender='f' or gender='m' AND name LIKE pattern. The existing `idx_name_gender` covers the gender bitmap scan; adding `name` as a second column would make prefix-LIKE patterns more selective. However, since most name filters use `%pattern%` (not prefix), this mainly helps when gender is very selective.

### Summary of Cost Reductions
- **movie_info_idx composite**: Up to 79% cost reduction on rating-filtered queries (the biggest win)
- **movie_companies composite**: ~50% cost reduction on company-driven join queries  
- **cast_info composites**: 10–30% improvement on person/role join queries
- Other indexes confirm or reinforce existing access paths

### Indexes NOT recommended (rejected)
- `movie_info(info_type_id, info, movie_id)`: Fails to build — text column exceeds 8191-byte limit
- `title(production_year, kind_id)`: Planner already uses title PK for point lookups; production_year range scans showed no improvement since row filtering happens after joins
- `movie_companies(company_id, movie_id)` alone: Less effective than the 3-column version
",62131.177,-714.25
26b,"[{""table"": ""movie_info_idx"", ""columns"": [""info_type_id"", ""info"", ""movie_id""]}, {""table"": ""movie_companies"", ""columns"": [""company_id"", ""company_type_id"", ""movie_id""]}, {""table"": ""cast_info"", ""columns"": [""person_id"", ""role_id"", ""movie_id""]}, {""table"": ""cast_info"", ""columns"": [""movie_id"", ""role_id""]}, {""table"": ""aka_name"", ""columns"": [""person_id""]}, {""table"": ""aka_title"", ""columns"": [""movie_id""]}, {""table"": ""complete_cast"", ""columns"": [""movie_id"", ""subject_id"", ""status_id""]}, {""table"": ""movie_link"", ""columns"": [""movie_id"", ""link_type_id""]}, {""table"": ""movie_link"", ""columns"": [""linked_movie_id""]}, {""table"": ""person_info"", ""columns"": [""person_id"", ""info_type_id""]}, {""table"": ""movie_info"", ""columns"": [""movie_id"", ""info_type_id""]}, {""table"": ""keyword"", ""columns"": [""keyword""]}, {""table"": ""company_name"", ""columns"": [""country_code""]}, {""table"": ""name"", ""columns"": [""gender"", ""name""]}]","
## Index Tuning Analysis

### Methodology
I systematically tested candidate indexes against representative queries across the workload (simple to complex), observing actual planner cost estimates with and without each index. The planner already has many indexes in place (noted as `tmp_idx_*` and `idx_*` in the plan output). I focused on identifying indexes that produced measurable cost reductions beyond the existing baseline.

### Key Findings

#### 1. `movie_info_idx(info_type_id, info, movie_id)` — **Highest Impact**
This is the single most impactful index. Many queries filter `movie_info_idx` on both `info_type_id` (equality via join to `info_type`) and `info` (range comparison like `info > '8.0'`, `info < '7.0'`, `info < '8.5'`). Without it, the planner performs a full seq scan of movie_info_idx (~575K rows, cost ~13,718). With this composite index, the planner can do an index-only range scan:
- Query 12a: 10,684 → **2,256** (79% reduction)
- Queries 14a/b/c, 22a-d, 26a/b/c, 28a/b/c all benefit similarly (costs in 3,000–4,500 range vs. 10,000+)
- Queries 4a/b/c (sequel rating queries) also benefit

The `movie_id` trailing column enables index-only scans covering the join predicate.

#### 2. `movie_companies(company_id, company_type_id, movie_id)` — **High Impact**
When queries start from `company_name` (filtered by `country_code`) and need to join to `movie_companies` via `company_id`, the planner currently does a full seq scan of movie_companies (~1.08M rows, cost ~29,695). This index enables nested-loop index lookups:
- Query 10a/b/c: ~43,000 → **~20,000** (planner used `tmp_idx_movie_companies_eb7b56d5` in tests)
- Queries 12a, 13a, 19a (various company join scenarios) also benefit
- The `company_type_id` column helps when both company_id and company_type_id are join/filter predicates, enabling covering lookups for `movie_id`

#### 3. `cast_info(person_id, role_id, movie_id)` — **Medium Impact**
Many complex queries (9a-d, 19a-d, 24a-b, 29a-c) join `cast_info` on `person_id` AND filter on `role_id` (via role_type join). The existing `tmp_idx_cast_info_7101dd25` covers `(person_id, role_id)` which the planner already uses; adding `movie_id` as a covering column eliminates heap lookups for the movie_id join predicate.

#### 4. `cast_info(movie_id, role_id)` — **Medium Impact**
Queries that start from the movie side (e.g., 10a-c, 18a-c) join cast_info on movie_id and filter on role_id. The existing `idx_cast_info_movie_id` only covers movie_id, so role_id filtering requires heap fetches. Adding role_id enables efficient filtered lookups.

#### 5. `aka_name(person_id)` — Confirmed beneficial (likely exists as `idx_aka_name_person_id`)
Used extensively in queries 7a-c, 8a-d, 9a-d, 16a-d, 19a-d, 24a-b, 29a-c. The planner consistently uses this index for nested-loop lookups.

#### 6. `aka_title(movie_id)` — Confirmed beneficial (likely exists as `idx_aka_title_movie_id`)
Used in queries 15a-d. Enables efficient lookup of alternate titles for a given movie_id.

#### 7. `complete_cast(movie_id, subject_id, status_id)` — Confirmed beneficial (likely exists)
Used in all queries 20a-c, 23a-c, 26a-c, 27a-c, 28a-c, 29a-c, 30a-c. Index on movie_id is the primary access path; including subject_id and status_id as covering columns eliminates heap fetches for the two join predicates (cct1.id = cc.subject_id, cct2.id = cc.status_id).

#### 8. `movie_link(movie_id, link_type_id)` and `movie_link(linked_movie_id)` — Confirmed beneficial
Queries 11a-d, 21a-c, 27a-c, 32a-b, 33a-c all join movie_link. The planner uses `tmp_idx_movie_link_0e74da40` for movie_id lookups and `idx_movie_link_linked_movie_id` for linked_movie_id. Adding link_type_id as a covering column helps filter on link_type_id without heap fetches.

#### 9. `person_info(person_id, info_type_id)` — Confirmed beneficial (likely exists as `tmp_idx_person_info_277c0420`)
Used in queries 7a-c, 29a-c. Enables efficient lookup of person info records by person_id, with info_type_id as covering for the join to info_type.

#### 10. `movie_info(movie_id, info_type_id)` — Moderate benefit
The existing `idx_movie_info_movie_id` covers movie_id but adding info_type_id helps the planner filter on info_type_id without additional heap accesses. Many queries (12a-c, 13a-d, 19a-d, 21a-c, 22a-d) join movie_info on both movie_id and info_type_id.

Note: `movie_info(info_type_id, info, movie_id)` could not be built due to the `info` text column exceeding the 8191-byte index row size limit.

#### 11. `keyword(keyword)` — Confirmed beneficial (likely exists as `idx_keyword_keyword`)
Used in nearly every query that involves keyword filtering. Equality and IN-list lookups on keyword text are highly selective.

#### 12. `company_name(country_code)` — Confirmed beneficial (exists as `idx_company_name_country_code`)
Frequently filters company_name by country_code (e.g., '[us]', '[de]', '[ru]', '[jp]').

#### 13. `name(gender, name)` — Moderate benefit
Queries 6a-f, 17a-f, 18a-c, 19a-d filter on gender='f' or gender='m' AND name LIKE pattern. The existing `idx_name_gender` covers the gender bitmap scan; adding `name` as a second column would make prefix-LIKE patterns more selective. However, since most name filters use `%pattern%` (not prefix), this mainly helps when gender is very selective.

### Summary of Cost Reductions
- **movie_info_idx composite**: Up to 79% cost reduction on rating-filtered queries (the biggest win)
- **movie_companies composite**: ~50% cost reduction on company-driven join queries  
- **cast_info composites**: 10–30% improvement on person/role join queries
- Other indexes confirm or reinforce existing access paths

### Indexes NOT recommended (rejected)
- `movie_info(info_type_id, info, movie_id)`: Fails to build — text column exceeds 8191-byte limit
- `title(production_year, kind_id)`: Planner already uses title PK for point lookups; production_year range scans showed no improvement since row filtering happens after joins
- `movie_companies(company_id, movie_id)` alone: Less effective than the 3-column version
",2061.566,17.41
26c,"[{""table"": ""movie_info_idx"", ""columns"": [""info_type_id"", ""info"", ""movie_id""]}, {""table"": ""movie_companies"", ""columns"": [""company_id"", ""company_type_id"", ""movie_id""]}, {""table"": ""cast_info"", ""columns"": [""person_id"", ""role_id"", ""movie_id""]}, {""table"": ""cast_info"", ""columns"": [""movie_id"", ""role_id""]}, {""table"": ""aka_name"", ""columns"": [""person_id""]}, {""table"": ""aka_title"", ""columns"": [""movie_id""]}, {""table"": ""complete_cast"", ""columns"": [""movie_id"", ""subject_id"", ""status_id""]}, {""table"": ""movie_link"", ""columns"": [""movie_id"", ""link_type_id""]}, {""table"": ""movie_link"", ""columns"": [""linked_movie_id""]}, {""table"": ""person_info"", ""columns"": [""person_id"", ""info_type_id""]}, {""table"": ""movie_info"", ""columns"": [""movie_id"", ""info_type_id""]}, {""table"": ""keyword"", ""columns"": [""keyword""]}, {""table"": ""company_name"", ""columns"": [""country_code""]}, {""table"": ""name"", ""columns"": [""gender"", ""name""]}]","
## Index Tuning Analysis

### Methodology
I systematically tested candidate indexes against representative queries across the workload (simple to complex), observing actual planner cost estimates with and without each index. The planner already has many indexes in place (noted as `tmp_idx_*` and `idx_*` in the plan output). I focused on identifying indexes that produced measurable cost reductions beyond the existing baseline.

### Key Findings

#### 1. `movie_info_idx(info_type_id, info, movie_id)` — **Highest Impact**
This is the single most impactful index. Many queries filter `movie_info_idx` on both `info_type_id` (equality via join to `info_type`) and `info` (range comparison like `info > '8.0'`, `info < '7.0'`, `info < '8.5'`). Without it, the planner performs a full seq scan of movie_info_idx (~575K rows, cost ~13,718). With this composite index, the planner can do an index-only range scan:
- Query 12a: 10,684 → **2,256** (79% reduction)
- Queries 14a/b/c, 22a-d, 26a/b/c, 28a/b/c all benefit similarly (costs in 3,000–4,500 range vs. 10,000+)
- Queries 4a/b/c (sequel rating queries) also benefit

The `movie_id` trailing column enables index-only scans covering the join predicate.

#### 2. `movie_companies(company_id, company_type_id, movie_id)` — **High Impact**
When queries start from `company_name` (filtered by `country_code`) and need to join to `movie_companies` via `company_id`, the planner currently does a full seq scan of movie_companies (~1.08M rows, cost ~29,695). This index enables nested-loop index lookups:
- Query 10a/b/c: ~43,000 → **~20,000** (planner used `tmp_idx_movie_companies_eb7b56d5` in tests)
- Queries 12a, 13a, 19a (various company join scenarios) also benefit
- The `company_type_id` column helps when both company_id and company_type_id are join/filter predicates, enabling covering lookups for `movie_id`

#### 3. `cast_info(person_id, role_id, movie_id)` — **Medium Impact**
Many complex queries (9a-d, 19a-d, 24a-b, 29a-c) join `cast_info` on `person_id` AND filter on `role_id` (via role_type join). The existing `tmp_idx_cast_info_7101dd25` covers `(person_id, role_id)` which the planner already uses; adding `movie_id` as a covering column eliminates heap lookups for the movie_id join predicate.

#### 4. `cast_info(movie_id, role_id)` — **Medium Impact**
Queries that start from the movie side (e.g., 10a-c, 18a-c) join cast_info on movie_id and filter on role_id. The existing `idx_cast_info_movie_id` only covers movie_id, so role_id filtering requires heap fetches. Adding role_id enables efficient filtered lookups.

#### 5. `aka_name(person_id)` — Confirmed beneficial (likely exists as `idx_aka_name_person_id`)
Used extensively in queries 7a-c, 8a-d, 9a-d, 16a-d, 19a-d, 24a-b, 29a-c. The planner consistently uses this index for nested-loop lookups.

#### 6. `aka_title(movie_id)` — Confirmed beneficial (likely exists as `idx_aka_title_movie_id`)
Used in queries 15a-d. Enables efficient lookup of alternate titles for a given movie_id.

#### 7. `complete_cast(movie_id, subject_id, status_id)` — Confirmed beneficial (likely exists)
Used in all queries 20a-c, 23a-c, 26a-c, 27a-c, 28a-c, 29a-c, 30a-c. Index on movie_id is the primary access path; including subject_id and status_id as covering columns eliminates heap fetches for the two join predicates (cct1.id = cc.subject_id, cct2.id = cc.status_id).

#### 8. `movie_link(movie_id, link_type_id)` and `movie_link(linked_movie_id)` — Confirmed beneficial
Queries 11a-d, 21a-c, 27a-c, 32a-b, 33a-c all join movie_link. The planner uses `tmp_idx_movie_link_0e74da40` for movie_id lookups and `idx_movie_link_linked_movie_id` for linked_movie_id. Adding link_type_id as a covering column helps filter on link_type_id without heap fetches.

#### 9. `person_info(person_id, info_type_id)` — Confirmed beneficial (likely exists as `tmp_idx_person_info_277c0420`)
Used in queries 7a-c, 29a-c. Enables efficient lookup of person info records by person_id, with info_type_id as covering for the join to info_type.

#### 10. `movie_info(movie_id, info_type_id)` — Moderate benefit
The existing `idx_movie_info_movie_id` covers movie_id but adding info_type_id helps the planner filter on info_type_id without additional heap accesses. Many queries (12a-c, 13a-d, 19a-d, 21a-c, 22a-d) join movie_info on both movie_id and info_type_id.

Note: `movie_info(info_type_id, info, movie_id)` could not be built due to the `info` text column exceeding the 8191-byte index row size limit.

#### 11. `keyword(keyword)` — Confirmed beneficial (likely exists as `idx_keyword_keyword`)
Used in nearly every query that involves keyword filtering. Equality and IN-list lookups on keyword text are highly selective.

#### 12. `company_name(country_code)` — Confirmed beneficial (exists as `idx_company_name_country_code`)
Frequently filters company_name by country_code (e.g., '[us]', '[de]', '[ru]', '[jp]').

#### 13. `name(gender, name)` — Moderate benefit
Queries 6a-f, 17a-f, 18a-c, 19a-d filter on gender='f' or gender='m' AND name LIKE pattern. The existing `idx_name_gender` covers the gender bitmap scan; adding `name` as a second column would make prefix-LIKE patterns more selective. However, since most name filters use `%pattern%` (not prefix), this mainly helps when gender is very selective.

### Summary of Cost Reductions
- **movie_info_idx composite**: Up to 79% cost reduction on rating-filtered queries (the biggest win)
- **movie_companies composite**: ~50% cost reduction on company-driven join queries  
- **cast_info composites**: 10–30% improvement on person/role join queries
- Other indexes confirm or reinforce existing access paths

### Indexes NOT recommended (rejected)
- `movie_info(info_type_id, info, movie_id)`: Fails to build — text column exceeds 8191-byte limit
- `title(production_year, kind_id)`: Planner already uses title PK for point lookups; production_year range scans showed no improvement since row filtering happens after joins
- `movie_companies(company_id, movie_id)` alone: Less effective than the 3-column version
",15069.106,-300.66
27a,"[{""table"": ""movie_info_idx"", ""columns"": [""info_type_id"", ""info"", ""movie_id""]}, {""table"": ""movie_companies"", ""columns"": [""company_id"", ""company_type_id"", ""movie_id""]}, {""table"": ""cast_info"", ""columns"": [""person_id"", ""role_id"", ""movie_id""]}, {""table"": ""cast_info"", ""columns"": [""movie_id"", ""role_id""]}, {""table"": ""aka_name"", ""columns"": [""person_id""]}, {""table"": ""aka_title"", ""columns"": [""movie_id""]}, {""table"": ""complete_cast"", ""columns"": [""movie_id"", ""subject_id"", ""status_id""]}, {""table"": ""movie_link"", ""columns"": [""movie_id"", ""link_type_id""]}, {""table"": ""movie_link"", ""columns"": [""linked_movie_id""]}, {""table"": ""person_info"", ""columns"": [""person_id"", ""info_type_id""]}, {""table"": ""movie_info"", ""columns"": [""movie_id"", ""info_type_id""]}, {""table"": ""keyword"", ""columns"": [""keyword""]}, {""table"": ""company_name"", ""columns"": [""country_code""]}, {""table"": ""name"", ""columns"": [""gender"", ""name""]}]","
## Index Tuning Analysis

### Methodology
I systematically tested candidate indexes against representative queries across the workload (simple to complex), observing actual planner cost estimates with and without each index. The planner already has many indexes in place (noted as `tmp_idx_*` and `idx_*` in the plan output). I focused on identifying indexes that produced measurable cost reductions beyond the existing baseline.

### Key Findings

#### 1. `movie_info_idx(info_type_id, info, movie_id)` — **Highest Impact**
This is the single most impactful index. Many queries filter `movie_info_idx` on both `info_type_id` (equality via join to `info_type`) and `info` (range comparison like `info > '8.0'`, `info < '7.0'`, `info < '8.5'`). Without it, the planner performs a full seq scan of movie_info_idx (~575K rows, cost ~13,718). With this composite index, the planner can do an index-only range scan:
- Query 12a: 10,684 → **2,256** (79% reduction)
- Queries 14a/b/c, 22a-d, 26a/b/c, 28a/b/c all benefit similarly (costs in 3,000–4,500 range vs. 10,000+)
- Queries 4a/b/c (sequel rating queries) also benefit

The `movie_id` trailing column enables index-only scans covering the join predicate.

#### 2. `movie_companies(company_id, company_type_id, movie_id)` — **High Impact**
When queries start from `company_name` (filtered by `country_code`) and need to join to `movie_companies` via `company_id`, the planner currently does a full seq scan of movie_companies (~1.08M rows, cost ~29,695). This index enables nested-loop index lookups:
- Query 10a/b/c: ~43,000 → **~20,000** (planner used `tmp_idx_movie_companies_eb7b56d5` in tests)
- Queries 12a, 13a, 19a (various company join scenarios) also benefit
- The `company_type_id` column helps when both company_id and company_type_id are join/filter predicates, enabling covering lookups for `movie_id`

#### 3. `cast_info(person_id, role_id, movie_id)` — **Medium Impact**
Many complex queries (9a-d, 19a-d, 24a-b, 29a-c) join `cast_info` on `person_id` AND filter on `role_id` (via role_type join). The existing `tmp_idx_cast_info_7101dd25` covers `(person_id, role_id)` which the planner already uses; adding `movie_id` as a covering column eliminates heap lookups for the movie_id join predicate.

#### 4. `cast_info(movie_id, role_id)` — **Medium Impact**
Queries that start from the movie side (e.g., 10a-c, 18a-c) join cast_info on movie_id and filter on role_id. The existing `idx_cast_info_movie_id` only covers movie_id, so role_id filtering requires heap fetches. Adding role_id enables efficient filtered lookups.

#### 5. `aka_name(person_id)` — Confirmed beneficial (likely exists as `idx_aka_name_person_id`)
Used extensively in queries 7a-c, 8a-d, 9a-d, 16a-d, 19a-d, 24a-b, 29a-c. The planner consistently uses this index for nested-loop lookups.

#### 6. `aka_title(movie_id)` — Confirmed beneficial (likely exists as `idx_aka_title_movie_id`)
Used in queries 15a-d. Enables efficient lookup of alternate titles for a given movie_id.

#### 7. `complete_cast(movie_id, subject_id, status_id)` — Confirmed beneficial (likely exists)
Used in all queries 20a-c, 23a-c, 26a-c, 27a-c, 28a-c, 29a-c, 30a-c. Index on movie_id is the primary access path; including subject_id and status_id as covering columns eliminates heap fetches for the two join predicates (cct1.id = cc.subject_id, cct2.id = cc.status_id).

#### 8. `movie_link(movie_id, link_type_id)` and `movie_link(linked_movie_id)` — Confirmed beneficial
Queries 11a-d, 21a-c, 27a-c, 32a-b, 33a-c all join movie_link. The planner uses `tmp_idx_movie_link_0e74da40` for movie_id lookups and `idx_movie_link_linked_movie_id` for linked_movie_id. Adding link_type_id as a covering column helps filter on link_type_id without heap fetches.

#### 9. `person_info(person_id, info_type_id)` — Confirmed beneficial (likely exists as `tmp_idx_person_info_277c0420`)
Used in queries 7a-c, 29a-c. Enables efficient lookup of person info records by person_id, with info_type_id as covering for the join to info_type.

#### 10. `movie_info(movie_id, info_type_id)` — Moderate benefit
The existing `idx_movie_info_movie_id` covers movie_id but adding info_type_id helps the planner filter on info_type_id without additional heap accesses. Many queries (12a-c, 13a-d, 19a-d, 21a-c, 22a-d) join movie_info on both movie_id and info_type_id.

Note: `movie_info(info_type_id, info, movie_id)` could not be built due to the `info` text column exceeding the 8191-byte index row size limit.

#### 11. `keyword(keyword)` — Confirmed beneficial (likely exists as `idx_keyword_keyword`)
Used in nearly every query that involves keyword filtering. Equality and IN-list lookups on keyword text are highly selective.

#### 12. `company_name(country_code)` — Confirmed beneficial (exists as `idx_company_name_country_code`)
Frequently filters company_name by country_code (e.g., '[us]', '[de]', '[ru]', '[jp]').

#### 13. `name(gender, name)` — Moderate benefit
Queries 6a-f, 17a-f, 18a-c, 19a-d filter on gender='f' or gender='m' AND name LIKE pattern. The existing `idx_name_gender` covers the gender bitmap scan; adding `name` as a second column would make prefix-LIKE patterns more selective. However, since most name filters use `%pattern%` (not prefix), this mainly helps when gender is very selective.

### Summary of Cost Reductions
- **movie_info_idx composite**: Up to 79% cost reduction on rating-filtered queries (the biggest win)
- **movie_companies composite**: ~50% cost reduction on company-driven join queries  
- **cast_info composites**: 10–30% improvement on person/role join queries
- Other indexes confirm or reinforce existing access paths

### Indexes NOT recommended (rejected)
- `movie_info(info_type_id, info, movie_id)`: Fails to build — text column exceeds 8191-byte limit
- `title(production_year, kind_id)`: Planner already uses title PK for point lookups; production_year range scans showed no improvement since row filtering happens after joins
- `movie_companies(company_id, movie_id)` alone: Less effective than the 3-column version
",1758.691,84.1
27b,"[{""table"": ""movie_info_idx"", ""columns"": [""info_type_id"", ""info"", ""movie_id""]}, {""table"": ""movie_companies"", ""columns"": [""company_id"", ""company_type_id"", ""movie_id""]}, {""table"": ""cast_info"", ""columns"": [""person_id"", ""role_id"", ""movie_id""]}, {""table"": ""cast_info"", ""columns"": [""movie_id"", ""role_id""]}, {""table"": ""aka_name"", ""columns"": [""person_id""]}, {""table"": ""aka_title"", ""columns"": [""movie_id""]}, {""table"": ""complete_cast"", ""columns"": [""movie_id"", ""subject_id"", ""status_id""]}, {""table"": ""movie_link"", ""columns"": [""movie_id"", ""link_type_id""]}, {""table"": ""movie_link"", ""columns"": [""linked_movie_id""]}, {""table"": ""person_info"", ""columns"": [""person_id"", ""info_type_id""]}, {""table"": ""movie_info"", ""columns"": [""movie_id"", ""info_type_id""]}, {""table"": ""keyword"", ""columns"": [""keyword""]}, {""table"": ""company_name"", ""columns"": [""country_code""]}, {""table"": ""name"", ""columns"": [""gender"", ""name""]}]","
## Index Tuning Analysis

### Methodology
I systematically tested candidate indexes against representative queries across the workload (simple to complex), observing actual planner cost estimates with and without each index. The planner already has many indexes in place (noted as `tmp_idx_*` and `idx_*` in the plan output). I focused on identifying indexes that produced measurable cost reductions beyond the existing baseline.

### Key Findings

#### 1. `movie_info_idx(info_type_id, info, movie_id)` — **Highest Impact**
This is the single most impactful index. Many queries filter `movie_info_idx` on both `info_type_id` (equality via join to `info_type`) and `info` (range comparison like `info > '8.0'`, `info < '7.0'`, `info < '8.5'`). Without it, the planner performs a full seq scan of movie_info_idx (~575K rows, cost ~13,718). With this composite index, the planner can do an index-only range scan:
- Query 12a: 10,684 → **2,256** (79% reduction)
- Queries 14a/b/c, 22a-d, 26a/b/c, 28a/b/c all benefit similarly (costs in 3,000–4,500 range vs. 10,000+)
- Queries 4a/b/c (sequel rating queries) also benefit

The `movie_id` trailing column enables index-only scans covering the join predicate.

#### 2. `movie_companies(company_id, company_type_id, movie_id)` — **High Impact**
When queries start from `company_name` (filtered by `country_code`) and need to join to `movie_companies` via `company_id`, the planner currently does a full seq scan of movie_companies (~1.08M rows, cost ~29,695). This index enables nested-loop index lookups:
- Query 10a/b/c: ~43,000 → **~20,000** (planner used `tmp_idx_movie_companies_eb7b56d5` in tests)
- Queries 12a, 13a, 19a (various company join scenarios) also benefit
- The `company_type_id` column helps when both company_id and company_type_id are join/filter predicates, enabling covering lookups for `movie_id`

#### 3. `cast_info(person_id, role_id, movie_id)` — **Medium Impact**
Many complex queries (9a-d, 19a-d, 24a-b, 29a-c) join `cast_info` on `person_id` AND filter on `role_id` (via role_type join). The existing `tmp_idx_cast_info_7101dd25` covers `(person_id, role_id)` which the planner already uses; adding `movie_id` as a covering column eliminates heap lookups for the movie_id join predicate.

#### 4. `cast_info(movie_id, role_id)` — **Medium Impact**
Queries that start from the movie side (e.g., 10a-c, 18a-c) join cast_info on movie_id and filter on role_id. The existing `idx_cast_info_movie_id` only covers movie_id, so role_id filtering requires heap fetches. Adding role_id enables efficient filtered lookups.

#### 5. `aka_name(person_id)` — Confirmed beneficial (likely exists as `idx_aka_name_person_id`)
Used extensively in queries 7a-c, 8a-d, 9a-d, 16a-d, 19a-d, 24a-b, 29a-c. The planner consistently uses this index for nested-loop lookups.

#### 6. `aka_title(movie_id)` — Confirmed beneficial (likely exists as `idx_aka_title_movie_id`)
Used in queries 15a-d. Enables efficient lookup of alternate titles for a given movie_id.

#### 7. `complete_cast(movie_id, subject_id, status_id)` — Confirmed beneficial (likely exists)
Used in all queries 20a-c, 23a-c, 26a-c, 27a-c, 28a-c, 29a-c, 30a-c. Index on movie_id is the primary access path; including subject_id and status_id as covering columns eliminates heap fetches for the two join predicates (cct1.id = cc.subject_id, cct2.id = cc.status_id).

#### 8. `movie_link(movie_id, link_type_id)` and `movie_link(linked_movie_id)` — Confirmed beneficial
Queries 11a-d, 21a-c, 27a-c, 32a-b, 33a-c all join movie_link. The planner uses `tmp_idx_movie_link_0e74da40` for movie_id lookups and `idx_movie_link_linked_movie_id` for linked_movie_id. Adding link_type_id as a covering column helps filter on link_type_id without heap fetches.

#### 9. `person_info(person_id, info_type_id)` — Confirmed beneficial (likely exists as `tmp_idx_person_info_277c0420`)
Used in queries 7a-c, 29a-c. Enables efficient lookup of person info records by person_id, with info_type_id as covering for the join to info_type.

#### 10. `movie_info(movie_id, info_type_id)` — Moderate benefit
The existing `idx_movie_info_movie_id` covers movie_id but adding info_type_id helps the planner filter on info_type_id without additional heap accesses. Many queries (12a-c, 13a-d, 19a-d, 21a-c, 22a-d) join movie_info on both movie_id and info_type_id.

Note: `movie_info(info_type_id, info, movie_id)` could not be built due to the `info` text column exceeding the 8191-byte index row size limit.

#### 11. `keyword(keyword)` — Confirmed beneficial (likely exists as `idx_keyword_keyword`)
Used in nearly every query that involves keyword filtering. Equality and IN-list lookups on keyword text are highly selective.

#### 12. `company_name(country_code)` — Confirmed beneficial (exists as `idx_company_name_country_code`)
Frequently filters company_name by country_code (e.g., '[us]', '[de]', '[ru]', '[jp]').

#### 13. `name(gender, name)` — Moderate benefit
Queries 6a-f, 17a-f, 18a-c, 19a-d filter on gender='f' or gender='m' AND name LIKE pattern. The existing `idx_name_gender` covers the gender bitmap scan; adding `name` as a second column would make prefix-LIKE patterns more selective. However, since most name filters use `%pattern%` (not prefix), this mainly helps when gender is very selective.

### Summary of Cost Reductions
- **movie_info_idx composite**: Up to 79% cost reduction on rating-filtered queries (the biggest win)
- **movie_companies composite**: ~50% cost reduction on company-driven join queries  
- **cast_info composites**: 10–30% improvement on person/role join queries
- Other indexes confirm or reinforce existing access paths

### Indexes NOT recommended (rejected)
- `movie_info(info_type_id, info, movie_id)`: Fails to build — text column exceeds 8191-byte limit
- `title(production_year, kind_id)`: Planner already uses title PK for point lookups; production_year range scans showed no improvement since row filtering happens after joins
- `movie_companies(company_id, movie_id)` alone: Less effective than the 3-column version
",4399.276,-356.29
27c,"[{""table"": ""movie_info_idx"", ""columns"": [""info_type_id"", ""info"", ""movie_id""]}, {""table"": ""movie_companies"", ""columns"": [""company_id"", ""company_type_id"", ""movie_id""]}, {""table"": ""cast_info"", ""columns"": [""person_id"", ""role_id"", ""movie_id""]}, {""table"": ""cast_info"", ""columns"": [""movie_id"", ""role_id""]}, {""table"": ""aka_name"", ""columns"": [""person_id""]}, {""table"": ""aka_title"", ""columns"": [""movie_id""]}, {""table"": ""complete_cast"", ""columns"": [""movie_id"", ""subject_id"", ""status_id""]}, {""table"": ""movie_link"", ""columns"": [""movie_id"", ""link_type_id""]}, {""table"": ""movie_link"", ""columns"": [""linked_movie_id""]}, {""table"": ""person_info"", ""columns"": [""person_id"", ""info_type_id""]}, {""table"": ""movie_info"", ""columns"": [""movie_id"", ""info_type_id""]}, {""table"": ""keyword"", ""columns"": [""keyword""]}, {""table"": ""company_name"", ""columns"": [""country_code""]}, {""table"": ""name"", ""columns"": [""gender"", ""name""]}]","
## Index Tuning Analysis

### Methodology
I systematically tested candidate indexes against representative queries across the workload (simple to complex), observing actual planner cost estimates with and without each index. The planner already has many indexes in place (noted as `tmp_idx_*` and `idx_*` in the plan output). I focused on identifying indexes that produced measurable cost reductions beyond the existing baseline.

### Key Findings

#### 1. `movie_info_idx(info_type_id, info, movie_id)` — **Highest Impact**
This is the single most impactful index. Many queries filter `movie_info_idx` on both `info_type_id` (equality via join to `info_type`) and `info` (range comparison like `info > '8.0'`, `info < '7.0'`, `info < '8.5'`). Without it, the planner performs a full seq scan of movie_info_idx (~575K rows, cost ~13,718). With this composite index, the planner can do an index-only range scan:
- Query 12a: 10,684 → **2,256** (79% reduction)
- Queries 14a/b/c, 22a-d, 26a/b/c, 28a/b/c all benefit similarly (costs in 3,000–4,500 range vs. 10,000+)
- Queries 4a/b/c (sequel rating queries) also benefit

The `movie_id` trailing column enables index-only scans covering the join predicate.

#### 2. `movie_companies(company_id, company_type_id, movie_id)` — **High Impact**
When queries start from `company_name` (filtered by `country_code`) and need to join to `movie_companies` via `company_id`, the planner currently does a full seq scan of movie_companies (~1.08M rows, cost ~29,695). This index enables nested-loop index lookups:
- Query 10a/b/c: ~43,000 → **~20,000** (planner used `tmp_idx_movie_companies_eb7b56d5` in tests)
- Queries 12a, 13a, 19a (various company join scenarios) also benefit
- The `company_type_id` column helps when both company_id and company_type_id are join/filter predicates, enabling covering lookups for `movie_id`

#### 3. `cast_info(person_id, role_id, movie_id)` — **Medium Impact**
Many complex queries (9a-d, 19a-d, 24a-b, 29a-c) join `cast_info` on `person_id` AND filter on `role_id` (via role_type join). The existing `tmp_idx_cast_info_7101dd25` covers `(person_id, role_id)` which the planner already uses; adding `movie_id` as a covering column eliminates heap lookups for the movie_id join predicate.

#### 4. `cast_info(movie_id, role_id)` — **Medium Impact**
Queries that start from the movie side (e.g., 10a-c, 18a-c) join cast_info on movie_id and filter on role_id. The existing `idx_cast_info_movie_id` only covers movie_id, so role_id filtering requires heap fetches. Adding role_id enables efficient filtered lookups.

#### 5. `aka_name(person_id)` — Confirmed beneficial (likely exists as `idx_aka_name_person_id`)
Used extensively in queries 7a-c, 8a-d, 9a-d, 16a-d, 19a-d, 24a-b, 29a-c. The planner consistently uses this index for nested-loop lookups.

#### 6. `aka_title(movie_id)` — Confirmed beneficial (likely exists as `idx_aka_title_movie_id`)
Used in queries 15a-d. Enables efficient lookup of alternate titles for a given movie_id.

#### 7. `complete_cast(movie_id, subject_id, status_id)` — Confirmed beneficial (likely exists)
Used in all queries 20a-c, 23a-c, 26a-c, 27a-c, 28a-c, 29a-c, 30a-c. Index on movie_id is the primary access path; including subject_id and status_id as covering columns eliminates heap fetches for the two join predicates (cct1.id = cc.subject_id, cct2.id = cc.status_id).

#### 8. `movie_link(movie_id, link_type_id)` and `movie_link(linked_movie_id)` — Confirmed beneficial
Queries 11a-d, 21a-c, 27a-c, 32a-b, 33a-c all join movie_link. The planner uses `tmp_idx_movie_link_0e74da40` for movie_id lookups and `idx_movie_link_linked_movie_id` for linked_movie_id. Adding link_type_id as a covering column helps filter on link_type_id without heap fetches.

#### 9. `person_info(person_id, info_type_id)` — Confirmed beneficial (likely exists as `tmp_idx_person_info_277c0420`)
Used in queries 7a-c, 29a-c. Enables efficient lookup of person info records by person_id, with info_type_id as covering for the join to info_type.

#### 10. `movie_info(movie_id, info_type_id)` — Moderate benefit
The existing `idx_movie_info_movie_id` covers movie_id but adding info_type_id helps the planner filter on info_type_id without additional heap accesses. Many queries (12a-c, 13a-d, 19a-d, 21a-c, 22a-d) join movie_info on both movie_id and info_type_id.

Note: `movie_info(info_type_id, info, movie_id)` could not be built due to the `info` text column exceeding the 8191-byte index row size limit.

#### 11. `keyword(keyword)` — Confirmed beneficial (likely exists as `idx_keyword_keyword`)
Used in nearly every query that involves keyword filtering. Equality and IN-list lookups on keyword text are highly selective.

#### 12. `company_name(country_code)` — Confirmed beneficial (exists as `idx_company_name_country_code`)
Frequently filters company_name by country_code (e.g., '[us]', '[de]', '[ru]', '[jp]').

#### 13. `name(gender, name)` — Moderate benefit
Queries 6a-f, 17a-f, 18a-c, 19a-d filter on gender='f' or gender='m' AND name LIKE pattern. The existing `idx_name_gender` covers the gender bitmap scan; adding `name` as a second column would make prefix-LIKE patterns more selective. However, since most name filters use `%pattern%` (not prefix), this mainly helps when gender is very selective.

### Summary of Cost Reductions
- **movie_info_idx composite**: Up to 79% cost reduction on rating-filtered queries (the biggest win)
- **movie_companies composite**: ~50% cost reduction on company-driven join queries  
- **cast_info composites**: 10–30% improvement on person/role join queries
- Other indexes confirm or reinforce existing access paths

### Indexes NOT recommended (rejected)
- `movie_info(info_type_id, info, movie_id)`: Fails to build — text column exceeds 8191-byte limit
- `title(production_year, kind_id)`: Planner already uses title PK for point lookups; production_year range scans showed no improvement since row filtering happens after joins
- `movie_companies(company_id, movie_id)` alone: Less effective than the 3-column version
",4426.853,87.01
28a,"[{""table"": ""movie_info_idx"", ""columns"": [""info_type_id"", ""info"", ""movie_id""]}, {""table"": ""movie_companies"", ""columns"": [""company_id"", ""company_type_id"", ""movie_id""]}, {""table"": ""cast_info"", ""columns"": [""person_id"", ""role_id"", ""movie_id""]}, {""table"": ""cast_info"", ""columns"": [""movie_id"", ""role_id""]}, {""table"": ""aka_name"", ""columns"": [""person_id""]}, {""table"": ""aka_title"", ""columns"": [""movie_id""]}, {""table"": ""complete_cast"", ""columns"": [""movie_id"", ""subject_id"", ""status_id""]}, {""table"": ""movie_link"", ""columns"": [""movie_id"", ""link_type_id""]}, {""table"": ""movie_link"", ""columns"": [""linked_movie_id""]}, {""table"": ""person_info"", ""columns"": [""person_id"", ""info_type_id""]}, {""table"": ""movie_info"", ""columns"": [""movie_id"", ""info_type_id""]}, {""table"": ""keyword"", ""columns"": [""keyword""]}, {""table"": ""company_name"", ""columns"": [""country_code""]}, {""table"": ""name"", ""columns"": [""gender"", ""name""]}]","
## Index Tuning Analysis

### Methodology
I systematically tested candidate indexes against representative queries across the workload (simple to complex), observing actual planner cost estimates with and without each index. The planner already has many indexes in place (noted as `tmp_idx_*` and `idx_*` in the plan output). I focused on identifying indexes that produced measurable cost reductions beyond the existing baseline.

### Key Findings

#### 1. `movie_info_idx(info_type_id, info, movie_id)` — **Highest Impact**
This is the single most impactful index. Many queries filter `movie_info_idx` on both `info_type_id` (equality via join to `info_type`) and `info` (range comparison like `info > '8.0'`, `info < '7.0'`, `info < '8.5'`). Without it, the planner performs a full seq scan of movie_info_idx (~575K rows, cost ~13,718). With this composite index, the planner can do an index-only range scan:
- Query 12a: 10,684 → **2,256** (79% reduction)
- Queries 14a/b/c, 22a-d, 26a/b/c, 28a/b/c all benefit similarly (costs in 3,000–4,500 range vs. 10,000+)
- Queries 4a/b/c (sequel rating queries) also benefit

The `movie_id` trailing column enables index-only scans covering the join predicate.

#### 2. `movie_companies(company_id, company_type_id, movie_id)` — **High Impact**
When queries start from `company_name` (filtered by `country_code`) and need to join to `movie_companies` via `company_id`, the planner currently does a full seq scan of movie_companies (~1.08M rows, cost ~29,695). This index enables nested-loop index lookups:
- Query 10a/b/c: ~43,000 → **~20,000** (planner used `tmp_idx_movie_companies_eb7b56d5` in tests)
- Queries 12a, 13a, 19a (various company join scenarios) also benefit
- The `company_type_id` column helps when both company_id and company_type_id are join/filter predicates, enabling covering lookups for `movie_id`

#### 3. `cast_info(person_id, role_id, movie_id)` — **Medium Impact**
Many complex queries (9a-d, 19a-d, 24a-b, 29a-c) join `cast_info` on `person_id` AND filter on `role_id` (via role_type join). The existing `tmp_idx_cast_info_7101dd25` covers `(person_id, role_id)` which the planner already uses; adding `movie_id` as a covering column eliminates heap lookups for the movie_id join predicate.

#### 4. `cast_info(movie_id, role_id)` — **Medium Impact**
Queries that start from the movie side (e.g., 10a-c, 18a-c) join cast_info on movie_id and filter on role_id. The existing `idx_cast_info_movie_id` only covers movie_id, so role_id filtering requires heap fetches. Adding role_id enables efficient filtered lookups.

#### 5. `aka_name(person_id)` — Confirmed beneficial (likely exists as `idx_aka_name_person_id`)
Used extensively in queries 7a-c, 8a-d, 9a-d, 16a-d, 19a-d, 24a-b, 29a-c. The planner consistently uses this index for nested-loop lookups.

#### 6. `aka_title(movie_id)` — Confirmed beneficial (likely exists as `idx_aka_title_movie_id`)
Used in queries 15a-d. Enables efficient lookup of alternate titles for a given movie_id.

#### 7. `complete_cast(movie_id, subject_id, status_id)` — Confirmed beneficial (likely exists)
Used in all queries 20a-c, 23a-c, 26a-c, 27a-c, 28a-c, 29a-c, 30a-c. Index on movie_id is the primary access path; including subject_id and status_id as covering columns eliminates heap fetches for the two join predicates (cct1.id = cc.subject_id, cct2.id = cc.status_id).

#### 8. `movie_link(movie_id, link_type_id)` and `movie_link(linked_movie_id)` — Confirmed beneficial
Queries 11a-d, 21a-c, 27a-c, 32a-b, 33a-c all join movie_link. The planner uses `tmp_idx_movie_link_0e74da40` for movie_id lookups and `idx_movie_link_linked_movie_id` for linked_movie_id. Adding link_type_id as a covering column helps filter on link_type_id without heap fetches.

#### 9. `person_info(person_id, info_type_id)` — Confirmed beneficial (likely exists as `tmp_idx_person_info_277c0420`)
Used in queries 7a-c, 29a-c. Enables efficient lookup of person info records by person_id, with info_type_id as covering for the join to info_type.

#### 10. `movie_info(movie_id, info_type_id)` — Moderate benefit
The existing `idx_movie_info_movie_id` covers movie_id but adding info_type_id helps the planner filter on info_type_id without additional heap accesses. Many queries (12a-c, 13a-d, 19a-d, 21a-c, 22a-d) join movie_info on both movie_id and info_type_id.

Note: `movie_info(info_type_id, info, movie_id)` could not be built due to the `info` text column exceeding the 8191-byte index row size limit.

#### 11. `keyword(keyword)` — Confirmed beneficial (likely exists as `idx_keyword_keyword`)
Used in nearly every query that involves keyword filtering. Equality and IN-list lookups on keyword text are highly selective.

#### 12. `company_name(country_code)` — Confirmed beneficial (exists as `idx_company_name_country_code`)
Frequently filters company_name by country_code (e.g., '[us]', '[de]', '[ru]', '[jp]').

#### 13. `name(gender, name)` — Moderate benefit
Queries 6a-f, 17a-f, 18a-c, 19a-d filter on gender='f' or gender='m' AND name LIKE pattern. The existing `idx_name_gender` covers the gender bitmap scan; adding `name` as a second column would make prefix-LIKE patterns more selective. However, since most name filters use `%pattern%` (not prefix), this mainly helps when gender is very selective.

### Summary of Cost Reductions
- **movie_info_idx composite**: Up to 79% cost reduction on rating-filtered queries (the biggest win)
- **movie_companies composite**: ~50% cost reduction on company-driven join queries  
- **cast_info composites**: 10–30% improvement on person/role join queries
- Other indexes confirm or reinforce existing access paths

### Indexes NOT recommended (rejected)
- `movie_info(info_type_id, info, movie_id)`: Fails to build — text column exceeds 8191-byte limit
- `title(production_year, kind_id)`: Planner already uses title PK for point lookups; production_year range scans showed no improvement since row filtering happens after joins
- `movie_companies(company_id, movie_id)` alone: Less effective than the 3-column version
",29014.278,95.82
28b,"[{""table"": ""movie_info_idx"", ""columns"": [""info_type_id"", ""info"", ""movie_id""]}, {""table"": ""movie_companies"", ""columns"": [""company_id"", ""company_type_id"", ""movie_id""]}, {""table"": ""cast_info"", ""columns"": [""person_id"", ""role_id"", ""movie_id""]}, {""table"": ""cast_info"", ""columns"": [""movie_id"", ""role_id""]}, {""table"": ""aka_name"", ""columns"": [""person_id""]}, {""table"": ""aka_title"", ""columns"": [""movie_id""]}, {""table"": ""complete_cast"", ""columns"": [""movie_id"", ""subject_id"", ""status_id""]}, {""table"": ""movie_link"", ""columns"": [""movie_id"", ""link_type_id""]}, {""table"": ""movie_link"", ""columns"": [""linked_movie_id""]}, {""table"": ""person_info"", ""columns"": [""person_id"", ""info_type_id""]}, {""table"": ""movie_info"", ""columns"": [""movie_id"", ""info_type_id""]}, {""table"": ""keyword"", ""columns"": [""keyword""]}, {""table"": ""company_name"", ""columns"": [""country_code""]}, {""table"": ""name"", ""columns"": [""gender"", ""name""]}]","
## Index Tuning Analysis

### Methodology
I systematically tested candidate indexes against representative queries across the workload (simple to complex), observing actual planner cost estimates with and without each index. The planner already has many indexes in place (noted as `tmp_idx_*` and `idx_*` in the plan output). I focused on identifying indexes that produced measurable cost reductions beyond the existing baseline.

### Key Findings

#### 1. `movie_info_idx(info_type_id, info, movie_id)` — **Highest Impact**
This is the single most impactful index. Many queries filter `movie_info_idx` on both `info_type_id` (equality via join to `info_type`) and `info` (range comparison like `info > '8.0'`, `info < '7.0'`, `info < '8.5'`). Without it, the planner performs a full seq scan of movie_info_idx (~575K rows, cost ~13,718). With this composite index, the planner can do an index-only range scan:
- Query 12a: 10,684 → **2,256** (79% reduction)
- Queries 14a/b/c, 22a-d, 26a/b/c, 28a/b/c all benefit similarly (costs in 3,000–4,500 range vs. 10,000+)
- Queries 4a/b/c (sequel rating queries) also benefit

The `movie_id` trailing column enables index-only scans covering the join predicate.

#### 2. `movie_companies(company_id, company_type_id, movie_id)` — **High Impact**
When queries start from `company_name` (filtered by `country_code`) and need to join to `movie_companies` via `company_id`, the planner currently does a full seq scan of movie_companies (~1.08M rows, cost ~29,695). This index enables nested-loop index lookups:
- Query 10a/b/c: ~43,000 → **~20,000** (planner used `tmp_idx_movie_companies_eb7b56d5` in tests)
- Queries 12a, 13a, 19a (various company join scenarios) also benefit
- The `company_type_id` column helps when both company_id and company_type_id are join/filter predicates, enabling covering lookups for `movie_id`

#### 3. `cast_info(person_id, role_id, movie_id)` — **Medium Impact**
Many complex queries (9a-d, 19a-d, 24a-b, 29a-c) join `cast_info` on `person_id` AND filter on `role_id` (via role_type join). The existing `tmp_idx_cast_info_7101dd25` covers `(person_id, role_id)` which the planner already uses; adding `movie_id` as a covering column eliminates heap lookups for the movie_id join predicate.

#### 4. `cast_info(movie_id, role_id)` — **Medium Impact**
Queries that start from the movie side (e.g., 10a-c, 18a-c) join cast_info on movie_id and filter on role_id. The existing `idx_cast_info_movie_id` only covers movie_id, so role_id filtering requires heap fetches. Adding role_id enables efficient filtered lookups.

#### 5. `aka_name(person_id)` — Confirmed beneficial (likely exists as `idx_aka_name_person_id`)
Used extensively in queries 7a-c, 8a-d, 9a-d, 16a-d, 19a-d, 24a-b, 29a-c. The planner consistently uses this index for nested-loop lookups.

#### 6. `aka_title(movie_id)` — Confirmed beneficial (likely exists as `idx_aka_title_movie_id`)
Used in queries 15a-d. Enables efficient lookup of alternate titles for a given movie_id.

#### 7. `complete_cast(movie_id, subject_id, status_id)` — Confirmed beneficial (likely exists)
Used in all queries 20a-c, 23a-c, 26a-c, 27a-c, 28a-c, 29a-c, 30a-c. Index on movie_id is the primary access path; including subject_id and status_id as covering columns eliminates heap fetches for the two join predicates (cct1.id = cc.subject_id, cct2.id = cc.status_id).

#### 8. `movie_link(movie_id, link_type_id)` and `movie_link(linked_movie_id)` — Confirmed beneficial
Queries 11a-d, 21a-c, 27a-c, 32a-b, 33a-c all join movie_link. The planner uses `tmp_idx_movie_link_0e74da40` for movie_id lookups and `idx_movie_link_linked_movie_id` for linked_movie_id. Adding link_type_id as a covering column helps filter on link_type_id without heap fetches.

#### 9. `person_info(person_id, info_type_id)` — Confirmed beneficial (likely exists as `tmp_idx_person_info_277c0420`)
Used in queries 7a-c, 29a-c. Enables efficient lookup of person info records by person_id, with info_type_id as covering for the join to info_type.

#### 10. `movie_info(movie_id, info_type_id)` — Moderate benefit
The existing `idx_movie_info_movie_id` covers movie_id but adding info_type_id helps the planner filter on info_type_id without additional heap accesses. Many queries (12a-c, 13a-d, 19a-d, 21a-c, 22a-d) join movie_info on both movie_id and info_type_id.

Note: `movie_info(info_type_id, info, movie_id)` could not be built due to the `info` text column exceeding the 8191-byte index row size limit.

#### 11. `keyword(keyword)` — Confirmed beneficial (likely exists as `idx_keyword_keyword`)
Used in nearly every query that involves keyword filtering. Equality and IN-list lookups on keyword text are highly selective.

#### 12. `company_name(country_code)` — Confirmed beneficial (exists as `idx_company_name_country_code`)
Frequently filters company_name by country_code (e.g., '[us]', '[de]', '[ru]', '[jp]').

#### 13. `name(gender, name)` — Moderate benefit
Queries 6a-f, 17a-f, 18a-c, 19a-d filter on gender='f' or gender='m' AND name LIKE pattern. The existing `idx_name_gender` covers the gender bitmap scan; adding `name` as a second column would make prefix-LIKE patterns more selective. However, since most name filters use `%pattern%` (not prefix), this mainly helps when gender is very selective.

### Summary of Cost Reductions
- **movie_info_idx composite**: Up to 79% cost reduction on rating-filtered queries (the biggest win)
- **movie_companies composite**: ~50% cost reduction on company-driven join queries  
- **cast_info composites**: 10–30% improvement on person/role join queries
- Other indexes confirm or reinforce existing access paths

### Indexes NOT recommended (rejected)
- `movie_info(info_type_id, info, movie_id)`: Fails to build — text column exceeds 8191-byte limit
- `title(production_year, kind_id)`: Planner already uses title PK for point lookups; production_year range scans showed no improvement since row filtering happens after joins
- `movie_companies(company_id, movie_id)` alone: Less effective than the 3-column version
",4517.846,-348.93
28c,"[{""table"": ""movie_info_idx"", ""columns"": [""info_type_id"", ""info"", ""movie_id""]}, {""table"": ""movie_companies"", ""columns"": [""company_id"", ""company_type_id"", ""movie_id""]}, {""table"": ""cast_info"", ""columns"": [""person_id"", ""role_id"", ""movie_id""]}, {""table"": ""cast_info"", ""columns"": [""movie_id"", ""role_id""]}, {""table"": ""aka_name"", ""columns"": [""person_id""]}, {""table"": ""aka_title"", ""columns"": [""movie_id""]}, {""table"": ""complete_cast"", ""columns"": [""movie_id"", ""subject_id"", ""status_id""]}, {""table"": ""movie_link"", ""columns"": [""movie_id"", ""link_type_id""]}, {""table"": ""movie_link"", ""columns"": [""linked_movie_id""]}, {""table"": ""person_info"", ""columns"": [""person_id"", ""info_type_id""]}, {""table"": ""movie_info"", ""columns"": [""movie_id"", ""info_type_id""]}, {""table"": ""keyword"", ""columns"": [""keyword""]}, {""table"": ""company_name"", ""columns"": [""country_code""]}, {""table"": ""name"", ""columns"": [""gender"", ""name""]}]","
## Index Tuning Analysis

### Methodology
I systematically tested candidate indexes against representative queries across the workload (simple to complex), observing actual planner cost estimates with and without each index. The planner already has many indexes in place (noted as `tmp_idx_*` and `idx_*` in the plan output). I focused on identifying indexes that produced measurable cost reductions beyond the existing baseline.

### Key Findings

#### 1. `movie_info_idx(info_type_id, info, movie_id)` — **Highest Impact**
This is the single most impactful index. Many queries filter `movie_info_idx` on both `info_type_id` (equality via join to `info_type`) and `info` (range comparison like `info > '8.0'`, `info < '7.0'`, `info < '8.5'`). Without it, the planner performs a full seq scan of movie_info_idx (~575K rows, cost ~13,718). With this composite index, the planner can do an index-only range scan:
- Query 12a: 10,684 → **2,256** (79% reduction)
- Queries 14a/b/c, 22a-d, 26a/b/c, 28a/b/c all benefit similarly (costs in 3,000–4,500 range vs. 10,000+)
- Queries 4a/b/c (sequel rating queries) also benefit

The `movie_id` trailing column enables index-only scans covering the join predicate.

#### 2. `movie_companies(company_id, company_type_id, movie_id)` — **High Impact**
When queries start from `company_name` (filtered by `country_code`) and need to join to `movie_companies` via `company_id`, the planner currently does a full seq scan of movie_companies (~1.08M rows, cost ~29,695). This index enables nested-loop index lookups:
- Query 10a/b/c: ~43,000 → **~20,000** (planner used `tmp_idx_movie_companies_eb7b56d5` in tests)
- Queries 12a, 13a, 19a (various company join scenarios) also benefit
- The `company_type_id` column helps when both company_id and company_type_id are join/filter predicates, enabling covering lookups for `movie_id`

#### 3. `cast_info(person_id, role_id, movie_id)` — **Medium Impact**
Many complex queries (9a-d, 19a-d, 24a-b, 29a-c) join `cast_info` on `person_id` AND filter on `role_id` (via role_type join). The existing `tmp_idx_cast_info_7101dd25` covers `(person_id, role_id)` which the planner already uses; adding `movie_id` as a covering column eliminates heap lookups for the movie_id join predicate.

#### 4. `cast_info(movie_id, role_id)` — **Medium Impact**
Queries that start from the movie side (e.g., 10a-c, 18a-c) join cast_info on movie_id and filter on role_id. The existing `idx_cast_info_movie_id` only covers movie_id, so role_id filtering requires heap fetches. Adding role_id enables efficient filtered lookups.

#### 5. `aka_name(person_id)` — Confirmed beneficial (likely exists as `idx_aka_name_person_id`)
Used extensively in queries 7a-c, 8a-d, 9a-d, 16a-d, 19a-d, 24a-b, 29a-c. The planner consistently uses this index for nested-loop lookups.

#### 6. `aka_title(movie_id)` — Confirmed beneficial (likely exists as `idx_aka_title_movie_id`)
Used in queries 15a-d. Enables efficient lookup of alternate titles for a given movie_id.

#### 7. `complete_cast(movie_id, subject_id, status_id)` — Confirmed beneficial (likely exists)
Used in all queries 20a-c, 23a-c, 26a-c, 27a-c, 28a-c, 29a-c, 30a-c. Index on movie_id is the primary access path; including subject_id and status_id as covering columns eliminates heap fetches for the two join predicates (cct1.id = cc.subject_id, cct2.id = cc.status_id).

#### 8. `movie_link(movie_id, link_type_id)` and `movie_link(linked_movie_id)` — Confirmed beneficial
Queries 11a-d, 21a-c, 27a-c, 32a-b, 33a-c all join movie_link. The planner uses `tmp_idx_movie_link_0e74da40` for movie_id lookups and `idx_movie_link_linked_movie_id` for linked_movie_id. Adding link_type_id as a covering column helps filter on link_type_id without heap fetches.

#### 9. `person_info(person_id, info_type_id)` — Confirmed beneficial (likely exists as `tmp_idx_person_info_277c0420`)
Used in queries 7a-c, 29a-c. Enables efficient lookup of person info records by person_id, with info_type_id as covering for the join to info_type.

#### 10. `movie_info(movie_id, info_type_id)` — Moderate benefit
The existing `idx_movie_info_movie_id` covers movie_id but adding info_type_id helps the planner filter on info_type_id without additional heap accesses. Many queries (12a-c, 13a-d, 19a-d, 21a-c, 22a-d) join movie_info on both movie_id and info_type_id.

Note: `movie_info(info_type_id, info, movie_id)` could not be built due to the `info` text column exceeding the 8191-byte index row size limit.

#### 11. `keyword(keyword)` — Confirmed beneficial (likely exists as `idx_keyword_keyword`)
Used in nearly every query that involves keyword filtering. Equality and IN-list lookups on keyword text are highly selective.

#### 12. `company_name(country_code)` — Confirmed beneficial (exists as `idx_company_name_country_code`)
Frequently filters company_name by country_code (e.g., '[us]', '[de]', '[ru]', '[jp]').

#### 13. `name(gender, name)` — Moderate benefit
Queries 6a-f, 17a-f, 18a-c, 19a-d filter on gender='f' or gender='m' AND name LIKE pattern. The existing `idx_name_gender` covers the gender bitmap scan; adding `name` as a second column would make prefix-LIKE patterns more selective. However, since most name filters use `%pattern%` (not prefix), this mainly helps when gender is very selective.

### Summary of Cost Reductions
- **movie_info_idx composite**: Up to 79% cost reduction on rating-filtered queries (the biggest win)
- **movie_companies composite**: ~50% cost reduction on company-driven join queries  
- **cast_info composites**: 10–30% improvement on person/role join queries
- Other indexes confirm or reinforce existing access paths

### Indexes NOT recommended (rejected)
- `movie_info(info_type_id, info, movie_id)`: Fails to build — text column exceeds 8191-byte limit
- `title(production_year, kind_id)`: Planner already uses title PK for point lookups; production_year range scans showed no improvement since row filtering happens after joins
- `movie_companies(company_id, movie_id)` alone: Less effective than the 3-column version
",97055.428,-7397.06
29a,"[{""table"": ""movie_info_idx"", ""columns"": [""info_type_id"", ""info"", ""movie_id""]}, {""table"": ""movie_companies"", ""columns"": [""company_id"", ""company_type_id"", ""movie_id""]}, {""table"": ""cast_info"", ""columns"": [""person_id"", ""role_id"", ""movie_id""]}, {""table"": ""cast_info"", ""columns"": [""movie_id"", ""role_id""]}, {""table"": ""aka_name"", ""columns"": [""person_id""]}, {""table"": ""aka_title"", ""columns"": [""movie_id""]}, {""table"": ""complete_cast"", ""columns"": [""movie_id"", ""subject_id"", ""status_id""]}, {""table"": ""movie_link"", ""columns"": [""movie_id"", ""link_type_id""]}, {""table"": ""movie_link"", ""columns"": [""linked_movie_id""]}, {""table"": ""person_info"", ""columns"": [""person_id"", ""info_type_id""]}, {""table"": ""movie_info"", ""columns"": [""movie_id"", ""info_type_id""]}, {""table"": ""keyword"", ""columns"": [""keyword""]}, {""table"": ""company_name"", ""columns"": [""country_code""]}, {""table"": ""name"", ""columns"": [""gender"", ""name""]}]","
## Index Tuning Analysis

### Methodology
I systematically tested candidate indexes against representative queries across the workload (simple to complex), observing actual planner cost estimates with and without each index. The planner already has many indexes in place (noted as `tmp_idx_*` and `idx_*` in the plan output). I focused on identifying indexes that produced measurable cost reductions beyond the existing baseline.

### Key Findings

#### 1. `movie_info_idx(info_type_id, info, movie_id)` — **Highest Impact**
This is the single most impactful index. Many queries filter `movie_info_idx` on both `info_type_id` (equality via join to `info_type`) and `info` (range comparison like `info > '8.0'`, `info < '7.0'`, `info < '8.5'`). Without it, the planner performs a full seq scan of movie_info_idx (~575K rows, cost ~13,718). With this composite index, the planner can do an index-only range scan:
- Query 12a: 10,684 → **2,256** (79% reduction)
- Queries 14a/b/c, 22a-d, 26a/b/c, 28a/b/c all benefit similarly (costs in 3,000–4,500 range vs. 10,000+)
- Queries 4a/b/c (sequel rating queries) also benefit

The `movie_id` trailing column enables index-only scans covering the join predicate.

#### 2. `movie_companies(company_id, company_type_id, movie_id)` — **High Impact**
When queries start from `company_name` (filtered by `country_code`) and need to join to `movie_companies` via `company_id`, the planner currently does a full seq scan of movie_companies (~1.08M rows, cost ~29,695). This index enables nested-loop index lookups:
- Query 10a/b/c: ~43,000 → **~20,000** (planner used `tmp_idx_movie_companies_eb7b56d5` in tests)
- Queries 12a, 13a, 19a (various company join scenarios) also benefit
- The `company_type_id` column helps when both company_id and company_type_id are join/filter predicates, enabling covering lookups for `movie_id`

#### 3. `cast_info(person_id, role_id, movie_id)` — **Medium Impact**
Many complex queries (9a-d, 19a-d, 24a-b, 29a-c) join `cast_info` on `person_id` AND filter on `role_id` (via role_type join). The existing `tmp_idx_cast_info_7101dd25` covers `(person_id, role_id)` which the planner already uses; adding `movie_id` as a covering column eliminates heap lookups for the movie_id join predicate.

#### 4. `cast_info(movie_id, role_id)` — **Medium Impact**
Queries that start from the movie side (e.g., 10a-c, 18a-c) join cast_info on movie_id and filter on role_id. The existing `idx_cast_info_movie_id` only covers movie_id, so role_id filtering requires heap fetches. Adding role_id enables efficient filtered lookups.

#### 5. `aka_name(person_id)` — Confirmed beneficial (likely exists as `idx_aka_name_person_id`)
Used extensively in queries 7a-c, 8a-d, 9a-d, 16a-d, 19a-d, 24a-b, 29a-c. The planner consistently uses this index for nested-loop lookups.

#### 6. `aka_title(movie_id)` — Confirmed beneficial (likely exists as `idx_aka_title_movie_id`)
Used in queries 15a-d. Enables efficient lookup of alternate titles for a given movie_id.

#### 7. `complete_cast(movie_id, subject_id, status_id)` — Confirmed beneficial (likely exists)
Used in all queries 20a-c, 23a-c, 26a-c, 27a-c, 28a-c, 29a-c, 30a-c. Index on movie_id is the primary access path; including subject_id and status_id as covering columns eliminates heap fetches for the two join predicates (cct1.id = cc.subject_id, cct2.id = cc.status_id).

#### 8. `movie_link(movie_id, link_type_id)` and `movie_link(linked_movie_id)` — Confirmed beneficial
Queries 11a-d, 21a-c, 27a-c, 32a-b, 33a-c all join movie_link. The planner uses `tmp_idx_movie_link_0e74da40` for movie_id lookups and `idx_movie_link_linked_movie_id` for linked_movie_id. Adding link_type_id as a covering column helps filter on link_type_id without heap fetches.

#### 9. `person_info(person_id, info_type_id)` — Confirmed beneficial (likely exists as `tmp_idx_person_info_277c0420`)
Used in queries 7a-c, 29a-c. Enables efficient lookup of person info records by person_id, with info_type_id as covering for the join to info_type.

#### 10. `movie_info(movie_id, info_type_id)` — Moderate benefit
The existing `idx_movie_info_movie_id` covers movie_id but adding info_type_id helps the planner filter on info_type_id without additional heap accesses. Many queries (12a-c, 13a-d, 19a-d, 21a-c, 22a-d) join movie_info on both movie_id and info_type_id.

Note: `movie_info(info_type_id, info, movie_id)` could not be built due to the `info` text column exceeding the 8191-byte index row size limit.

#### 11. `keyword(keyword)` — Confirmed beneficial (likely exists as `idx_keyword_keyword`)
Used in nearly every query that involves keyword filtering. Equality and IN-list lookups on keyword text are highly selective.

#### 12. `company_name(country_code)` — Confirmed beneficial (exists as `idx_company_name_country_code`)
Frequently filters company_name by country_code (e.g., '[us]', '[de]', '[ru]', '[jp]').

#### 13. `name(gender, name)` — Moderate benefit
Queries 6a-f, 17a-f, 18a-c, 19a-d filter on gender='f' or gender='m' AND name LIKE pattern. The existing `idx_name_gender` covers the gender bitmap scan; adding `name` as a second column would make prefix-LIKE patterns more selective. However, since most name filters use `%pattern%` (not prefix), this mainly helps when gender is very selective.

### Summary of Cost Reductions
- **movie_info_idx composite**: Up to 79% cost reduction on rating-filtered queries (the biggest win)
- **movie_companies composite**: ~50% cost reduction on company-driven join queries  
- **cast_info composites**: 10–30% improvement on person/role join queries
- Other indexes confirm or reinforce existing access paths

### Indexes NOT recommended (rejected)
- `movie_info(info_type_id, info, movie_id)`: Fails to build — text column exceeds 8191-byte limit
- `title(production_year, kind_id)`: Planner already uses title PK for point lookups; production_year range scans showed no improvement since row filtering happens after joins
- `movie_companies(company_id, movie_id)` alone: Less effective than the 3-column version
",254.082,98.8
29b,"[{""table"": ""movie_info_idx"", ""columns"": [""info_type_id"", ""info"", ""movie_id""]}, {""table"": ""movie_companies"", ""columns"": [""company_id"", ""company_type_id"", ""movie_id""]}, {""table"": ""cast_info"", ""columns"": [""person_id"", ""role_id"", ""movie_id""]}, {""table"": ""cast_info"", ""columns"": [""movie_id"", ""role_id""]}, {""table"": ""aka_name"", ""columns"": [""person_id""]}, {""table"": ""aka_title"", ""columns"": [""movie_id""]}, {""table"": ""complete_cast"", ""columns"": [""movie_id"", ""subject_id"", ""status_id""]}, {""table"": ""movie_link"", ""columns"": [""movie_id"", ""link_type_id""]}, {""table"": ""movie_link"", ""columns"": [""linked_movie_id""]}, {""table"": ""person_info"", ""columns"": [""person_id"", ""info_type_id""]}, {""table"": ""movie_info"", ""columns"": [""movie_id"", ""info_type_id""]}, {""table"": ""keyword"", ""columns"": [""keyword""]}, {""table"": ""company_name"", ""columns"": [""country_code""]}, {""table"": ""name"", ""columns"": [""gender"", ""name""]}]","
## Index Tuning Analysis

### Methodology
I systematically tested candidate indexes against representative queries across the workload (simple to complex), observing actual planner cost estimates with and without each index. The planner already has many indexes in place (noted as `tmp_idx_*` and `idx_*` in the plan output). I focused on identifying indexes that produced measurable cost reductions beyond the existing baseline.

### Key Findings

#### 1. `movie_info_idx(info_type_id, info, movie_id)` — **Highest Impact**
This is the single most impactful index. Many queries filter `movie_info_idx` on both `info_type_id` (equality via join to `info_type`) and `info` (range comparison like `info > '8.0'`, `info < '7.0'`, `info < '8.5'`). Without it, the planner performs a full seq scan of movie_info_idx (~575K rows, cost ~13,718). With this composite index, the planner can do an index-only range scan:
- Query 12a: 10,684 → **2,256** (79% reduction)
- Queries 14a/b/c, 22a-d, 26a/b/c, 28a/b/c all benefit similarly (costs in 3,000–4,500 range vs. 10,000+)
- Queries 4a/b/c (sequel rating queries) also benefit

The `movie_id` trailing column enables index-only scans covering the join predicate.

#### 2. `movie_companies(company_id, company_type_id, movie_id)` — **High Impact**
When queries start from `company_name` (filtered by `country_code`) and need to join to `movie_companies` via `company_id`, the planner currently does a full seq scan of movie_companies (~1.08M rows, cost ~29,695). This index enables nested-loop index lookups:
- Query 10a/b/c: ~43,000 → **~20,000** (planner used `tmp_idx_movie_companies_eb7b56d5` in tests)
- Queries 12a, 13a, 19a (various company join scenarios) also benefit
- The `company_type_id` column helps when both company_id and company_type_id are join/filter predicates, enabling covering lookups for `movie_id`

#### 3. `cast_info(person_id, role_id, movie_id)` — **Medium Impact**
Many complex queries (9a-d, 19a-d, 24a-b, 29a-c) join `cast_info` on `person_id` AND filter on `role_id` (via role_type join). The existing `tmp_idx_cast_info_7101dd25` covers `(person_id, role_id)` which the planner already uses; adding `movie_id` as a covering column eliminates heap lookups for the movie_id join predicate.

#### 4. `cast_info(movie_id, role_id)` — **Medium Impact**
Queries that start from the movie side (e.g., 10a-c, 18a-c) join cast_info on movie_id and filter on role_id. The existing `idx_cast_info_movie_id` only covers movie_id, so role_id filtering requires heap fetches. Adding role_id enables efficient filtered lookups.

#### 5. `aka_name(person_id)` — Confirmed beneficial (likely exists as `idx_aka_name_person_id`)
Used extensively in queries 7a-c, 8a-d, 9a-d, 16a-d, 19a-d, 24a-b, 29a-c. The planner consistently uses this index for nested-loop lookups.

#### 6. `aka_title(movie_id)` — Confirmed beneficial (likely exists as `idx_aka_title_movie_id`)
Used in queries 15a-d. Enables efficient lookup of alternate titles for a given movie_id.

#### 7. `complete_cast(movie_id, subject_id, status_id)` — Confirmed beneficial (likely exists)
Used in all queries 20a-c, 23a-c, 26a-c, 27a-c, 28a-c, 29a-c, 30a-c. Index on movie_id is the primary access path; including subject_id and status_id as covering columns eliminates heap fetches for the two join predicates (cct1.id = cc.subject_id, cct2.id = cc.status_id).

#### 8. `movie_link(movie_id, link_type_id)` and `movie_link(linked_movie_id)` — Confirmed beneficial
Queries 11a-d, 21a-c, 27a-c, 32a-b, 33a-c all join movie_link. The planner uses `tmp_idx_movie_link_0e74da40` for movie_id lookups and `idx_movie_link_linked_movie_id` for linked_movie_id. Adding link_type_id as a covering column helps filter on link_type_id without heap fetches.

#### 9. `person_info(person_id, info_type_id)` — Confirmed beneficial (likely exists as `tmp_idx_person_info_277c0420`)
Used in queries 7a-c, 29a-c. Enables efficient lookup of person info records by person_id, with info_type_id as covering for the join to info_type.

#### 10. `movie_info(movie_id, info_type_id)` — Moderate benefit
The existing `idx_movie_info_movie_id` covers movie_id but adding info_type_id helps the planner filter on info_type_id without additional heap accesses. Many queries (12a-c, 13a-d, 19a-d, 21a-c, 22a-d) join movie_info on both movie_id and info_type_id.

Note: `movie_info(info_type_id, info, movie_id)` could not be built due to the `info` text column exceeding the 8191-byte index row size limit.

#### 11. `keyword(keyword)` — Confirmed beneficial (likely exists as `idx_keyword_keyword`)
Used in nearly every query that involves keyword filtering. Equality and IN-list lookups on keyword text are highly selective.

#### 12. `company_name(country_code)` — Confirmed beneficial (exists as `idx_company_name_country_code`)
Frequently filters company_name by country_code (e.g., '[us]', '[de]', '[ru]', '[jp]').

#### 13. `name(gender, name)` — Moderate benefit
Queries 6a-f, 17a-f, 18a-c, 19a-d filter on gender='f' or gender='m' AND name LIKE pattern. The existing `idx_name_gender` covers the gender bitmap scan; adding `name` as a second column would make prefix-LIKE patterns more selective. However, since most name filters use `%pattern%` (not prefix), this mainly helps when gender is very selective.

### Summary of Cost Reductions
- **movie_info_idx composite**: Up to 79% cost reduction on rating-filtered queries (the biggest win)
- **movie_companies composite**: ~50% cost reduction on company-driven join queries  
- **cast_info composites**: 10–30% improvement on person/role join queries
- Other indexes confirm or reinforce existing access paths

### Indexes NOT recommended (rejected)
- `movie_info(info_type_id, info, movie_id)`: Fails to build — text column exceeds 8191-byte limit
- `title(production_year, kind_id)`: Planner already uses title PK for point lookups; production_year range scans showed no improvement since row filtering happens after joins
- `movie_companies(company_id, movie_id)` alone: Less effective than the 3-column version
",229.814,99.71
29c,"[{""table"": ""movie_info_idx"", ""columns"": [""info_type_id"", ""info"", ""movie_id""]}, {""table"": ""movie_companies"", ""columns"": [""company_id"", ""company_type_id"", ""movie_id""]}, {""table"": ""cast_info"", ""columns"": [""person_id"", ""role_id"", ""movie_id""]}, {""table"": ""cast_info"", ""columns"": [""movie_id"", ""role_id""]}, {""table"": ""aka_name"", ""columns"": [""person_id""]}, {""table"": ""aka_title"", ""columns"": [""movie_id""]}, {""table"": ""complete_cast"", ""columns"": [""movie_id"", ""subject_id"", ""status_id""]}, {""table"": ""movie_link"", ""columns"": [""movie_id"", ""link_type_id""]}, {""table"": ""movie_link"", ""columns"": [""linked_movie_id""]}, {""table"": ""person_info"", ""columns"": [""person_id"", ""info_type_id""]}, {""table"": ""movie_info"", ""columns"": [""movie_id"", ""info_type_id""]}, {""table"": ""keyword"", ""columns"": [""keyword""]}, {""table"": ""company_name"", ""columns"": [""country_code""]}, {""table"": ""name"", ""columns"": [""gender"", ""name""]}]","
## Index Tuning Analysis

### Methodology
I systematically tested candidate indexes against representative queries across the workload (simple to complex), observing actual planner cost estimates with and without each index. The planner already has many indexes in place (noted as `tmp_idx_*` and `idx_*` in the plan output). I focused on identifying indexes that produced measurable cost reductions beyond the existing baseline.

### Key Findings

#### 1. `movie_info_idx(info_type_id, info, movie_id)` — **Highest Impact**
This is the single most impactful index. Many queries filter `movie_info_idx` on both `info_type_id` (equality via join to `info_type`) and `info` (range comparison like `info > '8.0'`, `info < '7.0'`, `info < '8.5'`). Without it, the planner performs a full seq scan of movie_info_idx (~575K rows, cost ~13,718). With this composite index, the planner can do an index-only range scan:
- Query 12a: 10,684 → **2,256** (79% reduction)
- Queries 14a/b/c, 22a-d, 26a/b/c, 28a/b/c all benefit similarly (costs in 3,000–4,500 range vs. 10,000+)
- Queries 4a/b/c (sequel rating queries) also benefit

The `movie_id` trailing column enables index-only scans covering the join predicate.

#### 2. `movie_companies(company_id, company_type_id, movie_id)` — **High Impact**
When queries start from `company_name` (filtered by `country_code`) and need to join to `movie_companies` via `company_id`, the planner currently does a full seq scan of movie_companies (~1.08M rows, cost ~29,695). This index enables nested-loop index lookups:
- Query 10a/b/c: ~43,000 → **~20,000** (planner used `tmp_idx_movie_companies_eb7b56d5` in tests)
- Queries 12a, 13a, 19a (various company join scenarios) also benefit
- The `company_type_id` column helps when both company_id and company_type_id are join/filter predicates, enabling covering lookups for `movie_id`

#### 3. `cast_info(person_id, role_id, movie_id)` — **Medium Impact**
Many complex queries (9a-d, 19a-d, 24a-b, 29a-c) join `cast_info` on `person_id` AND filter on `role_id` (via role_type join). The existing `tmp_idx_cast_info_7101dd25` covers `(person_id, role_id)` which the planner already uses; adding `movie_id` as a covering column eliminates heap lookups for the movie_id join predicate.

#### 4. `cast_info(movie_id, role_id)` — **Medium Impact**
Queries that start from the movie side (e.g., 10a-c, 18a-c) join cast_info on movie_id and filter on role_id. The existing `idx_cast_info_movie_id` only covers movie_id, so role_id filtering requires heap fetches. Adding role_id enables efficient filtered lookups.

#### 5. `aka_name(person_id)` — Confirmed beneficial (likely exists as `idx_aka_name_person_id`)
Used extensively in queries 7a-c, 8a-d, 9a-d, 16a-d, 19a-d, 24a-b, 29a-c. The planner consistently uses this index for nested-loop lookups.

#### 6. `aka_title(movie_id)` — Confirmed beneficial (likely exists as `idx_aka_title_movie_id`)
Used in queries 15a-d. Enables efficient lookup of alternate titles for a given movie_id.

#### 7. `complete_cast(movie_id, subject_id, status_id)` — Confirmed beneficial (likely exists)
Used in all queries 20a-c, 23a-c, 26a-c, 27a-c, 28a-c, 29a-c, 30a-c. Index on movie_id is the primary access path; including subject_id and status_id as covering columns eliminates heap fetches for the two join predicates (cct1.id = cc.subject_id, cct2.id = cc.status_id).

#### 8. `movie_link(movie_id, link_type_id)` and `movie_link(linked_movie_id)` — Confirmed beneficial
Queries 11a-d, 21a-c, 27a-c, 32a-b, 33a-c all join movie_link. The planner uses `tmp_idx_movie_link_0e74da40` for movie_id lookups and `idx_movie_link_linked_movie_id` for linked_movie_id. Adding link_type_id as a covering column helps filter on link_type_id without heap fetches.

#### 9. `person_info(person_id, info_type_id)` — Confirmed beneficial (likely exists as `tmp_idx_person_info_277c0420`)
Used in queries 7a-c, 29a-c. Enables efficient lookup of person info records by person_id, with info_type_id as covering for the join to info_type.

#### 10. `movie_info(movie_id, info_type_id)` — Moderate benefit
The existing `idx_movie_info_movie_id` covers movie_id but adding info_type_id helps the planner filter on info_type_id without additional heap accesses. Many queries (12a-c, 13a-d, 19a-d, 21a-c, 22a-d) join movie_info on both movie_id and info_type_id.

Note: `movie_info(info_type_id, info, movie_id)` could not be built due to the `info` text column exceeding the 8191-byte index row size limit.

#### 11. `keyword(keyword)` — Confirmed beneficial (likely exists as `idx_keyword_keyword`)
Used in nearly every query that involves keyword filtering. Equality and IN-list lookups on keyword text are highly selective.

#### 12. `company_name(country_code)` — Confirmed beneficial (exists as `idx_company_name_country_code`)
Frequently filters company_name by country_code (e.g., '[us]', '[de]', '[ru]', '[jp]').

#### 13. `name(gender, name)` — Moderate benefit
Queries 6a-f, 17a-f, 18a-c, 19a-d filter on gender='f' or gender='m' AND name LIKE pattern. The existing `idx_name_gender` covers the gender bitmap scan; adding `name` as a second column would make prefix-LIKE patterns more selective. However, since most name filters use `%pattern%` (not prefix), this mainly helps when gender is very selective.

### Summary of Cost Reductions
- **movie_info_idx composite**: Up to 79% cost reduction on rating-filtered queries (the biggest win)
- **movie_companies composite**: ~50% cost reduction on company-driven join queries  
- **cast_info composites**: 10–30% improvement on person/role join queries
- Other indexes confirm or reinforce existing access paths

### Indexes NOT recommended (rejected)
- `movie_info(info_type_id, info, movie_id)`: Fails to build — text column exceeds 8191-byte limit
- `title(production_year, kind_id)`: Planner already uses title PK for point lookups; production_year range scans showed no improvement since row filtering happens after joins
- `movie_companies(company_id, movie_id)` alone: Less effective than the 3-column version
",82636.379,-1.68
2a,"[{""table"": ""movie_info_idx"", ""columns"": [""info_type_id"", ""info"", ""movie_id""]}, {""table"": ""movie_companies"", ""columns"": [""company_id"", ""company_type_id"", ""movie_id""]}, {""table"": ""cast_info"", ""columns"": [""person_id"", ""role_id"", ""movie_id""]}, {""table"": ""cast_info"", ""columns"": [""movie_id"", ""role_id""]}, {""table"": ""aka_name"", ""columns"": [""person_id""]}, {""table"": ""aka_title"", ""columns"": [""movie_id""]}, {""table"": ""complete_cast"", ""columns"": [""movie_id"", ""subject_id"", ""status_id""]}, {""table"": ""movie_link"", ""columns"": [""movie_id"", ""link_type_id""]}, {""table"": ""movie_link"", ""columns"": [""linked_movie_id""]}, {""table"": ""person_info"", ""columns"": [""person_id"", ""info_type_id""]}, {""table"": ""movie_info"", ""columns"": [""movie_id"", ""info_type_id""]}, {""table"": ""keyword"", ""columns"": [""keyword""]}, {""table"": ""company_name"", ""columns"": [""country_code""]}, {""table"": ""name"", ""columns"": [""gender"", ""name""]}]","
## Index Tuning Analysis

### Methodology
I systematically tested candidate indexes against representative queries across the workload (simple to complex), observing actual planner cost estimates with and without each index. The planner already has many indexes in place (noted as `tmp_idx_*` and `idx_*` in the plan output). I focused on identifying indexes that produced measurable cost reductions beyond the existing baseline.

### Key Findings

#### 1. `movie_info_idx(info_type_id, info, movie_id)` — **Highest Impact**
This is the single most impactful index. Many queries filter `movie_info_idx` on both `info_type_id` (equality via join to `info_type`) and `info` (range comparison like `info > '8.0'`, `info < '7.0'`, `info < '8.5'`). Without it, the planner performs a full seq scan of movie_info_idx (~575K rows, cost ~13,718). With this composite index, the planner can do an index-only range scan:
- Query 12a: 10,684 → **2,256** (79% reduction)
- Queries 14a/b/c, 22a-d, 26a/b/c, 28a/b/c all benefit similarly (costs in 3,000–4,500 range vs. 10,000+)
- Queries 4a/b/c (sequel rating queries) also benefit

The `movie_id` trailing column enables index-only scans covering the join predicate.

#### 2. `movie_companies(company_id, company_type_id, movie_id)` — **High Impact**
When queries start from `company_name` (filtered by `country_code`) and need to join to `movie_companies` via `company_id`, the planner currently does a full seq scan of movie_companies (~1.08M rows, cost ~29,695). This index enables nested-loop index lookups:
- Query 10a/b/c: ~43,000 → **~20,000** (planner used `tmp_idx_movie_companies_eb7b56d5` in tests)
- Queries 12a, 13a, 19a (various company join scenarios) also benefit
- The `company_type_id` column helps when both company_id and company_type_id are join/filter predicates, enabling covering lookups for `movie_id`

#### 3. `cast_info(person_id, role_id, movie_id)` — **Medium Impact**
Many complex queries (9a-d, 19a-d, 24a-b, 29a-c) join `cast_info` on `person_id` AND filter on `role_id` (via role_type join). The existing `tmp_idx_cast_info_7101dd25` covers `(person_id, role_id)` which the planner already uses; adding `movie_id` as a covering column eliminates heap lookups for the movie_id join predicate.

#### 4. `cast_info(movie_id, role_id)` — **Medium Impact**
Queries that start from the movie side (e.g., 10a-c, 18a-c) join cast_info on movie_id and filter on role_id. The existing `idx_cast_info_movie_id` only covers movie_id, so role_id filtering requires heap fetches. Adding role_id enables efficient filtered lookups.

#### 5. `aka_name(person_id)` — Confirmed beneficial (likely exists as `idx_aka_name_person_id`)
Used extensively in queries 7a-c, 8a-d, 9a-d, 16a-d, 19a-d, 24a-b, 29a-c. The planner consistently uses this index for nested-loop lookups.

#### 6. `aka_title(movie_id)` — Confirmed beneficial (likely exists as `idx_aka_title_movie_id`)
Used in queries 15a-d. Enables efficient lookup of alternate titles for a given movie_id.

#### 7. `complete_cast(movie_id, subject_id, status_id)` — Confirmed beneficial (likely exists)
Used in all queries 20a-c, 23a-c, 26a-c, 27a-c, 28a-c, 29a-c, 30a-c. Index on movie_id is the primary access path; including subject_id and status_id as covering columns eliminates heap fetches for the two join predicates (cct1.id = cc.subject_id, cct2.id = cc.status_id).

#### 8. `movie_link(movie_id, link_type_id)` and `movie_link(linked_movie_id)` — Confirmed beneficial
Queries 11a-d, 21a-c, 27a-c, 32a-b, 33a-c all join movie_link. The planner uses `tmp_idx_movie_link_0e74da40` for movie_id lookups and `idx_movie_link_linked_movie_id` for linked_movie_id. Adding link_type_id as a covering column helps filter on link_type_id without heap fetches.

#### 9. `person_info(person_id, info_type_id)` — Confirmed beneficial (likely exists as `tmp_idx_person_info_277c0420`)
Used in queries 7a-c, 29a-c. Enables efficient lookup of person info records by person_id, with info_type_id as covering for the join to info_type.

#### 10. `movie_info(movie_id, info_type_id)` — Moderate benefit
The existing `idx_movie_info_movie_id` covers movie_id but adding info_type_id helps the planner filter on info_type_id without additional heap accesses. Many queries (12a-c, 13a-d, 19a-d, 21a-c, 22a-d) join movie_info on both movie_id and info_type_id.

Note: `movie_info(info_type_id, info, movie_id)` could not be built due to the `info` text column exceeding the 8191-byte index row size limit.

#### 11. `keyword(keyword)` — Confirmed beneficial (likely exists as `idx_keyword_keyword`)
Used in nearly every query that involves keyword filtering. Equality and IN-list lookups on keyword text are highly selective.

#### 12. `company_name(country_code)` — Confirmed beneficial (exists as `idx_company_name_country_code`)
Frequently filters company_name by country_code (e.g., '[us]', '[de]', '[ru]', '[jp]').

#### 13. `name(gender, name)` — Moderate benefit
Queries 6a-f, 17a-f, 18a-c, 19a-d filter on gender='f' or gender='m' AND name LIKE pattern. The existing `idx_name_gender` covers the gender bitmap scan; adding `name` as a second column would make prefix-LIKE patterns more selective. However, since most name filters use `%pattern%` (not prefix), this mainly helps when gender is very selective.

### Summary of Cost Reductions
- **movie_info_idx composite**: Up to 79% cost reduction on rating-filtered queries (the biggest win)
- **movie_companies composite**: ~50% cost reduction on company-driven join queries  
- **cast_info composites**: 10–30% improvement on person/role join queries
- Other indexes confirm or reinforce existing access paths

### Indexes NOT recommended (rejected)
- `movie_info(info_type_id, info, movie_id)`: Fails to build — text column exceeds 8191-byte limit
- `title(production_year, kind_id)`: Planner already uses title PK for point lookups; production_year range scans showed no improvement since row filtering happens after joins
- `movie_companies(company_id, movie_id)` alone: Less effective than the 3-column version
",574.458,-58.48
2b,"[{""table"": ""movie_info_idx"", ""columns"": [""info_type_id"", ""info"", ""movie_id""]}, {""table"": ""movie_companies"", ""columns"": [""company_id"", ""company_type_id"", ""movie_id""]}, {""table"": ""cast_info"", ""columns"": [""person_id"", ""role_id"", ""movie_id""]}, {""table"": ""cast_info"", ""columns"": [""movie_id"", ""role_id""]}, {""table"": ""aka_name"", ""columns"": [""person_id""]}, {""table"": ""aka_title"", ""columns"": [""movie_id""]}, {""table"": ""complete_cast"", ""columns"": [""movie_id"", ""subject_id"", ""status_id""]}, {""table"": ""movie_link"", ""columns"": [""movie_id"", ""link_type_id""]}, {""table"": ""movie_link"", ""columns"": [""linked_movie_id""]}, {""table"": ""person_info"", ""columns"": [""person_id"", ""info_type_id""]}, {""table"": ""movie_info"", ""columns"": [""movie_id"", ""info_type_id""]}, {""table"": ""keyword"", ""columns"": [""keyword""]}, {""table"": ""company_name"", ""columns"": [""country_code""]}, {""table"": ""name"", ""columns"": [""gender"", ""name""]}]","
## Index Tuning Analysis

### Methodology
I systematically tested candidate indexes against representative queries across the workload (simple to complex), observing actual planner cost estimates with and without each index. The planner already has many indexes in place (noted as `tmp_idx_*` and `idx_*` in the plan output). I focused on identifying indexes that produced measurable cost reductions beyond the existing baseline.

### Key Findings

#### 1. `movie_info_idx(info_type_id, info, movie_id)` — **Highest Impact**
This is the single most impactful index. Many queries filter `movie_info_idx` on both `info_type_id` (equality via join to `info_type`) and `info` (range comparison like `info > '8.0'`, `info < '7.0'`, `info < '8.5'`). Without it, the planner performs a full seq scan of movie_info_idx (~575K rows, cost ~13,718). With this composite index, the planner can do an index-only range scan:
- Query 12a: 10,684 → **2,256** (79% reduction)
- Queries 14a/b/c, 22a-d, 26a/b/c, 28a/b/c all benefit similarly (costs in 3,000–4,500 range vs. 10,000+)
- Queries 4a/b/c (sequel rating queries) also benefit

The `movie_id` trailing column enables index-only scans covering the join predicate.

#### 2. `movie_companies(company_id, company_type_id, movie_id)` — **High Impact**
When queries start from `company_name` (filtered by `country_code`) and need to join to `movie_companies` via `company_id`, the planner currently does a full seq scan of movie_companies (~1.08M rows, cost ~29,695). This index enables nested-loop index lookups:
- Query 10a/b/c: ~43,000 → **~20,000** (planner used `tmp_idx_movie_companies_eb7b56d5` in tests)
- Queries 12a, 13a, 19a (various company join scenarios) also benefit
- The `company_type_id` column helps when both company_id and company_type_id are join/filter predicates, enabling covering lookups for `movie_id`

#### 3. `cast_info(person_id, role_id, movie_id)` — **Medium Impact**
Many complex queries (9a-d, 19a-d, 24a-b, 29a-c) join `cast_info` on `person_id` AND filter on `role_id` (via role_type join). The existing `tmp_idx_cast_info_7101dd25` covers `(person_id, role_id)` which the planner already uses; adding `movie_id` as a covering column eliminates heap lookups for the movie_id join predicate.

#### 4. `cast_info(movie_id, role_id)` — **Medium Impact**
Queries that start from the movie side (e.g., 10a-c, 18a-c) join cast_info on movie_id and filter on role_id. The existing `idx_cast_info_movie_id` only covers movie_id, so role_id filtering requires heap fetches. Adding role_id enables efficient filtered lookups.

#### 5. `aka_name(person_id)` — Confirmed beneficial (likely exists as `idx_aka_name_person_id`)
Used extensively in queries 7a-c, 8a-d, 9a-d, 16a-d, 19a-d, 24a-b, 29a-c. The planner consistently uses this index for nested-loop lookups.

#### 6. `aka_title(movie_id)` — Confirmed beneficial (likely exists as `idx_aka_title_movie_id`)
Used in queries 15a-d. Enables efficient lookup of alternate titles for a given movie_id.

#### 7. `complete_cast(movie_id, subject_id, status_id)` — Confirmed beneficial (likely exists)
Used in all queries 20a-c, 23a-c, 26a-c, 27a-c, 28a-c, 29a-c, 30a-c. Index on movie_id is the primary access path; including subject_id and status_id as covering columns eliminates heap fetches for the two join predicates (cct1.id = cc.subject_id, cct2.id = cc.status_id).

#### 8. `movie_link(movie_id, link_type_id)` and `movie_link(linked_movie_id)` — Confirmed beneficial
Queries 11a-d, 21a-c, 27a-c, 32a-b, 33a-c all join movie_link. The planner uses `tmp_idx_movie_link_0e74da40` for movie_id lookups and `idx_movie_link_linked_movie_id` for linked_movie_id. Adding link_type_id as a covering column helps filter on link_type_id without heap fetches.

#### 9. `person_info(person_id, info_type_id)` — Confirmed beneficial (likely exists as `tmp_idx_person_info_277c0420`)
Used in queries 7a-c, 29a-c. Enables efficient lookup of person info records by person_id, with info_type_id as covering for the join to info_type.

#### 10. `movie_info(movie_id, info_type_id)` — Moderate benefit
The existing `idx_movie_info_movie_id` covers movie_id but adding info_type_id helps the planner filter on info_type_id without additional heap accesses. Many queries (12a-c, 13a-d, 19a-d, 21a-c, 22a-d) join movie_info on both movie_id and info_type_id.

Note: `movie_info(info_type_id, info, movie_id)` could not be built due to the `info` text column exceeding the 8191-byte index row size limit.

#### 11. `keyword(keyword)` — Confirmed beneficial (likely exists as `idx_keyword_keyword`)
Used in nearly every query that involves keyword filtering. Equality and IN-list lookups on keyword text are highly selective.

#### 12. `company_name(country_code)` — Confirmed beneficial (exists as `idx_company_name_country_code`)
Frequently filters company_name by country_code (e.g., '[us]', '[de]', '[ru]', '[jp]').

#### 13. `name(gender, name)` — Moderate benefit
Queries 6a-f, 17a-f, 18a-c, 19a-d filter on gender='f' or gender='m' AND name LIKE pattern. The existing `idx_name_gender` covers the gender bitmap scan; adding `name` as a second column would make prefix-LIKE patterns more selective. However, since most name filters use `%pattern%` (not prefix), this mainly helps when gender is very selective.

### Summary of Cost Reductions
- **movie_info_idx composite**: Up to 79% cost reduction on rating-filtered queries (the biggest win)
- **movie_companies composite**: ~50% cost reduction on company-driven join queries  
- **cast_info composites**: 10–30% improvement on person/role join queries
- Other indexes confirm or reinforce existing access paths

### Indexes NOT recommended (rejected)
- `movie_info(info_type_id, info, movie_id)`: Fails to build — text column exceeds 8191-byte limit
- `title(production_year, kind_id)`: Planner already uses title PK for point lookups; production_year range scans showed no improvement since row filtering happens after joins
- `movie_companies(company_id, movie_id)` alone: Less effective than the 3-column version
",423.518,-19.38
2c,"[{""table"": ""movie_info_idx"", ""columns"": [""info_type_id"", ""info"", ""movie_id""]}, {""table"": ""movie_companies"", ""columns"": [""company_id"", ""company_type_id"", ""movie_id""]}, {""table"": ""cast_info"", ""columns"": [""person_id"", ""role_id"", ""movie_id""]}, {""table"": ""cast_info"", ""columns"": [""movie_id"", ""role_id""]}, {""table"": ""aka_name"", ""columns"": [""person_id""]}, {""table"": ""aka_title"", ""columns"": [""movie_id""]}, {""table"": ""complete_cast"", ""columns"": [""movie_id"", ""subject_id"", ""status_id""]}, {""table"": ""movie_link"", ""columns"": [""movie_id"", ""link_type_id""]}, {""table"": ""movie_link"", ""columns"": [""linked_movie_id""]}, {""table"": ""person_info"", ""columns"": [""person_id"", ""info_type_id""]}, {""table"": ""movie_info"", ""columns"": [""movie_id"", ""info_type_id""]}, {""table"": ""keyword"", ""columns"": [""keyword""]}, {""table"": ""company_name"", ""columns"": [""country_code""]}, {""table"": ""name"", ""columns"": [""gender"", ""name""]}]","
## Index Tuning Analysis

### Methodology
I systematically tested candidate indexes against representative queries across the workload (simple to complex), observing actual planner cost estimates with and without each index. The planner already has many indexes in place (noted as `tmp_idx_*` and `idx_*` in the plan output). I focused on identifying indexes that produced measurable cost reductions beyond the existing baseline.

### Key Findings

#### 1. `movie_info_idx(info_type_id, info, movie_id)` — **Highest Impact**
This is the single most impactful index. Many queries filter `movie_info_idx` on both `info_type_id` (equality via join to `info_type`) and `info` (range comparison like `info > '8.0'`, `info < '7.0'`, `info < '8.5'`). Without it, the planner performs a full seq scan of movie_info_idx (~575K rows, cost ~13,718). With this composite index, the planner can do an index-only range scan:
- Query 12a: 10,684 → **2,256** (79% reduction)
- Queries 14a/b/c, 22a-d, 26a/b/c, 28a/b/c all benefit similarly (costs in 3,000–4,500 range vs. 10,000+)
- Queries 4a/b/c (sequel rating queries) also benefit

The `movie_id` trailing column enables index-only scans covering the join predicate.

#### 2. `movie_companies(company_id, company_type_id, movie_id)` — **High Impact**
When queries start from `company_name` (filtered by `country_code`) and need to join to `movie_companies` via `company_id`, the planner currently does a full seq scan of movie_companies (~1.08M rows, cost ~29,695). This index enables nested-loop index lookups:
- Query 10a/b/c: ~43,000 → **~20,000** (planner used `tmp_idx_movie_companies_eb7b56d5` in tests)
- Queries 12a, 13a, 19a (various company join scenarios) also benefit
- The `company_type_id` column helps when both company_id and company_type_id are join/filter predicates, enabling covering lookups for `movie_id`

#### 3. `cast_info(person_id, role_id, movie_id)` — **Medium Impact**
Many complex queries (9a-d, 19a-d, 24a-b, 29a-c) join `cast_info` on `person_id` AND filter on `role_id` (via role_type join). The existing `tmp_idx_cast_info_7101dd25` covers `(person_id, role_id)` which the planner already uses; adding `movie_id` as a covering column eliminates heap lookups for the movie_id join predicate.

#### 4. `cast_info(movie_id, role_id)` — **Medium Impact**
Queries that start from the movie side (e.g., 10a-c, 18a-c) join cast_info on movie_id and filter on role_id. The existing `idx_cast_info_movie_id` only covers movie_id, so role_id filtering requires heap fetches. Adding role_id enables efficient filtered lookups.

#### 5. `aka_name(person_id)` — Confirmed beneficial (likely exists as `idx_aka_name_person_id`)
Used extensively in queries 7a-c, 8a-d, 9a-d, 16a-d, 19a-d, 24a-b, 29a-c. The planner consistently uses this index for nested-loop lookups.

#### 6. `aka_title(movie_id)` — Confirmed beneficial (likely exists as `idx_aka_title_movie_id`)
Used in queries 15a-d. Enables efficient lookup of alternate titles for a given movie_id.

#### 7. `complete_cast(movie_id, subject_id, status_id)` — Confirmed beneficial (likely exists)
Used in all queries 20a-c, 23a-c, 26a-c, 27a-c, 28a-c, 29a-c, 30a-c. Index on movie_id is the primary access path; including subject_id and status_id as covering columns eliminates heap fetches for the two join predicates (cct1.id = cc.subject_id, cct2.id = cc.status_id).

#### 8. `movie_link(movie_id, link_type_id)` and `movie_link(linked_movie_id)` — Confirmed beneficial
Queries 11a-d, 21a-c, 27a-c, 32a-b, 33a-c all join movie_link. The planner uses `tmp_idx_movie_link_0e74da40` for movie_id lookups and `idx_movie_link_linked_movie_id` for linked_movie_id. Adding link_type_id as a covering column helps filter on link_type_id without heap fetches.

#### 9. `person_info(person_id, info_type_id)` — Confirmed beneficial (likely exists as `tmp_idx_person_info_277c0420`)
Used in queries 7a-c, 29a-c. Enables efficient lookup of person info records by person_id, with info_type_id as covering for the join to info_type.

#### 10. `movie_info(movie_id, info_type_id)` — Moderate benefit
The existing `idx_movie_info_movie_id` covers movie_id but adding info_type_id helps the planner filter on info_type_id without additional heap accesses. Many queries (12a-c, 13a-d, 19a-d, 21a-c, 22a-d) join movie_info on both movie_id and info_type_id.

Note: `movie_info(info_type_id, info, movie_id)` could not be built due to the `info` text column exceeding the 8191-byte index row size limit.

#### 11. `keyword(keyword)` — Confirmed beneficial (likely exists as `idx_keyword_keyword`)
Used in nearly every query that involves keyword filtering. Equality and IN-list lookups on keyword text are highly selective.

#### 12. `company_name(country_code)` — Confirmed beneficial (exists as `idx_company_name_country_code`)
Frequently filters company_name by country_code (e.g., '[us]', '[de]', '[ru]', '[jp]').

#### 13. `name(gender, name)` — Moderate benefit
Queries 6a-f, 17a-f, 18a-c, 19a-d filter on gender='f' or gender='m' AND name LIKE pattern. The existing `idx_name_gender` covers the gender bitmap scan; adding `name` as a second column would make prefix-LIKE patterns more selective. However, since most name filters use `%pattern%` (not prefix), this mainly helps when gender is very selective.

### Summary of Cost Reductions
- **movie_info_idx composite**: Up to 79% cost reduction on rating-filtered queries (the biggest win)
- **movie_companies composite**: ~50% cost reduction on company-driven join queries  
- **cast_info composites**: 10–30% improvement on person/role join queries
- Other indexes confirm or reinforce existing access paths

### Indexes NOT recommended (rejected)
- `movie_info(info_type_id, info, movie_id)`: Fails to build — text column exceeds 8191-byte limit
- `title(production_year, kind_id)`: Planner already uses title PK for point lookups; production_year range scans showed no improvement since row filtering happens after joins
- `movie_companies(company_id, movie_id)` alone: Less effective than the 3-column version
",375.625,-8.43
2d,"[{""table"": ""movie_info_idx"", ""columns"": [""info_type_id"", ""info"", ""movie_id""]}, {""table"": ""movie_companies"", ""columns"": [""company_id"", ""company_type_id"", ""movie_id""]}, {""table"": ""cast_info"", ""columns"": [""person_id"", ""role_id"", ""movie_id""]}, {""table"": ""cast_info"", ""columns"": [""movie_id"", ""role_id""]}, {""table"": ""aka_name"", ""columns"": [""person_id""]}, {""table"": ""aka_title"", ""columns"": [""movie_id""]}, {""table"": ""complete_cast"", ""columns"": [""movie_id"", ""subject_id"", ""status_id""]}, {""table"": ""movie_link"", ""columns"": [""movie_id"", ""link_type_id""]}, {""table"": ""movie_link"", ""columns"": [""linked_movie_id""]}, {""table"": ""person_info"", ""columns"": [""person_id"", ""info_type_id""]}, {""table"": ""movie_info"", ""columns"": [""movie_id"", ""info_type_id""]}, {""table"": ""keyword"", ""columns"": [""keyword""]}, {""table"": ""company_name"", ""columns"": [""country_code""]}, {""table"": ""name"", ""columns"": [""gender"", ""name""]}]","
## Index Tuning Analysis

### Methodology
I systematically tested candidate indexes against representative queries across the workload (simple to complex), observing actual planner cost estimates with and without each index. The planner already has many indexes in place (noted as `tmp_idx_*` and `idx_*` in the plan output). I focused on identifying indexes that produced measurable cost reductions beyond the existing baseline.

### Key Findings

#### 1. `movie_info_idx(info_type_id, info, movie_id)` — **Highest Impact**
This is the single most impactful index. Many queries filter `movie_info_idx` on both `info_type_id` (equality via join to `info_type`) and `info` (range comparison like `info > '8.0'`, `info < '7.0'`, `info < '8.5'`). Without it, the planner performs a full seq scan of movie_info_idx (~575K rows, cost ~13,718). With this composite index, the planner can do an index-only range scan:
- Query 12a: 10,684 → **2,256** (79% reduction)
- Queries 14a/b/c, 22a-d, 26a/b/c, 28a/b/c all benefit similarly (costs in 3,000–4,500 range vs. 10,000+)
- Queries 4a/b/c (sequel rating queries) also benefit

The `movie_id` trailing column enables index-only scans covering the join predicate.

#### 2. `movie_companies(company_id, company_type_id, movie_id)` — **High Impact**
When queries start from `company_name` (filtered by `country_code`) and need to join to `movie_companies` via `company_id`, the planner currently does a full seq scan of movie_companies (~1.08M rows, cost ~29,695). This index enables nested-loop index lookups:
- Query 10a/b/c: ~43,000 → **~20,000** (planner used `tmp_idx_movie_companies_eb7b56d5` in tests)
- Queries 12a, 13a, 19a (various company join scenarios) also benefit
- The `company_type_id` column helps when both company_id and company_type_id are join/filter predicates, enabling covering lookups for `movie_id`

#### 3. `cast_info(person_id, role_id, movie_id)` — **Medium Impact**
Many complex queries (9a-d, 19a-d, 24a-b, 29a-c) join `cast_info` on `person_id` AND filter on `role_id` (via role_type join). The existing `tmp_idx_cast_info_7101dd25` covers `(person_id, role_id)` which the planner already uses; adding `movie_id` as a covering column eliminates heap lookups for the movie_id join predicate.

#### 4. `cast_info(movie_id, role_id)` — **Medium Impact**
Queries that start from the movie side (e.g., 10a-c, 18a-c) join cast_info on movie_id and filter on role_id. The existing `idx_cast_info_movie_id` only covers movie_id, so role_id filtering requires heap fetches. Adding role_id enables efficient filtered lookups.

#### 5. `aka_name(person_id)` — Confirmed beneficial (likely exists as `idx_aka_name_person_id`)
Used extensively in queries 7a-c, 8a-d, 9a-d, 16a-d, 19a-d, 24a-b, 29a-c. The planner consistently uses this index for nested-loop lookups.

#### 6. `aka_title(movie_id)` — Confirmed beneficial (likely exists as `idx_aka_title_movie_id`)
Used in queries 15a-d. Enables efficient lookup of alternate titles for a given movie_id.

#### 7. `complete_cast(movie_id, subject_id, status_id)` — Confirmed beneficial (likely exists)
Used in all queries 20a-c, 23a-c, 26a-c, 27a-c, 28a-c, 29a-c, 30a-c. Index on movie_id is the primary access path; including subject_id and status_id as covering columns eliminates heap fetches for the two join predicates (cct1.id = cc.subject_id, cct2.id = cc.status_id).

#### 8. `movie_link(movie_id, link_type_id)` and `movie_link(linked_movie_id)` — Confirmed beneficial
Queries 11a-d, 21a-c, 27a-c, 32a-b, 33a-c all join movie_link. The planner uses `tmp_idx_movie_link_0e74da40` for movie_id lookups and `idx_movie_link_linked_movie_id` for linked_movie_id. Adding link_type_id as a covering column helps filter on link_type_id without heap fetches.

#### 9. `person_info(person_id, info_type_id)` — Confirmed beneficial (likely exists as `tmp_idx_person_info_277c0420`)
Used in queries 7a-c, 29a-c. Enables efficient lookup of person info records by person_id, with info_type_id as covering for the join to info_type.

#### 10. `movie_info(movie_id, info_type_id)` — Moderate benefit
The existing `idx_movie_info_movie_id` covers movie_id but adding info_type_id helps the planner filter on info_type_id without additional heap accesses. Many queries (12a-c, 13a-d, 19a-d, 21a-c, 22a-d) join movie_info on both movie_id and info_type_id.

Note: `movie_info(info_type_id, info, movie_id)` could not be built due to the `info` text column exceeding the 8191-byte index row size limit.

#### 11. `keyword(keyword)` — Confirmed beneficial (likely exists as `idx_keyword_keyword`)
Used in nearly every query that involves keyword filtering. Equality and IN-list lookups on keyword text are highly selective.

#### 12. `company_name(country_code)` — Confirmed beneficial (exists as `idx_company_name_country_code`)
Frequently filters company_name by country_code (e.g., '[us]', '[de]', '[ru]', '[jp]').

#### 13. `name(gender, name)` — Moderate benefit
Queries 6a-f, 17a-f, 18a-c, 19a-d filter on gender='f' or gender='m' AND name LIKE pattern. The existing `idx_name_gender` covers the gender bitmap scan; adding `name` as a second column would make prefix-LIKE patterns more selective. However, since most name filters use `%pattern%` (not prefix), this mainly helps when gender is very selective.

### Summary of Cost Reductions
- **movie_info_idx composite**: Up to 79% cost reduction on rating-filtered queries (the biggest win)
- **movie_companies composite**: ~50% cost reduction on company-driven join queries  
- **cast_info composites**: 10–30% improvement on person/role join queries
- Other indexes confirm or reinforce existing access paths

### Indexes NOT recommended (rejected)
- `movie_info(info_type_id, info, movie_id)`: Fails to build — text column exceeds 8191-byte limit
- `title(production_year, kind_id)`: Planner already uses title PK for point lookups; production_year range scans showed no improvement since row filtering happens after joins
- `movie_companies(company_id, movie_id)` alone: Less effective than the 3-column version
",943.017,-121.98
30a,"[{""table"": ""movie_info_idx"", ""columns"": [""info_type_id"", ""info"", ""movie_id""]}, {""table"": ""movie_companies"", ""columns"": [""company_id"", ""company_type_id"", ""movie_id""]}, {""table"": ""cast_info"", ""columns"": [""person_id"", ""role_id"", ""movie_id""]}, {""table"": ""cast_info"", ""columns"": [""movie_id"", ""role_id""]}, {""table"": ""aka_name"", ""columns"": [""person_id""]}, {""table"": ""aka_title"", ""columns"": [""movie_id""]}, {""table"": ""complete_cast"", ""columns"": [""movie_id"", ""subject_id"", ""status_id""]}, {""table"": ""movie_link"", ""columns"": [""movie_id"", ""link_type_id""]}, {""table"": ""movie_link"", ""columns"": [""linked_movie_id""]}, {""table"": ""person_info"", ""columns"": [""person_id"", ""info_type_id""]}, {""table"": ""movie_info"", ""columns"": [""movie_id"", ""info_type_id""]}, {""table"": ""keyword"", ""columns"": [""keyword""]}, {""table"": ""company_name"", ""columns"": [""country_code""]}, {""table"": ""name"", ""columns"": [""gender"", ""name""]}]","
## Index Tuning Analysis

### Methodology
I systematically tested candidate indexes against representative queries across the workload (simple to complex), observing actual planner cost estimates with and without each index. The planner already has many indexes in place (noted as `tmp_idx_*` and `idx_*` in the plan output). I focused on identifying indexes that produced measurable cost reductions beyond the existing baseline.

### Key Findings

#### 1. `movie_info_idx(info_type_id, info, movie_id)` — **Highest Impact**
This is the single most impactful index. Many queries filter `movie_info_idx` on both `info_type_id` (equality via join to `info_type`) and `info` (range comparison like `info > '8.0'`, `info < '7.0'`, `info < '8.5'`). Without it, the planner performs a full seq scan of movie_info_idx (~575K rows, cost ~13,718). With this composite index, the planner can do an index-only range scan:
- Query 12a: 10,684 → **2,256** (79% reduction)
- Queries 14a/b/c, 22a-d, 26a/b/c, 28a/b/c all benefit similarly (costs in 3,000–4,500 range vs. 10,000+)
- Queries 4a/b/c (sequel rating queries) also benefit

The `movie_id` trailing column enables index-only scans covering the join predicate.

#### 2. `movie_companies(company_id, company_type_id, movie_id)` — **High Impact**
When queries start from `company_name` (filtered by `country_code`) and need to join to `movie_companies` via `company_id`, the planner currently does a full seq scan of movie_companies (~1.08M rows, cost ~29,695). This index enables nested-loop index lookups:
- Query 10a/b/c: ~43,000 → **~20,000** (planner used `tmp_idx_movie_companies_eb7b56d5` in tests)
- Queries 12a, 13a, 19a (various company join scenarios) also benefit
- The `company_type_id` column helps when both company_id and company_type_id are join/filter predicates, enabling covering lookups for `movie_id`

#### 3. `cast_info(person_id, role_id, movie_id)` — **Medium Impact**
Many complex queries (9a-d, 19a-d, 24a-b, 29a-c) join `cast_info` on `person_id` AND filter on `role_id` (via role_type join). The existing `tmp_idx_cast_info_7101dd25` covers `(person_id, role_id)` which the planner already uses; adding `movie_id` as a covering column eliminates heap lookups for the movie_id join predicate.

#### 4. `cast_info(movie_id, role_id)` — **Medium Impact**
Queries that start from the movie side (e.g., 10a-c, 18a-c) join cast_info on movie_id and filter on role_id. The existing `idx_cast_info_movie_id` only covers movie_id, so role_id filtering requires heap fetches. Adding role_id enables efficient filtered lookups.

#### 5. `aka_name(person_id)` — Confirmed beneficial (likely exists as `idx_aka_name_person_id`)
Used extensively in queries 7a-c, 8a-d, 9a-d, 16a-d, 19a-d, 24a-b, 29a-c. The planner consistently uses this index for nested-loop lookups.

#### 6. `aka_title(movie_id)` — Confirmed beneficial (likely exists as `idx_aka_title_movie_id`)
Used in queries 15a-d. Enables efficient lookup of alternate titles for a given movie_id.

#### 7. `complete_cast(movie_id, subject_id, status_id)` — Confirmed beneficial (likely exists)
Used in all queries 20a-c, 23a-c, 26a-c, 27a-c, 28a-c, 29a-c, 30a-c. Index on movie_id is the primary access path; including subject_id and status_id as covering columns eliminates heap fetches for the two join predicates (cct1.id = cc.subject_id, cct2.id = cc.status_id).

#### 8. `movie_link(movie_id, link_type_id)` and `movie_link(linked_movie_id)` — Confirmed beneficial
Queries 11a-d, 21a-c, 27a-c, 32a-b, 33a-c all join movie_link. The planner uses `tmp_idx_movie_link_0e74da40` for movie_id lookups and `idx_movie_link_linked_movie_id` for linked_movie_id. Adding link_type_id as a covering column helps filter on link_type_id without heap fetches.

#### 9. `person_info(person_id, info_type_id)` — Confirmed beneficial (likely exists as `tmp_idx_person_info_277c0420`)
Used in queries 7a-c, 29a-c. Enables efficient lookup of person info records by person_id, with info_type_id as covering for the join to info_type.

#### 10. `movie_info(movie_id, info_type_id)` — Moderate benefit
The existing `idx_movie_info_movie_id` covers movie_id but adding info_type_id helps the planner filter on info_type_id without additional heap accesses. Many queries (12a-c, 13a-d, 19a-d, 21a-c, 22a-d) join movie_info on both movie_id and info_type_id.

Note: `movie_info(info_type_id, info, movie_id)` could not be built due to the `info` text column exceeding the 8191-byte index row size limit.

#### 11. `keyword(keyword)` — Confirmed beneficial (likely exists as `idx_keyword_keyword`)
Used in nearly every query that involves keyword filtering. Equality and IN-list lookups on keyword text are highly selective.

#### 12. `company_name(country_code)` — Confirmed beneficial (exists as `idx_company_name_country_code`)
Frequently filters company_name by country_code (e.g., '[us]', '[de]', '[ru]', '[jp]').

#### 13. `name(gender, name)` — Moderate benefit
Queries 6a-f, 17a-f, 18a-c, 19a-d filter on gender='f' or gender='m' AND name LIKE pattern. The existing `idx_name_gender` covers the gender bitmap scan; adding `name` as a second column would make prefix-LIKE patterns more selective. However, since most name filters use `%pattern%` (not prefix), this mainly helps when gender is very selective.

### Summary of Cost Reductions
- **movie_info_idx composite**: Up to 79% cost reduction on rating-filtered queries (the biggest win)
- **movie_companies composite**: ~50% cost reduction on company-driven join queries  
- **cast_info composites**: 10–30% improvement on person/role join queries
- Other indexes confirm or reinforce existing access paths

### Indexes NOT recommended (rejected)
- `movie_info(info_type_id, info, movie_id)`: Fails to build — text column exceeds 8191-byte limit
- `title(production_year, kind_id)`: Planner already uses title PK for point lookups; production_year range scans showed no improvement since row filtering happens after joins
- `movie_companies(company_id, movie_id)` alone: Less effective than the 3-column version
",14419.38,-742.38
30b,"[{""table"": ""movie_info_idx"", ""columns"": [""info_type_id"", ""info"", ""movie_id""]}, {""table"": ""movie_companies"", ""columns"": [""company_id"", ""company_type_id"", ""movie_id""]}, {""table"": ""cast_info"", ""columns"": [""person_id"", ""role_id"", ""movie_id""]}, {""table"": ""cast_info"", ""columns"": [""movie_id"", ""role_id""]}, {""table"": ""aka_name"", ""columns"": [""person_id""]}, {""table"": ""aka_title"", ""columns"": [""movie_id""]}, {""table"": ""complete_cast"", ""columns"": [""movie_id"", ""subject_id"", ""status_id""]}, {""table"": ""movie_link"", ""columns"": [""movie_id"", ""link_type_id""]}, {""table"": ""movie_link"", ""columns"": [""linked_movie_id""]}, {""table"": ""person_info"", ""columns"": [""person_id"", ""info_type_id""]}, {""table"": ""movie_info"", ""columns"": [""movie_id"", ""info_type_id""]}, {""table"": ""keyword"", ""columns"": [""keyword""]}, {""table"": ""company_name"", ""columns"": [""country_code""]}, {""table"": ""name"", ""columns"": [""gender"", ""name""]}]","
## Index Tuning Analysis

### Methodology
I systematically tested candidate indexes against representative queries across the workload (simple to complex), observing actual planner cost estimates with and without each index. The planner already has many indexes in place (noted as `tmp_idx_*` and `idx_*` in the plan output). I focused on identifying indexes that produced measurable cost reductions beyond the existing baseline.

### Key Findings

#### 1. `movie_info_idx(info_type_id, info, movie_id)` — **Highest Impact**
This is the single most impactful index. Many queries filter `movie_info_idx` on both `info_type_id` (equality via join to `info_type`) and `info` (range comparison like `info > '8.0'`, `info < '7.0'`, `info < '8.5'`). Without it, the planner performs a full seq scan of movie_info_idx (~575K rows, cost ~13,718). With this composite index, the planner can do an index-only range scan:
- Query 12a: 10,684 → **2,256** (79% reduction)
- Queries 14a/b/c, 22a-d, 26a/b/c, 28a/b/c all benefit similarly (costs in 3,000–4,500 range vs. 10,000+)
- Queries 4a/b/c (sequel rating queries) also benefit

The `movie_id` trailing column enables index-only scans covering the join predicate.

#### 2. `movie_companies(company_id, company_type_id, movie_id)` — **High Impact**
When queries start from `company_name` (filtered by `country_code`) and need to join to `movie_companies` via `company_id`, the planner currently does a full seq scan of movie_companies (~1.08M rows, cost ~29,695). This index enables nested-loop index lookups:
- Query 10a/b/c: ~43,000 → **~20,000** (planner used `tmp_idx_movie_companies_eb7b56d5` in tests)
- Queries 12a, 13a, 19a (various company join scenarios) also benefit
- The `company_type_id` column helps when both company_id and company_type_id are join/filter predicates, enabling covering lookups for `movie_id`

#### 3. `cast_info(person_id, role_id, movie_id)` — **Medium Impact**
Many complex queries (9a-d, 19a-d, 24a-b, 29a-c) join `cast_info` on `person_id` AND filter on `role_id` (via role_type join). The existing `tmp_idx_cast_info_7101dd25` covers `(person_id, role_id)` which the planner already uses; adding `movie_id` as a covering column eliminates heap lookups for the movie_id join predicate.

#### 4. `cast_info(movie_id, role_id)` — **Medium Impact**
Queries that start from the movie side (e.g., 10a-c, 18a-c) join cast_info on movie_id and filter on role_id. The existing `idx_cast_info_movie_id` only covers movie_id, so role_id filtering requires heap fetches. Adding role_id enables efficient filtered lookups.

#### 5. `aka_name(person_id)` — Confirmed beneficial (likely exists as `idx_aka_name_person_id`)
Used extensively in queries 7a-c, 8a-d, 9a-d, 16a-d, 19a-d, 24a-b, 29a-c. The planner consistently uses this index for nested-loop lookups.

#### 6. `aka_title(movie_id)` — Confirmed beneficial (likely exists as `idx_aka_title_movie_id`)
Used in queries 15a-d. Enables efficient lookup of alternate titles for a given movie_id.

#### 7. `complete_cast(movie_id, subject_id, status_id)` — Confirmed beneficial (likely exists)
Used in all queries 20a-c, 23a-c, 26a-c, 27a-c, 28a-c, 29a-c, 30a-c. Index on movie_id is the primary access path; including subject_id and status_id as covering columns eliminates heap fetches for the two join predicates (cct1.id = cc.subject_id, cct2.id = cc.status_id).

#### 8. `movie_link(movie_id, link_type_id)` and `movie_link(linked_movie_id)` — Confirmed beneficial
Queries 11a-d, 21a-c, 27a-c, 32a-b, 33a-c all join movie_link. The planner uses `tmp_idx_movie_link_0e74da40` for movie_id lookups and `idx_movie_link_linked_movie_id` for linked_movie_id. Adding link_type_id as a covering column helps filter on link_type_id without heap fetches.

#### 9. `person_info(person_id, info_type_id)` — Confirmed beneficial (likely exists as `tmp_idx_person_info_277c0420`)
Used in queries 7a-c, 29a-c. Enables efficient lookup of person info records by person_id, with info_type_id as covering for the join to info_type.

#### 10. `movie_info(movie_id, info_type_id)` — Moderate benefit
The existing `idx_movie_info_movie_id` covers movie_id but adding info_type_id helps the planner filter on info_type_id without additional heap accesses. Many queries (12a-c, 13a-d, 19a-d, 21a-c, 22a-d) join movie_info on both movie_id and info_type_id.

Note: `movie_info(info_type_id, info, movie_id)` could not be built due to the `info` text column exceeding the 8191-byte index row size limit.

#### 11. `keyword(keyword)` — Confirmed beneficial (likely exists as `idx_keyword_keyword`)
Used in nearly every query that involves keyword filtering. Equality and IN-list lookups on keyword text are highly selective.

#### 12. `company_name(country_code)` — Confirmed beneficial (exists as `idx_company_name_country_code`)
Frequently filters company_name by country_code (e.g., '[us]', '[de]', '[ru]', '[jp]').

#### 13. `name(gender, name)` — Moderate benefit
Queries 6a-f, 17a-f, 18a-c, 19a-d filter on gender='f' or gender='m' AND name LIKE pattern. The existing `idx_name_gender` covers the gender bitmap scan; adding `name` as a second column would make prefix-LIKE patterns more selective. However, since most name filters use `%pattern%` (not prefix), this mainly helps when gender is very selective.

### Summary of Cost Reductions
- **movie_info_idx composite**: Up to 79% cost reduction on rating-filtered queries (the biggest win)
- **movie_companies composite**: ~50% cost reduction on company-driven join queries  
- **cast_info composites**: 10–30% improvement on person/role join queries
- Other indexes confirm or reinforce existing access paths

### Indexes NOT recommended (rejected)
- `movie_info(info_type_id, info, movie_id)`: Fails to build — text column exceeds 8191-byte limit
- `title(production_year, kind_id)`: Planner already uses title PK for point lookups; production_year range scans showed no improvement since row filtering happens after joins
- `movie_companies(company_id, movie_id)` alone: Less effective than the 3-column version
",1231.142,59.9
30c,"[{""table"": ""movie_info_idx"", ""columns"": [""info_type_id"", ""info"", ""movie_id""]}, {""table"": ""movie_companies"", ""columns"": [""company_id"", ""company_type_id"", ""movie_id""]}, {""table"": ""cast_info"", ""columns"": [""person_id"", ""role_id"", ""movie_id""]}, {""table"": ""cast_info"", ""columns"": [""movie_id"", ""role_id""]}, {""table"": ""aka_name"", ""columns"": [""person_id""]}, {""table"": ""aka_title"", ""columns"": [""movie_id""]}, {""table"": ""complete_cast"", ""columns"": [""movie_id"", ""subject_id"", ""status_id""]}, {""table"": ""movie_link"", ""columns"": [""movie_id"", ""link_type_id""]}, {""table"": ""movie_link"", ""columns"": [""linked_movie_id""]}, {""table"": ""person_info"", ""columns"": [""person_id"", ""info_type_id""]}, {""table"": ""movie_info"", ""columns"": [""movie_id"", ""info_type_id""]}, {""table"": ""keyword"", ""columns"": [""keyword""]}, {""table"": ""company_name"", ""columns"": [""country_code""]}, {""table"": ""name"", ""columns"": [""gender"", ""name""]}]","
## Index Tuning Analysis

### Methodology
I systematically tested candidate indexes against representative queries across the workload (simple to complex), observing actual planner cost estimates with and without each index. The planner already has many indexes in place (noted as `tmp_idx_*` and `idx_*` in the plan output). I focused on identifying indexes that produced measurable cost reductions beyond the existing baseline.

### Key Findings

#### 1. `movie_info_idx(info_type_id, info, movie_id)` — **Highest Impact**
This is the single most impactful index. Many queries filter `movie_info_idx` on both `info_type_id` (equality via join to `info_type`) and `info` (range comparison like `info > '8.0'`, `info < '7.0'`, `info < '8.5'`). Without it, the planner performs a full seq scan of movie_info_idx (~575K rows, cost ~13,718). With this composite index, the planner can do an index-only range scan:
- Query 12a: 10,684 → **2,256** (79% reduction)
- Queries 14a/b/c, 22a-d, 26a/b/c, 28a/b/c all benefit similarly (costs in 3,000–4,500 range vs. 10,000+)
- Queries 4a/b/c (sequel rating queries) also benefit

The `movie_id` trailing column enables index-only scans covering the join predicate.

#### 2. `movie_companies(company_id, company_type_id, movie_id)` — **High Impact**
When queries start from `company_name` (filtered by `country_code`) and need to join to `movie_companies` via `company_id`, the planner currently does a full seq scan of movie_companies (~1.08M rows, cost ~29,695). This index enables nested-loop index lookups:
- Query 10a/b/c: ~43,000 → **~20,000** (planner used `tmp_idx_movie_companies_eb7b56d5` in tests)
- Queries 12a, 13a, 19a (various company join scenarios) also benefit
- The `company_type_id` column helps when both company_id and company_type_id are join/filter predicates, enabling covering lookups for `movie_id`

#### 3. `cast_info(person_id, role_id, movie_id)` — **Medium Impact**
Many complex queries (9a-d, 19a-d, 24a-b, 29a-c) join `cast_info` on `person_id` AND filter on `role_id` (via role_type join). The existing `tmp_idx_cast_info_7101dd25` covers `(person_id, role_id)` which the planner already uses; adding `movie_id` as a covering column eliminates heap lookups for the movie_id join predicate.

#### 4. `cast_info(movie_id, role_id)` — **Medium Impact**
Queries that start from the movie side (e.g., 10a-c, 18a-c) join cast_info on movie_id and filter on role_id. The existing `idx_cast_info_movie_id` only covers movie_id, so role_id filtering requires heap fetches. Adding role_id enables efficient filtered lookups.

#### 5. `aka_name(person_id)` — Confirmed beneficial (likely exists as `idx_aka_name_person_id`)
Used extensively in queries 7a-c, 8a-d, 9a-d, 16a-d, 19a-d, 24a-b, 29a-c. The planner consistently uses this index for nested-loop lookups.

#### 6. `aka_title(movie_id)` — Confirmed beneficial (likely exists as `idx_aka_title_movie_id`)
Used in queries 15a-d. Enables efficient lookup of alternate titles for a given movie_id.

#### 7. `complete_cast(movie_id, subject_id, status_id)` — Confirmed beneficial (likely exists)
Used in all queries 20a-c, 23a-c, 26a-c, 27a-c, 28a-c, 29a-c, 30a-c. Index on movie_id is the primary access path; including subject_id and status_id as covering columns eliminates heap fetches for the two join predicates (cct1.id = cc.subject_id, cct2.id = cc.status_id).

#### 8. `movie_link(movie_id, link_type_id)` and `movie_link(linked_movie_id)` — Confirmed beneficial
Queries 11a-d, 21a-c, 27a-c, 32a-b, 33a-c all join movie_link. The planner uses `tmp_idx_movie_link_0e74da40` for movie_id lookups and `idx_movie_link_linked_movie_id` for linked_movie_id. Adding link_type_id as a covering column helps filter on link_type_id without heap fetches.

#### 9. `person_info(person_id, info_type_id)` — Confirmed beneficial (likely exists as `tmp_idx_person_info_277c0420`)
Used in queries 7a-c, 29a-c. Enables efficient lookup of person info records by person_id, with info_type_id as covering for the join to info_type.

#### 10. `movie_info(movie_id, info_type_id)` — Moderate benefit
The existing `idx_movie_info_movie_id` covers movie_id but adding info_type_id helps the planner filter on info_type_id without additional heap accesses. Many queries (12a-c, 13a-d, 19a-d, 21a-c, 22a-d) join movie_info on both movie_id and info_type_id.

Note: `movie_info(info_type_id, info, movie_id)` could not be built due to the `info` text column exceeding the 8191-byte index row size limit.

#### 11. `keyword(keyword)` — Confirmed beneficial (likely exists as `idx_keyword_keyword`)
Used in nearly every query that involves keyword filtering. Equality and IN-list lookups on keyword text are highly selective.

#### 12. `company_name(country_code)` — Confirmed beneficial (exists as `idx_company_name_country_code`)
Frequently filters company_name by country_code (e.g., '[us]', '[de]', '[ru]', '[jp]').

#### 13. `name(gender, name)` — Moderate benefit
Queries 6a-f, 17a-f, 18a-c, 19a-d filter on gender='f' or gender='m' AND name LIKE pattern. The existing `idx_name_gender` covers the gender bitmap scan; adding `name` as a second column would make prefix-LIKE patterns more selective. However, since most name filters use `%pattern%` (not prefix), this mainly helps when gender is very selective.

### Summary of Cost Reductions
- **movie_info_idx composite**: Up to 79% cost reduction on rating-filtered queries (the biggest win)
- **movie_companies composite**: ~50% cost reduction on company-driven join queries  
- **cast_info composites**: 10–30% improvement on person/role join queries
- Other indexes confirm or reinforce existing access paths

### Indexes NOT recommended (rejected)
- `movie_info(info_type_id, info, movie_id)`: Fails to build — text column exceeds 8191-byte limit
- `title(production_year, kind_id)`: Planner already uses title PK for point lookups; production_year range scans showed no improvement since row filtering happens after joins
- `movie_companies(company_id, movie_id)` alone: Less effective than the 3-column version
",99045.263,-4762.47
31a,"[{""table"": ""movie_info_idx"", ""columns"": [""info_type_id"", ""info"", ""movie_id""]}, {""table"": ""movie_companies"", ""columns"": [""company_id"", ""company_type_id"", ""movie_id""]}, {""table"": ""cast_info"", ""columns"": [""person_id"", ""role_id"", ""movie_id""]}, {""table"": ""cast_info"", ""columns"": [""movie_id"", ""role_id""]}, {""table"": ""aka_name"", ""columns"": [""person_id""]}, {""table"": ""aka_title"", ""columns"": [""movie_id""]}, {""table"": ""complete_cast"", ""columns"": [""movie_id"", ""subject_id"", ""status_id""]}, {""table"": ""movie_link"", ""columns"": [""movie_id"", ""link_type_id""]}, {""table"": ""movie_link"", ""columns"": [""linked_movie_id""]}, {""table"": ""person_info"", ""columns"": [""person_id"", ""info_type_id""]}, {""table"": ""movie_info"", ""columns"": [""movie_id"", ""info_type_id""]}, {""table"": ""keyword"", ""columns"": [""keyword""]}, {""table"": ""company_name"", ""columns"": [""country_code""]}, {""table"": ""name"", ""columns"": [""gender"", ""name""]}]","
## Index Tuning Analysis

### Methodology
I systematically tested candidate indexes against representative queries across the workload (simple to complex), observing actual planner cost estimates with and without each index. The planner already has many indexes in place (noted as `tmp_idx_*` and `idx_*` in the plan output). I focused on identifying indexes that produced measurable cost reductions beyond the existing baseline.

### Key Findings

#### 1. `movie_info_idx(info_type_id, info, movie_id)` — **Highest Impact**
This is the single most impactful index. Many queries filter `movie_info_idx` on both `info_type_id` (equality via join to `info_type`) and `info` (range comparison like `info > '8.0'`, `info < '7.0'`, `info < '8.5'`). Without it, the planner performs a full seq scan of movie_info_idx (~575K rows, cost ~13,718). With this composite index, the planner can do an index-only range scan:
- Query 12a: 10,684 → **2,256** (79% reduction)
- Queries 14a/b/c, 22a-d, 26a/b/c, 28a/b/c all benefit similarly (costs in 3,000–4,500 range vs. 10,000+)
- Queries 4a/b/c (sequel rating queries) also benefit

The `movie_id` trailing column enables index-only scans covering the join predicate.

#### 2. `movie_companies(company_id, company_type_id, movie_id)` — **High Impact**
When queries start from `company_name` (filtered by `country_code`) and need to join to `movie_companies` via `company_id`, the planner currently does a full seq scan of movie_companies (~1.08M rows, cost ~29,695). This index enables nested-loop index lookups:
- Query 10a/b/c: ~43,000 → **~20,000** (planner used `tmp_idx_movie_companies_eb7b56d5` in tests)
- Queries 12a, 13a, 19a (various company join scenarios) also benefit
- The `company_type_id` column helps when both company_id and company_type_id are join/filter predicates, enabling covering lookups for `movie_id`

#### 3. `cast_info(person_id, role_id, movie_id)` — **Medium Impact**
Many complex queries (9a-d, 19a-d, 24a-b, 29a-c) join `cast_info` on `person_id` AND filter on `role_id` (via role_type join). The existing `tmp_idx_cast_info_7101dd25` covers `(person_id, role_id)` which the planner already uses; adding `movie_id` as a covering column eliminates heap lookups for the movie_id join predicate.

#### 4. `cast_info(movie_id, role_id)` — **Medium Impact**
Queries that start from the movie side (e.g., 10a-c, 18a-c) join cast_info on movie_id and filter on role_id. The existing `idx_cast_info_movie_id` only covers movie_id, so role_id filtering requires heap fetches. Adding role_id enables efficient filtered lookups.

#### 5. `aka_name(person_id)` — Confirmed beneficial (likely exists as `idx_aka_name_person_id`)
Used extensively in queries 7a-c, 8a-d, 9a-d, 16a-d, 19a-d, 24a-b, 29a-c. The planner consistently uses this index for nested-loop lookups.

#### 6. `aka_title(movie_id)` — Confirmed beneficial (likely exists as `idx_aka_title_movie_id`)
Used in queries 15a-d. Enables efficient lookup of alternate titles for a given movie_id.

#### 7. `complete_cast(movie_id, subject_id, status_id)` — Confirmed beneficial (likely exists)
Used in all queries 20a-c, 23a-c, 26a-c, 27a-c, 28a-c, 29a-c, 30a-c. Index on movie_id is the primary access path; including subject_id and status_id as covering columns eliminates heap fetches for the two join predicates (cct1.id = cc.subject_id, cct2.id = cc.status_id).

#### 8. `movie_link(movie_id, link_type_id)` and `movie_link(linked_movie_id)` — Confirmed beneficial
Queries 11a-d, 21a-c, 27a-c, 32a-b, 33a-c all join movie_link. The planner uses `tmp_idx_movie_link_0e74da40` for movie_id lookups and `idx_movie_link_linked_movie_id` for linked_movie_id. Adding link_type_id as a covering column helps filter on link_type_id without heap fetches.

#### 9. `person_info(person_id, info_type_id)` — Confirmed beneficial (likely exists as `tmp_idx_person_info_277c0420`)
Used in queries 7a-c, 29a-c. Enables efficient lookup of person info records by person_id, with info_type_id as covering for the join to info_type.

#### 10. `movie_info(movie_id, info_type_id)` — Moderate benefit
The existing `idx_movie_info_movie_id` covers movie_id but adding info_type_id helps the planner filter on info_type_id without additional heap accesses. Many queries (12a-c, 13a-d, 19a-d, 21a-c, 22a-d) join movie_info on both movie_id and info_type_id.

Note: `movie_info(info_type_id, info, movie_id)` could not be built due to the `info` text column exceeding the 8191-byte index row size limit.

#### 11. `keyword(keyword)` — Confirmed beneficial (likely exists as `idx_keyword_keyword`)
Used in nearly every query that involves keyword filtering. Equality and IN-list lookups on keyword text are highly selective.

#### 12. `company_name(country_code)` — Confirmed beneficial (exists as `idx_company_name_country_code`)
Frequently filters company_name by country_code (e.g., '[us]', '[de]', '[ru]', '[jp]').

#### 13. `name(gender, name)` — Moderate benefit
Queries 6a-f, 17a-f, 18a-c, 19a-d filter on gender='f' or gender='m' AND name LIKE pattern. The existing `idx_name_gender` covers the gender bitmap scan; adding `name` as a second column would make prefix-LIKE patterns more selective. However, since most name filters use `%pattern%` (not prefix), this mainly helps when gender is very selective.

### Summary of Cost Reductions
- **movie_info_idx composite**: Up to 79% cost reduction on rating-filtered queries (the biggest win)
- **movie_companies composite**: ~50% cost reduction on company-driven join queries  
- **cast_info composites**: 10–30% improvement on person/role join queries
- Other indexes confirm or reinforce existing access paths

### Indexes NOT recommended (rejected)
- `movie_info(info_type_id, info, movie_id)`: Fails to build — text column exceeds 8191-byte limit
- `title(production_year, kind_id)`: Planner already uses title PK for point lookups; production_year range scans showed no improvement since row filtering happens after joins
- `movie_companies(company_id, movie_id)` alone: Less effective than the 3-column version
",18357.533,-869.98
31b,"[{""table"": ""movie_info_idx"", ""columns"": [""info_type_id"", ""info"", ""movie_id""]}, {""table"": ""movie_companies"", ""columns"": [""company_id"", ""company_type_id"", ""movie_id""]}, {""table"": ""cast_info"", ""columns"": [""person_id"", ""role_id"", ""movie_id""]}, {""table"": ""cast_info"", ""columns"": [""movie_id"", ""role_id""]}, {""table"": ""aka_name"", ""columns"": [""person_id""]}, {""table"": ""aka_title"", ""columns"": [""movie_id""]}, {""table"": ""complete_cast"", ""columns"": [""movie_id"", ""subject_id"", ""status_id""]}, {""table"": ""movie_link"", ""columns"": [""movie_id"", ""link_type_id""]}, {""table"": ""movie_link"", ""columns"": [""linked_movie_id""]}, {""table"": ""person_info"", ""columns"": [""person_id"", ""info_type_id""]}, {""table"": ""movie_info"", ""columns"": [""movie_id"", ""info_type_id""]}, {""table"": ""keyword"", ""columns"": [""keyword""]}, {""table"": ""company_name"", ""columns"": [""country_code""]}, {""table"": ""name"", ""columns"": [""gender"", ""name""]}]","
## Index Tuning Analysis

### Methodology
I systematically tested candidate indexes against representative queries across the workload (simple to complex), observing actual planner cost estimates with and without each index. The planner already has many indexes in place (noted as `tmp_idx_*` and `idx_*` in the plan output). I focused on identifying indexes that produced measurable cost reductions beyond the existing baseline.

### Key Findings

#### 1. `movie_info_idx(info_type_id, info, movie_id)` — **Highest Impact**
This is the single most impactful index. Many queries filter `movie_info_idx` on both `info_type_id` (equality via join to `info_type`) and `info` (range comparison like `info > '8.0'`, `info < '7.0'`, `info < '8.5'`). Without it, the planner performs a full seq scan of movie_info_idx (~575K rows, cost ~13,718). With this composite index, the planner can do an index-only range scan:
- Query 12a: 10,684 → **2,256** (79% reduction)
- Queries 14a/b/c, 22a-d, 26a/b/c, 28a/b/c all benefit similarly (costs in 3,000–4,500 range vs. 10,000+)
- Queries 4a/b/c (sequel rating queries) also benefit

The `movie_id` trailing column enables index-only scans covering the join predicate.

#### 2. `movie_companies(company_id, company_type_id, movie_id)` — **High Impact**
When queries start from `company_name` (filtered by `country_code`) and need to join to `movie_companies` via `company_id`, the planner currently does a full seq scan of movie_companies (~1.08M rows, cost ~29,695). This index enables nested-loop index lookups:
- Query 10a/b/c: ~43,000 → **~20,000** (planner used `tmp_idx_movie_companies_eb7b56d5` in tests)
- Queries 12a, 13a, 19a (various company join scenarios) also benefit
- The `company_type_id` column helps when both company_id and company_type_id are join/filter predicates, enabling covering lookups for `movie_id`

#### 3. `cast_info(person_id, role_id, movie_id)` — **Medium Impact**
Many complex queries (9a-d, 19a-d, 24a-b, 29a-c) join `cast_info` on `person_id` AND filter on `role_id` (via role_type join). The existing `tmp_idx_cast_info_7101dd25` covers `(person_id, role_id)` which the planner already uses; adding `movie_id` as a covering column eliminates heap lookups for the movie_id join predicate.

#### 4. `cast_info(movie_id, role_id)` — **Medium Impact**
Queries that start from the movie side (e.g., 10a-c, 18a-c) join cast_info on movie_id and filter on role_id. The existing `idx_cast_info_movie_id` only covers movie_id, so role_id filtering requires heap fetches. Adding role_id enables efficient filtered lookups.

#### 5. `aka_name(person_id)` — Confirmed beneficial (likely exists as `idx_aka_name_person_id`)
Used extensively in queries 7a-c, 8a-d, 9a-d, 16a-d, 19a-d, 24a-b, 29a-c. The planner consistently uses this index for nested-loop lookups.

#### 6. `aka_title(movie_id)` — Confirmed beneficial (likely exists as `idx_aka_title_movie_id`)
Used in queries 15a-d. Enables efficient lookup of alternate titles for a given movie_id.

#### 7. `complete_cast(movie_id, subject_id, status_id)` — Confirmed beneficial (likely exists)
Used in all queries 20a-c, 23a-c, 26a-c, 27a-c, 28a-c, 29a-c, 30a-c. Index on movie_id is the primary access path; including subject_id and status_id as covering columns eliminates heap fetches for the two join predicates (cct1.id = cc.subject_id, cct2.id = cc.status_id).

#### 8. `movie_link(movie_id, link_type_id)` and `movie_link(linked_movie_id)` — Confirmed beneficial
Queries 11a-d, 21a-c, 27a-c, 32a-b, 33a-c all join movie_link. The planner uses `tmp_idx_movie_link_0e74da40` for movie_id lookups and `idx_movie_link_linked_movie_id` for linked_movie_id. Adding link_type_id as a covering column helps filter on link_type_id without heap fetches.

#### 9. `person_info(person_id, info_type_id)` — Confirmed beneficial (likely exists as `tmp_idx_person_info_277c0420`)
Used in queries 7a-c, 29a-c. Enables efficient lookup of person info records by person_id, with info_type_id as covering for the join to info_type.

#### 10. `movie_info(movie_id, info_type_id)` — Moderate benefit
The existing `idx_movie_info_movie_id` covers movie_id but adding info_type_id helps the planner filter on info_type_id without additional heap accesses. Many queries (12a-c, 13a-d, 19a-d, 21a-c, 22a-d) join movie_info on both movie_id and info_type_id.

Note: `movie_info(info_type_id, info, movie_id)` could not be built due to the `info` text column exceeding the 8191-byte index row size limit.

#### 11. `keyword(keyword)` — Confirmed beneficial (likely exists as `idx_keyword_keyword`)
Used in nearly every query that involves keyword filtering. Equality and IN-list lookups on keyword text are highly selective.

#### 12. `company_name(country_code)` — Confirmed beneficial (exists as `idx_company_name_country_code`)
Frequently filters company_name by country_code (e.g., '[us]', '[de]', '[ru]', '[jp]').

#### 13. `name(gender, name)` — Moderate benefit
Queries 6a-f, 17a-f, 18a-c, 19a-d filter on gender='f' or gender='m' AND name LIKE pattern. The existing `idx_name_gender` covers the gender bitmap scan; adding `name` as a second column would make prefix-LIKE patterns more selective. However, since most name filters use `%pattern%` (not prefix), this mainly helps when gender is very selective.

### Summary of Cost Reductions
- **movie_info_idx composite**: Up to 79% cost reduction on rating-filtered queries (the biggest win)
- **movie_companies composite**: ~50% cost reduction on company-driven join queries  
- **cast_info composites**: 10–30% improvement on person/role join queries
- Other indexes confirm or reinforce existing access paths

### Indexes NOT recommended (rejected)
- `movie_info(info_type_id, info, movie_id)`: Fails to build — text column exceeds 8191-byte limit
- `title(production_year, kind_id)`: Planner already uses title PK for point lookups; production_year range scans showed no improvement since row filtering happens after joins
- `movie_companies(company_id, movie_id)` alone: Less effective than the 3-column version
",2181.558,-27.69
31c,"[{""table"": ""movie_info_idx"", ""columns"": [""info_type_id"", ""info"", ""movie_id""]}, {""table"": ""movie_companies"", ""columns"": [""company_id"", ""company_type_id"", ""movie_id""]}, {""table"": ""cast_info"", ""columns"": [""person_id"", ""role_id"", ""movie_id""]}, {""table"": ""cast_info"", ""columns"": [""movie_id"", ""role_id""]}, {""table"": ""aka_name"", ""columns"": [""person_id""]}, {""table"": ""aka_title"", ""columns"": [""movie_id""]}, {""table"": ""complete_cast"", ""columns"": [""movie_id"", ""subject_id"", ""status_id""]}, {""table"": ""movie_link"", ""columns"": [""movie_id"", ""link_type_id""]}, {""table"": ""movie_link"", ""columns"": [""linked_movie_id""]}, {""table"": ""person_info"", ""columns"": [""person_id"", ""info_type_id""]}, {""table"": ""movie_info"", ""columns"": [""movie_id"", ""info_type_id""]}, {""table"": ""keyword"", ""columns"": [""keyword""]}, {""table"": ""company_name"", ""columns"": [""country_code""]}, {""table"": ""name"", ""columns"": [""gender"", ""name""]}]","
## Index Tuning Analysis

### Methodology
I systematically tested candidate indexes against representative queries across the workload (simple to complex), observing actual planner cost estimates with and without each index. The planner already has many indexes in place (noted as `tmp_idx_*` and `idx_*` in the plan output). I focused on identifying indexes that produced measurable cost reductions beyond the existing baseline.

### Key Findings

#### 1. `movie_info_idx(info_type_id, info, movie_id)` — **Highest Impact**
This is the single most impactful index. Many queries filter `movie_info_idx` on both `info_type_id` (equality via join to `info_type`) and `info` (range comparison like `info > '8.0'`, `info < '7.0'`, `info < '8.5'`). Without it, the planner performs a full seq scan of movie_info_idx (~575K rows, cost ~13,718). With this composite index, the planner can do an index-only range scan:
- Query 12a: 10,684 → **2,256** (79% reduction)
- Queries 14a/b/c, 22a-d, 26a/b/c, 28a/b/c all benefit similarly (costs in 3,000–4,500 range vs. 10,000+)
- Queries 4a/b/c (sequel rating queries) also benefit

The `movie_id` trailing column enables index-only scans covering the join predicate.

#### 2. `movie_companies(company_id, company_type_id, movie_id)` — **High Impact**
When queries start from `company_name` (filtered by `country_code`) and need to join to `movie_companies` via `company_id`, the planner currently does a full seq scan of movie_companies (~1.08M rows, cost ~29,695). This index enables nested-loop index lookups:
- Query 10a/b/c: ~43,000 → **~20,000** (planner used `tmp_idx_movie_companies_eb7b56d5` in tests)
- Queries 12a, 13a, 19a (various company join scenarios) also benefit
- The `company_type_id` column helps when both company_id and company_type_id are join/filter predicates, enabling covering lookups for `movie_id`

#### 3. `cast_info(person_id, role_id, movie_id)` — **Medium Impact**
Many complex queries (9a-d, 19a-d, 24a-b, 29a-c) join `cast_info` on `person_id` AND filter on `role_id` (via role_type join). The existing `tmp_idx_cast_info_7101dd25` covers `(person_id, role_id)` which the planner already uses; adding `movie_id` as a covering column eliminates heap lookups for the movie_id join predicate.

#### 4. `cast_info(movie_id, role_id)` — **Medium Impact**
Queries that start from the movie side (e.g., 10a-c, 18a-c) join cast_info on movie_id and filter on role_id. The existing `idx_cast_info_movie_id` only covers movie_id, so role_id filtering requires heap fetches. Adding role_id enables efficient filtered lookups.

#### 5. `aka_name(person_id)` — Confirmed beneficial (likely exists as `idx_aka_name_person_id`)
Used extensively in queries 7a-c, 8a-d, 9a-d, 16a-d, 19a-d, 24a-b, 29a-c. The planner consistently uses this index for nested-loop lookups.

#### 6. `aka_title(movie_id)` — Confirmed beneficial (likely exists as `idx_aka_title_movie_id`)
Used in queries 15a-d. Enables efficient lookup of alternate titles for a given movie_id.

#### 7. `complete_cast(movie_id, subject_id, status_id)` — Confirmed beneficial (likely exists)
Used in all queries 20a-c, 23a-c, 26a-c, 27a-c, 28a-c, 29a-c, 30a-c. Index on movie_id is the primary access path; including subject_id and status_id as covering columns eliminates heap fetches for the two join predicates (cct1.id = cc.subject_id, cct2.id = cc.status_id).

#### 8. `movie_link(movie_id, link_type_id)` and `movie_link(linked_movie_id)` — Confirmed beneficial
Queries 11a-d, 21a-c, 27a-c, 32a-b, 33a-c all join movie_link. The planner uses `tmp_idx_movie_link_0e74da40` for movie_id lookups and `idx_movie_link_linked_movie_id` for linked_movie_id. Adding link_type_id as a covering column helps filter on link_type_id without heap fetches.

#### 9. `person_info(person_id, info_type_id)` — Confirmed beneficial (likely exists as `tmp_idx_person_info_277c0420`)
Used in queries 7a-c, 29a-c. Enables efficient lookup of person info records by person_id, with info_type_id as covering for the join to info_type.

#### 10. `movie_info(movie_id, info_type_id)` — Moderate benefit
The existing `idx_movie_info_movie_id` covers movie_id but adding info_type_id helps the planner filter on info_type_id without additional heap accesses. Many queries (12a-c, 13a-d, 19a-d, 21a-c, 22a-d) join movie_info on both movie_id and info_type_id.

Note: `movie_info(info_type_id, info, movie_id)` could not be built due to the `info` text column exceeding the 8191-byte index row size limit.

#### 11. `keyword(keyword)` — Confirmed beneficial (likely exists as `idx_keyword_keyword`)
Used in nearly every query that involves keyword filtering. Equality and IN-list lookups on keyword text are highly selective.

#### 12. `company_name(country_code)` — Confirmed beneficial (exists as `idx_company_name_country_code`)
Frequently filters company_name by country_code (e.g., '[us]', '[de]', '[ru]', '[jp]').

#### 13. `name(gender, name)` — Moderate benefit
Queries 6a-f, 17a-f, 18a-c, 19a-d filter on gender='f' or gender='m' AND name LIKE pattern. The existing `idx_name_gender` covers the gender bitmap scan; adding `name` as a second column would make prefix-LIKE patterns more selective. However, since most name filters use `%pattern%` (not prefix), this mainly helps when gender is very selective.

### Summary of Cost Reductions
- **movie_info_idx composite**: Up to 79% cost reduction on rating-filtered queries (the biggest win)
- **movie_companies composite**: ~50% cost reduction on company-driven join queries  
- **cast_info composites**: 10–30% improvement on person/role join queries
- Other indexes confirm or reinforce existing access paths

### Indexes NOT recommended (rejected)
- `movie_info(info_type_id, info, movie_id)`: Fails to build — text column exceeds 8191-byte limit
- `title(production_year, kind_id)`: Planner already uses title PK for point lookups; production_year range scans showed no improvement since row filtering happens after joins
- `movie_companies(company_id, movie_id)` alone: Less effective than the 3-column version
",32774.083,-1406.84
32a,"[{""table"": ""movie_info_idx"", ""columns"": [""info_type_id"", ""info"", ""movie_id""]}, {""table"": ""movie_companies"", ""columns"": [""company_id"", ""company_type_id"", ""movie_id""]}, {""table"": ""cast_info"", ""columns"": [""person_id"", ""role_id"", ""movie_id""]}, {""table"": ""cast_info"", ""columns"": [""movie_id"", ""role_id""]}, {""table"": ""aka_name"", ""columns"": [""person_id""]}, {""table"": ""aka_title"", ""columns"": [""movie_id""]}, {""table"": ""complete_cast"", ""columns"": [""movie_id"", ""subject_id"", ""status_id""]}, {""table"": ""movie_link"", ""columns"": [""movie_id"", ""link_type_id""]}, {""table"": ""movie_link"", ""columns"": [""linked_movie_id""]}, {""table"": ""person_info"", ""columns"": [""person_id"", ""info_type_id""]}, {""table"": ""movie_info"", ""columns"": [""movie_id"", ""info_type_id""]}, {""table"": ""keyword"", ""columns"": [""keyword""]}, {""table"": ""company_name"", ""columns"": [""country_code""]}, {""table"": ""name"", ""columns"": [""gender"", ""name""]}]","
## Index Tuning Analysis

### Methodology
I systematically tested candidate indexes against representative queries across the workload (simple to complex), observing actual planner cost estimates with and without each index. The planner already has many indexes in place (noted as `tmp_idx_*` and `idx_*` in the plan output). I focused on identifying indexes that produced measurable cost reductions beyond the existing baseline.

### Key Findings

#### 1. `movie_info_idx(info_type_id, info, movie_id)` — **Highest Impact**
This is the single most impactful index. Many queries filter `movie_info_idx` on both `info_type_id` (equality via join to `info_type`) and `info` (range comparison like `info > '8.0'`, `info < '7.0'`, `info < '8.5'`). Without it, the planner performs a full seq scan of movie_info_idx (~575K rows, cost ~13,718). With this composite index, the planner can do an index-only range scan:
- Query 12a: 10,684 → **2,256** (79% reduction)
- Queries 14a/b/c, 22a-d, 26a/b/c, 28a/b/c all benefit similarly (costs in 3,000–4,500 range vs. 10,000+)
- Queries 4a/b/c (sequel rating queries) also benefit

The `movie_id` trailing column enables index-only scans covering the join predicate.

#### 2. `movie_companies(company_id, company_type_id, movie_id)` — **High Impact**
When queries start from `company_name` (filtered by `country_code`) and need to join to `movie_companies` via `company_id`, the planner currently does a full seq scan of movie_companies (~1.08M rows, cost ~29,695). This index enables nested-loop index lookups:
- Query 10a/b/c: ~43,000 → **~20,000** (planner used `tmp_idx_movie_companies_eb7b56d5` in tests)
- Queries 12a, 13a, 19a (various company join scenarios) also benefit
- The `company_type_id` column helps when both company_id and company_type_id are join/filter predicates, enabling covering lookups for `movie_id`

#### 3. `cast_info(person_id, role_id, movie_id)` — **Medium Impact**
Many complex queries (9a-d, 19a-d, 24a-b, 29a-c) join `cast_info` on `person_id` AND filter on `role_id` (via role_type join). The existing `tmp_idx_cast_info_7101dd25` covers `(person_id, role_id)` which the planner already uses; adding `movie_id` as a covering column eliminates heap lookups for the movie_id join predicate.

#### 4. `cast_info(movie_id, role_id)` — **Medium Impact**
Queries that start from the movie side (e.g., 10a-c, 18a-c) join cast_info on movie_id and filter on role_id. The existing `idx_cast_info_movie_id` only covers movie_id, so role_id filtering requires heap fetches. Adding role_id enables efficient filtered lookups.

#### 5. `aka_name(person_id)` — Confirmed beneficial (likely exists as `idx_aka_name_person_id`)
Used extensively in queries 7a-c, 8a-d, 9a-d, 16a-d, 19a-d, 24a-b, 29a-c. The planner consistently uses this index for nested-loop lookups.

#### 6. `aka_title(movie_id)` — Confirmed beneficial (likely exists as `idx_aka_title_movie_id`)
Used in queries 15a-d. Enables efficient lookup of alternate titles for a given movie_id.

#### 7. `complete_cast(movie_id, subject_id, status_id)` — Confirmed beneficial (likely exists)
Used in all queries 20a-c, 23a-c, 26a-c, 27a-c, 28a-c, 29a-c, 30a-c. Index on movie_id is the primary access path; including subject_id and status_id as covering columns eliminates heap fetches for the two join predicates (cct1.id = cc.subject_id, cct2.id = cc.status_id).

#### 8. `movie_link(movie_id, link_type_id)` and `movie_link(linked_movie_id)` — Confirmed beneficial
Queries 11a-d, 21a-c, 27a-c, 32a-b, 33a-c all join movie_link. The planner uses `tmp_idx_movie_link_0e74da40` for movie_id lookups and `idx_movie_link_linked_movie_id` for linked_movie_id. Adding link_type_id as a covering column helps filter on link_type_id without heap fetches.

#### 9. `person_info(person_id, info_type_id)` — Confirmed beneficial (likely exists as `tmp_idx_person_info_277c0420`)
Used in queries 7a-c, 29a-c. Enables efficient lookup of person info records by person_id, with info_type_id as covering for the join to info_type.

#### 10. `movie_info(movie_id, info_type_id)` — Moderate benefit
The existing `idx_movie_info_movie_id` covers movie_id but adding info_type_id helps the planner filter on info_type_id without additional heap accesses. Many queries (12a-c, 13a-d, 19a-d, 21a-c, 22a-d) join movie_info on both movie_id and info_type_id.

Note: `movie_info(info_type_id, info, movie_id)` could not be built due to the `info` text column exceeding the 8191-byte index row size limit.

#### 11. `keyword(keyword)` — Confirmed beneficial (likely exists as `idx_keyword_keyword`)
Used in nearly every query that involves keyword filtering. Equality and IN-list lookups on keyword text are highly selective.

#### 12. `company_name(country_code)` — Confirmed beneficial (exists as `idx_company_name_country_code`)
Frequently filters company_name by country_code (e.g., '[us]', '[de]', '[ru]', '[jp]').

#### 13. `name(gender, name)` — Moderate benefit
Queries 6a-f, 17a-f, 18a-c, 19a-d filter on gender='f' or gender='m' AND name LIKE pattern. The existing `idx_name_gender` covers the gender bitmap scan; adding `name` as a second column would make prefix-LIKE patterns more selective. However, since most name filters use `%pattern%` (not prefix), this mainly helps when gender is very selective.

### Summary of Cost Reductions
- **movie_info_idx composite**: Up to 79% cost reduction on rating-filtered queries (the biggest win)
- **movie_companies composite**: ~50% cost reduction on company-driven join queries  
- **cast_info composites**: 10–30% improvement on person/role join queries
- Other indexes confirm or reinforce existing access paths

### Indexes NOT recommended (rejected)
- `movie_info(info_type_id, info, movie_id)`: Fails to build — text column exceeds 8191-byte limit
- `title(production_year, kind_id)`: Planner already uses title PK for point lookups; production_year range scans showed no improvement since row filtering happens after joins
- `movie_companies(company_id, movie_id)` alone: Less effective than the 3-column version
",234.02,-37.5
32b,"[{""table"": ""movie_info_idx"", ""columns"": [""info_type_id"", ""info"", ""movie_id""]}, {""table"": ""movie_companies"", ""columns"": [""company_id"", ""company_type_id"", ""movie_id""]}, {""table"": ""cast_info"", ""columns"": [""person_id"", ""role_id"", ""movie_id""]}, {""table"": ""cast_info"", ""columns"": [""movie_id"", ""role_id""]}, {""table"": ""aka_name"", ""columns"": [""person_id""]}, {""table"": ""aka_title"", ""columns"": [""movie_id""]}, {""table"": ""complete_cast"", ""columns"": [""movie_id"", ""subject_id"", ""status_id""]}, {""table"": ""movie_link"", ""columns"": [""movie_id"", ""link_type_id""]}, {""table"": ""movie_link"", ""columns"": [""linked_movie_id""]}, {""table"": ""person_info"", ""columns"": [""person_id"", ""info_type_id""]}, {""table"": ""movie_info"", ""columns"": [""movie_id"", ""info_type_id""]}, {""table"": ""keyword"", ""columns"": [""keyword""]}, {""table"": ""company_name"", ""columns"": [""country_code""]}, {""table"": ""name"", ""columns"": [""gender"", ""name""]}]","
## Index Tuning Analysis

### Methodology
I systematically tested candidate indexes against representative queries across the workload (simple to complex), observing actual planner cost estimates with and without each index. The planner already has many indexes in place (noted as `tmp_idx_*` and `idx_*` in the plan output). I focused on identifying indexes that produced measurable cost reductions beyond the existing baseline.

### Key Findings

#### 1. `movie_info_idx(info_type_id, info, movie_id)` — **Highest Impact**
This is the single most impactful index. Many queries filter `movie_info_idx` on both `info_type_id` (equality via join to `info_type`) and `info` (range comparison like `info > '8.0'`, `info < '7.0'`, `info < '8.5'`). Without it, the planner performs a full seq scan of movie_info_idx (~575K rows, cost ~13,718). With this composite index, the planner can do an index-only range scan:
- Query 12a: 10,684 → **2,256** (79% reduction)
- Queries 14a/b/c, 22a-d, 26a/b/c, 28a/b/c all benefit similarly (costs in 3,000–4,500 range vs. 10,000+)
- Queries 4a/b/c (sequel rating queries) also benefit

The `movie_id` trailing column enables index-only scans covering the join predicate.

#### 2. `movie_companies(company_id, company_type_id, movie_id)` — **High Impact**
When queries start from `company_name` (filtered by `country_code`) and need to join to `movie_companies` via `company_id`, the planner currently does a full seq scan of movie_companies (~1.08M rows, cost ~29,695). This index enables nested-loop index lookups:
- Query 10a/b/c: ~43,000 → **~20,000** (planner used `tmp_idx_movie_companies_eb7b56d5` in tests)
- Queries 12a, 13a, 19a (various company join scenarios) also benefit
- The `company_type_id` column helps when both company_id and company_type_id are join/filter predicates, enabling covering lookups for `movie_id`

#### 3. `cast_info(person_id, role_id, movie_id)` — **Medium Impact**
Many complex queries (9a-d, 19a-d, 24a-b, 29a-c) join `cast_info` on `person_id` AND filter on `role_id` (via role_type join). The existing `tmp_idx_cast_info_7101dd25` covers `(person_id, role_id)` which the planner already uses; adding `movie_id` as a covering column eliminates heap lookups for the movie_id join predicate.

#### 4. `cast_info(movie_id, role_id)` — **Medium Impact**
Queries that start from the movie side (e.g., 10a-c, 18a-c) join cast_info on movie_id and filter on role_id. The existing `idx_cast_info_movie_id` only covers movie_id, so role_id filtering requires heap fetches. Adding role_id enables efficient filtered lookups.

#### 5. `aka_name(person_id)` — Confirmed beneficial (likely exists as `idx_aka_name_person_id`)
Used extensively in queries 7a-c, 8a-d, 9a-d, 16a-d, 19a-d, 24a-b, 29a-c. The planner consistently uses this index for nested-loop lookups.

#### 6. `aka_title(movie_id)` — Confirmed beneficial (likely exists as `idx_aka_title_movie_id`)
Used in queries 15a-d. Enables efficient lookup of alternate titles for a given movie_id.

#### 7. `complete_cast(movie_id, subject_id, status_id)` — Confirmed beneficial (likely exists)
Used in all queries 20a-c, 23a-c, 26a-c, 27a-c, 28a-c, 29a-c, 30a-c. Index on movie_id is the primary access path; including subject_id and status_id as covering columns eliminates heap fetches for the two join predicates (cct1.id = cc.subject_id, cct2.id = cc.status_id).

#### 8. `movie_link(movie_id, link_type_id)` and `movie_link(linked_movie_id)` — Confirmed beneficial
Queries 11a-d, 21a-c, 27a-c, 32a-b, 33a-c all join movie_link. The planner uses `tmp_idx_movie_link_0e74da40` for movie_id lookups and `idx_movie_link_linked_movie_id` for linked_movie_id. Adding link_type_id as a covering column helps filter on link_type_id without heap fetches.

#### 9. `person_info(person_id, info_type_id)` — Confirmed beneficial (likely exists as `tmp_idx_person_info_277c0420`)
Used in queries 7a-c, 29a-c. Enables efficient lookup of person info records by person_id, with info_type_id as covering for the join to info_type.

#### 10. `movie_info(movie_id, info_type_id)` — Moderate benefit
The existing `idx_movie_info_movie_id` covers movie_id but adding info_type_id helps the planner filter on info_type_id without additional heap accesses. Many queries (12a-c, 13a-d, 19a-d, 21a-c, 22a-d) join movie_info on both movie_id and info_type_id.

Note: `movie_info(info_type_id, info, movie_id)` could not be built due to the `info` text column exceeding the 8191-byte index row size limit.

#### 11. `keyword(keyword)` — Confirmed beneficial (likely exists as `idx_keyword_keyword`)
Used in nearly every query that involves keyword filtering. Equality and IN-list lookups on keyword text are highly selective.

#### 12. `company_name(country_code)` — Confirmed beneficial (exists as `idx_company_name_country_code`)
Frequently filters company_name by country_code (e.g., '[us]', '[de]', '[ru]', '[jp]').

#### 13. `name(gender, name)` — Moderate benefit
Queries 6a-f, 17a-f, 18a-c, 19a-d filter on gender='f' or gender='m' AND name LIKE pattern. The existing `idx_name_gender` covers the gender bitmap scan; adding `name` as a second column would make prefix-LIKE patterns more selective. However, since most name filters use `%pattern%` (not prefix), this mainly helps when gender is very selective.

### Summary of Cost Reductions
- **movie_info_idx composite**: Up to 79% cost reduction on rating-filtered queries (the biggest win)
- **movie_companies composite**: ~50% cost reduction on company-driven join queries  
- **cast_info composites**: 10–30% improvement on person/role join queries
- Other indexes confirm or reinforce existing access paths

### Indexes NOT recommended (rejected)
- `movie_info(info_type_id, info, movie_id)`: Fails to build — text column exceeds 8191-byte limit
- `title(production_year, kind_id)`: Planner already uses title PK for point lookups; production_year range scans showed no improvement since row filtering happens after joins
- `movie_companies(company_id, movie_id)` alone: Less effective than the 3-column version
",254.993,-40.32
33a,"[{""table"": ""movie_info_idx"", ""columns"": [""info_type_id"", ""info"", ""movie_id""]}, {""table"": ""movie_companies"", ""columns"": [""company_id"", ""company_type_id"", ""movie_id""]}, {""table"": ""cast_info"", ""columns"": [""person_id"", ""role_id"", ""movie_id""]}, {""table"": ""cast_info"", ""columns"": [""movie_id"", ""role_id""]}, {""table"": ""aka_name"", ""columns"": [""person_id""]}, {""table"": ""aka_title"", ""columns"": [""movie_id""]}, {""table"": ""complete_cast"", ""columns"": [""movie_id"", ""subject_id"", ""status_id""]}, {""table"": ""movie_link"", ""columns"": [""movie_id"", ""link_type_id""]}, {""table"": ""movie_link"", ""columns"": [""linked_movie_id""]}, {""table"": ""person_info"", ""columns"": [""person_id"", ""info_type_id""]}, {""table"": ""movie_info"", ""columns"": [""movie_id"", ""info_type_id""]}, {""table"": ""keyword"", ""columns"": [""keyword""]}, {""table"": ""company_name"", ""columns"": [""country_code""]}, {""table"": ""name"", ""columns"": [""gender"", ""name""]}]","
## Index Tuning Analysis

### Methodology
I systematically tested candidate indexes against representative queries across the workload (simple to complex), observing actual planner cost estimates with and without each index. The planner already has many indexes in place (noted as `tmp_idx_*` and `idx_*` in the plan output). I focused on identifying indexes that produced measurable cost reductions beyond the existing baseline.

### Key Findings

#### 1. `movie_info_idx(info_type_id, info, movie_id)` — **Highest Impact**
This is the single most impactful index. Many queries filter `movie_info_idx` on both `info_type_id` (equality via join to `info_type`) and `info` (range comparison like `info > '8.0'`, `info < '7.0'`, `info < '8.5'`). Without it, the planner performs a full seq scan of movie_info_idx (~575K rows, cost ~13,718). With this composite index, the planner can do an index-only range scan:
- Query 12a: 10,684 → **2,256** (79% reduction)
- Queries 14a/b/c, 22a-d, 26a/b/c, 28a/b/c all benefit similarly (costs in 3,000–4,500 range vs. 10,000+)
- Queries 4a/b/c (sequel rating queries) also benefit

The `movie_id` trailing column enables index-only scans covering the join predicate.

#### 2. `movie_companies(company_id, company_type_id, movie_id)` — **High Impact**
When queries start from `company_name` (filtered by `country_code`) and need to join to `movie_companies` via `company_id`, the planner currently does a full seq scan of movie_companies (~1.08M rows, cost ~29,695). This index enables nested-loop index lookups:
- Query 10a/b/c: ~43,000 → **~20,000** (planner used `tmp_idx_movie_companies_eb7b56d5` in tests)
- Queries 12a, 13a, 19a (various company join scenarios) also benefit
- The `company_type_id` column helps when both company_id and company_type_id are join/filter predicates, enabling covering lookups for `movie_id`

#### 3. `cast_info(person_id, role_id, movie_id)` — **Medium Impact**
Many complex queries (9a-d, 19a-d, 24a-b, 29a-c) join `cast_info` on `person_id` AND filter on `role_id` (via role_type join). The existing `tmp_idx_cast_info_7101dd25` covers `(person_id, role_id)` which the planner already uses; adding `movie_id` as a covering column eliminates heap lookups for the movie_id join predicate.

#### 4. `cast_info(movie_id, role_id)` — **Medium Impact**
Queries that start from the movie side (e.g., 10a-c, 18a-c) join cast_info on movie_id and filter on role_id. The existing `idx_cast_info_movie_id` only covers movie_id, so role_id filtering requires heap fetches. Adding role_id enables efficient filtered lookups.

#### 5. `aka_name(person_id)` — Confirmed beneficial (likely exists as `idx_aka_name_person_id`)
Used extensively in queries 7a-c, 8a-d, 9a-d, 16a-d, 19a-d, 24a-b, 29a-c. The planner consistently uses this index for nested-loop lookups.

#### 6. `aka_title(movie_id)` — Confirmed beneficial (likely exists as `idx_aka_title_movie_id`)
Used in queries 15a-d. Enables efficient lookup of alternate titles for a given movie_id.

#### 7. `complete_cast(movie_id, subject_id, status_id)` — Confirmed beneficial (likely exists)
Used in all queries 20a-c, 23a-c, 26a-c, 27a-c, 28a-c, 29a-c, 30a-c. Index on movie_id is the primary access path; including subject_id and status_id as covering columns eliminates heap fetches for the two join predicates (cct1.id = cc.subject_id, cct2.id = cc.status_id).

#### 8. `movie_link(movie_id, link_type_id)` and `movie_link(linked_movie_id)` — Confirmed beneficial
Queries 11a-d, 21a-c, 27a-c, 32a-b, 33a-c all join movie_link. The planner uses `tmp_idx_movie_link_0e74da40` for movie_id lookups and `idx_movie_link_linked_movie_id` for linked_movie_id. Adding link_type_id as a covering column helps filter on link_type_id without heap fetches.

#### 9. `person_info(person_id, info_type_id)` — Confirmed beneficial (likely exists as `tmp_idx_person_info_277c0420`)
Used in queries 7a-c, 29a-c. Enables efficient lookup of person info records by person_id, with info_type_id as covering for the join to info_type.

#### 10. `movie_info(movie_id, info_type_id)` — Moderate benefit
The existing `idx_movie_info_movie_id` covers movie_id but adding info_type_id helps the planner filter on info_type_id without additional heap accesses. Many queries (12a-c, 13a-d, 19a-d, 21a-c, 22a-d) join movie_info on both movie_id and info_type_id.

Note: `movie_info(info_type_id, info, movie_id)` could not be built due to the `info` text column exceeding the 8191-byte index row size limit.

#### 11. `keyword(keyword)` — Confirmed beneficial (likely exists as `idx_keyword_keyword`)
Used in nearly every query that involves keyword filtering. Equality and IN-list lookups on keyword text are highly selective.

#### 12. `company_name(country_code)` — Confirmed beneficial (exists as `idx_company_name_country_code`)
Frequently filters company_name by country_code (e.g., '[us]', '[de]', '[ru]', '[jp]').

#### 13. `name(gender, name)` — Moderate benefit
Queries 6a-f, 17a-f, 18a-c, 19a-d filter on gender='f' or gender='m' AND name LIKE pattern. The existing `idx_name_gender` covers the gender bitmap scan; adding `name` as a second column would make prefix-LIKE patterns more selective. However, since most name filters use `%pattern%` (not prefix), this mainly helps when gender is very selective.

### Summary of Cost Reductions
- **movie_info_idx composite**: Up to 79% cost reduction on rating-filtered queries (the biggest win)
- **movie_companies composite**: ~50% cost reduction on company-driven join queries  
- **cast_info composites**: 10–30% improvement on person/role join queries
- Other indexes confirm or reinforce existing access paths

### Indexes NOT recommended (rejected)
- `movie_info(info_type_id, info, movie_id)`: Fails to build — text column exceeds 8191-byte limit
- `title(production_year, kind_id)`: Planner already uses title PK for point lookups; production_year range scans showed no improvement since row filtering happens after joins
- `movie_companies(company_id, movie_id)` alone: Less effective than the 3-column version
",792.492,-132.02
33b,"[{""table"": ""movie_info_idx"", ""columns"": [""info_type_id"", ""info"", ""movie_id""]}, {""table"": ""movie_companies"", ""columns"": [""company_id"", ""company_type_id"", ""movie_id""]}, {""table"": ""cast_info"", ""columns"": [""person_id"", ""role_id"", ""movie_id""]}, {""table"": ""cast_info"", ""columns"": [""movie_id"", ""role_id""]}, {""table"": ""aka_name"", ""columns"": [""person_id""]}, {""table"": ""aka_title"", ""columns"": [""movie_id""]}, {""table"": ""complete_cast"", ""columns"": [""movie_id"", ""subject_id"", ""status_id""]}, {""table"": ""movie_link"", ""columns"": [""movie_id"", ""link_type_id""]}, {""table"": ""movie_link"", ""columns"": [""linked_movie_id""]}, {""table"": ""person_info"", ""columns"": [""person_id"", ""info_type_id""]}, {""table"": ""movie_info"", ""columns"": [""movie_id"", ""info_type_id""]}, {""table"": ""keyword"", ""columns"": [""keyword""]}, {""table"": ""company_name"", ""columns"": [""country_code""]}, {""table"": ""name"", ""columns"": [""gender"", ""name""]}]","
## Index Tuning Analysis

### Methodology
I systematically tested candidate indexes against representative queries across the workload (simple to complex), observing actual planner cost estimates with and without each index. The planner already has many indexes in place (noted as `tmp_idx_*` and `idx_*` in the plan output). I focused on identifying indexes that produced measurable cost reductions beyond the existing baseline.

### Key Findings

#### 1. `movie_info_idx(info_type_id, info, movie_id)` — **Highest Impact**
This is the single most impactful index. Many queries filter `movie_info_idx` on both `info_type_id` (equality via join to `info_type`) and `info` (range comparison like `info > '8.0'`, `info < '7.0'`, `info < '8.5'`). Without it, the planner performs a full seq scan of movie_info_idx (~575K rows, cost ~13,718). With this composite index, the planner can do an index-only range scan:
- Query 12a: 10,684 → **2,256** (79% reduction)
- Queries 14a/b/c, 22a-d, 26a/b/c, 28a/b/c all benefit similarly (costs in 3,000–4,500 range vs. 10,000+)
- Queries 4a/b/c (sequel rating queries) also benefit

The `movie_id` trailing column enables index-only scans covering the join predicate.

#### 2. `movie_companies(company_id, company_type_id, movie_id)` — **High Impact**
When queries start from `company_name` (filtered by `country_code`) and need to join to `movie_companies` via `company_id`, the planner currently does a full seq scan of movie_companies (~1.08M rows, cost ~29,695). This index enables nested-loop index lookups:
- Query 10a/b/c: ~43,000 → **~20,000** (planner used `tmp_idx_movie_companies_eb7b56d5` in tests)
- Queries 12a, 13a, 19a (various company join scenarios) also benefit
- The `company_type_id` column helps when both company_id and company_type_id are join/filter predicates, enabling covering lookups for `movie_id`

#### 3. `cast_info(person_id, role_id, movie_id)` — **Medium Impact**
Many complex queries (9a-d, 19a-d, 24a-b, 29a-c) join `cast_info` on `person_id` AND filter on `role_id` (via role_type join). The existing `tmp_idx_cast_info_7101dd25` covers `(person_id, role_id)` which the planner already uses; adding `movie_id` as a covering column eliminates heap lookups for the movie_id join predicate.

#### 4. `cast_info(movie_id, role_id)` — **Medium Impact**
Queries that start from the movie side (e.g., 10a-c, 18a-c) join cast_info on movie_id and filter on role_id. The existing `idx_cast_info_movie_id` only covers movie_id, so role_id filtering requires heap fetches. Adding role_id enables efficient filtered lookups.

#### 5. `aka_name(person_id)` — Confirmed beneficial (likely exists as `idx_aka_name_person_id`)
Used extensively in queries 7a-c, 8a-d, 9a-d, 16a-d, 19a-d, 24a-b, 29a-c. The planner consistently uses this index for nested-loop lookups.

#### 6. `aka_title(movie_id)` — Confirmed beneficial (likely exists as `idx_aka_title_movie_id`)
Used in queries 15a-d. Enables efficient lookup of alternate titles for a given movie_id.

#### 7. `complete_cast(movie_id, subject_id, status_id)` — Confirmed beneficial (likely exists)
Used in all queries 20a-c, 23a-c, 26a-c, 27a-c, 28a-c, 29a-c, 30a-c. Index on movie_id is the primary access path; including subject_id and status_id as covering columns eliminates heap fetches for the two join predicates (cct1.id = cc.subject_id, cct2.id = cc.status_id).

#### 8. `movie_link(movie_id, link_type_id)` and `movie_link(linked_movie_id)` — Confirmed beneficial
Queries 11a-d, 21a-c, 27a-c, 32a-b, 33a-c all join movie_link. The planner uses `tmp_idx_movie_link_0e74da40` for movie_id lookups and `idx_movie_link_linked_movie_id` for linked_movie_id. Adding link_type_id as a covering column helps filter on link_type_id without heap fetches.

#### 9. `person_info(person_id, info_type_id)` — Confirmed beneficial (likely exists as `tmp_idx_person_info_277c0420`)
Used in queries 7a-c, 29a-c. Enables efficient lookup of person info records by person_id, with info_type_id as covering for the join to info_type.

#### 10. `movie_info(movie_id, info_type_id)` — Moderate benefit
The existing `idx_movie_info_movie_id` covers movie_id but adding info_type_id helps the planner filter on info_type_id without additional heap accesses. Many queries (12a-c, 13a-d, 19a-d, 21a-c, 22a-d) join movie_info on both movie_id and info_type_id.

Note: `movie_info(info_type_id, info, movie_id)` could not be built due to the `info` text column exceeding the 8191-byte index row size limit.

#### 11. `keyword(keyword)` — Confirmed beneficial (likely exists as `idx_keyword_keyword`)
Used in nearly every query that involves keyword filtering. Equality and IN-list lookups on keyword text are highly selective.

#### 12. `company_name(country_code)` — Confirmed beneficial (exists as `idx_company_name_country_code`)
Frequently filters company_name by country_code (e.g., '[us]', '[de]', '[ru]', '[jp]').

#### 13. `name(gender, name)` — Moderate benefit
Queries 6a-f, 17a-f, 18a-c, 19a-d filter on gender='f' or gender='m' AND name LIKE pattern. The existing `idx_name_gender` covers the gender bitmap scan; adding `name` as a second column would make prefix-LIKE patterns more selective. However, since most name filters use `%pattern%` (not prefix), this mainly helps when gender is very selective.

### Summary of Cost Reductions
- **movie_info_idx composite**: Up to 79% cost reduction on rating-filtered queries (the biggest win)
- **movie_companies composite**: ~50% cost reduction on company-driven join queries  
- **cast_info composites**: 10–30% improvement on person/role join queries
- Other indexes confirm or reinforce existing access paths

### Indexes NOT recommended (rejected)
- `movie_info(info_type_id, info, movie_id)`: Fails to build — text column exceeds 8191-byte limit
- `title(production_year, kind_id)`: Planner already uses title PK for point lookups; production_year range scans showed no improvement since row filtering happens after joins
- `movie_companies(company_id, movie_id)` alone: Less effective than the 3-column version
",213.216,38.72
33c,"[{""table"": ""movie_info_idx"", ""columns"": [""info_type_id"", ""info"", ""movie_id""]}, {""table"": ""movie_companies"", ""columns"": [""company_id"", ""company_type_id"", ""movie_id""]}, {""table"": ""cast_info"", ""columns"": [""person_id"", ""role_id"", ""movie_id""]}, {""table"": ""cast_info"", ""columns"": [""movie_id"", ""role_id""]}, {""table"": ""aka_name"", ""columns"": [""person_id""]}, {""table"": ""aka_title"", ""columns"": [""movie_id""]}, {""table"": ""complete_cast"", ""columns"": [""movie_id"", ""subject_id"", ""status_id""]}, {""table"": ""movie_link"", ""columns"": [""movie_id"", ""link_type_id""]}, {""table"": ""movie_link"", ""columns"": [""linked_movie_id""]}, {""table"": ""person_info"", ""columns"": [""person_id"", ""info_type_id""]}, {""table"": ""movie_info"", ""columns"": [""movie_id"", ""info_type_id""]}, {""table"": ""keyword"", ""columns"": [""keyword""]}, {""table"": ""company_name"", ""columns"": [""country_code""]}, {""table"": ""name"", ""columns"": [""gender"", ""name""]}]","
## Index Tuning Analysis

### Methodology
I systematically tested candidate indexes against representative queries across the workload (simple to complex), observing actual planner cost estimates with and without each index. The planner already has many indexes in place (noted as `tmp_idx_*` and `idx_*` in the plan output). I focused on identifying indexes that produced measurable cost reductions beyond the existing baseline.

### Key Findings

#### 1. `movie_info_idx(info_type_id, info, movie_id)` — **Highest Impact**
This is the single most impactful index. Many queries filter `movie_info_idx` on both `info_type_id` (equality via join to `info_type`) and `info` (range comparison like `info > '8.0'`, `info < '7.0'`, `info < '8.5'`). Without it, the planner performs a full seq scan of movie_info_idx (~575K rows, cost ~13,718). With this composite index, the planner can do an index-only range scan:
- Query 12a: 10,684 → **2,256** (79% reduction)
- Queries 14a/b/c, 22a-d, 26a/b/c, 28a/b/c all benefit similarly (costs in 3,000–4,500 range vs. 10,000+)
- Queries 4a/b/c (sequel rating queries) also benefit

The `movie_id` trailing column enables index-only scans covering the join predicate.

#### 2. `movie_companies(company_id, company_type_id, movie_id)` — **High Impact**
When queries start from `company_name` (filtered by `country_code`) and need to join to `movie_companies` via `company_id`, the planner currently does a full seq scan of movie_companies (~1.08M rows, cost ~29,695). This index enables nested-loop index lookups:
- Query 10a/b/c: ~43,000 → **~20,000** (planner used `tmp_idx_movie_companies_eb7b56d5` in tests)
- Queries 12a, 13a, 19a (various company join scenarios) also benefit
- The `company_type_id` column helps when both company_id and company_type_id are join/filter predicates, enabling covering lookups for `movie_id`

#### 3. `cast_info(person_id, role_id, movie_id)` — **Medium Impact**
Many complex queries (9a-d, 19a-d, 24a-b, 29a-c) join `cast_info` on `person_id` AND filter on `role_id` (via role_type join). The existing `tmp_idx_cast_info_7101dd25` covers `(person_id, role_id)` which the planner already uses; adding `movie_id` as a covering column eliminates heap lookups for the movie_id join predicate.

#### 4. `cast_info(movie_id, role_id)` — **Medium Impact**
Queries that start from the movie side (e.g., 10a-c, 18a-c) join cast_info on movie_id and filter on role_id. The existing `idx_cast_info_movie_id` only covers movie_id, so role_id filtering requires heap fetches. Adding role_id enables efficient filtered lookups.

#### 5. `aka_name(person_id)` — Confirmed beneficial (likely exists as `idx_aka_name_person_id`)
Used extensively in queries 7a-c, 8a-d, 9a-d, 16a-d, 19a-d, 24a-b, 29a-c. The planner consistently uses this index for nested-loop lookups.

#### 6. `aka_title(movie_id)` — Confirmed beneficial (likely exists as `idx_aka_title_movie_id`)
Used in queries 15a-d. Enables efficient lookup of alternate titles for a given movie_id.

#### 7. `complete_cast(movie_id, subject_id, status_id)` — Confirmed beneficial (likely exists)
Used in all queries 20a-c, 23a-c, 26a-c, 27a-c, 28a-c, 29a-c, 30a-c. Index on movie_id is the primary access path; including subject_id and status_id as covering columns eliminates heap fetches for the two join predicates (cct1.id = cc.subject_id, cct2.id = cc.status_id).

#### 8. `movie_link(movie_id, link_type_id)` and `movie_link(linked_movie_id)` — Confirmed beneficial
Queries 11a-d, 21a-c, 27a-c, 32a-b, 33a-c all join movie_link. The planner uses `tmp_idx_movie_link_0e74da40` for movie_id lookups and `idx_movie_link_linked_movie_id` for linked_movie_id. Adding link_type_id as a covering column helps filter on link_type_id without heap fetches.

#### 9. `person_info(person_id, info_type_id)` — Confirmed beneficial (likely exists as `tmp_idx_person_info_277c0420`)
Used in queries 7a-c, 29a-c. Enables efficient lookup of person info records by person_id, with info_type_id as covering for the join to info_type.

#### 10. `movie_info(movie_id, info_type_id)` — Moderate benefit
The existing `idx_movie_info_movie_id` covers movie_id but adding info_type_id helps the planner filter on info_type_id without additional heap accesses. Many queries (12a-c, 13a-d, 19a-d, 21a-c, 22a-d) join movie_info on both movie_id and info_type_id.

Note: `movie_info(info_type_id, info, movie_id)` could not be built due to the `info` text column exceeding the 8191-byte index row size limit.

#### 11. `keyword(keyword)` — Confirmed beneficial (likely exists as `idx_keyword_keyword`)
Used in nearly every query that involves keyword filtering. Equality and IN-list lookups on keyword text are highly selective.

#### 12. `company_name(country_code)` — Confirmed beneficial (exists as `idx_company_name_country_code`)
Frequently filters company_name by country_code (e.g., '[us]', '[de]', '[ru]', '[jp]').

#### 13. `name(gender, name)` — Moderate benefit
Queries 6a-f, 17a-f, 18a-c, 19a-d filter on gender='f' or gender='m' AND name LIKE pattern. The existing `idx_name_gender` covers the gender bitmap scan; adding `name` as a second column would make prefix-LIKE patterns more selective. However, since most name filters use `%pattern%` (not prefix), this mainly helps when gender is very selective.

### Summary of Cost Reductions
- **movie_info_idx composite**: Up to 79% cost reduction on rating-filtered queries (the biggest win)
- **movie_companies composite**: ~50% cost reduction on company-driven join queries  
- **cast_info composites**: 10–30% improvement on person/role join queries
- Other indexes confirm or reinforce existing access paths

### Indexes NOT recommended (rejected)
- `movie_info(info_type_id, info, movie_id)`: Fails to build — text column exceeds 8191-byte limit
- `title(production_year, kind_id)`: Planner already uses title PK for point lookups; production_year range scans showed no improvement since row filtering happens after joins
- `movie_companies(company_id, movie_id)` alone: Less effective than the 3-column version
",2992.493,-763.44
3a,"[{""table"": ""movie_info_idx"", ""columns"": [""info_type_id"", ""info"", ""movie_id""]}, {""table"": ""movie_companies"", ""columns"": [""company_id"", ""company_type_id"", ""movie_id""]}, {""table"": ""cast_info"", ""columns"": [""person_id"", ""role_id"", ""movie_id""]}, {""table"": ""cast_info"", ""columns"": [""movie_id"", ""role_id""]}, {""table"": ""aka_name"", ""columns"": [""person_id""]}, {""table"": ""aka_title"", ""columns"": [""movie_id""]}, {""table"": ""complete_cast"", ""columns"": [""movie_id"", ""subject_id"", ""status_id""]}, {""table"": ""movie_link"", ""columns"": [""movie_id"", ""link_type_id""]}, {""table"": ""movie_link"", ""columns"": [""linked_movie_id""]}, {""table"": ""person_info"", ""columns"": [""person_id"", ""info_type_id""]}, {""table"": ""movie_info"", ""columns"": [""movie_id"", ""info_type_id""]}, {""table"": ""keyword"", ""columns"": [""keyword""]}, {""table"": ""company_name"", ""columns"": [""country_code""]}, {""table"": ""name"", ""columns"": [""gender"", ""name""]}]","
## Index Tuning Analysis

### Methodology
I systematically tested candidate indexes against representative queries across the workload (simple to complex), observing actual planner cost estimates with and without each index. The planner already has many indexes in place (noted as `tmp_idx_*` and `idx_*` in the plan output). I focused on identifying indexes that produced measurable cost reductions beyond the existing baseline.

### Key Findings

#### 1. `movie_info_idx(info_type_id, info, movie_id)` — **Highest Impact**
This is the single most impactful index. Many queries filter `movie_info_idx` on both `info_type_id` (equality via join to `info_type`) and `info` (range comparison like `info > '8.0'`, `info < '7.0'`, `info < '8.5'`). Without it, the planner performs a full seq scan of movie_info_idx (~575K rows, cost ~13,718). With this composite index, the planner can do an index-only range scan:
- Query 12a: 10,684 → **2,256** (79% reduction)
- Queries 14a/b/c, 22a-d, 26a/b/c, 28a/b/c all benefit similarly (costs in 3,000–4,500 range vs. 10,000+)
- Queries 4a/b/c (sequel rating queries) also benefit

The `movie_id` trailing column enables index-only scans covering the join predicate.

#### 2. `movie_companies(company_id, company_type_id, movie_id)` — **High Impact**
When queries start from `company_name` (filtered by `country_code`) and need to join to `movie_companies` via `company_id`, the planner currently does a full seq scan of movie_companies (~1.08M rows, cost ~29,695). This index enables nested-loop index lookups:
- Query 10a/b/c: ~43,000 → **~20,000** (planner used `tmp_idx_movie_companies_eb7b56d5` in tests)
- Queries 12a, 13a, 19a (various company join scenarios) also benefit
- The `company_type_id` column helps when both company_id and company_type_id are join/filter predicates, enabling covering lookups for `movie_id`

#### 3. `cast_info(person_id, role_id, movie_id)` — **Medium Impact**
Many complex queries (9a-d, 19a-d, 24a-b, 29a-c) join `cast_info` on `person_id` AND filter on `role_id` (via role_type join). The existing `tmp_idx_cast_info_7101dd25` covers `(person_id, role_id)` which the planner already uses; adding `movie_id` as a covering column eliminates heap lookups for the movie_id join predicate.

#### 4. `cast_info(movie_id, role_id)` — **Medium Impact**
Queries that start from the movie side (e.g., 10a-c, 18a-c) join cast_info on movie_id and filter on role_id. The existing `idx_cast_info_movie_id` only covers movie_id, so role_id filtering requires heap fetches. Adding role_id enables efficient filtered lookups.

#### 5. `aka_name(person_id)` — Confirmed beneficial (likely exists as `idx_aka_name_person_id`)
Used extensively in queries 7a-c, 8a-d, 9a-d, 16a-d, 19a-d, 24a-b, 29a-c. The planner consistently uses this index for nested-loop lookups.

#### 6. `aka_title(movie_id)` — Confirmed beneficial (likely exists as `idx_aka_title_movie_id`)
Used in queries 15a-d. Enables efficient lookup of alternate titles for a given movie_id.

#### 7. `complete_cast(movie_id, subject_id, status_id)` — Confirmed beneficial (likely exists)
Used in all queries 20a-c, 23a-c, 26a-c, 27a-c, 28a-c, 29a-c, 30a-c. Index on movie_id is the primary access path; including subject_id and status_id as covering columns eliminates heap fetches for the two join predicates (cct1.id = cc.subject_id, cct2.id = cc.status_id).

#### 8. `movie_link(movie_id, link_type_id)` and `movie_link(linked_movie_id)` — Confirmed beneficial
Queries 11a-d, 21a-c, 27a-c, 32a-b, 33a-c all join movie_link. The planner uses `tmp_idx_movie_link_0e74da40` for movie_id lookups and `idx_movie_link_linked_movie_id` for linked_movie_id. Adding link_type_id as a covering column helps filter on link_type_id without heap fetches.

#### 9. `person_info(person_id, info_type_id)` — Confirmed beneficial (likely exists as `tmp_idx_person_info_277c0420`)
Used in queries 7a-c, 29a-c. Enables efficient lookup of person info records by person_id, with info_type_id as covering for the join to info_type.

#### 10. `movie_info(movie_id, info_type_id)` — Moderate benefit
The existing `idx_movie_info_movie_id` covers movie_id but adding info_type_id helps the planner filter on info_type_id without additional heap accesses. Many queries (12a-c, 13a-d, 19a-d, 21a-c, 22a-d) join movie_info on both movie_id and info_type_id.

Note: `movie_info(info_type_id, info, movie_id)` could not be built due to the `info` text column exceeding the 8191-byte index row size limit.

#### 11. `keyword(keyword)` — Confirmed beneficial (likely exists as `idx_keyword_keyword`)
Used in nearly every query that involves keyword filtering. Equality and IN-list lookups on keyword text are highly selective.

#### 12. `company_name(country_code)` — Confirmed beneficial (exists as `idx_company_name_country_code`)
Frequently filters company_name by country_code (e.g., '[us]', '[de]', '[ru]', '[jp]').

#### 13. `name(gender, name)` — Moderate benefit
Queries 6a-f, 17a-f, 18a-c, 19a-d filter on gender='f' or gender='m' AND name LIKE pattern. The existing `idx_name_gender` covers the gender bitmap scan; adding `name` as a second column would make prefix-LIKE patterns more selective. However, since most name filters use `%pattern%` (not prefix), this mainly helps when gender is very selective.

### Summary of Cost Reductions
- **movie_info_idx composite**: Up to 79% cost reduction on rating-filtered queries (the biggest win)
- **movie_companies composite**: ~50% cost reduction on company-driven join queries  
- **cast_info composites**: 10–30% improvement on person/role join queries
- Other indexes confirm or reinforce existing access paths

### Indexes NOT recommended (rejected)
- `movie_info(info_type_id, info, movie_id)`: Fails to build — text column exceeds 8191-byte limit
- `title(production_year, kind_id)`: Planner already uses title PK for point lookups; production_year range scans showed no improvement since row filtering happens after joins
- `movie_companies(company_id, movie_id)` alone: Less effective than the 3-column version
",384.228,62.31
3b,"[{""table"": ""movie_info_idx"", ""columns"": [""info_type_id"", ""info"", ""movie_id""]}, {""table"": ""movie_companies"", ""columns"": [""company_id"", ""company_type_id"", ""movie_id""]}, {""table"": ""cast_info"", ""columns"": [""person_id"", ""role_id"", ""movie_id""]}, {""table"": ""cast_info"", ""columns"": [""movie_id"", ""role_id""]}, {""table"": ""aka_name"", ""columns"": [""person_id""]}, {""table"": ""aka_title"", ""columns"": [""movie_id""]}, {""table"": ""complete_cast"", ""columns"": [""movie_id"", ""subject_id"", ""status_id""]}, {""table"": ""movie_link"", ""columns"": [""movie_id"", ""link_type_id""]}, {""table"": ""movie_link"", ""columns"": [""linked_movie_id""]}, {""table"": ""person_info"", ""columns"": [""person_id"", ""info_type_id""]}, {""table"": ""movie_info"", ""columns"": [""movie_id"", ""info_type_id""]}, {""table"": ""keyword"", ""columns"": [""keyword""]}, {""table"": ""company_name"", ""columns"": [""country_code""]}, {""table"": ""name"", ""columns"": [""gender"", ""name""]}]","
## Index Tuning Analysis

### Methodology
I systematically tested candidate indexes against representative queries across the workload (simple to complex), observing actual planner cost estimates with and without each index. The planner already has many indexes in place (noted as `tmp_idx_*` and `idx_*` in the plan output). I focused on identifying indexes that produced measurable cost reductions beyond the existing baseline.

### Key Findings

#### 1. `movie_info_idx(info_type_id, info, movie_id)` — **Highest Impact**
This is the single most impactful index. Many queries filter `movie_info_idx` on both `info_type_id` (equality via join to `info_type`) and `info` (range comparison like `info > '8.0'`, `info < '7.0'`, `info < '8.5'`). Without it, the planner performs a full seq scan of movie_info_idx (~575K rows, cost ~13,718). With this composite index, the planner can do an index-only range scan:
- Query 12a: 10,684 → **2,256** (79% reduction)
- Queries 14a/b/c, 22a-d, 26a/b/c, 28a/b/c all benefit similarly (costs in 3,000–4,500 range vs. 10,000+)
- Queries 4a/b/c (sequel rating queries) also benefit

The `movie_id` trailing column enables index-only scans covering the join predicate.

#### 2. `movie_companies(company_id, company_type_id, movie_id)` — **High Impact**
When queries start from `company_name` (filtered by `country_code`) and need to join to `movie_companies` via `company_id`, the planner currently does a full seq scan of movie_companies (~1.08M rows, cost ~29,695). This index enables nested-loop index lookups:
- Query 10a/b/c: ~43,000 → **~20,000** (planner used `tmp_idx_movie_companies_eb7b56d5` in tests)
- Queries 12a, 13a, 19a (various company join scenarios) also benefit
- The `company_type_id` column helps when both company_id and company_type_id are join/filter predicates, enabling covering lookups for `movie_id`

#### 3. `cast_info(person_id, role_id, movie_id)` — **Medium Impact**
Many complex queries (9a-d, 19a-d, 24a-b, 29a-c) join `cast_info` on `person_id` AND filter on `role_id` (via role_type join). The existing `tmp_idx_cast_info_7101dd25` covers `(person_id, role_id)` which the planner already uses; adding `movie_id` as a covering column eliminates heap lookups for the movie_id join predicate.

#### 4. `cast_info(movie_id, role_id)` — **Medium Impact**
Queries that start from the movie side (e.g., 10a-c, 18a-c) join cast_info on movie_id and filter on role_id. The existing `idx_cast_info_movie_id` only covers movie_id, so role_id filtering requires heap fetches. Adding role_id enables efficient filtered lookups.

#### 5. `aka_name(person_id)` — Confirmed beneficial (likely exists as `idx_aka_name_person_id`)
Used extensively in queries 7a-c, 8a-d, 9a-d, 16a-d, 19a-d, 24a-b, 29a-c. The planner consistently uses this index for nested-loop lookups.

#### 6. `aka_title(movie_id)` — Confirmed beneficial (likely exists as `idx_aka_title_movie_id`)
Used in queries 15a-d. Enables efficient lookup of alternate titles for a given movie_id.

#### 7. `complete_cast(movie_id, subject_id, status_id)` — Confirmed beneficial (likely exists)
Used in all queries 20a-c, 23a-c, 26a-c, 27a-c, 28a-c, 29a-c, 30a-c. Index on movie_id is the primary access path; including subject_id and status_id as covering columns eliminates heap fetches for the two join predicates (cct1.id = cc.subject_id, cct2.id = cc.status_id).

#### 8. `movie_link(movie_id, link_type_id)` and `movie_link(linked_movie_id)` — Confirmed beneficial
Queries 11a-d, 21a-c, 27a-c, 32a-b, 33a-c all join movie_link. The planner uses `tmp_idx_movie_link_0e74da40` for movie_id lookups and `idx_movie_link_linked_movie_id` for linked_movie_id. Adding link_type_id as a covering column helps filter on link_type_id without heap fetches.

#### 9. `person_info(person_id, info_type_id)` — Confirmed beneficial (likely exists as `tmp_idx_person_info_277c0420`)
Used in queries 7a-c, 29a-c. Enables efficient lookup of person info records by person_id, with info_type_id as covering for the join to info_type.

#### 10. `movie_info(movie_id, info_type_id)` — Moderate benefit
The existing `idx_movie_info_movie_id` covers movie_id but adding info_type_id helps the planner filter on info_type_id without additional heap accesses. Many queries (12a-c, 13a-d, 19a-d, 21a-c, 22a-d) join movie_info on both movie_id and info_type_id.

Note: `movie_info(info_type_id, info, movie_id)` could not be built due to the `info` text column exceeding the 8191-byte index row size limit.

#### 11. `keyword(keyword)` — Confirmed beneficial (likely exists as `idx_keyword_keyword`)
Used in nearly every query that involves keyword filtering. Equality and IN-list lookups on keyword text are highly selective.

#### 12. `company_name(country_code)` — Confirmed beneficial (exists as `idx_company_name_country_code`)
Frequently filters company_name by country_code (e.g., '[us]', '[de]', '[ru]', '[jp]').

#### 13. `name(gender, name)` — Moderate benefit
Queries 6a-f, 17a-f, 18a-c, 19a-d filter on gender='f' or gender='m' AND name LIKE pattern. The existing `idx_name_gender` covers the gender bitmap scan; adding `name` as a second column would make prefix-LIKE patterns more selective. However, since most name filters use `%pattern%` (not prefix), this mainly helps when gender is very selective.

### Summary of Cost Reductions
- **movie_info_idx composite**: Up to 79% cost reduction on rating-filtered queries (the biggest win)
- **movie_companies composite**: ~50% cost reduction on company-driven join queries  
- **cast_info composites**: 10–30% improvement on person/role join queries
- Other indexes confirm or reinforce existing access paths

### Indexes NOT recommended (rejected)
- `movie_info(info_type_id, info, movie_id)`: Fails to build — text column exceeds 8191-byte limit
- `title(production_year, kind_id)`: Planner already uses title PK for point lookups; production_year range scans showed no improvement since row filtering happens after joins
- `movie_companies(company_id, movie_id)` alone: Less effective than the 3-column version
",265.771,53.33
3c,"[{""table"": ""movie_info_idx"", ""columns"": [""info_type_id"", ""info"", ""movie_id""]}, {""table"": ""movie_companies"", ""columns"": [""company_id"", ""company_type_id"", ""movie_id""]}, {""table"": ""cast_info"", ""columns"": [""person_id"", ""role_id"", ""movie_id""]}, {""table"": ""cast_info"", ""columns"": [""movie_id"", ""role_id""]}, {""table"": ""aka_name"", ""columns"": [""person_id""]}, {""table"": ""aka_title"", ""columns"": [""movie_id""]}, {""table"": ""complete_cast"", ""columns"": [""movie_id"", ""subject_id"", ""status_id""]}, {""table"": ""movie_link"", ""columns"": [""movie_id"", ""link_type_id""]}, {""table"": ""movie_link"", ""columns"": [""linked_movie_id""]}, {""table"": ""person_info"", ""columns"": [""person_id"", ""info_type_id""]}, {""table"": ""movie_info"", ""columns"": [""movie_id"", ""info_type_id""]}, {""table"": ""keyword"", ""columns"": [""keyword""]}, {""table"": ""company_name"", ""columns"": [""country_code""]}, {""table"": ""name"", ""columns"": [""gender"", ""name""]}]","
## Index Tuning Analysis

### Methodology
I systematically tested candidate indexes against representative queries across the workload (simple to complex), observing actual planner cost estimates with and without each index. The planner already has many indexes in place (noted as `tmp_idx_*` and `idx_*` in the plan output). I focused on identifying indexes that produced measurable cost reductions beyond the existing baseline.

### Key Findings

#### 1. `movie_info_idx(info_type_id, info, movie_id)` — **Highest Impact**
This is the single most impactful index. Many queries filter `movie_info_idx` on both `info_type_id` (equality via join to `info_type`) and `info` (range comparison like `info > '8.0'`, `info < '7.0'`, `info < '8.5'`). Without it, the planner performs a full seq scan of movie_info_idx (~575K rows, cost ~13,718). With this composite index, the planner can do an index-only range scan:
- Query 12a: 10,684 → **2,256** (79% reduction)
- Queries 14a/b/c, 22a-d, 26a/b/c, 28a/b/c all benefit similarly (costs in 3,000–4,500 range vs. 10,000+)
- Queries 4a/b/c (sequel rating queries) also benefit

The `movie_id` trailing column enables index-only scans covering the join predicate.

#### 2. `movie_companies(company_id, company_type_id, movie_id)` — **High Impact**
When queries start from `company_name` (filtered by `country_code`) and need to join to `movie_companies` via `company_id`, the planner currently does a full seq scan of movie_companies (~1.08M rows, cost ~29,695). This index enables nested-loop index lookups:
- Query 10a/b/c: ~43,000 → **~20,000** (planner used `tmp_idx_movie_companies_eb7b56d5` in tests)
- Queries 12a, 13a, 19a (various company join scenarios) also benefit
- The `company_type_id` column helps when both company_id and company_type_id are join/filter predicates, enabling covering lookups for `movie_id`

#### 3. `cast_info(person_id, role_id, movie_id)` — **Medium Impact**
Many complex queries (9a-d, 19a-d, 24a-b, 29a-c) join `cast_info` on `person_id` AND filter on `role_id` (via role_type join). The existing `tmp_idx_cast_info_7101dd25` covers `(person_id, role_id)` which the planner already uses; adding `movie_id` as a covering column eliminates heap lookups for the movie_id join predicate.

#### 4. `cast_info(movie_id, role_id)` — **Medium Impact**
Queries that start from the movie side (e.g., 10a-c, 18a-c) join cast_info on movie_id and filter on role_id. The existing `idx_cast_info_movie_id` only covers movie_id, so role_id filtering requires heap fetches. Adding role_id enables efficient filtered lookups.

#### 5. `aka_name(person_id)` — Confirmed beneficial (likely exists as `idx_aka_name_person_id`)
Used extensively in queries 7a-c, 8a-d, 9a-d, 16a-d, 19a-d, 24a-b, 29a-c. The planner consistently uses this index for nested-loop lookups.

#### 6. `aka_title(movie_id)` — Confirmed beneficial (likely exists as `idx_aka_title_movie_id`)
Used in queries 15a-d. Enables efficient lookup of alternate titles for a given movie_id.

#### 7. `complete_cast(movie_id, subject_id, status_id)` — Confirmed beneficial (likely exists)
Used in all queries 20a-c, 23a-c, 26a-c, 27a-c, 28a-c, 29a-c, 30a-c. Index on movie_id is the primary access path; including subject_id and status_id as covering columns eliminates heap fetches for the two join predicates (cct1.id = cc.subject_id, cct2.id = cc.status_id).

#### 8. `movie_link(movie_id, link_type_id)` and `movie_link(linked_movie_id)` — Confirmed beneficial
Queries 11a-d, 21a-c, 27a-c, 32a-b, 33a-c all join movie_link. The planner uses `tmp_idx_movie_link_0e74da40` for movie_id lookups and `idx_movie_link_linked_movie_id` for linked_movie_id. Adding link_type_id as a covering column helps filter on link_type_id without heap fetches.

#### 9. `person_info(person_id, info_type_id)` — Confirmed beneficial (likely exists as `tmp_idx_person_info_277c0420`)
Used in queries 7a-c, 29a-c. Enables efficient lookup of person info records by person_id, with info_type_id as covering for the join to info_type.

#### 10. `movie_info(movie_id, info_type_id)` — Moderate benefit
The existing `idx_movie_info_movie_id` covers movie_id but adding info_type_id helps the planner filter on info_type_id without additional heap accesses. Many queries (12a-c, 13a-d, 19a-d, 21a-c, 22a-d) join movie_info on both movie_id and info_type_id.

Note: `movie_info(info_type_id, info, movie_id)` could not be built due to the `info` text column exceeding the 8191-byte index row size limit.

#### 11. `keyword(keyword)` — Confirmed beneficial (likely exists as `idx_keyword_keyword`)
Used in nearly every query that involves keyword filtering. Equality and IN-list lookups on keyword text are highly selective.

#### 12. `company_name(country_code)` — Confirmed beneficial (exists as `idx_company_name_country_code`)
Frequently filters company_name by country_code (e.g., '[us]', '[de]', '[ru]', '[jp]').

#### 13. `name(gender, name)` — Moderate benefit
Queries 6a-f, 17a-f, 18a-c, 19a-d filter on gender='f' or gender='m' AND name LIKE pattern. The existing `idx_name_gender` covers the gender bitmap scan; adding `name` as a second column would make prefix-LIKE patterns more selective. However, since most name filters use `%pattern%` (not prefix), this mainly helps when gender is very selective.

### Summary of Cost Reductions
- **movie_info_idx composite**: Up to 79% cost reduction on rating-filtered queries (the biggest win)
- **movie_companies composite**: ~50% cost reduction on company-driven join queries  
- **cast_info composites**: 10–30% improvement on person/role join queries
- Other indexes confirm or reinforce existing access paths

### Indexes NOT recommended (rejected)
- `movie_info(info_type_id, info, movie_id)`: Fails to build — text column exceeds 8191-byte limit
- `title(production_year, kind_id)`: Planner already uses title PK for point lookups; production_year range scans showed no improvement since row filtering happens after joins
- `movie_companies(company_id, movie_id)` alone: Less effective than the 3-column version
",408.466,49.32
4a,"[{""table"": ""movie_info_idx"", ""columns"": [""info_type_id"", ""info"", ""movie_id""]}, {""table"": ""movie_companies"", ""columns"": [""company_id"", ""company_type_id"", ""movie_id""]}, {""table"": ""cast_info"", ""columns"": [""person_id"", ""role_id"", ""movie_id""]}, {""table"": ""cast_info"", ""columns"": [""movie_id"", ""role_id""]}, {""table"": ""aka_name"", ""columns"": [""person_id""]}, {""table"": ""aka_title"", ""columns"": [""movie_id""]}, {""table"": ""complete_cast"", ""columns"": [""movie_id"", ""subject_id"", ""status_id""]}, {""table"": ""movie_link"", ""columns"": [""movie_id"", ""link_type_id""]}, {""table"": ""movie_link"", ""columns"": [""linked_movie_id""]}, {""table"": ""person_info"", ""columns"": [""person_id"", ""info_type_id""]}, {""table"": ""movie_info"", ""columns"": [""movie_id"", ""info_type_id""]}, {""table"": ""keyword"", ""columns"": [""keyword""]}, {""table"": ""company_name"", ""columns"": [""country_code""]}, {""table"": ""name"", ""columns"": [""gender"", ""name""]}]","
## Index Tuning Analysis

### Methodology
I systematically tested candidate indexes against representative queries across the workload (simple to complex), observing actual planner cost estimates with and without each index. The planner already has many indexes in place (noted as `tmp_idx_*` and `idx_*` in the plan output). I focused on identifying indexes that produced measurable cost reductions beyond the existing baseline.

### Key Findings

#### 1. `movie_info_idx(info_type_id, info, movie_id)` — **Highest Impact**
This is the single most impactful index. Many queries filter `movie_info_idx` on both `info_type_id` (equality via join to `info_type`) and `info` (range comparison like `info > '8.0'`, `info < '7.0'`, `info < '8.5'`). Without it, the planner performs a full seq scan of movie_info_idx (~575K rows, cost ~13,718). With this composite index, the planner can do an index-only range scan:
- Query 12a: 10,684 → **2,256** (79% reduction)
- Queries 14a/b/c, 22a-d, 26a/b/c, 28a/b/c all benefit similarly (costs in 3,000–4,500 range vs. 10,000+)
- Queries 4a/b/c (sequel rating queries) also benefit

The `movie_id` trailing column enables index-only scans covering the join predicate.

#### 2. `movie_companies(company_id, company_type_id, movie_id)` — **High Impact**
When queries start from `company_name` (filtered by `country_code`) and need to join to `movie_companies` via `company_id`, the planner currently does a full seq scan of movie_companies (~1.08M rows, cost ~29,695). This index enables nested-loop index lookups:
- Query 10a/b/c: ~43,000 → **~20,000** (planner used `tmp_idx_movie_companies_eb7b56d5` in tests)
- Queries 12a, 13a, 19a (various company join scenarios) also benefit
- The `company_type_id` column helps when both company_id and company_type_id are join/filter predicates, enabling covering lookups for `movie_id`

#### 3. `cast_info(person_id, role_id, movie_id)` — **Medium Impact**
Many complex queries (9a-d, 19a-d, 24a-b, 29a-c) join `cast_info` on `person_id` AND filter on `role_id` (via role_type join). The existing `tmp_idx_cast_info_7101dd25` covers `(person_id, role_id)` which the planner already uses; adding `movie_id` as a covering column eliminates heap lookups for the movie_id join predicate.

#### 4. `cast_info(movie_id, role_id)` — **Medium Impact**
Queries that start from the movie side (e.g., 10a-c, 18a-c) join cast_info on movie_id and filter on role_id. The existing `idx_cast_info_movie_id` only covers movie_id, so role_id filtering requires heap fetches. Adding role_id enables efficient filtered lookups.

#### 5. `aka_name(person_id)` — Confirmed beneficial (likely exists as `idx_aka_name_person_id`)
Used extensively in queries 7a-c, 8a-d, 9a-d, 16a-d, 19a-d, 24a-b, 29a-c. The planner consistently uses this index for nested-loop lookups.

#### 6. `aka_title(movie_id)` — Confirmed beneficial (likely exists as `idx_aka_title_movie_id`)
Used in queries 15a-d. Enables efficient lookup of alternate titles for a given movie_id.

#### 7. `complete_cast(movie_id, subject_id, status_id)` — Confirmed beneficial (likely exists)
Used in all queries 20a-c, 23a-c, 26a-c, 27a-c, 28a-c, 29a-c, 30a-c. Index on movie_id is the primary access path; including subject_id and status_id as covering columns eliminates heap fetches for the two join predicates (cct1.id = cc.subject_id, cct2.id = cc.status_id).

#### 8. `movie_link(movie_id, link_type_id)` and `movie_link(linked_movie_id)` — Confirmed beneficial
Queries 11a-d, 21a-c, 27a-c, 32a-b, 33a-c all join movie_link. The planner uses `tmp_idx_movie_link_0e74da40` for movie_id lookups and `idx_movie_link_linked_movie_id` for linked_movie_id. Adding link_type_id as a covering column helps filter on link_type_id without heap fetches.

#### 9. `person_info(person_id, info_type_id)` — Confirmed beneficial (likely exists as `tmp_idx_person_info_277c0420`)
Used in queries 7a-c, 29a-c. Enables efficient lookup of person info records by person_id, with info_type_id as covering for the join to info_type.

#### 10. `movie_info(movie_id, info_type_id)` — Moderate benefit
The existing `idx_movie_info_movie_id` covers movie_id but adding info_type_id helps the planner filter on info_type_id without additional heap accesses. Many queries (12a-c, 13a-d, 19a-d, 21a-c, 22a-d) join movie_info on both movie_id and info_type_id.

Note: `movie_info(info_type_id, info, movie_id)` could not be built due to the `info` text column exceeding the 8191-byte index row size limit.

#### 11. `keyword(keyword)` — Confirmed beneficial (likely exists as `idx_keyword_keyword`)
Used in nearly every query that involves keyword filtering. Equality and IN-list lookups on keyword text are highly selective.

#### 12. `company_name(country_code)` — Confirmed beneficial (exists as `idx_company_name_country_code`)
Frequently filters company_name by country_code (e.g., '[us]', '[de]', '[ru]', '[jp]').

#### 13. `name(gender, name)` — Moderate benefit
Queries 6a-f, 17a-f, 18a-c, 19a-d filter on gender='f' or gender='m' AND name LIKE pattern. The existing `idx_name_gender` covers the gender bitmap scan; adding `name` as a second column would make prefix-LIKE patterns more selective. However, since most name filters use `%pattern%` (not prefix), this mainly helps when gender is very selective.

### Summary of Cost Reductions
- **movie_info_idx composite**: Up to 79% cost reduction on rating-filtered queries (the biggest win)
- **movie_companies composite**: ~50% cost reduction on company-driven join queries  
- **cast_info composites**: 10–30% improvement on person/role join queries
- Other indexes confirm or reinforce existing access paths

### Indexes NOT recommended (rejected)
- `movie_info(info_type_id, info, movie_id)`: Fails to build — text column exceeds 8191-byte limit
- `title(production_year, kind_id)`: Planner already uses title PK for point lookups; production_year range scans showed no improvement since row filtering happens after joins
- `movie_companies(company_id, movie_id)` alone: Less effective than the 3-column version
",386.406,-35.91
4b,"[{""table"": ""movie_info_idx"", ""columns"": [""info_type_id"", ""info"", ""movie_id""]}, {""table"": ""movie_companies"", ""columns"": [""company_id"", ""company_type_id"", ""movie_id""]}, {""table"": ""cast_info"", ""columns"": [""person_id"", ""role_id"", ""movie_id""]}, {""table"": ""cast_info"", ""columns"": [""movie_id"", ""role_id""]}, {""table"": ""aka_name"", ""columns"": [""person_id""]}, {""table"": ""aka_title"", ""columns"": [""movie_id""]}, {""table"": ""complete_cast"", ""columns"": [""movie_id"", ""subject_id"", ""status_id""]}, {""table"": ""movie_link"", ""columns"": [""movie_id"", ""link_type_id""]}, {""table"": ""movie_link"", ""columns"": [""linked_movie_id""]}, {""table"": ""person_info"", ""columns"": [""person_id"", ""info_type_id""]}, {""table"": ""movie_info"", ""columns"": [""movie_id"", ""info_type_id""]}, {""table"": ""keyword"", ""columns"": [""keyword""]}, {""table"": ""company_name"", ""columns"": [""country_code""]}, {""table"": ""name"", ""columns"": [""gender"", ""name""]}]","
## Index Tuning Analysis

### Methodology
I systematically tested candidate indexes against representative queries across the workload (simple to complex), observing actual planner cost estimates with and without each index. The planner already has many indexes in place (noted as `tmp_idx_*` and `idx_*` in the plan output). I focused on identifying indexes that produced measurable cost reductions beyond the existing baseline.

### Key Findings

#### 1. `movie_info_idx(info_type_id, info, movie_id)` — **Highest Impact**
This is the single most impactful index. Many queries filter `movie_info_idx` on both `info_type_id` (equality via join to `info_type`) and `info` (range comparison like `info > '8.0'`, `info < '7.0'`, `info < '8.5'`). Without it, the planner performs a full seq scan of movie_info_idx (~575K rows, cost ~13,718). With this composite index, the planner can do an index-only range scan:
- Query 12a: 10,684 → **2,256** (79% reduction)
- Queries 14a/b/c, 22a-d, 26a/b/c, 28a/b/c all benefit similarly (costs in 3,000–4,500 range vs. 10,000+)
- Queries 4a/b/c (sequel rating queries) also benefit

The `movie_id` trailing column enables index-only scans covering the join predicate.

#### 2. `movie_companies(company_id, company_type_id, movie_id)` — **High Impact**
When queries start from `company_name` (filtered by `country_code`) and need to join to `movie_companies` via `company_id`, the planner currently does a full seq scan of movie_companies (~1.08M rows, cost ~29,695). This index enables nested-loop index lookups:
- Query 10a/b/c: ~43,000 → **~20,000** (planner used `tmp_idx_movie_companies_eb7b56d5` in tests)
- Queries 12a, 13a, 19a (various company join scenarios) also benefit
- The `company_type_id` column helps when both company_id and company_type_id are join/filter predicates, enabling covering lookups for `movie_id`

#### 3. `cast_info(person_id, role_id, movie_id)` — **Medium Impact**
Many complex queries (9a-d, 19a-d, 24a-b, 29a-c) join `cast_info` on `person_id` AND filter on `role_id` (via role_type join). The existing `tmp_idx_cast_info_7101dd25` covers `(person_id, role_id)` which the planner already uses; adding `movie_id` as a covering column eliminates heap lookups for the movie_id join predicate.

#### 4. `cast_info(movie_id, role_id)` — **Medium Impact**
Queries that start from the movie side (e.g., 10a-c, 18a-c) join cast_info on movie_id and filter on role_id. The existing `idx_cast_info_movie_id` only covers movie_id, so role_id filtering requires heap fetches. Adding role_id enables efficient filtered lookups.

#### 5. `aka_name(person_id)` — Confirmed beneficial (likely exists as `idx_aka_name_person_id`)
Used extensively in queries 7a-c, 8a-d, 9a-d, 16a-d, 19a-d, 24a-b, 29a-c. The planner consistently uses this index for nested-loop lookups.

#### 6. `aka_title(movie_id)` — Confirmed beneficial (likely exists as `idx_aka_title_movie_id`)
Used in queries 15a-d. Enables efficient lookup of alternate titles for a given movie_id.

#### 7. `complete_cast(movie_id, subject_id, status_id)` — Confirmed beneficial (likely exists)
Used in all queries 20a-c, 23a-c, 26a-c, 27a-c, 28a-c, 29a-c, 30a-c. Index on movie_id is the primary access path; including subject_id and status_id as covering columns eliminates heap fetches for the two join predicates (cct1.id = cc.subject_id, cct2.id = cc.status_id).

#### 8. `movie_link(movie_id, link_type_id)` and `movie_link(linked_movie_id)` — Confirmed beneficial
Queries 11a-d, 21a-c, 27a-c, 32a-b, 33a-c all join movie_link. The planner uses `tmp_idx_movie_link_0e74da40` for movie_id lookups and `idx_movie_link_linked_movie_id` for linked_movie_id. Adding link_type_id as a covering column helps filter on link_type_id without heap fetches.

#### 9. `person_info(person_id, info_type_id)` — Confirmed beneficial (likely exists as `tmp_idx_person_info_277c0420`)
Used in queries 7a-c, 29a-c. Enables efficient lookup of person info records by person_id, with info_type_id as covering for the join to info_type.

#### 10. `movie_info(movie_id, info_type_id)` — Moderate benefit
The existing `idx_movie_info_movie_id` covers movie_id but adding info_type_id helps the planner filter on info_type_id without additional heap accesses. Many queries (12a-c, 13a-d, 19a-d, 21a-c, 22a-d) join movie_info on both movie_id and info_type_id.

Note: `movie_info(info_type_id, info, movie_id)` could not be built due to the `info` text column exceeding the 8191-byte index row size limit.

#### 11. `keyword(keyword)` — Confirmed beneficial (likely exists as `idx_keyword_keyword`)
Used in nearly every query that involves keyword filtering. Equality and IN-list lookups on keyword text are highly selective.

#### 12. `company_name(country_code)` — Confirmed beneficial (exists as `idx_company_name_country_code`)
Frequently filters company_name by country_code (e.g., '[us]', '[de]', '[ru]', '[jp]').

#### 13. `name(gender, name)` — Moderate benefit
Queries 6a-f, 17a-f, 18a-c, 19a-d filter on gender='f' or gender='m' AND name LIKE pattern. The existing `idx_name_gender` covers the gender bitmap scan; adding `name` as a second column would make prefix-LIKE patterns more selective. However, since most name filters use `%pattern%` (not prefix), this mainly helps when gender is very selective.

### Summary of Cost Reductions
- **movie_info_idx composite**: Up to 79% cost reduction on rating-filtered queries (the biggest win)
- **movie_companies composite**: ~50% cost reduction on company-driven join queries  
- **cast_info composites**: 10–30% improvement on person/role join queries
- Other indexes confirm or reinforce existing access paths

### Indexes NOT recommended (rejected)
- `movie_info(info_type_id, info, movie_id)`: Fails to build — text column exceeds 8191-byte limit
- `title(production_year, kind_id)`: Planner already uses title PK for point lookups; production_year range scans showed no improvement since row filtering happens after joins
- `movie_companies(company_id, movie_id)` alone: Less effective than the 3-column version
",238.955,-17.18
4c,"[{""table"": ""movie_info_idx"", ""columns"": [""info_type_id"", ""info"", ""movie_id""]}, {""table"": ""movie_companies"", ""columns"": [""company_id"", ""company_type_id"", ""movie_id""]}, {""table"": ""cast_info"", ""columns"": [""person_id"", ""role_id"", ""movie_id""]}, {""table"": ""cast_info"", ""columns"": [""movie_id"", ""role_id""]}, {""table"": ""aka_name"", ""columns"": [""person_id""]}, {""table"": ""aka_title"", ""columns"": [""movie_id""]}, {""table"": ""complete_cast"", ""columns"": [""movie_id"", ""subject_id"", ""status_id""]}, {""table"": ""movie_link"", ""columns"": [""movie_id"", ""link_type_id""]}, {""table"": ""movie_link"", ""columns"": [""linked_movie_id""]}, {""table"": ""person_info"", ""columns"": [""person_id"", ""info_type_id""]}, {""table"": ""movie_info"", ""columns"": [""movie_id"", ""info_type_id""]}, {""table"": ""keyword"", ""columns"": [""keyword""]}, {""table"": ""company_name"", ""columns"": [""country_code""]}, {""table"": ""name"", ""columns"": [""gender"", ""name""]}]","
## Index Tuning Analysis

### Methodology
I systematically tested candidate indexes against representative queries across the workload (simple to complex), observing actual planner cost estimates with and without each index. The planner already has many indexes in place (noted as `tmp_idx_*` and `idx_*` in the plan output). I focused on identifying indexes that produced measurable cost reductions beyond the existing baseline.

### Key Findings

#### 1. `movie_info_idx(info_type_id, info, movie_id)` — **Highest Impact**
This is the single most impactful index. Many queries filter `movie_info_idx` on both `info_type_id` (equality via join to `info_type`) and `info` (range comparison like `info > '8.0'`, `info < '7.0'`, `info < '8.5'`). Without it, the planner performs a full seq scan of movie_info_idx (~575K rows, cost ~13,718). With this composite index, the planner can do an index-only range scan:
- Query 12a: 10,684 → **2,256** (79% reduction)
- Queries 14a/b/c, 22a-d, 26a/b/c, 28a/b/c all benefit similarly (costs in 3,000–4,500 range vs. 10,000+)
- Queries 4a/b/c (sequel rating queries) also benefit

The `movie_id` trailing column enables index-only scans covering the join predicate.

#### 2. `movie_companies(company_id, company_type_id, movie_id)` — **High Impact**
When queries start from `company_name` (filtered by `country_code`) and need to join to `movie_companies` via `company_id`, the planner currently does a full seq scan of movie_companies (~1.08M rows, cost ~29,695). This index enables nested-loop index lookups:
- Query 10a/b/c: ~43,000 → **~20,000** (planner used `tmp_idx_movie_companies_eb7b56d5` in tests)
- Queries 12a, 13a, 19a (various company join scenarios) also benefit
- The `company_type_id` column helps when both company_id and company_type_id are join/filter predicates, enabling covering lookups for `movie_id`

#### 3. `cast_info(person_id, role_id, movie_id)` — **Medium Impact**
Many complex queries (9a-d, 19a-d, 24a-b, 29a-c) join `cast_info` on `person_id` AND filter on `role_id` (via role_type join). The existing `tmp_idx_cast_info_7101dd25` covers `(person_id, role_id)` which the planner already uses; adding `movie_id` as a covering column eliminates heap lookups for the movie_id join predicate.

#### 4. `cast_info(movie_id, role_id)` — **Medium Impact**
Queries that start from the movie side (e.g., 10a-c, 18a-c) join cast_info on movie_id and filter on role_id. The existing `idx_cast_info_movie_id` only covers movie_id, so role_id filtering requires heap fetches. Adding role_id enables efficient filtered lookups.

#### 5. `aka_name(person_id)` — Confirmed beneficial (likely exists as `idx_aka_name_person_id`)
Used extensively in queries 7a-c, 8a-d, 9a-d, 16a-d, 19a-d, 24a-b, 29a-c. The planner consistently uses this index for nested-loop lookups.

#### 6. `aka_title(movie_id)` — Confirmed beneficial (likely exists as `idx_aka_title_movie_id`)
Used in queries 15a-d. Enables efficient lookup of alternate titles for a given movie_id.

#### 7. `complete_cast(movie_id, subject_id, status_id)` — Confirmed beneficial (likely exists)
Used in all queries 20a-c, 23a-c, 26a-c, 27a-c, 28a-c, 29a-c, 30a-c. Index on movie_id is the primary access path; including subject_id and status_id as covering columns eliminates heap fetches for the two join predicates (cct1.id = cc.subject_id, cct2.id = cc.status_id).

#### 8. `movie_link(movie_id, link_type_id)` and `movie_link(linked_movie_id)` — Confirmed beneficial
Queries 11a-d, 21a-c, 27a-c, 32a-b, 33a-c all join movie_link. The planner uses `tmp_idx_movie_link_0e74da40` for movie_id lookups and `idx_movie_link_linked_movie_id` for linked_movie_id. Adding link_type_id as a covering column helps filter on link_type_id without heap fetches.

#### 9. `person_info(person_id, info_type_id)` — Confirmed beneficial (likely exists as `tmp_idx_person_info_277c0420`)
Used in queries 7a-c, 29a-c. Enables efficient lookup of person info records by person_id, with info_type_id as covering for the join to info_type.

#### 10. `movie_info(movie_id, info_type_id)` — Moderate benefit
The existing `idx_movie_info_movie_id` covers movie_id but adding info_type_id helps the planner filter on info_type_id without additional heap accesses. Many queries (12a-c, 13a-d, 19a-d, 21a-c, 22a-d) join movie_info on both movie_id and info_type_id.

Note: `movie_info(info_type_id, info, movie_id)` could not be built due to the `info` text column exceeding the 8191-byte index row size limit.

#### 11. `keyword(keyword)` — Confirmed beneficial (likely exists as `idx_keyword_keyword`)
Used in nearly every query that involves keyword filtering. Equality and IN-list lookups on keyword text are highly selective.

#### 12. `company_name(country_code)` — Confirmed beneficial (exists as `idx_company_name_country_code`)
Frequently filters company_name by country_code (e.g., '[us]', '[de]', '[ru]', '[jp]').

#### 13. `name(gender, name)` — Moderate benefit
Queries 6a-f, 17a-f, 18a-c, 19a-d filter on gender='f' or gender='m' AND name LIKE pattern. The existing `idx_name_gender` covers the gender bitmap scan; adding `name` as a second column would make prefix-LIKE patterns more selective. However, since most name filters use `%pattern%` (not prefix), this mainly helps when gender is very selective.

### Summary of Cost Reductions
- **movie_info_idx composite**: Up to 79% cost reduction on rating-filtered queries (the biggest win)
- **movie_companies composite**: ~50% cost reduction on company-driven join queries  
- **cast_info composites**: 10–30% improvement on person/role join queries
- Other indexes confirm or reinforce existing access paths

### Indexes NOT recommended (rejected)
- `movie_info(info_type_id, info, movie_id)`: Fails to build — text column exceeds 8191-byte limit
- `title(production_year, kind_id)`: Planner already uses title PK for point lookups; production_year range scans showed no improvement since row filtering happens after joins
- `movie_companies(company_id, movie_id)` alone: Less effective than the 3-column version
",443.399,-46.93
5a,"[{""table"": ""movie_info_idx"", ""columns"": [""info_type_id"", ""info"", ""movie_id""]}, {""table"": ""movie_companies"", ""columns"": [""company_id"", ""company_type_id"", ""movie_id""]}, {""table"": ""cast_info"", ""columns"": [""person_id"", ""role_id"", ""movie_id""]}, {""table"": ""cast_info"", ""columns"": [""movie_id"", ""role_id""]}, {""table"": ""aka_name"", ""columns"": [""person_id""]}, {""table"": ""aka_title"", ""columns"": [""movie_id""]}, {""table"": ""complete_cast"", ""columns"": [""movie_id"", ""subject_id"", ""status_id""]}, {""table"": ""movie_link"", ""columns"": [""movie_id"", ""link_type_id""]}, {""table"": ""movie_link"", ""columns"": [""linked_movie_id""]}, {""table"": ""person_info"", ""columns"": [""person_id"", ""info_type_id""]}, {""table"": ""movie_info"", ""columns"": [""movie_id"", ""info_type_id""]}, {""table"": ""keyword"", ""columns"": [""keyword""]}, {""table"": ""company_name"", ""columns"": [""country_code""]}, {""table"": ""name"", ""columns"": [""gender"", ""name""]}]","
## Index Tuning Analysis

### Methodology
I systematically tested candidate indexes against representative queries across the workload (simple to complex), observing actual planner cost estimates with and without each index. The planner already has many indexes in place (noted as `tmp_idx_*` and `idx_*` in the plan output). I focused on identifying indexes that produced measurable cost reductions beyond the existing baseline.

### Key Findings

#### 1. `movie_info_idx(info_type_id, info, movie_id)` — **Highest Impact**
This is the single most impactful index. Many queries filter `movie_info_idx` on both `info_type_id` (equality via join to `info_type`) and `info` (range comparison like `info > '8.0'`, `info < '7.0'`, `info < '8.5'`). Without it, the planner performs a full seq scan of movie_info_idx (~575K rows, cost ~13,718). With this composite index, the planner can do an index-only range scan:
- Query 12a: 10,684 → **2,256** (79% reduction)
- Queries 14a/b/c, 22a-d, 26a/b/c, 28a/b/c all benefit similarly (costs in 3,000–4,500 range vs. 10,000+)
- Queries 4a/b/c (sequel rating queries) also benefit

The `movie_id` trailing column enables index-only scans covering the join predicate.

#### 2. `movie_companies(company_id, company_type_id, movie_id)` — **High Impact**
When queries start from `company_name` (filtered by `country_code`) and need to join to `movie_companies` via `company_id`, the planner currently does a full seq scan of movie_companies (~1.08M rows, cost ~29,695). This index enables nested-loop index lookups:
- Query 10a/b/c: ~43,000 → **~20,000** (planner used `tmp_idx_movie_companies_eb7b56d5` in tests)
- Queries 12a, 13a, 19a (various company join scenarios) also benefit
- The `company_type_id` column helps when both company_id and company_type_id are join/filter predicates, enabling covering lookups for `movie_id`

#### 3. `cast_info(person_id, role_id, movie_id)` — **Medium Impact**
Many complex queries (9a-d, 19a-d, 24a-b, 29a-c) join `cast_info` on `person_id` AND filter on `role_id` (via role_type join). The existing `tmp_idx_cast_info_7101dd25` covers `(person_id, role_id)` which the planner already uses; adding `movie_id` as a covering column eliminates heap lookups for the movie_id join predicate.

#### 4. `cast_info(movie_id, role_id)` — **Medium Impact**
Queries that start from the movie side (e.g., 10a-c, 18a-c) join cast_info on movie_id and filter on role_id. The existing `idx_cast_info_movie_id` only covers movie_id, so role_id filtering requires heap fetches. Adding role_id enables efficient filtered lookups.

#### 5. `aka_name(person_id)` — Confirmed beneficial (likely exists as `idx_aka_name_person_id`)
Used extensively in queries 7a-c, 8a-d, 9a-d, 16a-d, 19a-d, 24a-b, 29a-c. The planner consistently uses this index for nested-loop lookups.

#### 6. `aka_title(movie_id)` — Confirmed beneficial (likely exists as `idx_aka_title_movie_id`)
Used in queries 15a-d. Enables efficient lookup of alternate titles for a given movie_id.

#### 7. `complete_cast(movie_id, subject_id, status_id)` — Confirmed beneficial (likely exists)
Used in all queries 20a-c, 23a-c, 26a-c, 27a-c, 28a-c, 29a-c, 30a-c. Index on movie_id is the primary access path; including subject_id and status_id as covering columns eliminates heap fetches for the two join predicates (cct1.id = cc.subject_id, cct2.id = cc.status_id).

#### 8. `movie_link(movie_id, link_type_id)` and `movie_link(linked_movie_id)` — Confirmed beneficial
Queries 11a-d, 21a-c, 27a-c, 32a-b, 33a-c all join movie_link. The planner uses `tmp_idx_movie_link_0e74da40` for movie_id lookups and `idx_movie_link_linked_movie_id` for linked_movie_id. Adding link_type_id as a covering column helps filter on link_type_id without heap fetches.

#### 9. `person_info(person_id, info_type_id)` — Confirmed beneficial (likely exists as `tmp_idx_person_info_277c0420`)
Used in queries 7a-c, 29a-c. Enables efficient lookup of person info records by person_id, with info_type_id as covering for the join to info_type.

#### 10. `movie_info(movie_id, info_type_id)` — Moderate benefit
The existing `idx_movie_info_movie_id` covers movie_id but adding info_type_id helps the planner filter on info_type_id without additional heap accesses. Many queries (12a-c, 13a-d, 19a-d, 21a-c, 22a-d) join movie_info on both movie_id and info_type_id.

Note: `movie_info(info_type_id, info, movie_id)` could not be built due to the `info` text column exceeding the 8191-byte index row size limit.

#### 11. `keyword(keyword)` — Confirmed beneficial (likely exists as `idx_keyword_keyword`)
Used in nearly every query that involves keyword filtering. Equality and IN-list lookups on keyword text are highly selective.

#### 12. `company_name(country_code)` — Confirmed beneficial (exists as `idx_company_name_country_code`)
Frequently filters company_name by country_code (e.g., '[us]', '[de]', '[ru]', '[jp]').

#### 13. `name(gender, name)` — Moderate benefit
Queries 6a-f, 17a-f, 18a-c, 19a-d filter on gender='f' or gender='m' AND name LIKE pattern. The existing `idx_name_gender` covers the gender bitmap scan; adding `name` as a second column would make prefix-LIKE patterns more selective. However, since most name filters use `%pattern%` (not prefix), this mainly helps when gender is very selective.

### Summary of Cost Reductions
- **movie_info_idx composite**: Up to 79% cost reduction on rating-filtered queries (the biggest win)
- **movie_companies composite**: ~50% cost reduction on company-driven join queries  
- **cast_info composites**: 10–30% improvement on person/role join queries
- Other indexes confirm or reinforce existing access paths

### Indexes NOT recommended (rejected)
- `movie_info(info_type_id, info, movie_id)`: Fails to build — text column exceeds 8191-byte limit
- `title(production_year, kind_id)`: Planner already uses title PK for point lookups; production_year range scans showed no improvement since row filtering happens after joins
- `movie_companies(company_id, movie_id)` alone: Less effective than the 3-column version
",121.644,-28.22
5b,"[{""table"": ""movie_info_idx"", ""columns"": [""info_type_id"", ""info"", ""movie_id""]}, {""table"": ""movie_companies"", ""columns"": [""company_id"", ""company_type_id"", ""movie_id""]}, {""table"": ""cast_info"", ""columns"": [""person_id"", ""role_id"", ""movie_id""]}, {""table"": ""cast_info"", ""columns"": [""movie_id"", ""role_id""]}, {""table"": ""aka_name"", ""columns"": [""person_id""]}, {""table"": ""aka_title"", ""columns"": [""movie_id""]}, {""table"": ""complete_cast"", ""columns"": [""movie_id"", ""subject_id"", ""status_id""]}, {""table"": ""movie_link"", ""columns"": [""movie_id"", ""link_type_id""]}, {""table"": ""movie_link"", ""columns"": [""linked_movie_id""]}, {""table"": ""person_info"", ""columns"": [""person_id"", ""info_type_id""]}, {""table"": ""movie_info"", ""columns"": [""movie_id"", ""info_type_id""]}, {""table"": ""keyword"", ""columns"": [""keyword""]}, {""table"": ""company_name"", ""columns"": [""country_code""]}, {""table"": ""name"", ""columns"": [""gender"", ""name""]}]","
## Index Tuning Analysis

### Methodology
I systematically tested candidate indexes against representative queries across the workload (simple to complex), observing actual planner cost estimates with and without each index. The planner already has many indexes in place (noted as `tmp_idx_*` and `idx_*` in the plan output). I focused on identifying indexes that produced measurable cost reductions beyond the existing baseline.

### Key Findings

#### 1. `movie_info_idx(info_type_id, info, movie_id)` — **Highest Impact**
This is the single most impactful index. Many queries filter `movie_info_idx` on both `info_type_id` (equality via join to `info_type`) and `info` (range comparison like `info > '8.0'`, `info < '7.0'`, `info < '8.5'`). Without it, the planner performs a full seq scan of movie_info_idx (~575K rows, cost ~13,718). With this composite index, the planner can do an index-only range scan:
- Query 12a: 10,684 → **2,256** (79% reduction)
- Queries 14a/b/c, 22a-d, 26a/b/c, 28a/b/c all benefit similarly (costs in 3,000–4,500 range vs. 10,000+)
- Queries 4a/b/c (sequel rating queries) also benefit

The `movie_id` trailing column enables index-only scans covering the join predicate.

#### 2. `movie_companies(company_id, company_type_id, movie_id)` — **High Impact**
When queries start from `company_name` (filtered by `country_code`) and need to join to `movie_companies` via `company_id`, the planner currently does a full seq scan of movie_companies (~1.08M rows, cost ~29,695). This index enables nested-loop index lookups:
- Query 10a/b/c: ~43,000 → **~20,000** (planner used `tmp_idx_movie_companies_eb7b56d5` in tests)
- Queries 12a, 13a, 19a (various company join scenarios) also benefit
- The `company_type_id` column helps when both company_id and company_type_id are join/filter predicates, enabling covering lookups for `movie_id`

#### 3. `cast_info(person_id, role_id, movie_id)` — **Medium Impact**
Many complex queries (9a-d, 19a-d, 24a-b, 29a-c) join `cast_info` on `person_id` AND filter on `role_id` (via role_type join). The existing `tmp_idx_cast_info_7101dd25` covers `(person_id, role_id)` which the planner already uses; adding `movie_id` as a covering column eliminates heap lookups for the movie_id join predicate.

#### 4. `cast_info(movie_id, role_id)` — **Medium Impact**
Queries that start from the movie side (e.g., 10a-c, 18a-c) join cast_info on movie_id and filter on role_id. The existing `idx_cast_info_movie_id` only covers movie_id, so role_id filtering requires heap fetches. Adding role_id enables efficient filtered lookups.

#### 5. `aka_name(person_id)` — Confirmed beneficial (likely exists as `idx_aka_name_person_id`)
Used extensively in queries 7a-c, 8a-d, 9a-d, 16a-d, 19a-d, 24a-b, 29a-c. The planner consistently uses this index for nested-loop lookups.

#### 6. `aka_title(movie_id)` — Confirmed beneficial (likely exists as `idx_aka_title_movie_id`)
Used in queries 15a-d. Enables efficient lookup of alternate titles for a given movie_id.

#### 7. `complete_cast(movie_id, subject_id, status_id)` — Confirmed beneficial (likely exists)
Used in all queries 20a-c, 23a-c, 26a-c, 27a-c, 28a-c, 29a-c, 30a-c. Index on movie_id is the primary access path; including subject_id and status_id as covering columns eliminates heap fetches for the two join predicates (cct1.id = cc.subject_id, cct2.id = cc.status_id).

#### 8. `movie_link(movie_id, link_type_id)` and `movie_link(linked_movie_id)` — Confirmed beneficial
Queries 11a-d, 21a-c, 27a-c, 32a-b, 33a-c all join movie_link. The planner uses `tmp_idx_movie_link_0e74da40` for movie_id lookups and `idx_movie_link_linked_movie_id` for linked_movie_id. Adding link_type_id as a covering column helps filter on link_type_id without heap fetches.

#### 9. `person_info(person_id, info_type_id)` — Confirmed beneficial (likely exists as `tmp_idx_person_info_277c0420`)
Used in queries 7a-c, 29a-c. Enables efficient lookup of person info records by person_id, with info_type_id as covering for the join to info_type.

#### 10. `movie_info(movie_id, info_type_id)` — Moderate benefit
The existing `idx_movie_info_movie_id` covers movie_id but adding info_type_id helps the planner filter on info_type_id without additional heap accesses. Many queries (12a-c, 13a-d, 19a-d, 21a-c, 22a-d) join movie_info on both movie_id and info_type_id.

Note: `movie_info(info_type_id, info, movie_id)` could not be built due to the `info` text column exceeding the 8191-byte index row size limit.

#### 11. `keyword(keyword)` — Confirmed beneficial (likely exists as `idx_keyword_keyword`)
Used in nearly every query that involves keyword filtering. Equality and IN-list lookups on keyword text are highly selective.

#### 12. `company_name(country_code)` — Confirmed beneficial (exists as `idx_company_name_country_code`)
Frequently filters company_name by country_code (e.g., '[us]', '[de]', '[ru]', '[jp]').

#### 13. `name(gender, name)` — Moderate benefit
Queries 6a-f, 17a-f, 18a-c, 19a-d filter on gender='f' or gender='m' AND name LIKE pattern. The existing `idx_name_gender` covers the gender bitmap scan; adding `name` as a second column would make prefix-LIKE patterns more selective. However, since most name filters use `%pattern%` (not prefix), this mainly helps when gender is very selective.

### Summary of Cost Reductions
- **movie_info_idx composite**: Up to 79% cost reduction on rating-filtered queries (the biggest win)
- **movie_companies composite**: ~50% cost reduction on company-driven join queries  
- **cast_info composites**: 10–30% improvement on person/role join queries
- Other indexes confirm or reinforce existing access paths

### Indexes NOT recommended (rejected)
- `movie_info(info_type_id, info, movie_id)`: Fails to build — text column exceeds 8191-byte limit
- `title(production_year, kind_id)`: Planner already uses title PK for point lookups; production_year range scans showed no improvement since row filtering happens after joins
- `movie_companies(company_id, movie_id)` alone: Less effective than the 3-column version
",120.671,-36.09
5c,"[{""table"": ""movie_info_idx"", ""columns"": [""info_type_id"", ""info"", ""movie_id""]}, {""table"": ""movie_companies"", ""columns"": [""company_id"", ""company_type_id"", ""movie_id""]}, {""table"": ""cast_info"", ""columns"": [""person_id"", ""role_id"", ""movie_id""]}, {""table"": ""cast_info"", ""columns"": [""movie_id"", ""role_id""]}, {""table"": ""aka_name"", ""columns"": [""person_id""]}, {""table"": ""aka_title"", ""columns"": [""movie_id""]}, {""table"": ""complete_cast"", ""columns"": [""movie_id"", ""subject_id"", ""status_id""]}, {""table"": ""movie_link"", ""columns"": [""movie_id"", ""link_type_id""]}, {""table"": ""movie_link"", ""columns"": [""linked_movie_id""]}, {""table"": ""person_info"", ""columns"": [""person_id"", ""info_type_id""]}, {""table"": ""movie_info"", ""columns"": [""movie_id"", ""info_type_id""]}, {""table"": ""keyword"", ""columns"": [""keyword""]}, {""table"": ""company_name"", ""columns"": [""country_code""]}, {""table"": ""name"", ""columns"": [""gender"", ""name""]}]","
## Index Tuning Analysis

### Methodology
I systematically tested candidate indexes against representative queries across the workload (simple to complex), observing actual planner cost estimates with and without each index. The planner already has many indexes in place (noted as `tmp_idx_*` and `idx_*` in the plan output). I focused on identifying indexes that produced measurable cost reductions beyond the existing baseline.

### Key Findings

#### 1. `movie_info_idx(info_type_id, info, movie_id)` — **Highest Impact**
This is the single most impactful index. Many queries filter `movie_info_idx` on both `info_type_id` (equality via join to `info_type`) and `info` (range comparison like `info > '8.0'`, `info < '7.0'`, `info < '8.5'`). Without it, the planner performs a full seq scan of movie_info_idx (~575K rows, cost ~13,718). With this composite index, the planner can do an index-only range scan:
- Query 12a: 10,684 → **2,256** (79% reduction)
- Queries 14a/b/c, 22a-d, 26a/b/c, 28a/b/c all benefit similarly (costs in 3,000–4,500 range vs. 10,000+)
- Queries 4a/b/c (sequel rating queries) also benefit

The `movie_id` trailing column enables index-only scans covering the join predicate.

#### 2. `movie_companies(company_id, company_type_id, movie_id)` — **High Impact**
When queries start from `company_name` (filtered by `country_code`) and need to join to `movie_companies` via `company_id`, the planner currently does a full seq scan of movie_companies (~1.08M rows, cost ~29,695). This index enables nested-loop index lookups:
- Query 10a/b/c: ~43,000 → **~20,000** (planner used `tmp_idx_movie_companies_eb7b56d5` in tests)
- Queries 12a, 13a, 19a (various company join scenarios) also benefit
- The `company_type_id` column helps when both company_id and company_type_id are join/filter predicates, enabling covering lookups for `movie_id`

#### 3. `cast_info(person_id, role_id, movie_id)` — **Medium Impact**
Many complex queries (9a-d, 19a-d, 24a-b, 29a-c) join `cast_info` on `person_id` AND filter on `role_id` (via role_type join). The existing `tmp_idx_cast_info_7101dd25` covers `(person_id, role_id)` which the planner already uses; adding `movie_id` as a covering column eliminates heap lookups for the movie_id join predicate.

#### 4. `cast_info(movie_id, role_id)` — **Medium Impact**
Queries that start from the movie side (e.g., 10a-c, 18a-c) join cast_info on movie_id and filter on role_id. The existing `idx_cast_info_movie_id` only covers movie_id, so role_id filtering requires heap fetches. Adding role_id enables efficient filtered lookups.

#### 5. `aka_name(person_id)` — Confirmed beneficial (likely exists as `idx_aka_name_person_id`)
Used extensively in queries 7a-c, 8a-d, 9a-d, 16a-d, 19a-d, 24a-b, 29a-c. The planner consistently uses this index for nested-loop lookups.

#### 6. `aka_title(movie_id)` — Confirmed beneficial (likely exists as `idx_aka_title_movie_id`)
Used in queries 15a-d. Enables efficient lookup of alternate titles for a given movie_id.

#### 7. `complete_cast(movie_id, subject_id, status_id)` — Confirmed beneficial (likely exists)
Used in all queries 20a-c, 23a-c, 26a-c, 27a-c, 28a-c, 29a-c, 30a-c. Index on movie_id is the primary access path; including subject_id and status_id as covering columns eliminates heap fetches for the two join predicates (cct1.id = cc.subject_id, cct2.id = cc.status_id).

#### 8. `movie_link(movie_id, link_type_id)` and `movie_link(linked_movie_id)` — Confirmed beneficial
Queries 11a-d, 21a-c, 27a-c, 32a-b, 33a-c all join movie_link. The planner uses `tmp_idx_movie_link_0e74da40` for movie_id lookups and `idx_movie_link_linked_movie_id` for linked_movie_id. Adding link_type_id as a covering column helps filter on link_type_id without heap fetches.

#### 9. `person_info(person_id, info_type_id)` — Confirmed beneficial (likely exists as `tmp_idx_person_info_277c0420`)
Used in queries 7a-c, 29a-c. Enables efficient lookup of person info records by person_id, with info_type_id as covering for the join to info_type.

#### 10. `movie_info(movie_id, info_type_id)` — Moderate benefit
The existing `idx_movie_info_movie_id` covers movie_id but adding info_type_id helps the planner filter on info_type_id without additional heap accesses. Many queries (12a-c, 13a-d, 19a-d, 21a-c, 22a-d) join movie_info on both movie_id and info_type_id.

Note: `movie_info(info_type_id, info, movie_id)` could not be built due to the `info` text column exceeding the 8191-byte index row size limit.

#### 11. `keyword(keyword)` — Confirmed beneficial (likely exists as `idx_keyword_keyword`)
Used in nearly every query that involves keyword filtering. Equality and IN-list lookups on keyword text are highly selective.

#### 12. `company_name(country_code)` — Confirmed beneficial (exists as `idx_company_name_country_code`)
Frequently filters company_name by country_code (e.g., '[us]', '[de]', '[ru]', '[jp]').

#### 13. `name(gender, name)` — Moderate benefit
Queries 6a-f, 17a-f, 18a-c, 19a-d filter on gender='f' or gender='m' AND name LIKE pattern. The existing `idx_name_gender` covers the gender bitmap scan; adding `name` as a second column would make prefix-LIKE patterns more selective. However, since most name filters use `%pattern%` (not prefix), this mainly helps when gender is very selective.

### Summary of Cost Reductions
- **movie_info_idx composite**: Up to 79% cost reduction on rating-filtered queries (the biggest win)
- **movie_companies composite**: ~50% cost reduction on company-driven join queries  
- **cast_info composites**: 10–30% improvement on person/role join queries
- Other indexes confirm or reinforce existing access paths

### Indexes NOT recommended (rejected)
- `movie_info(info_type_id, info, movie_id)`: Fails to build — text column exceeds 8191-byte limit
- `title(production_year, kind_id)`: Planner already uses title PK for point lookups; production_year range scans showed no improvement since row filtering happens after joins
- `movie_companies(company_id, movie_id)` alone: Less effective than the 3-column version
",174.079,74.4
6a,"[{""table"": ""movie_info_idx"", ""columns"": [""info_type_id"", ""info"", ""movie_id""]}, {""table"": ""movie_companies"", ""columns"": [""company_id"", ""company_type_id"", ""movie_id""]}, {""table"": ""cast_info"", ""columns"": [""person_id"", ""role_id"", ""movie_id""]}, {""table"": ""cast_info"", ""columns"": [""movie_id"", ""role_id""]}, {""table"": ""aka_name"", ""columns"": [""person_id""]}, {""table"": ""aka_title"", ""columns"": [""movie_id""]}, {""table"": ""complete_cast"", ""columns"": [""movie_id"", ""subject_id"", ""status_id""]}, {""table"": ""movie_link"", ""columns"": [""movie_id"", ""link_type_id""]}, {""table"": ""movie_link"", ""columns"": [""linked_movie_id""]}, {""table"": ""person_info"", ""columns"": [""person_id"", ""info_type_id""]}, {""table"": ""movie_info"", ""columns"": [""movie_id"", ""info_type_id""]}, {""table"": ""keyword"", ""columns"": [""keyword""]}, {""table"": ""company_name"", ""columns"": [""country_code""]}, {""table"": ""name"", ""columns"": [""gender"", ""name""]}]","
## Index Tuning Analysis

### Methodology
I systematically tested candidate indexes against representative queries across the workload (simple to complex), observing actual planner cost estimates with and without each index. The planner already has many indexes in place (noted as `tmp_idx_*` and `idx_*` in the plan output). I focused on identifying indexes that produced measurable cost reductions beyond the existing baseline.

### Key Findings

#### 1. `movie_info_idx(info_type_id, info, movie_id)` — **Highest Impact**
This is the single most impactful index. Many queries filter `movie_info_idx` on both `info_type_id` (equality via join to `info_type`) and `info` (range comparison like `info > '8.0'`, `info < '7.0'`, `info < '8.5'`). Without it, the planner performs a full seq scan of movie_info_idx (~575K rows, cost ~13,718). With this composite index, the planner can do an index-only range scan:
- Query 12a: 10,684 → **2,256** (79% reduction)
- Queries 14a/b/c, 22a-d, 26a/b/c, 28a/b/c all benefit similarly (costs in 3,000–4,500 range vs. 10,000+)
- Queries 4a/b/c (sequel rating queries) also benefit

The `movie_id` trailing column enables index-only scans covering the join predicate.

#### 2. `movie_companies(company_id, company_type_id, movie_id)` — **High Impact**
When queries start from `company_name` (filtered by `country_code`) and need to join to `movie_companies` via `company_id`, the planner currently does a full seq scan of movie_companies (~1.08M rows, cost ~29,695). This index enables nested-loop index lookups:
- Query 10a/b/c: ~43,000 → **~20,000** (planner used `tmp_idx_movie_companies_eb7b56d5` in tests)
- Queries 12a, 13a, 19a (various company join scenarios) also benefit
- The `company_type_id` column helps when both company_id and company_type_id are join/filter predicates, enabling covering lookups for `movie_id`

#### 3. `cast_info(person_id, role_id, movie_id)` — **Medium Impact**
Many complex queries (9a-d, 19a-d, 24a-b, 29a-c) join `cast_info` on `person_id` AND filter on `role_id` (via role_type join). The existing `tmp_idx_cast_info_7101dd25` covers `(person_id, role_id)` which the planner already uses; adding `movie_id` as a covering column eliminates heap lookups for the movie_id join predicate.

#### 4. `cast_info(movie_id, role_id)` — **Medium Impact**
Queries that start from the movie side (e.g., 10a-c, 18a-c) join cast_info on movie_id and filter on role_id. The existing `idx_cast_info_movie_id` only covers movie_id, so role_id filtering requires heap fetches. Adding role_id enables efficient filtered lookups.

#### 5. `aka_name(person_id)` — Confirmed beneficial (likely exists as `idx_aka_name_person_id`)
Used extensively in queries 7a-c, 8a-d, 9a-d, 16a-d, 19a-d, 24a-b, 29a-c. The planner consistently uses this index for nested-loop lookups.

#### 6. `aka_title(movie_id)` — Confirmed beneficial (likely exists as `idx_aka_title_movie_id`)
Used in queries 15a-d. Enables efficient lookup of alternate titles for a given movie_id.

#### 7. `complete_cast(movie_id, subject_id, status_id)` — Confirmed beneficial (likely exists)
Used in all queries 20a-c, 23a-c, 26a-c, 27a-c, 28a-c, 29a-c, 30a-c. Index on movie_id is the primary access path; including subject_id and status_id as covering columns eliminates heap fetches for the two join predicates (cct1.id = cc.subject_id, cct2.id = cc.status_id).

#### 8. `movie_link(movie_id, link_type_id)` and `movie_link(linked_movie_id)` — Confirmed beneficial
Queries 11a-d, 21a-c, 27a-c, 32a-b, 33a-c all join movie_link. The planner uses `tmp_idx_movie_link_0e74da40` for movie_id lookups and `idx_movie_link_linked_movie_id` for linked_movie_id. Adding link_type_id as a covering column helps filter on link_type_id without heap fetches.

#### 9. `person_info(person_id, info_type_id)` — Confirmed beneficial (likely exists as `tmp_idx_person_info_277c0420`)
Used in queries 7a-c, 29a-c. Enables efficient lookup of person info records by person_id, with info_type_id as covering for the join to info_type.

#### 10. `movie_info(movie_id, info_type_id)` — Moderate benefit
The existing `idx_movie_info_movie_id` covers movie_id but adding info_type_id helps the planner filter on info_type_id without additional heap accesses. Many queries (12a-c, 13a-d, 19a-d, 21a-c, 22a-d) join movie_info on both movie_id and info_type_id.

Note: `movie_info(info_type_id, info, movie_id)` could not be built due to the `info` text column exceeding the 8191-byte index row size limit.

#### 11. `keyword(keyword)` — Confirmed beneficial (likely exists as `idx_keyword_keyword`)
Used in nearly every query that involves keyword filtering. Equality and IN-list lookups on keyword text are highly selective.

#### 12. `company_name(country_code)` — Confirmed beneficial (exists as `idx_company_name_country_code`)
Frequently filters company_name by country_code (e.g., '[us]', '[de]', '[ru]', '[jp]').

#### 13. `name(gender, name)` — Moderate benefit
Queries 6a-f, 17a-f, 18a-c, 19a-d filter on gender='f' or gender='m' AND name LIKE pattern. The existing `idx_name_gender` covers the gender bitmap scan; adding `name` as a second column would make prefix-LIKE patterns more selective. However, since most name filters use `%pattern%` (not prefix), this mainly helps when gender is very selective.

### Summary of Cost Reductions
- **movie_info_idx composite**: Up to 79% cost reduction on rating-filtered queries (the biggest win)
- **movie_companies composite**: ~50% cost reduction on company-driven join queries  
- **cast_info composites**: 10–30% improvement on person/role join queries
- Other indexes confirm or reinforce existing access paths

### Indexes NOT recommended (rejected)
- `movie_info(info_type_id, info, movie_id)`: Fails to build — text column exceeds 8191-byte limit
- `title(production_year, kind_id)`: Planner already uses title PK for point lookups; production_year range scans showed no improvement since row filtering happens after joins
- `movie_companies(company_id, movie_id)` alone: Less effective than the 3-column version
",251.766,83.4
6b,"[{""table"": ""movie_info_idx"", ""columns"": [""info_type_id"", ""info"", ""movie_id""]}, {""table"": ""movie_companies"", ""columns"": [""company_id"", ""company_type_id"", ""movie_id""]}, {""table"": ""cast_info"", ""columns"": [""person_id"", ""role_id"", ""movie_id""]}, {""table"": ""cast_info"", ""columns"": [""movie_id"", ""role_id""]}, {""table"": ""aka_name"", ""columns"": [""person_id""]}, {""table"": ""aka_title"", ""columns"": [""movie_id""]}, {""table"": ""complete_cast"", ""columns"": [""movie_id"", ""subject_id"", ""status_id""]}, {""table"": ""movie_link"", ""columns"": [""movie_id"", ""link_type_id""]}, {""table"": ""movie_link"", ""columns"": [""linked_movie_id""]}, {""table"": ""person_info"", ""columns"": [""person_id"", ""info_type_id""]}, {""table"": ""movie_info"", ""columns"": [""movie_id"", ""info_type_id""]}, {""table"": ""keyword"", ""columns"": [""keyword""]}, {""table"": ""company_name"", ""columns"": [""country_code""]}, {""table"": ""name"", ""columns"": [""gender"", ""name""]}]","
## Index Tuning Analysis

### Methodology
I systematically tested candidate indexes against representative queries across the workload (simple to complex), observing actual planner cost estimates with and without each index. The planner already has many indexes in place (noted as `tmp_idx_*` and `idx_*` in the plan output). I focused on identifying indexes that produced measurable cost reductions beyond the existing baseline.

### Key Findings

#### 1. `movie_info_idx(info_type_id, info, movie_id)` — **Highest Impact**
This is the single most impactful index. Many queries filter `movie_info_idx` on both `info_type_id` (equality via join to `info_type`) and `info` (range comparison like `info > '8.0'`, `info < '7.0'`, `info < '8.5'`). Without it, the planner performs a full seq scan of movie_info_idx (~575K rows, cost ~13,718). With this composite index, the planner can do an index-only range scan:
- Query 12a: 10,684 → **2,256** (79% reduction)
- Queries 14a/b/c, 22a-d, 26a/b/c, 28a/b/c all benefit similarly (costs in 3,000–4,500 range vs. 10,000+)
- Queries 4a/b/c (sequel rating queries) also benefit

The `movie_id` trailing column enables index-only scans covering the join predicate.

#### 2. `movie_companies(company_id, company_type_id, movie_id)` — **High Impact**
When queries start from `company_name` (filtered by `country_code`) and need to join to `movie_companies` via `company_id`, the planner currently does a full seq scan of movie_companies (~1.08M rows, cost ~29,695). This index enables nested-loop index lookups:
- Query 10a/b/c: ~43,000 → **~20,000** (planner used `tmp_idx_movie_companies_eb7b56d5` in tests)
- Queries 12a, 13a, 19a (various company join scenarios) also benefit
- The `company_type_id` column helps when both company_id and company_type_id are join/filter predicates, enabling covering lookups for `movie_id`

#### 3. `cast_info(person_id, role_id, movie_id)` — **Medium Impact**
Many complex queries (9a-d, 19a-d, 24a-b, 29a-c) join `cast_info` on `person_id` AND filter on `role_id` (via role_type join). The existing `tmp_idx_cast_info_7101dd25` covers `(person_id, role_id)` which the planner already uses; adding `movie_id` as a covering column eliminates heap lookups for the movie_id join predicate.

#### 4. `cast_info(movie_id, role_id)` — **Medium Impact**
Queries that start from the movie side (e.g., 10a-c, 18a-c) join cast_info on movie_id and filter on role_id. The existing `idx_cast_info_movie_id` only covers movie_id, so role_id filtering requires heap fetches. Adding role_id enables efficient filtered lookups.

#### 5. `aka_name(person_id)` — Confirmed beneficial (likely exists as `idx_aka_name_person_id`)
Used extensively in queries 7a-c, 8a-d, 9a-d, 16a-d, 19a-d, 24a-b, 29a-c. The planner consistently uses this index for nested-loop lookups.

#### 6. `aka_title(movie_id)` — Confirmed beneficial (likely exists as `idx_aka_title_movie_id`)
Used in queries 15a-d. Enables efficient lookup of alternate titles for a given movie_id.

#### 7. `complete_cast(movie_id, subject_id, status_id)` — Confirmed beneficial (likely exists)
Used in all queries 20a-c, 23a-c, 26a-c, 27a-c, 28a-c, 29a-c, 30a-c. Index on movie_id is the primary access path; including subject_id and status_id as covering columns eliminates heap fetches for the two join predicates (cct1.id = cc.subject_id, cct2.id = cc.status_id).

#### 8. `movie_link(movie_id, link_type_id)` and `movie_link(linked_movie_id)` — Confirmed beneficial
Queries 11a-d, 21a-c, 27a-c, 32a-b, 33a-c all join movie_link. The planner uses `tmp_idx_movie_link_0e74da40` for movie_id lookups and `idx_movie_link_linked_movie_id` for linked_movie_id. Adding link_type_id as a covering column helps filter on link_type_id without heap fetches.

#### 9. `person_info(person_id, info_type_id)` — Confirmed beneficial (likely exists as `tmp_idx_person_info_277c0420`)
Used in queries 7a-c, 29a-c. Enables efficient lookup of person info records by person_id, with info_type_id as covering for the join to info_type.

#### 10. `movie_info(movie_id, info_type_id)` — Moderate benefit
The existing `idx_movie_info_movie_id` covers movie_id but adding info_type_id helps the planner filter on info_type_id without additional heap accesses. Many queries (12a-c, 13a-d, 19a-d, 21a-c, 22a-d) join movie_info on both movie_id and info_type_id.

Note: `movie_info(info_type_id, info, movie_id)` could not be built due to the `info` text column exceeding the 8191-byte index row size limit.

#### 11. `keyword(keyword)` — Confirmed beneficial (likely exists as `idx_keyword_keyword`)
Used in nearly every query that involves keyword filtering. Equality and IN-list lookups on keyword text are highly selective.

#### 12. `company_name(country_code)` — Confirmed beneficial (exists as `idx_company_name_country_code`)
Frequently filters company_name by country_code (e.g., '[us]', '[de]', '[ru]', '[jp]').

#### 13. `name(gender, name)` — Moderate benefit
Queries 6a-f, 17a-f, 18a-c, 19a-d filter on gender='f' or gender='m' AND name LIKE pattern. The existing `idx_name_gender` covers the gender bitmap scan; adding `name` as a second column would make prefix-LIKE patterns more selective. However, since most name filters use `%pattern%` (not prefix), this mainly helps when gender is very selective.

### Summary of Cost Reductions
- **movie_info_idx composite**: Up to 79% cost reduction on rating-filtered queries (the biggest win)
- **movie_companies composite**: ~50% cost reduction on company-driven join queries  
- **cast_info composites**: 10–30% improvement on person/role join queries
- Other indexes confirm or reinforce existing access paths

### Indexes NOT recommended (rejected)
- `movie_info(info_type_id, info, movie_id)`: Fails to build — text column exceeds 8191-byte limit
- `title(production_year, kind_id)`: Planner already uses title PK for point lookups; production_year range scans showed no improvement since row filtering happens after joins
- `movie_companies(company_id, movie_id)` alone: Less effective than the 3-column version
",365.348,76.48
6c,"[{""table"": ""movie_info_idx"", ""columns"": [""info_type_id"", ""info"", ""movie_id""]}, {""table"": ""movie_companies"", ""columns"": [""company_id"", ""company_type_id"", ""movie_id""]}, {""table"": ""cast_info"", ""columns"": [""person_id"", ""role_id"", ""movie_id""]}, {""table"": ""cast_info"", ""columns"": [""movie_id"", ""role_id""]}, {""table"": ""aka_name"", ""columns"": [""person_id""]}, {""table"": ""aka_title"", ""columns"": [""movie_id""]}, {""table"": ""complete_cast"", ""columns"": [""movie_id"", ""subject_id"", ""status_id""]}, {""table"": ""movie_link"", ""columns"": [""movie_id"", ""link_type_id""]}, {""table"": ""movie_link"", ""columns"": [""linked_movie_id""]}, {""table"": ""person_info"", ""columns"": [""person_id"", ""info_type_id""]}, {""table"": ""movie_info"", ""columns"": [""movie_id"", ""info_type_id""]}, {""table"": ""keyword"", ""columns"": [""keyword""]}, {""table"": ""company_name"", ""columns"": [""country_code""]}, {""table"": ""name"", ""columns"": [""gender"", ""name""]}]","
## Index Tuning Analysis

### Methodology
I systematically tested candidate indexes against representative queries across the workload (simple to complex), observing actual planner cost estimates with and without each index. The planner already has many indexes in place (noted as `tmp_idx_*` and `idx_*` in the plan output). I focused on identifying indexes that produced measurable cost reductions beyond the existing baseline.

### Key Findings

#### 1. `movie_info_idx(info_type_id, info, movie_id)` — **Highest Impact**
This is the single most impactful index. Many queries filter `movie_info_idx` on both `info_type_id` (equality via join to `info_type`) and `info` (range comparison like `info > '8.0'`, `info < '7.0'`, `info < '8.5'`). Without it, the planner performs a full seq scan of movie_info_idx (~575K rows, cost ~13,718). With this composite index, the planner can do an index-only range scan:
- Query 12a: 10,684 → **2,256** (79% reduction)
- Queries 14a/b/c, 22a-d, 26a/b/c, 28a/b/c all benefit similarly (costs in 3,000–4,500 range vs. 10,000+)
- Queries 4a/b/c (sequel rating queries) also benefit

The `movie_id` trailing column enables index-only scans covering the join predicate.

#### 2. `movie_companies(company_id, company_type_id, movie_id)` — **High Impact**
When queries start from `company_name` (filtered by `country_code`) and need to join to `movie_companies` via `company_id`, the planner currently does a full seq scan of movie_companies (~1.08M rows, cost ~29,695). This index enables nested-loop index lookups:
- Query 10a/b/c: ~43,000 → **~20,000** (planner used `tmp_idx_movie_companies_eb7b56d5` in tests)
- Queries 12a, 13a, 19a (various company join scenarios) also benefit
- The `company_type_id` column helps when both company_id and company_type_id are join/filter predicates, enabling covering lookups for `movie_id`

#### 3. `cast_info(person_id, role_id, movie_id)` — **Medium Impact**
Many complex queries (9a-d, 19a-d, 24a-b, 29a-c) join `cast_info` on `person_id` AND filter on `role_id` (via role_type join). The existing `tmp_idx_cast_info_7101dd25` covers `(person_id, role_id)` which the planner already uses; adding `movie_id` as a covering column eliminates heap lookups for the movie_id join predicate.

#### 4. `cast_info(movie_id, role_id)` — **Medium Impact**
Queries that start from the movie side (e.g., 10a-c, 18a-c) join cast_info on movie_id and filter on role_id. The existing `idx_cast_info_movie_id` only covers movie_id, so role_id filtering requires heap fetches. Adding role_id enables efficient filtered lookups.

#### 5. `aka_name(person_id)` — Confirmed beneficial (likely exists as `idx_aka_name_person_id`)
Used extensively in queries 7a-c, 8a-d, 9a-d, 16a-d, 19a-d, 24a-b, 29a-c. The planner consistently uses this index for nested-loop lookups.

#### 6. `aka_title(movie_id)` — Confirmed beneficial (likely exists as `idx_aka_title_movie_id`)
Used in queries 15a-d. Enables efficient lookup of alternate titles for a given movie_id.

#### 7. `complete_cast(movie_id, subject_id, status_id)` — Confirmed beneficial (likely exists)
Used in all queries 20a-c, 23a-c, 26a-c, 27a-c, 28a-c, 29a-c, 30a-c. Index on movie_id is the primary access path; including subject_id and status_id as covering columns eliminates heap fetches for the two join predicates (cct1.id = cc.subject_id, cct2.id = cc.status_id).

#### 8. `movie_link(movie_id, link_type_id)` and `movie_link(linked_movie_id)` — Confirmed beneficial
Queries 11a-d, 21a-c, 27a-c, 32a-b, 33a-c all join movie_link. The planner uses `tmp_idx_movie_link_0e74da40` for movie_id lookups and `idx_movie_link_linked_movie_id` for linked_movie_id. Adding link_type_id as a covering column helps filter on link_type_id without heap fetches.

#### 9. `person_info(person_id, info_type_id)` — Confirmed beneficial (likely exists as `tmp_idx_person_info_277c0420`)
Used in queries 7a-c, 29a-c. Enables efficient lookup of person info records by person_id, with info_type_id as covering for the join to info_type.

#### 10. `movie_info(movie_id, info_type_id)` — Moderate benefit
The existing `idx_movie_info_movie_id` covers movie_id but adding info_type_id helps the planner filter on info_type_id without additional heap accesses. Many queries (12a-c, 13a-d, 19a-d, 21a-c, 22a-d) join movie_info on both movie_id and info_type_id.

Note: `movie_info(info_type_id, info, movie_id)` could not be built due to the `info` text column exceeding the 8191-byte index row size limit.

#### 11. `keyword(keyword)` — Confirmed beneficial (likely exists as `idx_keyword_keyword`)
Used in nearly every query that involves keyword filtering. Equality and IN-list lookups on keyword text are highly selective.

#### 12. `company_name(country_code)` — Confirmed beneficial (exists as `idx_company_name_country_code`)
Frequently filters company_name by country_code (e.g., '[us]', '[de]', '[ru]', '[jp]').

#### 13. `name(gender, name)` — Moderate benefit
Queries 6a-f, 17a-f, 18a-c, 19a-d filter on gender='f' or gender='m' AND name LIKE pattern. The existing `idx_name_gender` covers the gender bitmap scan; adding `name` as a second column would make prefix-LIKE patterns more selective. However, since most name filters use `%pattern%` (not prefix), this mainly helps when gender is very selective.

### Summary of Cost Reductions
- **movie_info_idx composite**: Up to 79% cost reduction on rating-filtered queries (the biggest win)
- **movie_companies composite**: ~50% cost reduction on company-driven join queries  
- **cast_info composites**: 10–30% improvement on person/role join queries
- Other indexes confirm or reinforce existing access paths

### Indexes NOT recommended (rejected)
- `movie_info(info_type_id, info, movie_id)`: Fails to build — text column exceeds 8191-byte limit
- `title(production_year, kind_id)`: Planner already uses title PK for point lookups; production_year range scans showed no improvement since row filtering happens after joins
- `movie_companies(company_id, movie_id)` alone: Less effective than the 3-column version
",238.946,84.2
6d,"[{""table"": ""movie_info_idx"", ""columns"": [""info_type_id"", ""info"", ""movie_id""]}, {""table"": ""movie_companies"", ""columns"": [""company_id"", ""company_type_id"", ""movie_id""]}, {""table"": ""cast_info"", ""columns"": [""person_id"", ""role_id"", ""movie_id""]}, {""table"": ""cast_info"", ""columns"": [""movie_id"", ""role_id""]}, {""table"": ""aka_name"", ""columns"": [""person_id""]}, {""table"": ""aka_title"", ""columns"": [""movie_id""]}, {""table"": ""complete_cast"", ""columns"": [""movie_id"", ""subject_id"", ""status_id""]}, {""table"": ""movie_link"", ""columns"": [""movie_id"", ""link_type_id""]}, {""table"": ""movie_link"", ""columns"": [""linked_movie_id""]}, {""table"": ""person_info"", ""columns"": [""person_id"", ""info_type_id""]}, {""table"": ""movie_info"", ""columns"": [""movie_id"", ""info_type_id""]}, {""table"": ""keyword"", ""columns"": [""keyword""]}, {""table"": ""company_name"", ""columns"": [""country_code""]}, {""table"": ""name"", ""columns"": [""gender"", ""name""]}]","
## Index Tuning Analysis

### Methodology
I systematically tested candidate indexes against representative queries across the workload (simple to complex), observing actual planner cost estimates with and without each index. The planner already has many indexes in place (noted as `tmp_idx_*` and `idx_*` in the plan output). I focused on identifying indexes that produced measurable cost reductions beyond the existing baseline.

### Key Findings

#### 1. `movie_info_idx(info_type_id, info, movie_id)` — **Highest Impact**
This is the single most impactful index. Many queries filter `movie_info_idx` on both `info_type_id` (equality via join to `info_type`) and `info` (range comparison like `info > '8.0'`, `info < '7.0'`, `info < '8.5'`). Without it, the planner performs a full seq scan of movie_info_idx (~575K rows, cost ~13,718). With this composite index, the planner can do an index-only range scan:
- Query 12a: 10,684 → **2,256** (79% reduction)
- Queries 14a/b/c, 22a-d, 26a/b/c, 28a/b/c all benefit similarly (costs in 3,000–4,500 range vs. 10,000+)
- Queries 4a/b/c (sequel rating queries) also benefit

The `movie_id` trailing column enables index-only scans covering the join predicate.

#### 2. `movie_companies(company_id, company_type_id, movie_id)` — **High Impact**
When queries start from `company_name` (filtered by `country_code`) and need to join to `movie_companies` via `company_id`, the planner currently does a full seq scan of movie_companies (~1.08M rows, cost ~29,695). This index enables nested-loop index lookups:
- Query 10a/b/c: ~43,000 → **~20,000** (planner used `tmp_idx_movie_companies_eb7b56d5` in tests)
- Queries 12a, 13a, 19a (various company join scenarios) also benefit
- The `company_type_id` column helps when both company_id and company_type_id are join/filter predicates, enabling covering lookups for `movie_id`

#### 3. `cast_info(person_id, role_id, movie_id)` — **Medium Impact**
Many complex queries (9a-d, 19a-d, 24a-b, 29a-c) join `cast_info` on `person_id` AND filter on `role_id` (via role_type join). The existing `tmp_idx_cast_info_7101dd25` covers `(person_id, role_id)` which the planner already uses; adding `movie_id` as a covering column eliminates heap lookups for the movie_id join predicate.

#### 4. `cast_info(movie_id, role_id)` — **Medium Impact**
Queries that start from the movie side (e.g., 10a-c, 18a-c) join cast_info on movie_id and filter on role_id. The existing `idx_cast_info_movie_id` only covers movie_id, so role_id filtering requires heap fetches. Adding role_id enables efficient filtered lookups.

#### 5. `aka_name(person_id)` — Confirmed beneficial (likely exists as `idx_aka_name_person_id`)
Used extensively in queries 7a-c, 8a-d, 9a-d, 16a-d, 19a-d, 24a-b, 29a-c. The planner consistently uses this index for nested-loop lookups.

#### 6. `aka_title(movie_id)` — Confirmed beneficial (likely exists as `idx_aka_title_movie_id`)
Used in queries 15a-d. Enables efficient lookup of alternate titles for a given movie_id.

#### 7. `complete_cast(movie_id, subject_id, status_id)` — Confirmed beneficial (likely exists)
Used in all queries 20a-c, 23a-c, 26a-c, 27a-c, 28a-c, 29a-c, 30a-c. Index on movie_id is the primary access path; including subject_id and status_id as covering columns eliminates heap fetches for the two join predicates (cct1.id = cc.subject_id, cct2.id = cc.status_id).

#### 8. `movie_link(movie_id, link_type_id)` and `movie_link(linked_movie_id)` — Confirmed beneficial
Queries 11a-d, 21a-c, 27a-c, 32a-b, 33a-c all join movie_link. The planner uses `tmp_idx_movie_link_0e74da40` for movie_id lookups and `idx_movie_link_linked_movie_id` for linked_movie_id. Adding link_type_id as a covering column helps filter on link_type_id without heap fetches.

#### 9. `person_info(person_id, info_type_id)` — Confirmed beneficial (likely exists as `tmp_idx_person_info_277c0420`)
Used in queries 7a-c, 29a-c. Enables efficient lookup of person info records by person_id, with info_type_id as covering for the join to info_type.

#### 10. `movie_info(movie_id, info_type_id)` — Moderate benefit
The existing `idx_movie_info_movie_id` covers movie_id but adding info_type_id helps the planner filter on info_type_id without additional heap accesses. Many queries (12a-c, 13a-d, 19a-d, 21a-c, 22a-d) join movie_info on both movie_id and info_type_id.

Note: `movie_info(info_type_id, info, movie_id)` could not be built due to the `info` text column exceeding the 8191-byte index row size limit.

#### 11. `keyword(keyword)` — Confirmed beneficial (likely exists as `idx_keyword_keyword`)
Used in nearly every query that involves keyword filtering. Equality and IN-list lookups on keyword text are highly selective.

#### 12. `company_name(country_code)` — Confirmed beneficial (exists as `idx_company_name_country_code`)
Frequently filters company_name by country_code (e.g., '[us]', '[de]', '[ru]', '[jp]').

#### 13. `name(gender, name)` — Moderate benefit
Queries 6a-f, 17a-f, 18a-c, 19a-d filter on gender='f' or gender='m' AND name LIKE pattern. The existing `idx_name_gender` covers the gender bitmap scan; adding `name` as a second column would make prefix-LIKE patterns more selective. However, since most name filters use `%pattern%` (not prefix), this mainly helps when gender is very selective.

### Summary of Cost Reductions
- **movie_info_idx composite**: Up to 79% cost reduction on rating-filtered queries (the biggest win)
- **movie_companies composite**: ~50% cost reduction on company-driven join queries  
- **cast_info composites**: 10–30% improvement on person/role join queries
- Other indexes confirm or reinforce existing access paths

### Indexes NOT recommended (rejected)
- `movie_info(info_type_id, info, movie_id)`: Fails to build — text column exceeds 8191-byte limit
- `title(production_year, kind_id)`: Planner already uses title PK for point lookups; production_year range scans showed no improvement since row filtering happens after joins
- `movie_companies(company_id, movie_id)` alone: Less effective than the 3-column version
",14214.017,-490.07
6e,"[{""table"": ""movie_info_idx"", ""columns"": [""info_type_id"", ""info"", ""movie_id""]}, {""table"": ""movie_companies"", ""columns"": [""company_id"", ""company_type_id"", ""movie_id""]}, {""table"": ""cast_info"", ""columns"": [""person_id"", ""role_id"", ""movie_id""]}, {""table"": ""cast_info"", ""columns"": [""movie_id"", ""role_id""]}, {""table"": ""aka_name"", ""columns"": [""person_id""]}, {""table"": ""aka_title"", ""columns"": [""movie_id""]}, {""table"": ""complete_cast"", ""columns"": [""movie_id"", ""subject_id"", ""status_id""]}, {""table"": ""movie_link"", ""columns"": [""movie_id"", ""link_type_id""]}, {""table"": ""movie_link"", ""columns"": [""linked_movie_id""]}, {""table"": ""person_info"", ""columns"": [""person_id"", ""info_type_id""]}, {""table"": ""movie_info"", ""columns"": [""movie_id"", ""info_type_id""]}, {""table"": ""keyword"", ""columns"": [""keyword""]}, {""table"": ""company_name"", ""columns"": [""country_code""]}, {""table"": ""name"", ""columns"": [""gender"", ""name""]}]","
## Index Tuning Analysis

### Methodology
I systematically tested candidate indexes against representative queries across the workload (simple to complex), observing actual planner cost estimates with and without each index. The planner already has many indexes in place (noted as `tmp_idx_*` and `idx_*` in the plan output). I focused on identifying indexes that produced measurable cost reductions beyond the existing baseline.

### Key Findings

#### 1. `movie_info_idx(info_type_id, info, movie_id)` — **Highest Impact**
This is the single most impactful index. Many queries filter `movie_info_idx` on both `info_type_id` (equality via join to `info_type`) and `info` (range comparison like `info > '8.0'`, `info < '7.0'`, `info < '8.5'`). Without it, the planner performs a full seq scan of movie_info_idx (~575K rows, cost ~13,718). With this composite index, the planner can do an index-only range scan:
- Query 12a: 10,684 → **2,256** (79% reduction)
- Queries 14a/b/c, 22a-d, 26a/b/c, 28a/b/c all benefit similarly (costs in 3,000–4,500 range vs. 10,000+)
- Queries 4a/b/c (sequel rating queries) also benefit

The `movie_id` trailing column enables index-only scans covering the join predicate.

#### 2. `movie_companies(company_id, company_type_id, movie_id)` — **High Impact**
When queries start from `company_name` (filtered by `country_code`) and need to join to `movie_companies` via `company_id`, the planner currently does a full seq scan of movie_companies (~1.08M rows, cost ~29,695). This index enables nested-loop index lookups:
- Query 10a/b/c: ~43,000 → **~20,000** (planner used `tmp_idx_movie_companies_eb7b56d5` in tests)
- Queries 12a, 13a, 19a (various company join scenarios) also benefit
- The `company_type_id` column helps when both company_id and company_type_id are join/filter predicates, enabling covering lookups for `movie_id`

#### 3. `cast_info(person_id, role_id, movie_id)` — **Medium Impact**
Many complex queries (9a-d, 19a-d, 24a-b, 29a-c) join `cast_info` on `person_id` AND filter on `role_id` (via role_type join). The existing `tmp_idx_cast_info_7101dd25` covers `(person_id, role_id)` which the planner already uses; adding `movie_id` as a covering column eliminates heap lookups for the movie_id join predicate.

#### 4. `cast_info(movie_id, role_id)` — **Medium Impact**
Queries that start from the movie side (e.g., 10a-c, 18a-c) join cast_info on movie_id and filter on role_id. The existing `idx_cast_info_movie_id` only covers movie_id, so role_id filtering requires heap fetches. Adding role_id enables efficient filtered lookups.

#### 5. `aka_name(person_id)` — Confirmed beneficial (likely exists as `idx_aka_name_person_id`)
Used extensively in queries 7a-c, 8a-d, 9a-d, 16a-d, 19a-d, 24a-b, 29a-c. The planner consistently uses this index for nested-loop lookups.

#### 6. `aka_title(movie_id)` — Confirmed beneficial (likely exists as `idx_aka_title_movie_id`)
Used in queries 15a-d. Enables efficient lookup of alternate titles for a given movie_id.

#### 7. `complete_cast(movie_id, subject_id, status_id)` — Confirmed beneficial (likely exists)
Used in all queries 20a-c, 23a-c, 26a-c, 27a-c, 28a-c, 29a-c, 30a-c. Index on movie_id is the primary access path; including subject_id and status_id as covering columns eliminates heap fetches for the two join predicates (cct1.id = cc.subject_id, cct2.id = cc.status_id).

#### 8. `movie_link(movie_id, link_type_id)` and `movie_link(linked_movie_id)` — Confirmed beneficial
Queries 11a-d, 21a-c, 27a-c, 32a-b, 33a-c all join movie_link. The planner uses `tmp_idx_movie_link_0e74da40` for movie_id lookups and `idx_movie_link_linked_movie_id` for linked_movie_id. Adding link_type_id as a covering column helps filter on link_type_id without heap fetches.

#### 9. `person_info(person_id, info_type_id)` — Confirmed beneficial (likely exists as `tmp_idx_person_info_277c0420`)
Used in queries 7a-c, 29a-c. Enables efficient lookup of person info records by person_id, with info_type_id as covering for the join to info_type.

#### 10. `movie_info(movie_id, info_type_id)` — Moderate benefit
The existing `idx_movie_info_movie_id` covers movie_id but adding info_type_id helps the planner filter on info_type_id without additional heap accesses. Many queries (12a-c, 13a-d, 19a-d, 21a-c, 22a-d) join movie_info on both movie_id and info_type_id.

Note: `movie_info(info_type_id, info, movie_id)` could not be built due to the `info` text column exceeding the 8191-byte index row size limit.

#### 11. `keyword(keyword)` — Confirmed beneficial (likely exists as `idx_keyword_keyword`)
Used in nearly every query that involves keyword filtering. Equality and IN-list lookups on keyword text are highly selective.

#### 12. `company_name(country_code)` — Confirmed beneficial (exists as `idx_company_name_country_code`)
Frequently filters company_name by country_code (e.g., '[us]', '[de]', '[ru]', '[jp]').

#### 13. `name(gender, name)` — Moderate benefit
Queries 6a-f, 17a-f, 18a-c, 19a-d filter on gender='f' or gender='m' AND name LIKE pattern. The existing `idx_name_gender` covers the gender bitmap scan; adding `name` as a second column would make prefix-LIKE patterns more selective. However, since most name filters use `%pattern%` (not prefix), this mainly helps when gender is very selective.

### Summary of Cost Reductions
- **movie_info_idx composite**: Up to 79% cost reduction on rating-filtered queries (the biggest win)
- **movie_companies composite**: ~50% cost reduction on company-driven join queries  
- **cast_info composites**: 10–30% improvement on person/role join queries
- Other indexes confirm or reinforce existing access paths

### Indexes NOT recommended (rejected)
- `movie_info(info_type_id, info, movie_id)`: Fails to build — text column exceeds 8191-byte limit
- `title(production_year, kind_id)`: Planner already uses title PK for point lookups; production_year range scans showed no improvement since row filtering happens after joins
- `movie_companies(company_id, movie_id)` alone: Less effective than the 3-column version
",207.908,86.26
6f,"[{""table"": ""movie_info_idx"", ""columns"": [""info_type_id"", ""info"", ""movie_id""]}, {""table"": ""movie_companies"", ""columns"": [""company_id"", ""company_type_id"", ""movie_id""]}, {""table"": ""cast_info"", ""columns"": [""person_id"", ""role_id"", ""movie_id""]}, {""table"": ""cast_info"", ""columns"": [""movie_id"", ""role_id""]}, {""table"": ""aka_name"", ""columns"": [""person_id""]}, {""table"": ""aka_title"", ""columns"": [""movie_id""]}, {""table"": ""complete_cast"", ""columns"": [""movie_id"", ""subject_id"", ""status_id""]}, {""table"": ""movie_link"", ""columns"": [""movie_id"", ""link_type_id""]}, {""table"": ""movie_link"", ""columns"": [""linked_movie_id""]}, {""table"": ""person_info"", ""columns"": [""person_id"", ""info_type_id""]}, {""table"": ""movie_info"", ""columns"": [""movie_id"", ""info_type_id""]}, {""table"": ""keyword"", ""columns"": [""keyword""]}, {""table"": ""company_name"", ""columns"": [""country_code""]}, {""table"": ""name"", ""columns"": [""gender"", ""name""]}]","
## Index Tuning Analysis

### Methodology
I systematically tested candidate indexes against representative queries across the workload (simple to complex), observing actual planner cost estimates with and without each index. The planner already has many indexes in place (noted as `tmp_idx_*` and `idx_*` in the plan output). I focused on identifying indexes that produced measurable cost reductions beyond the existing baseline.

### Key Findings

#### 1. `movie_info_idx(info_type_id, info, movie_id)` — **Highest Impact**
This is the single most impactful index. Many queries filter `movie_info_idx` on both `info_type_id` (equality via join to `info_type`) and `info` (range comparison like `info > '8.0'`, `info < '7.0'`, `info < '8.5'`). Without it, the planner performs a full seq scan of movie_info_idx (~575K rows, cost ~13,718). With this composite index, the planner can do an index-only range scan:
- Query 12a: 10,684 → **2,256** (79% reduction)
- Queries 14a/b/c, 22a-d, 26a/b/c, 28a/b/c all benefit similarly (costs in 3,000–4,500 range vs. 10,000+)
- Queries 4a/b/c (sequel rating queries) also benefit

The `movie_id` trailing column enables index-only scans covering the join predicate.

#### 2. `movie_companies(company_id, company_type_id, movie_id)` — **High Impact**
When queries start from `company_name` (filtered by `country_code`) and need to join to `movie_companies` via `company_id`, the planner currently does a full seq scan of movie_companies (~1.08M rows, cost ~29,695). This index enables nested-loop index lookups:
- Query 10a/b/c: ~43,000 → **~20,000** (planner used `tmp_idx_movie_companies_eb7b56d5` in tests)
- Queries 12a, 13a, 19a (various company join scenarios) also benefit
- The `company_type_id` column helps when both company_id and company_type_id are join/filter predicates, enabling covering lookups for `movie_id`

#### 3. `cast_info(person_id, role_id, movie_id)` — **Medium Impact**
Many complex queries (9a-d, 19a-d, 24a-b, 29a-c) join `cast_info` on `person_id` AND filter on `role_id` (via role_type join). The existing `tmp_idx_cast_info_7101dd25` covers `(person_id, role_id)` which the planner already uses; adding `movie_id` as a covering column eliminates heap lookups for the movie_id join predicate.

#### 4. `cast_info(movie_id, role_id)` — **Medium Impact**
Queries that start from the movie side (e.g., 10a-c, 18a-c) join cast_info on movie_id and filter on role_id. The existing `idx_cast_info_movie_id` only covers movie_id, so role_id filtering requires heap fetches. Adding role_id enables efficient filtered lookups.

#### 5. `aka_name(person_id)` — Confirmed beneficial (likely exists as `idx_aka_name_person_id`)
Used extensively in queries 7a-c, 8a-d, 9a-d, 16a-d, 19a-d, 24a-b, 29a-c. The planner consistently uses this index for nested-loop lookups.

#### 6. `aka_title(movie_id)` — Confirmed beneficial (likely exists as `idx_aka_title_movie_id`)
Used in queries 15a-d. Enables efficient lookup of alternate titles for a given movie_id.

#### 7. `complete_cast(movie_id, subject_id, status_id)` — Confirmed beneficial (likely exists)
Used in all queries 20a-c, 23a-c, 26a-c, 27a-c, 28a-c, 29a-c, 30a-c. Index on movie_id is the primary access path; including subject_id and status_id as covering columns eliminates heap fetches for the two join predicates (cct1.id = cc.subject_id, cct2.id = cc.status_id).

#### 8. `movie_link(movie_id, link_type_id)` and `movie_link(linked_movie_id)` — Confirmed beneficial
Queries 11a-d, 21a-c, 27a-c, 32a-b, 33a-c all join movie_link. The planner uses `tmp_idx_movie_link_0e74da40` for movie_id lookups and `idx_movie_link_linked_movie_id` for linked_movie_id. Adding link_type_id as a covering column helps filter on link_type_id without heap fetches.

#### 9. `person_info(person_id, info_type_id)` — Confirmed beneficial (likely exists as `tmp_idx_person_info_277c0420`)
Used in queries 7a-c, 29a-c. Enables efficient lookup of person info records by person_id, with info_type_id as covering for the join to info_type.

#### 10. `movie_info(movie_id, info_type_id)` — Moderate benefit
The existing `idx_movie_info_movie_id` covers movie_id but adding info_type_id helps the planner filter on info_type_id without additional heap accesses. Many queries (12a-c, 13a-d, 19a-d, 21a-c, 22a-d) join movie_info on both movie_id and info_type_id.

Note: `movie_info(info_type_id, info, movie_id)` could not be built due to the `info` text column exceeding the 8191-byte index row size limit.

#### 11. `keyword(keyword)` — Confirmed beneficial (likely exists as `idx_keyword_keyword`)
Used in nearly every query that involves keyword filtering. Equality and IN-list lookups on keyword text are highly selective.

#### 12. `company_name(country_code)` — Confirmed beneficial (exists as `idx_company_name_country_code`)
Frequently filters company_name by country_code (e.g., '[us]', '[de]', '[ru]', '[jp]').

#### 13. `name(gender, name)` — Moderate benefit
Queries 6a-f, 17a-f, 18a-c, 19a-d filter on gender='f' or gender='m' AND name LIKE pattern. The existing `idx_name_gender` covers the gender bitmap scan; adding `name` as a second column would make prefix-LIKE patterns more selective. However, since most name filters use `%pattern%` (not prefix), this mainly helps when gender is very selective.

### Summary of Cost Reductions
- **movie_info_idx composite**: Up to 79% cost reduction on rating-filtered queries (the biggest win)
- **movie_companies composite**: ~50% cost reduction on company-driven join queries  
- **cast_info composites**: 10–30% improvement on person/role join queries
- Other indexes confirm or reinforce existing access paths

### Indexes NOT recommended (rejected)
- `movie_info(info_type_id, info, movie_id)`: Fails to build — text column exceeds 8191-byte limit
- `title(production_year, kind_id)`: Planner already uses title PK for point lookups; production_year range scans showed no improvement since row filtering happens after joins
- `movie_companies(company_id, movie_id)` alone: Less effective than the 3-column version
",5912.232,-144.86
7a,"[{""table"": ""movie_info_idx"", ""columns"": [""info_type_id"", ""info"", ""movie_id""]}, {""table"": ""movie_companies"", ""columns"": [""company_id"", ""company_type_id"", ""movie_id""]}, {""table"": ""cast_info"", ""columns"": [""person_id"", ""role_id"", ""movie_id""]}, {""table"": ""cast_info"", ""columns"": [""movie_id"", ""role_id""]}, {""table"": ""aka_name"", ""columns"": [""person_id""]}, {""table"": ""aka_title"", ""columns"": [""movie_id""]}, {""table"": ""complete_cast"", ""columns"": [""movie_id"", ""subject_id"", ""status_id""]}, {""table"": ""movie_link"", ""columns"": [""movie_id"", ""link_type_id""]}, {""table"": ""movie_link"", ""columns"": [""linked_movie_id""]}, {""table"": ""person_info"", ""columns"": [""person_id"", ""info_type_id""]}, {""table"": ""movie_info"", ""columns"": [""movie_id"", ""info_type_id""]}, {""table"": ""keyword"", ""columns"": [""keyword""]}, {""table"": ""company_name"", ""columns"": [""country_code""]}, {""table"": ""name"", ""columns"": [""gender"", ""name""]}]","
## Index Tuning Analysis

### Methodology
I systematically tested candidate indexes against representative queries across the workload (simple to complex), observing actual planner cost estimates with and without each index. The planner already has many indexes in place (noted as `tmp_idx_*` and `idx_*` in the plan output). I focused on identifying indexes that produced measurable cost reductions beyond the existing baseline.

### Key Findings

#### 1. `movie_info_idx(info_type_id, info, movie_id)` — **Highest Impact**
This is the single most impactful index. Many queries filter `movie_info_idx` on both `info_type_id` (equality via join to `info_type`) and `info` (range comparison like `info > '8.0'`, `info < '7.0'`, `info < '8.5'`). Without it, the planner performs a full seq scan of movie_info_idx (~575K rows, cost ~13,718). With this composite index, the planner can do an index-only range scan:
- Query 12a: 10,684 → **2,256** (79% reduction)
- Queries 14a/b/c, 22a-d, 26a/b/c, 28a/b/c all benefit similarly (costs in 3,000–4,500 range vs. 10,000+)
- Queries 4a/b/c (sequel rating queries) also benefit

The `movie_id` trailing column enables index-only scans covering the join predicate.

#### 2. `movie_companies(company_id, company_type_id, movie_id)` — **High Impact**
When queries start from `company_name` (filtered by `country_code`) and need to join to `movie_companies` via `company_id`, the planner currently does a full seq scan of movie_companies (~1.08M rows, cost ~29,695). This index enables nested-loop index lookups:
- Query 10a/b/c: ~43,000 → **~20,000** (planner used `tmp_idx_movie_companies_eb7b56d5` in tests)
- Queries 12a, 13a, 19a (various company join scenarios) also benefit
- The `company_type_id` column helps when both company_id and company_type_id are join/filter predicates, enabling covering lookups for `movie_id`

#### 3. `cast_info(person_id, role_id, movie_id)` — **Medium Impact**
Many complex queries (9a-d, 19a-d, 24a-b, 29a-c) join `cast_info` on `person_id` AND filter on `role_id` (via role_type join). The existing `tmp_idx_cast_info_7101dd25` covers `(person_id, role_id)` which the planner already uses; adding `movie_id` as a covering column eliminates heap lookups for the movie_id join predicate.

#### 4. `cast_info(movie_id, role_id)` — **Medium Impact**
Queries that start from the movie side (e.g., 10a-c, 18a-c) join cast_info on movie_id and filter on role_id. The existing `idx_cast_info_movie_id` only covers movie_id, so role_id filtering requires heap fetches. Adding role_id enables efficient filtered lookups.

#### 5. `aka_name(person_id)` — Confirmed beneficial (likely exists as `idx_aka_name_person_id`)
Used extensively in queries 7a-c, 8a-d, 9a-d, 16a-d, 19a-d, 24a-b, 29a-c. The planner consistently uses this index for nested-loop lookups.

#### 6. `aka_title(movie_id)` — Confirmed beneficial (likely exists as `idx_aka_title_movie_id`)
Used in queries 15a-d. Enables efficient lookup of alternate titles for a given movie_id.

#### 7. `complete_cast(movie_id, subject_id, status_id)` — Confirmed beneficial (likely exists)
Used in all queries 20a-c, 23a-c, 26a-c, 27a-c, 28a-c, 29a-c, 30a-c. Index on movie_id is the primary access path; including subject_id and status_id as covering columns eliminates heap fetches for the two join predicates (cct1.id = cc.subject_id, cct2.id = cc.status_id).

#### 8. `movie_link(movie_id, link_type_id)` and `movie_link(linked_movie_id)` — Confirmed beneficial
Queries 11a-d, 21a-c, 27a-c, 32a-b, 33a-c all join movie_link. The planner uses `tmp_idx_movie_link_0e74da40` for movie_id lookups and `idx_movie_link_linked_movie_id` for linked_movie_id. Adding link_type_id as a covering column helps filter on link_type_id without heap fetches.

#### 9. `person_info(person_id, info_type_id)` — Confirmed beneficial (likely exists as `tmp_idx_person_info_277c0420`)
Used in queries 7a-c, 29a-c. Enables efficient lookup of person info records by person_id, with info_type_id as covering for the join to info_type.

#### 10. `movie_info(movie_id, info_type_id)` — Moderate benefit
The existing `idx_movie_info_movie_id` covers movie_id but adding info_type_id helps the planner filter on info_type_id without additional heap accesses. Many queries (12a-c, 13a-d, 19a-d, 21a-c, 22a-d) join movie_info on both movie_id and info_type_id.

Note: `movie_info(info_type_id, info, movie_id)` could not be built due to the `info` text column exceeding the 8191-byte index row size limit.

#### 11. `keyword(keyword)` — Confirmed beneficial (likely exists as `idx_keyword_keyword`)
Used in nearly every query that involves keyword filtering. Equality and IN-list lookups on keyword text are highly selective.

#### 12. `company_name(country_code)` — Confirmed beneficial (exists as `idx_company_name_country_code`)
Frequently filters company_name by country_code (e.g., '[us]', '[de]', '[ru]', '[jp]').

#### 13. `name(gender, name)` — Moderate benefit
Queries 6a-f, 17a-f, 18a-c, 19a-d filter on gender='f' or gender='m' AND name LIKE pattern. The existing `idx_name_gender` covers the gender bitmap scan; adding `name` as a second column would make prefix-LIKE patterns more selective. However, since most name filters use `%pattern%` (not prefix), this mainly helps when gender is very selective.

### Summary of Cost Reductions
- **movie_info_idx composite**: Up to 79% cost reduction on rating-filtered queries (the biggest win)
- **movie_companies composite**: ~50% cost reduction on company-driven join queries  
- **cast_info composites**: 10–30% improvement on person/role join queries
- Other indexes confirm or reinforce existing access paths

### Indexes NOT recommended (rejected)
- `movie_info(info_type_id, info, movie_id)`: Fails to build — text column exceeds 8191-byte limit
- `title(production_year, kind_id)`: Planner already uses title PK for point lookups; production_year range scans showed no improvement since row filtering happens after joins
- `movie_companies(company_id, movie_id)` alone: Less effective than the 3-column version
",1448.0,88.72
7b,"[{""table"": ""movie_info_idx"", ""columns"": [""info_type_id"", ""info"", ""movie_id""]}, {""table"": ""movie_companies"", ""columns"": [""company_id"", ""company_type_id"", ""movie_id""]}, {""table"": ""cast_info"", ""columns"": [""person_id"", ""role_id"", ""movie_id""]}, {""table"": ""cast_info"", ""columns"": [""movie_id"", ""role_id""]}, {""table"": ""aka_name"", ""columns"": [""person_id""]}, {""table"": ""aka_title"", ""columns"": [""movie_id""]}, {""table"": ""complete_cast"", ""columns"": [""movie_id"", ""subject_id"", ""status_id""]}, {""table"": ""movie_link"", ""columns"": [""movie_id"", ""link_type_id""]}, {""table"": ""movie_link"", ""columns"": [""linked_movie_id""]}, {""table"": ""person_info"", ""columns"": [""person_id"", ""info_type_id""]}, {""table"": ""movie_info"", ""columns"": [""movie_id"", ""info_type_id""]}, {""table"": ""keyword"", ""columns"": [""keyword""]}, {""table"": ""company_name"", ""columns"": [""country_code""]}, {""table"": ""name"", ""columns"": [""gender"", ""name""]}]","
## Index Tuning Analysis

### Methodology
I systematically tested candidate indexes against representative queries across the workload (simple to complex), observing actual planner cost estimates with and without each index. The planner already has many indexes in place (noted as `tmp_idx_*` and `idx_*` in the plan output). I focused on identifying indexes that produced measurable cost reductions beyond the existing baseline.

### Key Findings

#### 1. `movie_info_idx(info_type_id, info, movie_id)` — **Highest Impact**
This is the single most impactful index. Many queries filter `movie_info_idx` on both `info_type_id` (equality via join to `info_type`) and `info` (range comparison like `info > '8.0'`, `info < '7.0'`, `info < '8.5'`). Without it, the planner performs a full seq scan of movie_info_idx (~575K rows, cost ~13,718). With this composite index, the planner can do an index-only range scan:
- Query 12a: 10,684 → **2,256** (79% reduction)
- Queries 14a/b/c, 22a-d, 26a/b/c, 28a/b/c all benefit similarly (costs in 3,000–4,500 range vs. 10,000+)
- Queries 4a/b/c (sequel rating queries) also benefit

The `movie_id` trailing column enables index-only scans covering the join predicate.

#### 2. `movie_companies(company_id, company_type_id, movie_id)` — **High Impact**
When queries start from `company_name` (filtered by `country_code`) and need to join to `movie_companies` via `company_id`, the planner currently does a full seq scan of movie_companies (~1.08M rows, cost ~29,695). This index enables nested-loop index lookups:
- Query 10a/b/c: ~43,000 → **~20,000** (planner used `tmp_idx_movie_companies_eb7b56d5` in tests)
- Queries 12a, 13a, 19a (various company join scenarios) also benefit
- The `company_type_id` column helps when both company_id and company_type_id are join/filter predicates, enabling covering lookups for `movie_id`

#### 3. `cast_info(person_id, role_id, movie_id)` — **Medium Impact**
Many complex queries (9a-d, 19a-d, 24a-b, 29a-c) join `cast_info` on `person_id` AND filter on `role_id` (via role_type join). The existing `tmp_idx_cast_info_7101dd25` covers `(person_id, role_id)` which the planner already uses; adding `movie_id` as a covering column eliminates heap lookups for the movie_id join predicate.

#### 4. `cast_info(movie_id, role_id)` — **Medium Impact**
Queries that start from the movie side (e.g., 10a-c, 18a-c) join cast_info on movie_id and filter on role_id. The existing `idx_cast_info_movie_id` only covers movie_id, so role_id filtering requires heap fetches. Adding role_id enables efficient filtered lookups.

#### 5. `aka_name(person_id)` — Confirmed beneficial (likely exists as `idx_aka_name_person_id`)
Used extensively in queries 7a-c, 8a-d, 9a-d, 16a-d, 19a-d, 24a-b, 29a-c. The planner consistently uses this index for nested-loop lookups.

#### 6. `aka_title(movie_id)` — Confirmed beneficial (likely exists as `idx_aka_title_movie_id`)
Used in queries 15a-d. Enables efficient lookup of alternate titles for a given movie_id.

#### 7. `complete_cast(movie_id, subject_id, status_id)` — Confirmed beneficial (likely exists)
Used in all queries 20a-c, 23a-c, 26a-c, 27a-c, 28a-c, 29a-c, 30a-c. Index on movie_id is the primary access path; including subject_id and status_id as covering columns eliminates heap fetches for the two join predicates (cct1.id = cc.subject_id, cct2.id = cc.status_id).

#### 8. `movie_link(movie_id, link_type_id)` and `movie_link(linked_movie_id)` — Confirmed beneficial
Queries 11a-d, 21a-c, 27a-c, 32a-b, 33a-c all join movie_link. The planner uses `tmp_idx_movie_link_0e74da40` for movie_id lookups and `idx_movie_link_linked_movie_id` for linked_movie_id. Adding link_type_id as a covering column helps filter on link_type_id without heap fetches.

#### 9. `person_info(person_id, info_type_id)` — Confirmed beneficial (likely exists as `tmp_idx_person_info_277c0420`)
Used in queries 7a-c, 29a-c. Enables efficient lookup of person info records by person_id, with info_type_id as covering for the join to info_type.

#### 10. `movie_info(movie_id, info_type_id)` — Moderate benefit
The existing `idx_movie_info_movie_id` covers movie_id but adding info_type_id helps the planner filter on info_type_id without additional heap accesses. Many queries (12a-c, 13a-d, 19a-d, 21a-c, 22a-d) join movie_info on both movie_id and info_type_id.

Note: `movie_info(info_type_id, info, movie_id)` could not be built due to the `info` text column exceeding the 8191-byte index row size limit.

#### 11. `keyword(keyword)` — Confirmed beneficial (likely exists as `idx_keyword_keyword`)
Used in nearly every query that involves keyword filtering. Equality and IN-list lookups on keyword text are highly selective.

#### 12. `company_name(country_code)` — Confirmed beneficial (exists as `idx_company_name_country_code`)
Frequently filters company_name by country_code (e.g., '[us]', '[de]', '[ru]', '[jp]').

#### 13. `name(gender, name)` — Moderate benefit
Queries 6a-f, 17a-f, 18a-c, 19a-d filter on gender='f' or gender='m' AND name LIKE pattern. The existing `idx_name_gender` covers the gender bitmap scan; adding `name` as a second column would make prefix-LIKE patterns more selective. However, since most name filters use `%pattern%` (not prefix), this mainly helps when gender is very selective.

### Summary of Cost Reductions
- **movie_info_idx composite**: Up to 79% cost reduction on rating-filtered queries (the biggest win)
- **movie_companies composite**: ~50% cost reduction on company-driven join queries  
- **cast_info composites**: 10–30% improvement on person/role join queries
- Other indexes confirm or reinforce existing access paths

### Indexes NOT recommended (rejected)
- `movie_info(info_type_id, info, movie_id)`: Fails to build — text column exceeds 8191-byte limit
- `title(production_year, kind_id)`: Planner already uses title PK for point lookups; production_year range scans showed no improvement since row filtering happens after joins
- `movie_companies(company_id, movie_id)` alone: Less effective than the 3-column version
",319.75,86.56
7c,"[{""table"": ""movie_info_idx"", ""columns"": [""info_type_id"", ""info"", ""movie_id""]}, {""table"": ""movie_companies"", ""columns"": [""company_id"", ""company_type_id"", ""movie_id""]}, {""table"": ""cast_info"", ""columns"": [""person_id"", ""role_id"", ""movie_id""]}, {""table"": ""cast_info"", ""columns"": [""movie_id"", ""role_id""]}, {""table"": ""aka_name"", ""columns"": [""person_id""]}, {""table"": ""aka_title"", ""columns"": [""movie_id""]}, {""table"": ""complete_cast"", ""columns"": [""movie_id"", ""subject_id"", ""status_id""]}, {""table"": ""movie_link"", ""columns"": [""movie_id"", ""link_type_id""]}, {""table"": ""movie_link"", ""columns"": [""linked_movie_id""]}, {""table"": ""person_info"", ""columns"": [""person_id"", ""info_type_id""]}, {""table"": ""movie_info"", ""columns"": [""movie_id"", ""info_type_id""]}, {""table"": ""keyword"", ""columns"": [""keyword""]}, {""table"": ""company_name"", ""columns"": [""country_code""]}, {""table"": ""name"", ""columns"": [""gender"", ""name""]}]","
## Index Tuning Analysis

### Methodology
I systematically tested candidate indexes against representative queries across the workload (simple to complex), observing actual planner cost estimates with and without each index. The planner already has many indexes in place (noted as `tmp_idx_*` and `idx_*` in the plan output). I focused on identifying indexes that produced measurable cost reductions beyond the existing baseline.

### Key Findings

#### 1. `movie_info_idx(info_type_id, info, movie_id)` — **Highest Impact**
This is the single most impactful index. Many queries filter `movie_info_idx` on both `info_type_id` (equality via join to `info_type`) and `info` (range comparison like `info > '8.0'`, `info < '7.0'`, `info < '8.5'`). Without it, the planner performs a full seq scan of movie_info_idx (~575K rows, cost ~13,718). With this composite index, the planner can do an index-only range scan:
- Query 12a: 10,684 → **2,256** (79% reduction)
- Queries 14a/b/c, 22a-d, 26a/b/c, 28a/b/c all benefit similarly (costs in 3,000–4,500 range vs. 10,000+)
- Queries 4a/b/c (sequel rating queries) also benefit

The `movie_id` trailing column enables index-only scans covering the join predicate.

#### 2. `movie_companies(company_id, company_type_id, movie_id)` — **High Impact**
When queries start from `company_name` (filtered by `country_code`) and need to join to `movie_companies` via `company_id`, the planner currently does a full seq scan of movie_companies (~1.08M rows, cost ~29,695). This index enables nested-loop index lookups:
- Query 10a/b/c: ~43,000 → **~20,000** (planner used `tmp_idx_movie_companies_eb7b56d5` in tests)
- Queries 12a, 13a, 19a (various company join scenarios) also benefit
- The `company_type_id` column helps when both company_id and company_type_id are join/filter predicates, enabling covering lookups for `movie_id`

#### 3. `cast_info(person_id, role_id, movie_id)` — **Medium Impact**
Many complex queries (9a-d, 19a-d, 24a-b, 29a-c) join `cast_info` on `person_id` AND filter on `role_id` (via role_type join). The existing `tmp_idx_cast_info_7101dd25` covers `(person_id, role_id)` which the planner already uses; adding `movie_id` as a covering column eliminates heap lookups for the movie_id join predicate.

#### 4. `cast_info(movie_id, role_id)` — **Medium Impact**
Queries that start from the movie side (e.g., 10a-c, 18a-c) join cast_info on movie_id and filter on role_id. The existing `idx_cast_info_movie_id` only covers movie_id, so role_id filtering requires heap fetches. Adding role_id enables efficient filtered lookups.

#### 5. `aka_name(person_id)` — Confirmed beneficial (likely exists as `idx_aka_name_person_id`)
Used extensively in queries 7a-c, 8a-d, 9a-d, 16a-d, 19a-d, 24a-b, 29a-c. The planner consistently uses this index for nested-loop lookups.

#### 6. `aka_title(movie_id)` — Confirmed beneficial (likely exists as `idx_aka_title_movie_id`)
Used in queries 15a-d. Enables efficient lookup of alternate titles for a given movie_id.

#### 7. `complete_cast(movie_id, subject_id, status_id)` — Confirmed beneficial (likely exists)
Used in all queries 20a-c, 23a-c, 26a-c, 27a-c, 28a-c, 29a-c, 30a-c. Index on movie_id is the primary access path; including subject_id and status_id as covering columns eliminates heap fetches for the two join predicates (cct1.id = cc.subject_id, cct2.id = cc.status_id).

#### 8. `movie_link(movie_id, link_type_id)` and `movie_link(linked_movie_id)` — Confirmed beneficial
Queries 11a-d, 21a-c, 27a-c, 32a-b, 33a-c all join movie_link. The planner uses `tmp_idx_movie_link_0e74da40` for movie_id lookups and `idx_movie_link_linked_movie_id` for linked_movie_id. Adding link_type_id as a covering column helps filter on link_type_id without heap fetches.

#### 9. `person_info(person_id, info_type_id)` — Confirmed beneficial (likely exists as `tmp_idx_person_info_277c0420`)
Used in queries 7a-c, 29a-c. Enables efficient lookup of person info records by person_id, with info_type_id as covering for the join to info_type.

#### 10. `movie_info(movie_id, info_type_id)` — Moderate benefit
The existing `idx_movie_info_movie_id` covers movie_id but adding info_type_id helps the planner filter on info_type_id without additional heap accesses. Many queries (12a-c, 13a-d, 19a-d, 21a-c, 22a-d) join movie_info on both movie_id and info_type_id.

Note: `movie_info(info_type_id, info, movie_id)` could not be built due to the `info` text column exceeding the 8191-byte index row size limit.

#### 11. `keyword(keyword)` — Confirmed beneficial (likely exists as `idx_keyword_keyword`)
Used in nearly every query that involves keyword filtering. Equality and IN-list lookups on keyword text are highly selective.

#### 12. `company_name(country_code)` — Confirmed beneficial (exists as `idx_company_name_country_code`)
Frequently filters company_name by country_code (e.g., '[us]', '[de]', '[ru]', '[jp]').

#### 13. `name(gender, name)` — Moderate benefit
Queries 6a-f, 17a-f, 18a-c, 19a-d filter on gender='f' or gender='m' AND name LIKE pattern. The existing `idx_name_gender` covers the gender bitmap scan; adding `name` as a second column would make prefix-LIKE patterns more selective. However, since most name filters use `%pattern%` (not prefix), this mainly helps when gender is very selective.

### Summary of Cost Reductions
- **movie_info_idx composite**: Up to 79% cost reduction on rating-filtered queries (the biggest win)
- **movie_companies composite**: ~50% cost reduction on company-driven join queries  
- **cast_info composites**: 10–30% improvement on person/role join queries
- Other indexes confirm or reinforce existing access paths

### Indexes NOT recommended (rejected)
- `movie_info(info_type_id, info, movie_id)`: Fails to build — text column exceeds 8191-byte limit
- `title(production_year, kind_id)`: Planner already uses title PK for point lookups; production_year range scans showed no improvement since row filtering happens after joins
- `movie_companies(company_id, movie_id)` alone: Less effective than the 3-column version
",1785.759,48.06
8a,"[{""table"": ""movie_info_idx"", ""columns"": [""info_type_id"", ""info"", ""movie_id""]}, {""table"": ""movie_companies"", ""columns"": [""company_id"", ""company_type_id"", ""movie_id""]}, {""table"": ""cast_info"", ""columns"": [""person_id"", ""role_id"", ""movie_id""]}, {""table"": ""cast_info"", ""columns"": [""movie_id"", ""role_id""]}, {""table"": ""aka_name"", ""columns"": [""person_id""]}, {""table"": ""aka_title"", ""columns"": [""movie_id""]}, {""table"": ""complete_cast"", ""columns"": [""movie_id"", ""subject_id"", ""status_id""]}, {""table"": ""movie_link"", ""columns"": [""movie_id"", ""link_type_id""]}, {""table"": ""movie_link"", ""columns"": [""linked_movie_id""]}, {""table"": ""person_info"", ""columns"": [""person_id"", ""info_type_id""]}, {""table"": ""movie_info"", ""columns"": [""movie_id"", ""info_type_id""]}, {""table"": ""keyword"", ""columns"": [""keyword""]}, {""table"": ""company_name"", ""columns"": [""country_code""]}, {""table"": ""name"", ""columns"": [""gender"", ""name""]}]","
## Index Tuning Analysis

### Methodology
I systematically tested candidate indexes against representative queries across the workload (simple to complex), observing actual planner cost estimates with and without each index. The planner already has many indexes in place (noted as `tmp_idx_*` and `idx_*` in the plan output). I focused on identifying indexes that produced measurable cost reductions beyond the existing baseline.

### Key Findings

#### 1. `movie_info_idx(info_type_id, info, movie_id)` — **Highest Impact**
This is the single most impactful index. Many queries filter `movie_info_idx` on both `info_type_id` (equality via join to `info_type`) and `info` (range comparison like `info > '8.0'`, `info < '7.0'`, `info < '8.5'`). Without it, the planner performs a full seq scan of movie_info_idx (~575K rows, cost ~13,718). With this composite index, the planner can do an index-only range scan:
- Query 12a: 10,684 → **2,256** (79% reduction)
- Queries 14a/b/c, 22a-d, 26a/b/c, 28a/b/c all benefit similarly (costs in 3,000–4,500 range vs. 10,000+)
- Queries 4a/b/c (sequel rating queries) also benefit

The `movie_id` trailing column enables index-only scans covering the join predicate.

#### 2. `movie_companies(company_id, company_type_id, movie_id)` — **High Impact**
When queries start from `company_name` (filtered by `country_code`) and need to join to `movie_companies` via `company_id`, the planner currently does a full seq scan of movie_companies (~1.08M rows, cost ~29,695). This index enables nested-loop index lookups:
- Query 10a/b/c: ~43,000 → **~20,000** (planner used `tmp_idx_movie_companies_eb7b56d5` in tests)
- Queries 12a, 13a, 19a (various company join scenarios) also benefit
- The `company_type_id` column helps when both company_id and company_type_id are join/filter predicates, enabling covering lookups for `movie_id`

#### 3. `cast_info(person_id, role_id, movie_id)` — **Medium Impact**
Many complex queries (9a-d, 19a-d, 24a-b, 29a-c) join `cast_info` on `person_id` AND filter on `role_id` (via role_type join). The existing `tmp_idx_cast_info_7101dd25` covers `(person_id, role_id)` which the planner already uses; adding `movie_id` as a covering column eliminates heap lookups for the movie_id join predicate.

#### 4. `cast_info(movie_id, role_id)` — **Medium Impact**
Queries that start from the movie side (e.g., 10a-c, 18a-c) join cast_info on movie_id and filter on role_id. The existing `idx_cast_info_movie_id` only covers movie_id, so role_id filtering requires heap fetches. Adding role_id enables efficient filtered lookups.

#### 5. `aka_name(person_id)` — Confirmed beneficial (likely exists as `idx_aka_name_person_id`)
Used extensively in queries 7a-c, 8a-d, 9a-d, 16a-d, 19a-d, 24a-b, 29a-c. The planner consistently uses this index for nested-loop lookups.

#### 6. `aka_title(movie_id)` — Confirmed beneficial (likely exists as `idx_aka_title_movie_id`)
Used in queries 15a-d. Enables efficient lookup of alternate titles for a given movie_id.

#### 7. `complete_cast(movie_id, subject_id, status_id)` — Confirmed beneficial (likely exists)
Used in all queries 20a-c, 23a-c, 26a-c, 27a-c, 28a-c, 29a-c, 30a-c. Index on movie_id is the primary access path; including subject_id and status_id as covering columns eliminates heap fetches for the two join predicates (cct1.id = cc.subject_id, cct2.id = cc.status_id).

#### 8. `movie_link(movie_id, link_type_id)` and `movie_link(linked_movie_id)` — Confirmed beneficial
Queries 11a-d, 21a-c, 27a-c, 32a-b, 33a-c all join movie_link. The planner uses `tmp_idx_movie_link_0e74da40` for movie_id lookups and `idx_movie_link_linked_movie_id` for linked_movie_id. Adding link_type_id as a covering column helps filter on link_type_id without heap fetches.

#### 9. `person_info(person_id, info_type_id)` — Confirmed beneficial (likely exists as `tmp_idx_person_info_277c0420`)
Used in queries 7a-c, 29a-c. Enables efficient lookup of person info records by person_id, with info_type_id as covering for the join to info_type.

#### 10. `movie_info(movie_id, info_type_id)` — Moderate benefit
The existing `idx_movie_info_movie_id` covers movie_id but adding info_type_id helps the planner filter on info_type_id without additional heap accesses. Many queries (12a-c, 13a-d, 19a-d, 21a-c, 22a-d) join movie_info on both movie_id and info_type_id.

Note: `movie_info(info_type_id, info, movie_id)` could not be built due to the `info` text column exceeding the 8191-byte index row size limit.

#### 11. `keyword(keyword)` — Confirmed beneficial (likely exists as `idx_keyword_keyword`)
Used in nearly every query that involves keyword filtering. Equality and IN-list lookups on keyword text are highly selective.

#### 12. `company_name(country_code)` — Confirmed beneficial (exists as `idx_company_name_country_code`)
Frequently filters company_name by country_code (e.g., '[us]', '[de]', '[ru]', '[jp]').

#### 13. `name(gender, name)` — Moderate benefit
Queries 6a-f, 17a-f, 18a-c, 19a-d filter on gender='f' or gender='m' AND name LIKE pattern. The existing `idx_name_gender` covers the gender bitmap scan; adding `name` as a second column would make prefix-LIKE patterns more selective. However, since most name filters use `%pattern%` (not prefix), this mainly helps when gender is very selective.

### Summary of Cost Reductions
- **movie_info_idx composite**: Up to 79% cost reduction on rating-filtered queries (the biggest win)
- **movie_companies composite**: ~50% cost reduction on company-driven join queries  
- **cast_info composites**: 10–30% improvement on person/role join queries
- Other indexes confirm or reinforce existing access paths

### Indexes NOT recommended (rejected)
- `movie_info(info_type_id, info, movie_id)`: Fails to build — text column exceeds 8191-byte limit
- `title(production_year, kind_id)`: Planner already uses title PK for point lookups; production_year range scans showed no improvement since row filtering happens after joins
- `movie_companies(company_id, movie_id)` alone: Less effective than the 3-column version
",4514.035,-477.92
8b,"[{""table"": ""movie_info_idx"", ""columns"": [""info_type_id"", ""info"", ""movie_id""]}, {""table"": ""movie_companies"", ""columns"": [""company_id"", ""company_type_id"", ""movie_id""]}, {""table"": ""cast_info"", ""columns"": [""person_id"", ""role_id"", ""movie_id""]}, {""table"": ""cast_info"", ""columns"": [""movie_id"", ""role_id""]}, {""table"": ""aka_name"", ""columns"": [""person_id""]}, {""table"": ""aka_title"", ""columns"": [""movie_id""]}, {""table"": ""complete_cast"", ""columns"": [""movie_id"", ""subject_id"", ""status_id""]}, {""table"": ""movie_link"", ""columns"": [""movie_id"", ""link_type_id""]}, {""table"": ""movie_link"", ""columns"": [""linked_movie_id""]}, {""table"": ""person_info"", ""columns"": [""person_id"", ""info_type_id""]}, {""table"": ""movie_info"", ""columns"": [""movie_id"", ""info_type_id""]}, {""table"": ""keyword"", ""columns"": [""keyword""]}, {""table"": ""company_name"", ""columns"": [""country_code""]}, {""table"": ""name"", ""columns"": [""gender"", ""name""]}]","
## Index Tuning Analysis

### Methodology
I systematically tested candidate indexes against representative queries across the workload (simple to complex), observing actual planner cost estimates with and without each index. The planner already has many indexes in place (noted as `tmp_idx_*` and `idx_*` in the plan output). I focused on identifying indexes that produced measurable cost reductions beyond the existing baseline.

### Key Findings

#### 1. `movie_info_idx(info_type_id, info, movie_id)` — **Highest Impact**
This is the single most impactful index. Many queries filter `movie_info_idx` on both `info_type_id` (equality via join to `info_type`) and `info` (range comparison like `info > '8.0'`, `info < '7.0'`, `info < '8.5'`). Without it, the planner performs a full seq scan of movie_info_idx (~575K rows, cost ~13,718). With this composite index, the planner can do an index-only range scan:
- Query 12a: 10,684 → **2,256** (79% reduction)
- Queries 14a/b/c, 22a-d, 26a/b/c, 28a/b/c all benefit similarly (costs in 3,000–4,500 range vs. 10,000+)
- Queries 4a/b/c (sequel rating queries) also benefit

The `movie_id` trailing column enables index-only scans covering the join predicate.

#### 2. `movie_companies(company_id, company_type_id, movie_id)` — **High Impact**
When queries start from `company_name` (filtered by `country_code`) and need to join to `movie_companies` via `company_id`, the planner currently does a full seq scan of movie_companies (~1.08M rows, cost ~29,695). This index enables nested-loop index lookups:
- Query 10a/b/c: ~43,000 → **~20,000** (planner used `tmp_idx_movie_companies_eb7b56d5` in tests)
- Queries 12a, 13a, 19a (various company join scenarios) also benefit
- The `company_type_id` column helps when both company_id and company_type_id are join/filter predicates, enabling covering lookups for `movie_id`

#### 3. `cast_info(person_id, role_id, movie_id)` — **Medium Impact**
Many complex queries (9a-d, 19a-d, 24a-b, 29a-c) join `cast_info` on `person_id` AND filter on `role_id` (via role_type join). The existing `tmp_idx_cast_info_7101dd25` covers `(person_id, role_id)` which the planner already uses; adding `movie_id` as a covering column eliminates heap lookups for the movie_id join predicate.

#### 4. `cast_info(movie_id, role_id)` — **Medium Impact**
Queries that start from the movie side (e.g., 10a-c, 18a-c) join cast_info on movie_id and filter on role_id. The existing `idx_cast_info_movie_id` only covers movie_id, so role_id filtering requires heap fetches. Adding role_id enables efficient filtered lookups.

#### 5. `aka_name(person_id)` — Confirmed beneficial (likely exists as `idx_aka_name_person_id`)
Used extensively in queries 7a-c, 8a-d, 9a-d, 16a-d, 19a-d, 24a-b, 29a-c. The planner consistently uses this index for nested-loop lookups.

#### 6. `aka_title(movie_id)` — Confirmed beneficial (likely exists as `idx_aka_title_movie_id`)
Used in queries 15a-d. Enables efficient lookup of alternate titles for a given movie_id.

#### 7. `complete_cast(movie_id, subject_id, status_id)` — Confirmed beneficial (likely exists)
Used in all queries 20a-c, 23a-c, 26a-c, 27a-c, 28a-c, 29a-c, 30a-c. Index on movie_id is the primary access path; including subject_id and status_id as covering columns eliminates heap fetches for the two join predicates (cct1.id = cc.subject_id, cct2.id = cc.status_id).

#### 8. `movie_link(movie_id, link_type_id)` and `movie_link(linked_movie_id)` — Confirmed beneficial
Queries 11a-d, 21a-c, 27a-c, 32a-b, 33a-c all join movie_link. The planner uses `tmp_idx_movie_link_0e74da40` for movie_id lookups and `idx_movie_link_linked_movie_id` for linked_movie_id. Adding link_type_id as a covering column helps filter on link_type_id without heap fetches.

#### 9. `person_info(person_id, info_type_id)` — Confirmed beneficial (likely exists as `tmp_idx_person_info_277c0420`)
Used in queries 7a-c, 29a-c. Enables efficient lookup of person info records by person_id, with info_type_id as covering for the join to info_type.

#### 10. `movie_info(movie_id, info_type_id)` — Moderate benefit
The existing `idx_movie_info_movie_id` covers movie_id but adding info_type_id helps the planner filter on info_type_id without additional heap accesses. Many queries (12a-c, 13a-d, 19a-d, 21a-c, 22a-d) join movie_info on both movie_id and info_type_id.

Note: `movie_info(info_type_id, info, movie_id)` could not be built due to the `info` text column exceeding the 8191-byte index row size limit.

#### 11. `keyword(keyword)` — Confirmed beneficial (likely exists as `idx_keyword_keyword`)
Used in nearly every query that involves keyword filtering. Equality and IN-list lookups on keyword text are highly selective.

#### 12. `company_name(country_code)` — Confirmed beneficial (exists as `idx_company_name_country_code`)
Frequently filters company_name by country_code (e.g., '[us]', '[de]', '[ru]', '[jp]').

#### 13. `name(gender, name)` — Moderate benefit
Queries 6a-f, 17a-f, 18a-c, 19a-d filter on gender='f' or gender='m' AND name LIKE pattern. The existing `idx_name_gender` covers the gender bitmap scan; adding `name` as a second column would make prefix-LIKE patterns more selective. However, since most name filters use `%pattern%` (not prefix), this mainly helps when gender is very selective.

### Summary of Cost Reductions
- **movie_info_idx composite**: Up to 79% cost reduction on rating-filtered queries (the biggest win)
- **movie_companies composite**: ~50% cost reduction on company-driven join queries  
- **cast_info composites**: 10–30% improvement on person/role join queries
- Other indexes confirm or reinforce existing access paths

### Indexes NOT recommended (rejected)
- `movie_info(info_type_id, info, movie_id)`: Fails to build — text column exceeds 8191-byte limit
- `title(production_year, kind_id)`: Planner already uses title PK for point lookups; production_year range scans showed no improvement since row filtering happens after joins
- `movie_companies(company_id, movie_id)` alone: Less effective than the 3-column version
",142.314,81.05
8c,"[{""table"": ""movie_info_idx"", ""columns"": [""info_type_id"", ""info"", ""movie_id""]}, {""table"": ""movie_companies"", ""columns"": [""company_id"", ""company_type_id"", ""movie_id""]}, {""table"": ""cast_info"", ""columns"": [""person_id"", ""role_id"", ""movie_id""]}, {""table"": ""cast_info"", ""columns"": [""movie_id"", ""role_id""]}, {""table"": ""aka_name"", ""columns"": [""person_id""]}, {""table"": ""aka_title"", ""columns"": [""movie_id""]}, {""table"": ""complete_cast"", ""columns"": [""movie_id"", ""subject_id"", ""status_id""]}, {""table"": ""movie_link"", ""columns"": [""movie_id"", ""link_type_id""]}, {""table"": ""movie_link"", ""columns"": [""linked_movie_id""]}, {""table"": ""person_info"", ""columns"": [""person_id"", ""info_type_id""]}, {""table"": ""movie_info"", ""columns"": [""movie_id"", ""info_type_id""]}, {""table"": ""keyword"", ""columns"": [""keyword""]}, {""table"": ""company_name"", ""columns"": [""country_code""]}, {""table"": ""name"", ""columns"": [""gender"", ""name""]}]","
## Index Tuning Analysis

### Methodology
I systematically tested candidate indexes against representative queries across the workload (simple to complex), observing actual planner cost estimates with and without each index. The planner already has many indexes in place (noted as `tmp_idx_*` and `idx_*` in the plan output). I focused on identifying indexes that produced measurable cost reductions beyond the existing baseline.

### Key Findings

#### 1. `movie_info_idx(info_type_id, info, movie_id)` — **Highest Impact**
This is the single most impactful index. Many queries filter `movie_info_idx` on both `info_type_id` (equality via join to `info_type`) and `info` (range comparison like `info > '8.0'`, `info < '7.0'`, `info < '8.5'`). Without it, the planner performs a full seq scan of movie_info_idx (~575K rows, cost ~13,718). With this composite index, the planner can do an index-only range scan:
- Query 12a: 10,684 → **2,256** (79% reduction)
- Queries 14a/b/c, 22a-d, 26a/b/c, 28a/b/c all benefit similarly (costs in 3,000–4,500 range vs. 10,000+)
- Queries 4a/b/c (sequel rating queries) also benefit

The `movie_id` trailing column enables index-only scans covering the join predicate.

#### 2. `movie_companies(company_id, company_type_id, movie_id)` — **High Impact**
When queries start from `company_name` (filtered by `country_code`) and need to join to `movie_companies` via `company_id`, the planner currently does a full seq scan of movie_companies (~1.08M rows, cost ~29,695). This index enables nested-loop index lookups:
- Query 10a/b/c: ~43,000 → **~20,000** (planner used `tmp_idx_movie_companies_eb7b56d5` in tests)
- Queries 12a, 13a, 19a (various company join scenarios) also benefit
- The `company_type_id` column helps when both company_id and company_type_id are join/filter predicates, enabling covering lookups for `movie_id`

#### 3. `cast_info(person_id, role_id, movie_id)` — **Medium Impact**
Many complex queries (9a-d, 19a-d, 24a-b, 29a-c) join `cast_info` on `person_id` AND filter on `role_id` (via role_type join). The existing `tmp_idx_cast_info_7101dd25` covers `(person_id, role_id)` which the planner already uses; adding `movie_id` as a covering column eliminates heap lookups for the movie_id join predicate.

#### 4. `cast_info(movie_id, role_id)` — **Medium Impact**
Queries that start from the movie side (e.g., 10a-c, 18a-c) join cast_info on movie_id and filter on role_id. The existing `idx_cast_info_movie_id` only covers movie_id, so role_id filtering requires heap fetches. Adding role_id enables efficient filtered lookups.

#### 5. `aka_name(person_id)` — Confirmed beneficial (likely exists as `idx_aka_name_person_id`)
Used extensively in queries 7a-c, 8a-d, 9a-d, 16a-d, 19a-d, 24a-b, 29a-c. The planner consistently uses this index for nested-loop lookups.

#### 6. `aka_title(movie_id)` — Confirmed beneficial (likely exists as `idx_aka_title_movie_id`)
Used in queries 15a-d. Enables efficient lookup of alternate titles for a given movie_id.

#### 7. `complete_cast(movie_id, subject_id, status_id)` — Confirmed beneficial (likely exists)
Used in all queries 20a-c, 23a-c, 26a-c, 27a-c, 28a-c, 29a-c, 30a-c. Index on movie_id is the primary access path; including subject_id and status_id as covering columns eliminates heap fetches for the two join predicates (cct1.id = cc.subject_id, cct2.id = cc.status_id).

#### 8. `movie_link(movie_id, link_type_id)` and `movie_link(linked_movie_id)` — Confirmed beneficial
Queries 11a-d, 21a-c, 27a-c, 32a-b, 33a-c all join movie_link. The planner uses `tmp_idx_movie_link_0e74da40` for movie_id lookups and `idx_movie_link_linked_movie_id` for linked_movie_id. Adding link_type_id as a covering column helps filter on link_type_id without heap fetches.

#### 9. `person_info(person_id, info_type_id)` — Confirmed beneficial (likely exists as `tmp_idx_person_info_277c0420`)
Used in queries 7a-c, 29a-c. Enables efficient lookup of person info records by person_id, with info_type_id as covering for the join to info_type.

#### 10. `movie_info(movie_id, info_type_id)` — Moderate benefit
The existing `idx_movie_info_movie_id` covers movie_id but adding info_type_id helps the planner filter on info_type_id without additional heap accesses. Many queries (12a-c, 13a-d, 19a-d, 21a-c, 22a-d) join movie_info on both movie_id and info_type_id.

Note: `movie_info(info_type_id, info, movie_id)` could not be built due to the `info` text column exceeding the 8191-byte index row size limit.

#### 11. `keyword(keyword)` — Confirmed beneficial (likely exists as `idx_keyword_keyword`)
Used in nearly every query that involves keyword filtering. Equality and IN-list lookups on keyword text are highly selective.

#### 12. `company_name(country_code)` — Confirmed beneficial (exists as `idx_company_name_country_code`)
Frequently filters company_name by country_code (e.g., '[us]', '[de]', '[ru]', '[jp]').

#### 13. `name(gender, name)` — Moderate benefit
Queries 6a-f, 17a-f, 18a-c, 19a-d filter on gender='f' or gender='m' AND name LIKE pattern. The existing `idx_name_gender` covers the gender bitmap scan; adding `name` as a second column would make prefix-LIKE patterns more selective. However, since most name filters use `%pattern%` (not prefix), this mainly helps when gender is very selective.

### Summary of Cost Reductions
- **movie_info_idx composite**: Up to 79% cost reduction on rating-filtered queries (the biggest win)
- **movie_companies composite**: ~50% cost reduction on company-driven join queries  
- **cast_info composites**: 10–30% improvement on person/role join queries
- Other indexes confirm or reinforce existing access paths

### Indexes NOT recommended (rejected)
- `movie_info(info_type_id, info, movie_id)`: Fails to build — text column exceeds 8191-byte limit
- `title(production_year, kind_id)`: Planner already uses title PK for point lookups; production_year range scans showed no improvement since row filtering happens after joins
- `movie_companies(company_id, movie_id)` alone: Less effective than the 3-column version
",8548.598,-134.31
8d,"[{""table"": ""movie_info_idx"", ""columns"": [""info_type_id"", ""info"", ""movie_id""]}, {""table"": ""movie_companies"", ""columns"": [""company_id"", ""company_type_id"", ""movie_id""]}, {""table"": ""cast_info"", ""columns"": [""person_id"", ""role_id"", ""movie_id""]}, {""table"": ""cast_info"", ""columns"": [""movie_id"", ""role_id""]}, {""table"": ""aka_name"", ""columns"": [""person_id""]}, {""table"": ""aka_title"", ""columns"": [""movie_id""]}, {""table"": ""complete_cast"", ""columns"": [""movie_id"", ""subject_id"", ""status_id""]}, {""table"": ""movie_link"", ""columns"": [""movie_id"", ""link_type_id""]}, {""table"": ""movie_link"", ""columns"": [""linked_movie_id""]}, {""table"": ""person_info"", ""columns"": [""person_id"", ""info_type_id""]}, {""table"": ""movie_info"", ""columns"": [""movie_id"", ""info_type_id""]}, {""table"": ""keyword"", ""columns"": [""keyword""]}, {""table"": ""company_name"", ""columns"": [""country_code""]}, {""table"": ""name"", ""columns"": [""gender"", ""name""]}]","
## Index Tuning Analysis

### Methodology
I systematically tested candidate indexes against representative queries across the workload (simple to complex), observing actual planner cost estimates with and without each index. The planner already has many indexes in place (noted as `tmp_idx_*` and `idx_*` in the plan output). I focused on identifying indexes that produced measurable cost reductions beyond the existing baseline.

### Key Findings

#### 1. `movie_info_idx(info_type_id, info, movie_id)` — **Highest Impact**
This is the single most impactful index. Many queries filter `movie_info_idx` on both `info_type_id` (equality via join to `info_type`) and `info` (range comparison like `info > '8.0'`, `info < '7.0'`, `info < '8.5'`). Without it, the planner performs a full seq scan of movie_info_idx (~575K rows, cost ~13,718). With this composite index, the planner can do an index-only range scan:
- Query 12a: 10,684 → **2,256** (79% reduction)
- Queries 14a/b/c, 22a-d, 26a/b/c, 28a/b/c all benefit similarly (costs in 3,000–4,500 range vs. 10,000+)
- Queries 4a/b/c (sequel rating queries) also benefit

The `movie_id` trailing column enables index-only scans covering the join predicate.

#### 2. `movie_companies(company_id, company_type_id, movie_id)` — **High Impact**
When queries start from `company_name` (filtered by `country_code`) and need to join to `movie_companies` via `company_id`, the planner currently does a full seq scan of movie_companies (~1.08M rows, cost ~29,695). This index enables nested-loop index lookups:
- Query 10a/b/c: ~43,000 → **~20,000** (planner used `tmp_idx_movie_companies_eb7b56d5` in tests)
- Queries 12a, 13a, 19a (various company join scenarios) also benefit
- The `company_type_id` column helps when both company_id and company_type_id are join/filter predicates, enabling covering lookups for `movie_id`

#### 3. `cast_info(person_id, role_id, movie_id)` — **Medium Impact**
Many complex queries (9a-d, 19a-d, 24a-b, 29a-c) join `cast_info` on `person_id` AND filter on `role_id` (via role_type join). The existing `tmp_idx_cast_info_7101dd25` covers `(person_id, role_id)` which the planner already uses; adding `movie_id` as a covering column eliminates heap lookups for the movie_id join predicate.

#### 4. `cast_info(movie_id, role_id)` — **Medium Impact**
Queries that start from the movie side (e.g., 10a-c, 18a-c) join cast_info on movie_id and filter on role_id. The existing `idx_cast_info_movie_id` only covers movie_id, so role_id filtering requires heap fetches. Adding role_id enables efficient filtered lookups.

#### 5. `aka_name(person_id)` — Confirmed beneficial (likely exists as `idx_aka_name_person_id`)
Used extensively in queries 7a-c, 8a-d, 9a-d, 16a-d, 19a-d, 24a-b, 29a-c. The planner consistently uses this index for nested-loop lookups.

#### 6. `aka_title(movie_id)` — Confirmed beneficial (likely exists as `idx_aka_title_movie_id`)
Used in queries 15a-d. Enables efficient lookup of alternate titles for a given movie_id.

#### 7. `complete_cast(movie_id, subject_id, status_id)` — Confirmed beneficial (likely exists)
Used in all queries 20a-c, 23a-c, 26a-c, 27a-c, 28a-c, 29a-c, 30a-c. Index on movie_id is the primary access path; including subject_id and status_id as covering columns eliminates heap fetches for the two join predicates (cct1.id = cc.subject_id, cct2.id = cc.status_id).

#### 8. `movie_link(movie_id, link_type_id)` and `movie_link(linked_movie_id)` — Confirmed beneficial
Queries 11a-d, 21a-c, 27a-c, 32a-b, 33a-c all join movie_link. The planner uses `tmp_idx_movie_link_0e74da40` for movie_id lookups and `idx_movie_link_linked_movie_id` for linked_movie_id. Adding link_type_id as a covering column helps filter on link_type_id without heap fetches.

#### 9. `person_info(person_id, info_type_id)` — Confirmed beneficial (likely exists as `tmp_idx_person_info_277c0420`)
Used in queries 7a-c, 29a-c. Enables efficient lookup of person info records by person_id, with info_type_id as covering for the join to info_type.

#### 10. `movie_info(movie_id, info_type_id)` — Moderate benefit
The existing `idx_movie_info_movie_id` covers movie_id but adding info_type_id helps the planner filter on info_type_id without additional heap accesses. Many queries (12a-c, 13a-d, 19a-d, 21a-c, 22a-d) join movie_info on both movie_id and info_type_id.

Note: `movie_info(info_type_id, info, movie_id)` could not be built due to the `info` text column exceeding the 8191-byte index row size limit.

#### 11. `keyword(keyword)` — Confirmed beneficial (likely exists as `idx_keyword_keyword`)
Used in nearly every query that involves keyword filtering. Equality and IN-list lookups on keyword text are highly selective.

#### 12. `company_name(country_code)` — Confirmed beneficial (exists as `idx_company_name_country_code`)
Frequently filters company_name by country_code (e.g., '[us]', '[de]', '[ru]', '[jp]').

#### 13. `name(gender, name)` — Moderate benefit
Queries 6a-f, 17a-f, 18a-c, 19a-d filter on gender='f' or gender='m' AND name LIKE pattern. The existing `idx_name_gender` covers the gender bitmap scan; adding `name` as a second column would make prefix-LIKE patterns more selective. However, since most name filters use `%pattern%` (not prefix), this mainly helps when gender is very selective.

### Summary of Cost Reductions
- **movie_info_idx composite**: Up to 79% cost reduction on rating-filtered queries (the biggest win)
- **movie_companies composite**: ~50% cost reduction on company-driven join queries  
- **cast_info composites**: 10–30% improvement on person/role join queries
- Other indexes confirm or reinforce existing access paths

### Indexes NOT recommended (rejected)
- `movie_info(info_type_id, info, movie_id)`: Fails to build — text column exceeds 8191-byte limit
- `title(production_year, kind_id)`: Planner already uses title PK for point lookups; production_year range scans showed no improvement since row filtering happens after joins
- `movie_companies(company_id, movie_id)` alone: Less effective than the 3-column version
",6020.595,-145.81
9a,"[{""table"": ""movie_info_idx"", ""columns"": [""info_type_id"", ""info"", ""movie_id""]}, {""table"": ""movie_companies"", ""columns"": [""company_id"", ""company_type_id"", ""movie_id""]}, {""table"": ""cast_info"", ""columns"": [""person_id"", ""role_id"", ""movie_id""]}, {""table"": ""cast_info"", ""columns"": [""movie_id"", ""role_id""]}, {""table"": ""aka_name"", ""columns"": [""person_id""]}, {""table"": ""aka_title"", ""columns"": [""movie_id""]}, {""table"": ""complete_cast"", ""columns"": [""movie_id"", ""subject_id"", ""status_id""]}, {""table"": ""movie_link"", ""columns"": [""movie_id"", ""link_type_id""]}, {""table"": ""movie_link"", ""columns"": [""linked_movie_id""]}, {""table"": ""person_info"", ""columns"": [""person_id"", ""info_type_id""]}, {""table"": ""movie_info"", ""columns"": [""movie_id"", ""info_type_id""]}, {""table"": ""keyword"", ""columns"": [""keyword""]}, {""table"": ""company_name"", ""columns"": [""country_code""]}, {""table"": ""name"", ""columns"": [""gender"", ""name""]}]","
## Index Tuning Analysis

### Methodology
I systematically tested candidate indexes against representative queries across the workload (simple to complex), observing actual planner cost estimates with and without each index. The planner already has many indexes in place (noted as `tmp_idx_*` and `idx_*` in the plan output). I focused on identifying indexes that produced measurable cost reductions beyond the existing baseline.

### Key Findings

#### 1. `movie_info_idx(info_type_id, info, movie_id)` — **Highest Impact**
This is the single most impactful index. Many queries filter `movie_info_idx` on both `info_type_id` (equality via join to `info_type`) and `info` (range comparison like `info > '8.0'`, `info < '7.0'`, `info < '8.5'`). Without it, the planner performs a full seq scan of movie_info_idx (~575K rows, cost ~13,718). With this composite index, the planner can do an index-only range scan:
- Query 12a: 10,684 → **2,256** (79% reduction)
- Queries 14a/b/c, 22a-d, 26a/b/c, 28a/b/c all benefit similarly (costs in 3,000–4,500 range vs. 10,000+)
- Queries 4a/b/c (sequel rating queries) also benefit

The `movie_id` trailing column enables index-only scans covering the join predicate.

#### 2. `movie_companies(company_id, company_type_id, movie_id)` — **High Impact**
When queries start from `company_name` (filtered by `country_code`) and need to join to `movie_companies` via `company_id`, the planner currently does a full seq scan of movie_companies (~1.08M rows, cost ~29,695). This index enables nested-loop index lookups:
- Query 10a/b/c: ~43,000 → **~20,000** (planner used `tmp_idx_movie_companies_eb7b56d5` in tests)
- Queries 12a, 13a, 19a (various company join scenarios) also benefit
- The `company_type_id` column helps when both company_id and company_type_id are join/filter predicates, enabling covering lookups for `movie_id`

#### 3. `cast_info(person_id, role_id, movie_id)` — **Medium Impact**
Many complex queries (9a-d, 19a-d, 24a-b, 29a-c) join `cast_info` on `person_id` AND filter on `role_id` (via role_type join). The existing `tmp_idx_cast_info_7101dd25` covers `(person_id, role_id)` which the planner already uses; adding `movie_id` as a covering column eliminates heap lookups for the movie_id join predicate.

#### 4. `cast_info(movie_id, role_id)` — **Medium Impact**
Queries that start from the movie side (e.g., 10a-c, 18a-c) join cast_info on movie_id and filter on role_id. The existing `idx_cast_info_movie_id` only covers movie_id, so role_id filtering requires heap fetches. Adding role_id enables efficient filtered lookups.

#### 5. `aka_name(person_id)` — Confirmed beneficial (likely exists as `idx_aka_name_person_id`)
Used extensively in queries 7a-c, 8a-d, 9a-d, 16a-d, 19a-d, 24a-b, 29a-c. The planner consistently uses this index for nested-loop lookups.

#### 6. `aka_title(movie_id)` — Confirmed beneficial (likely exists as `idx_aka_title_movie_id`)
Used in queries 15a-d. Enables efficient lookup of alternate titles for a given movie_id.

#### 7. `complete_cast(movie_id, subject_id, status_id)` — Confirmed beneficial (likely exists)
Used in all queries 20a-c, 23a-c, 26a-c, 27a-c, 28a-c, 29a-c, 30a-c. Index on movie_id is the primary access path; including subject_id and status_id as covering columns eliminates heap fetches for the two join predicates (cct1.id = cc.subject_id, cct2.id = cc.status_id).

#### 8. `movie_link(movie_id, link_type_id)` and `movie_link(linked_movie_id)` — Confirmed beneficial
Queries 11a-d, 21a-c, 27a-c, 32a-b, 33a-c all join movie_link. The planner uses `tmp_idx_movie_link_0e74da40` for movie_id lookups and `idx_movie_link_linked_movie_id` for linked_movie_id. Adding link_type_id as a covering column helps filter on link_type_id without heap fetches.

#### 9. `person_info(person_id, info_type_id)` — Confirmed beneficial (likely exists as `tmp_idx_person_info_277c0420`)
Used in queries 7a-c, 29a-c. Enables efficient lookup of person info records by person_id, with info_type_id as covering for the join to info_type.

#### 10. `movie_info(movie_id, info_type_id)` — Moderate benefit
The existing `idx_movie_info_movie_id` covers movie_id but adding info_type_id helps the planner filter on info_type_id without additional heap accesses. Many queries (12a-c, 13a-d, 19a-d, 21a-c, 22a-d) join movie_info on both movie_id and info_type_id.

Note: `movie_info(info_type_id, info, movie_id)` could not be built due to the `info` text column exceeding the 8191-byte index row size limit.

#### 11. `keyword(keyword)` — Confirmed beneficial (likely exists as `idx_keyword_keyword`)
Used in nearly every query that involves keyword filtering. Equality and IN-list lookups on keyword text are highly selective.

#### 12. `company_name(country_code)` — Confirmed beneficial (exists as `idx_company_name_country_code`)
Frequently filters company_name by country_code (e.g., '[us]', '[de]', '[ru]', '[jp]').

#### 13. `name(gender, name)` — Moderate benefit
Queries 6a-f, 17a-f, 18a-c, 19a-d filter on gender='f' or gender='m' AND name LIKE pattern. The existing `idx_name_gender` covers the gender bitmap scan; adding `name` as a second column would make prefix-LIKE patterns more selective. However, since most name filters use `%pattern%` (not prefix), this mainly helps when gender is very selective.

### Summary of Cost Reductions
- **movie_info_idx composite**: Up to 79% cost reduction on rating-filtered queries (the biggest win)
- **movie_companies composite**: ~50% cost reduction on company-driven join queries  
- **cast_info composites**: 10–30% improvement on person/role join queries
- Other indexes confirm or reinforce existing access paths

### Indexes NOT recommended (rejected)
- `movie_info(info_type_id, info, movie_id)`: Fails to build — text column exceeds 8191-byte limit
- `title(production_year, kind_id)`: Planner already uses title PK for point lookups; production_year range scans showed no improvement since row filtering happens after joins
- `movie_companies(company_id, movie_id)` alone: Less effective than the 3-column version
",4448.554,-302.55
9b,"[{""table"": ""movie_info_idx"", ""columns"": [""info_type_id"", ""info"", ""movie_id""]}, {""table"": ""movie_companies"", ""columns"": [""company_id"", ""company_type_id"", ""movie_id""]}, {""table"": ""cast_info"", ""columns"": [""person_id"", ""role_id"", ""movie_id""]}, {""table"": ""cast_info"", ""columns"": [""movie_id"", ""role_id""]}, {""table"": ""aka_name"", ""columns"": [""person_id""]}, {""table"": ""aka_title"", ""columns"": [""movie_id""]}, {""table"": ""complete_cast"", ""columns"": [""movie_id"", ""subject_id"", ""status_id""]}, {""table"": ""movie_link"", ""columns"": [""movie_id"", ""link_type_id""]}, {""table"": ""movie_link"", ""columns"": [""linked_movie_id""]}, {""table"": ""person_info"", ""columns"": [""person_id"", ""info_type_id""]}, {""table"": ""movie_info"", ""columns"": [""movie_id"", ""info_type_id""]}, {""table"": ""keyword"", ""columns"": [""keyword""]}, {""table"": ""company_name"", ""columns"": [""country_code""]}, {""table"": ""name"", ""columns"": [""gender"", ""name""]}]","
## Index Tuning Analysis

### Methodology
I systematically tested candidate indexes against representative queries across the workload (simple to complex), observing actual planner cost estimates with and without each index. The planner already has many indexes in place (noted as `tmp_idx_*` and `idx_*` in the plan output). I focused on identifying indexes that produced measurable cost reductions beyond the existing baseline.

### Key Findings

#### 1. `movie_info_idx(info_type_id, info, movie_id)` — **Highest Impact**
This is the single most impactful index. Many queries filter `movie_info_idx` on both `info_type_id` (equality via join to `info_type`) and `info` (range comparison like `info > '8.0'`, `info < '7.0'`, `info < '8.5'`). Without it, the planner performs a full seq scan of movie_info_idx (~575K rows, cost ~13,718). With this composite index, the planner can do an index-only range scan:
- Query 12a: 10,684 → **2,256** (79% reduction)
- Queries 14a/b/c, 22a-d, 26a/b/c, 28a/b/c all benefit similarly (costs in 3,000–4,500 range vs. 10,000+)
- Queries 4a/b/c (sequel rating queries) also benefit

The `movie_id` trailing column enables index-only scans covering the join predicate.

#### 2. `movie_companies(company_id, company_type_id, movie_id)` — **High Impact**
When queries start from `company_name` (filtered by `country_code`) and need to join to `movie_companies` via `company_id`, the planner currently does a full seq scan of movie_companies (~1.08M rows, cost ~29,695). This index enables nested-loop index lookups:
- Query 10a/b/c: ~43,000 → **~20,000** (planner used `tmp_idx_movie_companies_eb7b56d5` in tests)
- Queries 12a, 13a, 19a (various company join scenarios) also benefit
- The `company_type_id` column helps when both company_id and company_type_id are join/filter predicates, enabling covering lookups for `movie_id`

#### 3. `cast_info(person_id, role_id, movie_id)` — **Medium Impact**
Many complex queries (9a-d, 19a-d, 24a-b, 29a-c) join `cast_info` on `person_id` AND filter on `role_id` (via role_type join). The existing `tmp_idx_cast_info_7101dd25` covers `(person_id, role_id)` which the planner already uses; adding `movie_id` as a covering column eliminates heap lookups for the movie_id join predicate.

#### 4. `cast_info(movie_id, role_id)` — **Medium Impact**
Queries that start from the movie side (e.g., 10a-c, 18a-c) join cast_info on movie_id and filter on role_id. The existing `idx_cast_info_movie_id` only covers movie_id, so role_id filtering requires heap fetches. Adding role_id enables efficient filtered lookups.

#### 5. `aka_name(person_id)` — Confirmed beneficial (likely exists as `idx_aka_name_person_id`)
Used extensively in queries 7a-c, 8a-d, 9a-d, 16a-d, 19a-d, 24a-b, 29a-c. The planner consistently uses this index for nested-loop lookups.

#### 6. `aka_title(movie_id)` — Confirmed beneficial (likely exists as `idx_aka_title_movie_id`)
Used in queries 15a-d. Enables efficient lookup of alternate titles for a given movie_id.

#### 7. `complete_cast(movie_id, subject_id, status_id)` — Confirmed beneficial (likely exists)
Used in all queries 20a-c, 23a-c, 26a-c, 27a-c, 28a-c, 29a-c, 30a-c. Index on movie_id is the primary access path; including subject_id and status_id as covering columns eliminates heap fetches for the two join predicates (cct1.id = cc.subject_id, cct2.id = cc.status_id).

#### 8. `movie_link(movie_id, link_type_id)` and `movie_link(linked_movie_id)` — Confirmed beneficial
Queries 11a-d, 21a-c, 27a-c, 32a-b, 33a-c all join movie_link. The planner uses `tmp_idx_movie_link_0e74da40` for movie_id lookups and `idx_movie_link_linked_movie_id` for linked_movie_id. Adding link_type_id as a covering column helps filter on link_type_id without heap fetches.

#### 9. `person_info(person_id, info_type_id)` — Confirmed beneficial (likely exists as `tmp_idx_person_info_277c0420`)
Used in queries 7a-c, 29a-c. Enables efficient lookup of person info records by person_id, with info_type_id as covering for the join to info_type.

#### 10. `movie_info(movie_id, info_type_id)` — Moderate benefit
The existing `idx_movie_info_movie_id` covers movie_id but adding info_type_id helps the planner filter on info_type_id without additional heap accesses. Many queries (12a-c, 13a-d, 19a-d, 21a-c, 22a-d) join movie_info on both movie_id and info_type_id.

Note: `movie_info(info_type_id, info, movie_id)` could not be built due to the `info` text column exceeding the 8191-byte index row size limit.

#### 11. `keyword(keyword)` — Confirmed beneficial (likely exists as `idx_keyword_keyword`)
Used in nearly every query that involves keyword filtering. Equality and IN-list lookups on keyword text are highly selective.

#### 12. `company_name(country_code)` — Confirmed beneficial (exists as `idx_company_name_country_code`)
Frequently filters company_name by country_code (e.g., '[us]', '[de]', '[ru]', '[jp]').

#### 13. `name(gender, name)` — Moderate benefit
Queries 6a-f, 17a-f, 18a-c, 19a-d filter on gender='f' or gender='m' AND name LIKE pattern. The existing `idx_name_gender` covers the gender bitmap scan; adding `name` as a second column would make prefix-LIKE patterns more selective. However, since most name filters use `%pattern%` (not prefix), this mainly helps when gender is very selective.

### Summary of Cost Reductions
- **movie_info_idx composite**: Up to 79% cost reduction on rating-filtered queries (the biggest win)
- **movie_companies composite**: ~50% cost reduction on company-driven join queries  
- **cast_info composites**: 10–30% improvement on person/role join queries
- Other indexes confirm or reinforce existing access paths

### Indexes NOT recommended (rejected)
- `movie_info(info_type_id, info, movie_id)`: Fails to build — text column exceeds 8191-byte limit
- `title(production_year, kind_id)`: Planner already uses title PK for point lookups; production_year range scans showed no improvement since row filtering happens after joins
- `movie_companies(company_id, movie_id)` alone: Less effective than the 3-column version
",3719.893,-333.82
9c,"[{""table"": ""movie_info_idx"", ""columns"": [""info_type_id"", ""info"", ""movie_id""]}, {""table"": ""movie_companies"", ""columns"": [""company_id"", ""company_type_id"", ""movie_id""]}, {""table"": ""cast_info"", ""columns"": [""person_id"", ""role_id"", ""movie_id""]}, {""table"": ""cast_info"", ""columns"": [""movie_id"", ""role_id""]}, {""table"": ""aka_name"", ""columns"": [""person_id""]}, {""table"": ""aka_title"", ""columns"": [""movie_id""]}, {""table"": ""complete_cast"", ""columns"": [""movie_id"", ""subject_id"", ""status_id""]}, {""table"": ""movie_link"", ""columns"": [""movie_id"", ""link_type_id""]}, {""table"": ""movie_link"", ""columns"": [""linked_movie_id""]}, {""table"": ""person_info"", ""columns"": [""person_id"", ""info_type_id""]}, {""table"": ""movie_info"", ""columns"": [""movie_id"", ""info_type_id""]}, {""table"": ""keyword"", ""columns"": [""keyword""]}, {""table"": ""company_name"", ""columns"": [""country_code""]}, {""table"": ""name"", ""columns"": [""gender"", ""name""]}]","
## Index Tuning Analysis

### Methodology
I systematically tested candidate indexes against representative queries across the workload (simple to complex), observing actual planner cost estimates with and without each index. The planner already has many indexes in place (noted as `tmp_idx_*` and `idx_*` in the plan output). I focused on identifying indexes that produced measurable cost reductions beyond the existing baseline.

### Key Findings

#### 1. `movie_info_idx(info_type_id, info, movie_id)` — **Highest Impact**
This is the single most impactful index. Many queries filter `movie_info_idx` on both `info_type_id` (equality via join to `info_type`) and `info` (range comparison like `info > '8.0'`, `info < '7.0'`, `info < '8.5'`). Without it, the planner performs a full seq scan of movie_info_idx (~575K rows, cost ~13,718). With this composite index, the planner can do an index-only range scan:
- Query 12a: 10,684 → **2,256** (79% reduction)
- Queries 14a/b/c, 22a-d, 26a/b/c, 28a/b/c all benefit similarly (costs in 3,000–4,500 range vs. 10,000+)
- Queries 4a/b/c (sequel rating queries) also benefit

The `movie_id` trailing column enables index-only scans covering the join predicate.

#### 2. `movie_companies(company_id, company_type_id, movie_id)` — **High Impact**
When queries start from `company_name` (filtered by `country_code`) and need to join to `movie_companies` via `company_id`, the planner currently does a full seq scan of movie_companies (~1.08M rows, cost ~29,695). This index enables nested-loop index lookups:
- Query 10a/b/c: ~43,000 → **~20,000** (planner used `tmp_idx_movie_companies_eb7b56d5` in tests)
- Queries 12a, 13a, 19a (various company join scenarios) also benefit
- The `company_type_id` column helps when both company_id and company_type_id are join/filter predicates, enabling covering lookups for `movie_id`

#### 3. `cast_info(person_id, role_id, movie_id)` — **Medium Impact**
Many complex queries (9a-d, 19a-d, 24a-b, 29a-c) join `cast_info` on `person_id` AND filter on `role_id` (via role_type join). The existing `tmp_idx_cast_info_7101dd25` covers `(person_id, role_id)` which the planner already uses; adding `movie_id` as a covering column eliminates heap lookups for the movie_id join predicate.

#### 4. `cast_info(movie_id, role_id)` — **Medium Impact**
Queries that start from the movie side (e.g., 10a-c, 18a-c) join cast_info on movie_id and filter on role_id. The existing `idx_cast_info_movie_id` only covers movie_id, so role_id filtering requires heap fetches. Adding role_id enables efficient filtered lookups.

#### 5. `aka_name(person_id)` — Confirmed beneficial (likely exists as `idx_aka_name_person_id`)
Used extensively in queries 7a-c, 8a-d, 9a-d, 16a-d, 19a-d, 24a-b, 29a-c. The planner consistently uses this index for nested-loop lookups.

#### 6. `aka_title(movie_id)` — Confirmed beneficial (likely exists as `idx_aka_title_movie_id`)
Used in queries 15a-d. Enables efficient lookup of alternate titles for a given movie_id.

#### 7. `complete_cast(movie_id, subject_id, status_id)` — Confirmed beneficial (likely exists)
Used in all queries 20a-c, 23a-c, 26a-c, 27a-c, 28a-c, 29a-c, 30a-c. Index on movie_id is the primary access path; including subject_id and status_id as covering columns eliminates heap fetches for the two join predicates (cct1.id = cc.subject_id, cct2.id = cc.status_id).

#### 8. `movie_link(movie_id, link_type_id)` and `movie_link(linked_movie_id)` — Confirmed beneficial
Queries 11a-d, 21a-c, 27a-c, 32a-b, 33a-c all join movie_link. The planner uses `tmp_idx_movie_link_0e74da40` for movie_id lookups and `idx_movie_link_linked_movie_id` for linked_movie_id. Adding link_type_id as a covering column helps filter on link_type_id without heap fetches.

#### 9. `person_info(person_id, info_type_id)` — Confirmed beneficial (likely exists as `tmp_idx_person_info_277c0420`)
Used in queries 7a-c, 29a-c. Enables efficient lookup of person info records by person_id, with info_type_id as covering for the join to info_type.

#### 10. `movie_info(movie_id, info_type_id)` — Moderate benefit
The existing `idx_movie_info_movie_id` covers movie_id but adding info_type_id helps the planner filter on info_type_id without additional heap accesses. Many queries (12a-c, 13a-d, 19a-d, 21a-c, 22a-d) join movie_info on both movie_id and info_type_id.

Note: `movie_info(info_type_id, info, movie_id)` could not be built due to the `info` text column exceeding the 8191-byte index row size limit.

#### 11. `keyword(keyword)` — Confirmed beneficial (likely exists as `idx_keyword_keyword`)
Used in nearly every query that involves keyword filtering. Equality and IN-list lookups on keyword text are highly selective.

#### 12. `company_name(country_code)` — Confirmed beneficial (exists as `idx_company_name_country_code`)
Frequently filters company_name by country_code (e.g., '[us]', '[de]', '[ru]', '[jp]').

#### 13. `name(gender, name)` — Moderate benefit
Queries 6a-f, 17a-f, 18a-c, 19a-d filter on gender='f' or gender='m' AND name LIKE pattern. The existing `idx_name_gender` covers the gender bitmap scan; adding `name` as a second column would make prefix-LIKE patterns more selective. However, since most name filters use `%pattern%` (not prefix), this mainly helps when gender is very selective.

### Summary of Cost Reductions
- **movie_info_idx composite**: Up to 79% cost reduction on rating-filtered queries (the biggest win)
- **movie_companies composite**: ~50% cost reduction on company-driven join queries  
- **cast_info composites**: 10–30% improvement on person/role join queries
- Other indexes confirm or reinforce existing access paths

### Indexes NOT recommended (rejected)
- `movie_info(info_type_id, info, movie_id)`: Fails to build — text column exceeds 8191-byte limit
- `title(production_year, kind_id)`: Planner already uses title PK for point lookups; production_year range scans showed no improvement since row filtering happens after joins
- `movie_companies(company_id, movie_id)` alone: Less effective than the 3-column version
",835.125,37.05
9d,"[{""table"": ""movie_info_idx"", ""columns"": [""info_type_id"", ""info"", ""movie_id""]}, {""table"": ""movie_companies"", ""columns"": [""company_id"", ""company_type_id"", ""movie_id""]}, {""table"": ""cast_info"", ""columns"": [""person_id"", ""role_id"", ""movie_id""]}, {""table"": ""cast_info"", ""columns"": [""movie_id"", ""role_id""]}, {""table"": ""aka_name"", ""columns"": [""person_id""]}, {""table"": ""aka_title"", ""columns"": [""movie_id""]}, {""table"": ""complete_cast"", ""columns"": [""movie_id"", ""subject_id"", ""status_id""]}, {""table"": ""movie_link"", ""columns"": [""movie_id"", ""link_type_id""]}, {""table"": ""movie_link"", ""columns"": [""linked_movie_id""]}, {""table"": ""person_info"", ""columns"": [""person_id"", ""info_type_id""]}, {""table"": ""movie_info"", ""columns"": [""movie_id"", ""info_type_id""]}, {""table"": ""keyword"", ""columns"": [""keyword""]}, {""table"": ""company_name"", ""columns"": [""country_code""]}, {""table"": ""name"", ""columns"": [""gender"", ""name""]}]","
## Index Tuning Analysis

### Methodology
I systematically tested candidate indexes against representative queries across the workload (simple to complex), observing actual planner cost estimates with and without each index. The planner already has many indexes in place (noted as `tmp_idx_*` and `idx_*` in the plan output). I focused on identifying indexes that produced measurable cost reductions beyond the existing baseline.

### Key Findings

#### 1. `movie_info_idx(info_type_id, info, movie_id)` — **Highest Impact**
This is the single most impactful index. Many queries filter `movie_info_idx` on both `info_type_id` (equality via join to `info_type`) and `info` (range comparison like `info > '8.0'`, `info < '7.0'`, `info < '8.5'`). Without it, the planner performs a full seq scan of movie_info_idx (~575K rows, cost ~13,718). With this composite index, the planner can do an index-only range scan:
- Query 12a: 10,684 → **2,256** (79% reduction)
- Queries 14a/b/c, 22a-d, 26a/b/c, 28a/b/c all benefit similarly (costs in 3,000–4,500 range vs. 10,000+)
- Queries 4a/b/c (sequel rating queries) also benefit

The `movie_id` trailing column enables index-only scans covering the join predicate.

#### 2. `movie_companies(company_id, company_type_id, movie_id)` — **High Impact**
When queries start from `company_name` (filtered by `country_code`) and need to join to `movie_companies` via `company_id`, the planner currently does a full seq scan of movie_companies (~1.08M rows, cost ~29,695). This index enables nested-loop index lookups:
- Query 10a/b/c: ~43,000 → **~20,000** (planner used `tmp_idx_movie_companies_eb7b56d5` in tests)
- Queries 12a, 13a, 19a (various company join scenarios) also benefit
- The `company_type_id` column helps when both company_id and company_type_id are join/filter predicates, enabling covering lookups for `movie_id`

#### 3. `cast_info(person_id, role_id, movie_id)` — **Medium Impact**
Many complex queries (9a-d, 19a-d, 24a-b, 29a-c) join `cast_info` on `person_id` AND filter on `role_id` (via role_type join). The existing `tmp_idx_cast_info_7101dd25` covers `(person_id, role_id)` which the planner already uses; adding `movie_id` as a covering column eliminates heap lookups for the movie_id join predicate.

#### 4. `cast_info(movie_id, role_id)` — **Medium Impact**
Queries that start from the movie side (e.g., 10a-c, 18a-c) join cast_info on movie_id and filter on role_id. The existing `idx_cast_info_movie_id` only covers movie_id, so role_id filtering requires heap fetches. Adding role_id enables efficient filtered lookups.

#### 5. `aka_name(person_id)` — Confirmed beneficial (likely exists as `idx_aka_name_person_id`)
Used extensively in queries 7a-c, 8a-d, 9a-d, 16a-d, 19a-d, 24a-b, 29a-c. The planner consistently uses this index for nested-loop lookups.

#### 6. `aka_title(movie_id)` — Confirmed beneficial (likely exists as `idx_aka_title_movie_id`)
Used in queries 15a-d. Enables efficient lookup of alternate titles for a given movie_id.

#### 7. `complete_cast(movie_id, subject_id, status_id)` — Confirmed beneficial (likely exists)
Used in all queries 20a-c, 23a-c, 26a-c, 27a-c, 28a-c, 29a-c, 30a-c. Index on movie_id is the primary access path; including subject_id and status_id as covering columns eliminates heap fetches for the two join predicates (cct1.id = cc.subject_id, cct2.id = cc.status_id).

#### 8. `movie_link(movie_id, link_type_id)` and `movie_link(linked_movie_id)` — Confirmed beneficial
Queries 11a-d, 21a-c, 27a-c, 32a-b, 33a-c all join movie_link. The planner uses `tmp_idx_movie_link_0e74da40` for movie_id lookups and `idx_movie_link_linked_movie_id` for linked_movie_id. Adding link_type_id as a covering column helps filter on link_type_id without heap fetches.

#### 9. `person_info(person_id, info_type_id)` — Confirmed beneficial (likely exists as `tmp_idx_person_info_277c0420`)
Used in queries 7a-c, 29a-c. Enables efficient lookup of person info records by person_id, with info_type_id as covering for the join to info_type.

#### 10. `movie_info(movie_id, info_type_id)` — Moderate benefit
The existing `idx_movie_info_movie_id` covers movie_id but adding info_type_id helps the planner filter on info_type_id without additional heap accesses. Many queries (12a-c, 13a-d, 19a-d, 21a-c, 22a-d) join movie_info on both movie_id and info_type_id.

Note: `movie_info(info_type_id, info, movie_id)` could not be built due to the `info` text column exceeding the 8191-byte index row size limit.

#### 11. `keyword(keyword)` — Confirmed beneficial (likely exists as `idx_keyword_keyword`)
Used in nearly every query that involves keyword filtering. Equality and IN-list lookups on keyword text are highly selective.

#### 12. `company_name(country_code)` — Confirmed beneficial (exists as `idx_company_name_country_code`)
Frequently filters company_name by country_code (e.g., '[us]', '[de]', '[ru]', '[jp]').

#### 13. `name(gender, name)` — Moderate benefit
Queries 6a-f, 17a-f, 18a-c, 19a-d filter on gender='f' or gender='m' AND name LIKE pattern. The existing `idx_name_gender` covers the gender bitmap scan; adding `name` as a second column would make prefix-LIKE patterns more selective. However, since most name filters use `%pattern%` (not prefix), this mainly helps when gender is very selective.

### Summary of Cost Reductions
- **movie_info_idx composite**: Up to 79% cost reduction on rating-filtered queries (the biggest win)
- **movie_companies composite**: ~50% cost reduction on company-driven join queries  
- **cast_info composites**: 10–30% improvement on person/role join queries
- Other indexes confirm or reinforce existing access paths

### Indexes NOT recommended (rejected)
- `movie_info(info_type_id, info, movie_id)`: Fails to build — text column exceeds 8191-byte limit
- `title(production_year, kind_id)`: Planner already uses title PK for point lookups; production_year range scans showed no improvement since row filtering happens after joins
- `movie_companies(company_id, movie_id)` alone: Less effective than the 3-column version
",5233.438,-172.81
