query_id,execution_time_ms,query_plan_text
Q1,1555.33,"Finalize Aggregate  (cost=101424.25..101424.26 rows=1 width=100) (actual time=1553.578..1554.778 rows=1 loops=1)
  ->  Gather  (cost=101424.02..101424.23 rows=2 width=68) (actual time=1553.245..1554.768 rows=3 loops=1)
        Workers Planned: 2
        Workers Launched: 2
        ->  Partial Aggregate  (cost=100424.02..100424.03 rows=1 width=68) (actual time=1544.266..1544.268 rows=1 loops=3)
              ->  Nested Loop  (cost=204.54..100424.01 rows=1 width=16) (actual time=1210.348..1544.106 rows=1 loops=3)
                    ->  Nested Loop  (cost=204.41..100423.86 rows=1 width=20) (actual time=1210.312..1544.069 rows=1 loops=3)
                          Join Filter: (((customer_demographics.cd_marital_status = 'S'::bpchar) AND (customer_demographics.cd_education_status = 'Primary'::bpchar) AND (store_sales.ss_sales_price >= 100.00) AND (store_sales.ss_sales_price <= 150.00) AND (household_demographics.hd_dep_count = 3)) OR ((customer_demographics.cd_marital_status = 'W'::bpchar) AND (customer_demographics.cd_education_status = 'Primary'::bpchar) AND (store_sales.ss_sales_price >= 50.00) AND (store_sales.ss_sales_price <= 100.00) AND (household_demographics.hd_dep_count = 1)) OR ((customer_demographics.cd_marital_status = 'M'::bpchar) AND (customer_demographics.cd_education_status = 'Advanced Degree'::bpchar) AND (store_sales.ss_sales_price >= 150.00) AND (store_sales.ss_sales_price <= 200.00) AND (household_demographics.hd_dep_count = 1)))
                          Rows Removed by Join Filter: 6
                          ->  Nested Loop  (cost=203.98..100416.02 rows=5 width=34) (actual time=888.798..1512.010 rows=93 loops=3)
                                ->  Nested Loop  (cost=203.69..100394.43 rows=53 width=44) (actual time=880.967..1471.988 rows=537 loops=3)
                                      ->  Hash Join  (cost=203.39..99336.06 rows=11048 width=48) (actual time=3.054..1464.640 rows=2737 loops=3)
                                            Hash Cond: (store_sales.ss_hdemo_sk = household_demographics.hd_demo_sk)
                                            ->  Parallel Seq Scan on store_sales  (cost=0.00..99020.72 rows=42623 width=48) (actual time=0.246..1451.088 rows=24938 loops=3)
                                                  Filter: ((((ss_sales_price >= 100.00) AND (ss_sales_price <= 150.00)) OR ((ss_sales_price >= 50.00) AND (ss_sales_price <= 100.00)) OR ((ss_sales_price >= 150.00) AND (ss_sales_price <= 200.00))) AND (((ss_net_profit >= '100'::numeric) AND (ss_net_profit <= '200'::numeric)) OR ((ss_net_profit >= '150'::numeric) AND (ss_net_profit <= '300'::numeric)) OR ((ss_net_profit >= '50'::numeric) AND (ss_net_profit <= '250'::numeric))))
                                                  Rows Removed by Filter: 935196
                                            ->  Hash  (cost=179.00..179.00 rows=1951 width=8) (actual time=2.578..2.578 rows=1440 loops=3)
                                                  Buckets: 2048  Batches: 1  Memory Usage: 73kB
                                                  ->  Seq Scan on household_demographics  (cost=0.00..179.00 rows=1951 width=8) (actual time=0.126..2.242 rows=1440 loops=3)
                                                        Filter: ((hd_dep_count = 3) OR (hd_dep_count = 1) OR (hd_dep_count = 1))
                                                        Rows Removed by Filter: 5760
                                      ->  Memoize  (cost=0.30..0.39 rows=1 width=4) (actual time=0.002..0.002 rows=0 loops=8211)
                                            Cache Key: store_sales.ss_sold_date_sk
                                            Cache Mode: logical
                                            Hits: 1848  Misses: 896  Evictions: 0  Overflows: 0  Memory Usage: 66kB
                                            Worker 0:  Hits: 1825  Misses: 918  Evictions: 0  Overflows: 0  Memory Usage: 67kB
                                            Worker 1:  Hits: 1814  Misses: 910  Evictions: 0  Overflows: 0  Memory Usage: 67kB
                                            ->  Index Scan using date_dim_pkey on date_dim  (cost=0.29..0.38 rows=1 width=4) (actual time=0.004..0.004 rows=0 loops=2724)
                                                  Index Cond: (d_date_sk = store_sales.ss_sold_date_sk)
                                                  Filter: (d_year = 2001)
                                                  Rows Removed by Filter: 1
                                ->  Index Scan using customer_address_pkey on customer_address  (cost=0.29..0.40 rows=1 width=7) (actual time=0.074..0.074 rows=0 loops=1610)
                                      Index Cond: (ca_address_sk = store_sales.ss_addr_sk)
                                      Filter: (((ca_country)::text = 'United States'::text) AND ((ca_state = ANY ('{KY,MI,TX}'::bpchar[])) OR (ca_state = ANY ('{MS,OH,TX}'::bpchar[])) OR (ca_state = ANY ('{IA,IN,WI}'::bpchar[]))) AND (((ca_state = ANY ('{KY,MI,TX}'::bpchar[])) AND (store_sales.ss_net_profit >= '100'::numeric) AND (store_sales.ss_net_profit <= '200'::numeric)) OR ((ca_state = ANY ('{MS,OH,TX}'::bpchar[])) AND (store_sales.ss_net_profit >= '150'::numeric) AND (store_sales.ss_net_profit <= '300'::numeric)) OR ((ca_state = ANY ('{IA,IN,WI}'::bpchar[])) AND (store_sales.ss_net_profit >= '50'::numeric) AND (store_sales.ss_net_profit <= '250'::numeric))))
                                      Rows Removed by Filter: 1
                          ->  Index Scan using customer_demographics_pkey on customer_demographics  (cost=0.43..1.52 rows=1 width=27) (actual time=0.343..0.343 rows=0 loops=280)
                                Index Cond: (cd_demo_sk = store_sales.ss_cdemo_sk)
                                Filter: (((cd_marital_status = 'S'::bpchar) AND (cd_education_status = 'Primary'::bpchar)) OR ((cd_marital_status = 'W'::bpchar) AND (cd_education_status = 'Primary'::bpchar)) OR ((cd_marital_status = 'M'::bpchar) AND (cd_education_status = 'Advanced Degree'::bpchar)))
                                Rows Removed by Filter: 1
                    ->  Index Only Scan using store_pkey on store  (cost=0.14..0.15 rows=1 width=4) (actual time=0.051..0.051 rows=1 loops=2)
                          Index Cond: (s_store_sk = store_sales.ss_store_sk)
                          Heap Fetches: 2
Planning Time: 19.483 ms
Execution Time: 1555.330 ms"
Q2,758.008,"Aggregate  (cost=48880.00..48880.01 rows=1 width=268) (actual time=757.405..757.953 rows=1 loops=1)
  ->  Nested Loop  (cost=1001.60..48879.97 rows=1 width=81) (actual time=756.972..757.940 rows=1 loops=1)
        ->  Gather  (cost=1001.17..48877.84 rows=1 width=81) (actual time=705.419..755.617 rows=7 loops=1)
              Workers Planned: 2
              Workers Launched: 2
              ->  Nested Loop  (cost=1.17..47877.74 rows=1 width=81) (actual time=692.937..751.965 rows=2 loops=3)
                    ->  Nested Loop  (cost=0.88..47875.32 rows=2 width=54) (actual time=611.860..749.509 rows=47 loops=3)
                          ->  Nested Loop  (cost=0.59..47861.24 rows=28 width=50) (actual time=604.316..736.847 rows=790 loops=3)
                                ->  Nested Loop  (cost=0.30..47808.98 rows=134 width=37) (actual time=603.622..719.979 rows=2970 loops=3)
                                      ->  Parallel Seq Scan on catalog_sales  (cost=0.00..46248.07 rows=26996 width=41) (actual time=0.016..705.331 rows=22529 loops=3)
                                            Filter: ((cs_wholesale_cost >= '84'::numeric) AND (cs_wholesale_cost <= '89'::numeric))
                                            Rows Removed by Filter: 457076
                                      ->  Memoize  (cost=0.30..0.42 rows=1 width=4) (actual time=0.000..0.000 rows=0 loops=67586)
                                            Cache Key: catalog_sales.cs_sold_date_sk
                                            Cache Mode: logical
                                            Hits: 21906  Misses: 1134  Evictions: 0  Overflows: 0  Memory Usage: 82kB
                                            Worker 0:  Hits: 21497  Misses: 1104  Evictions: 0  Overflows: 0  Memory Usage: 80kB
                                            Worker 1:  Hits: 20863  Misses: 1082  Evictions: 0  Overflows: 0  Memory Usage: 79kB
                                            ->  Index Scan using date_dim_pkey on date_dim  (cost=0.29..0.41 rows=1 width=4) (actual time=0.003..0.003 rows=0 loops=3320)
                                                  Index Cond: (d_date_sk = catalog_sales.cs_sold_date_sk)
                                                  Filter: (d_year = 1999)
                                                  Rows Removed by Filter: 1
                                ->  Index Scan using item_pkey on item  (cost=0.29..0.39 rows=1 width=21) (actual time=0.005..0.005 rows=0 loops=8910)
                                      Index Cond: (i_item_sk = catalog_sales.cs_item_sk)
                                      Filter: (i_category = 'Electronics'::bpchar)
                                      Rows Removed by Filter: 1
                          ->  Index Scan using customer_pkey on customer  (cost=0.29..0.50 rows=1 width=12) (actual time=0.016..0.016 rows=0 loops=2369)
                                Index Cond: (c_customer_sk = catalog_sales.cs_bill_customer_sk)
                                Filter: (c_birth_month = 3)
                                Rows Removed by Filter: 1
                    ->  Index Scan using customer_address_pkey on customer_address  (cost=0.29..1.21 rows=1 width=35) (actual time=0.051..0.051 rows=0 loops=142)
                          Index Cond: (ca_address_sk = customer.c_current_addr_sk)
                          Filter: (ca_state = ANY ('{MS,OH,TX}'::bpchar[]))
                          Rows Removed by Filter: 1
        ->  Index Scan using customer_demographics_pkey on customer_demographics  (cost=0.43..2.12 rows=1 width=8) (actual time=0.329..0.329 rows=0 loops=7)
              Index Cond: (cd_demo_sk = catalog_sales.cs_bill_cdemo_sk)
              Filter: ((cd_gender = 'M'::bpchar) AND (cd_education_status = 'Unknown'::bpchar))
              Rows Removed by Filter: 1
Planning Time: 1.362 ms
Execution Time: 758.008 ms"
Q3,1243.193,"Aggregate  (cost=72782.87..72782.88 rows=1 width=40) (actual time=1239.113..1243.109 rows=1 loops=1)
  ->  Nested Loop  (cost=3069.76..72782.86 rows=1 width=14) (actual time=1239.103..1243.098 rows=0 loops=1)
        Join Filter: (""substring""((customer_address.ca_zip)::text, 1, 5) <> ""substring""((store.s_zip)::text, 1, 5))
        ->  Nested Loop  (cost=3069.62..72782.69 rows=1 width=29) (actual time=1239.102..1243.097 rows=0 loops=1)
              ->  Gather  (cost=3069.33..72781.02 rows=1 width=22) (actual time=689.455..1242.443 rows=12 loops=1)
                    Workers Planned: 2
                    Workers Launched: 2
                    ->  Nested Loop  (cost=2069.33..71780.92 rows=1 width=22) (actual time=686.457..1236.458 rows=4 loops=3)
                          ->  Nested Loop  (cost=2069.04..71779.97 rows=3 width=18) (actual time=675.897..1235.906 rows=71 loops=3)
                                ->  Parallel Hash Join  (cost=2068.75..71749.33 rows=92 width=18) (actual time=674.678..1225.792 rows=1787 loops=3)
                                      Hash Cond: (store_sales.ss_sold_date_sk = date_dim.d_date_sk)
                                      ->  Parallel Seq Scan on store_sales  (cost=0.00..69022.77 rows=250583 width=22) (actual time=0.310..1194.363 rows=201361 loops=3)
                                            Filter: ((ss_wholesale_cost >= '73'::numeric) AND (ss_wholesale_cost <= '93'::numeric))
                                            Rows Removed by Filter: 758773
                                      ->  Parallel Hash  (cost=2068.55..2068.55 rows=16 width=4) (actual time=7.853..7.854 rows=9 loops=3)
                                            Buckets: 1024  Batches: 1  Memory Usage: 40kB
                                            ->  Parallel Seq Scan on date_dim  (cost=0.00..2068.55 rows=16 width=4) (actual time=7.345..7.821 rows=9 loops=3)
                                                  Filter: ((d_year = 2001) AND (d_moy = 2))
                                                  Rows Removed by Filter: 24340
                                ->  Index Scan using customer_pkey on customer  (cost=0.29..0.33 rows=1 width=8) (actual time=0.005..0.005 rows=0 loops=5361)
                                      Index Cond: (c_customer_sk = store_sales.ss_customer_sk)
                                      Filter: (c_birth_month = 9)
                                      Rows Removed by Filter: 1
                          ->  Index Scan using item_pkey on item  (cost=0.29..0.32 rows=1 width=12) (actual time=0.007..0.007 rows=0 loops=213)
                                Index Cond: (i_item_sk = store_sales.ss_item_sk)
                                Filter: (i_category = 'Sports'::bpchar)
                                Rows Removed by Filter: 1
              ->  Index Scan using customer_address_pkey on customer_address  (cost=0.29..1.66 rows=1 width=15) (actual time=0.053..0.053 rows=0 loops=12)
                    Index Cond: (ca_address_sk = customer.c_current_addr_sk)
                    Filter: (ca_state = 'WI'::bpchar)
                    Rows Removed by Filter: 1
        ->  Index Scan using store_pkey on store  (cost=0.14..0.15 rows=1 width=15) (never executed)
              Index Cond: (s_store_sk = store_sales.ss_store_sk)
Planning Time: 0.682 ms
Execution Time: 1243.193 ms"
Q4,9421.565,"Aggregate  (cost=19120.42..19120.43 rows=1 width=236) (actual time=9421.397..9421.463 rows=1 loops=1)
  ->  Nested Loop  (cost=3178.51..19120.39 rows=1 width=172) (actual time=9246.153..9421.440 rows=1 loops=1)
        ->  Nested Loop  (cost=3178.23..19120.08 rows=1 width=60) (actual time=9245.315..9420.601 rows=1 loops=1)
              ->  Nested Loop  (cost=3178.09..19119.93 rows=1 width=42) (actual time=9244.958..9420.243 rows=1 loops=1)
                    ->  Nested Loop  (cost=3177.80..19119.61 rows=1 width=46) (actual time=9129.916..9419.475 rows=6 loops=1)
                          ->  Nested Loop  (cost=3177.51..19119.29 rows=1 width=50) (actual time=99.958..9416.522 rows=177 loops=1)
                                ->  Gather  (cost=3177.08..19116.37 rows=1 width=40) (actual time=23.970..79.276 rows=21743 loops=1)
                                      Workers Planned: 2
                                      Workers Launched: 2
                                      ->  Nested Loop  (cost=2177.08..18116.27 rows=1 width=40) (actual time=13.860..486.116 rows=7248 loops=3)
                                            ->  Parallel Hash Join  (cost=2176.65..17828.40 rows=360 width=18) (actual time=13.170..97.672 rows=9750 loops=3)
                                                  Hash Cond: (store_returns.sr_returned_date_sk = d2.d_date_sk)
                                                  ->  Parallel Seq Scan on store_returns  (cost=0.00..14864.16 rows=300016 width=22) (actual time=0.444..80.514 rows=240013 loops=3)
                                                  ->  Parallel Hash  (cost=2175.97..2175.97 rows=54 width=4) (actual time=4.031..4.032 rows=31 loops=3)
                                                        Buckets: 1024  Batches: 1  Memory Usage: 72kB
                                                        ->  Parallel Seq Scan on date_dim d2  (cost=0.00..2175.97 rows=54 width=4) (actual time=2.958..6.006 rows=46 loops=2)
                                                              Filter: ((d_moy >= 10) AND (d_moy <= 12) AND (d_year = 1999))
                                                              Rows Removed by Filter: 36478
                                            ->  Index Scan using store_sales_pkey on store_sales  (cost=0.43..0.79 rows=1 width=26) (actual time=0.040..0.040 rows=1 loops=29250)
                                                  Index Cond: ((ss_item_sk = store_returns.sr_item_sk) AND (ss_ticket_number = store_returns.sr_ticket_number))
                                                  Filter: (store_returns.sr_customer_sk = ss_customer_sk)
                                                  Rows Removed by Filter: 0
                                ->  Index Scan using catalog_sales_pkey on catalog_sales  (cost=0.43..2.91 rows=1 width=22) (actual time=0.336..0.429 rows=0 loops=21743)
                                      Index Cond: (cs_item_sk = store_sales.ss_item_sk)
                                      Filter: (cs_bill_customer_sk = store_sales.ss_customer_sk)
                                      Rows Removed by Filter: 83
                          ->  Index Scan using date_dim_pkey on date_dim d1  (cost=0.29..0.32 rows=1 width=4) (actual time=0.016..0.016 rows=0 loops=177)
                                Index Cond: (d_date_sk = store_sales.ss_sold_date_sk)
                                Filter: ((d_moy = 10) AND (d_year = 1999))
                                Rows Removed by Filter: 1
                    ->  Index Scan using date_dim_pkey on date_dim d3  (cost=0.29..0.32 rows=1 width=4) (actual time=0.124..0.124 rows=0 loops=6)
                          Index Cond: (d_date_sk = catalog_sales.cs_sold_date_sk)
                          Filter: ((d_moy >= 10) AND (d_moy <= 12) AND (d_year = 1999))
                          Rows Removed by Filter: 1
              ->  Index Scan using store_pkey on store  (cost=0.14..0.15 rows=1 width=26) (actual time=0.348..0.348 rows=1 loops=1)
                    Index Cond: (s_store_sk = store_sales.ss_store_sk)
        ->  Index Scan using item_pkey on item  (cost=0.29..0.31 rows=1 width=124) (actual time=0.830..0.830 rows=1 loops=1)
              Index Cond: (i_item_sk = store_sales.ss_item_sk)
Planning Time: 13.264 ms
Execution Time: 9421.565 ms"
Q5,21.241,"Finalize Aggregate  (cost=69345.46..69345.47 rows=1 width=172) (actual time=20.476..21.213 rows=1 loops=1)
  ->  Gather  (cost=69345.21..69345.42 rows=2 width=172) (actual time=0.186..21.207 rows=3 loops=1)
        Workers Planned: 2
        Workers Launched: 2
        ->  Partial Aggregate  (cost=68345.21..68345.22 rows=1 width=172) (actual time=0.627..0.628 rows=1 loops=3)
              ->  Nested Loop  (cost=1965.68..68345.19 rows=1 width=47) (actual time=0.624..0.624 rows=0 loops=3)
                    ->  Nested Loop  (cost=1965.25..68299.61 rows=93 width=51) (actual time=0.624..0.624 rows=0 loops=3)
                          ->  Hash Join  (cost=1964.96..68158.23 rows=457 width=34) (actual time=0.624..0.624 rows=0 loops=3)
                                Hash Cond: (store_sales.ss_store_sk = store.s_store_sk)
                                ->  Parallel Hash Join  (cost=1963.80..68136.94 rows=5731 width=35) (never executed)
                                      Hash Cond: (store_sales.ss_sold_date_sk = date_dim.d_date_sk)
                                      ->  Parallel Seq Scan on store_sales  (cost=0.00..63023.18 rows=1199918 width=39) (never executed)
                                      ->  Parallel Hash  (cost=1961.12..1961.12 rows=214 width=4) (never executed)
                                            ->  Parallel Seq Scan on date_dim  (cost=0.00..1961.12 rows=214 width=4) (never executed)
                                                  Filter: (d_year = 2001)
                                ->  Hash  (cost=1.15..1.15 rows=1 width=7) (actual time=0.030..0.030 rows=0 loops=3)
                                      Buckets: 1024  Batches: 1  Memory Usage: 8kB
                                      ->  Seq Scan on store  (cost=0.00..1.15 rows=1 width=7) (actual time=0.030..0.030 rows=0 loops=3)
                                            Filter: (s_state = 'IN'::bpchar)
                                            Rows Removed by Filter: 12
                          ->  Index Scan using item_pkey on item  (cost=0.29..0.31 rows=1 width=21) (never executed)
                                Index Cond: (i_item_sk = store_sales.ss_item_sk)
                                Filter: (i_category = 'Electronics'::bpchar)
                    ->  Index Scan using customer_demographics_pkey on customer_demographics  (cost=0.43..0.49 rows=1 width=4) (never executed)
                          Index Cond: (cd_demo_sk = store_sales.ss_cdemo_sk)
                          Filter: ((cd_gender = 'F'::bpchar) AND (cd_marital_status = 'D'::bpchar) AND (cd_education_status = 'College'::bpchar))
Planning Time: 3.934 ms
Execution Time: 21.241 ms"
Q6,138.067,"Aggregate  (cost=9057.50..9057.51 rows=1 width=80) (actual time=137.217..138.043 rows=1 loops=1)
  ->  Nested Loop  (cost=2475.93..9057.48 rows=1 width=36) (actual time=136.943..137.770 rows=2 loops=1)
        ->  Gather  (cost=2475.80..9057.33 rows=1 width=37) (actual time=136.937..137.763 rows=2 loops=1)
              Workers Planned: 2
              Workers Launched: 2
              ->  Nested Loop  (cost=1475.80..8057.23 rows=1 width=37) (actual time=101.743..135.640 rows=1 loops=3)
                    ->  Nested Loop  (cost=1475.51..8054.20 rows=9 width=41) (actual time=36.537..134.688 rows=18 loops=3)
                          ->  Parallel Hash Join  (cost=1475.08..6912.56 rows=202 width=29) (actual time=36.374..133.901 rows=83 loops=3)
                                Hash Cond: (catalog_returns.cr_item_sk = item.i_item_sk)
                                ->  Parallel Seq Scan on catalog_returns  (cost=0.00..5425.36 rows=4617 width=8) (actual time=0.465..99.136 rows=3792 loops=3)
                                      Filter: (cr_reason_sk = 5)
                                      Rows Removed by Filter: 67975
                                ->  Parallel Hash  (cost=1469.29..1469.29 rows=463 width=21) (actual time=34.377..34.378 rows=270 loops=3)
                                      Buckets: 1024  Batches: 1  Memory Usage: 104kB
                                      ->  Parallel Seq Scan on item  (cost=0.00..1469.29 rows=463 width=21) (actual time=0.130..34.311 rows=270 loops=3)
                                            Filter: ((i_manager_id >= 61) AND (i_manager_id <= 100) AND (i_category = 'Sports'::bpchar))
                                            Rows Removed by Filter: 5730
                          ->  Index Scan using catalog_sales_pkey on catalog_sales  (cost=0.43..5.65 rows=1 width=16) (actual time=0.009..0.009 rows=0 loops=250)
                                Index Cond: ((cs_item_sk = catalog_returns.cr_item_sk) AND (cs_order_number = catalog_returns.cr_order_number))
                                Filter: ((cs_wholesale_cost >= '81'::numeric) AND (cs_wholesale_cost <= '100'::numeric))
                                Rows Removed by Filter: 1
                    ->  Index Scan using date_dim_pkey on date_dim  (cost=0.29..0.34 rows=1 width=4) (actual time=0.053..0.053 rows=0 loops=54)
                          Index Cond: (d_date_sk = catalog_sales.cs_sold_date_sk)
                          Filter: ((d_date >= '2001-04-21 00:00:00'::timestamp without time zone) AND (d_date <= '2001-06-20 00:00:00'::timestamp without time zone))
                          Rows Removed by Filter: 1
        ->  Index Scan using warehouse_pkey on warehouse  (cost=0.13..0.15 rows=1 width=7) (actual time=0.002..0.002 rows=1 loops=2)
              Index Cond: (w_warehouse_sk = catalog_sales.cs_warehouse_sk)
Planning Time: 4.491 ms
Execution Time: 138.067 ms"
Q7,2.934,"Aggregate  (cost=23029.65..23029.66 rows=1 width=216) (actual time=2.200..2.909 rows=1 loops=1)
  ->  Nested Loop  (cost=3004.17..23029.62 rows=1 width=71) (actual time=2.193..2.902 rows=0 loops=1)
        Join Filter: ((d1.d_date <= d2.d_date) AND (d1.d_date >= (d2.d_date - '120 days'::interval)))
        ->  Gather  (cost=3003.88..23029.28 rows=1 width=71) (actual time=2.193..2.901 rows=0 loops=1)
              Workers Planned: 2
              Workers Launched: 2
              ->  Nested Loop  (cost=2003.88..22029.18 rows=1 width=71) (actual time=0.049..0.049 rows=0 loops=3)
                    Join Filter: (store.s_store_sk = store_sales.ss_store_sk)
                    ->  Hash Join  (cost=2003.45..17733.17 rows=5339 width=79) (actual time=0.049..0.049 rows=0 loops=3)
                          Hash Cond: (store_returns.sr_store_sk = store.s_store_sk)
                          ->  Parallel Hash Join  (cost=2002.25..17654.00 rows=22157 width=24) (never executed)
                                Hash Cond: (store_returns.sr_returned_date_sk = d2.d_date_sk)
                                ->  Parallel Seq Scan on store_returns  (cost=0.00..14864.16 rows=300016 width=20) (never executed)
                                ->  Parallel Hash  (cost=1961.12..1961.12 rows=3290 width=8) (never executed)
                                      ->  Parallel Seq Scan on date_dim d2  (cost=0.00..1961.12 rows=3290 width=8) (never executed)
                                            Filter: (d_moy = 2)
                          ->  Hash  (cost=1.17..1.17 rows=3 width=55) (actual time=0.023..0.023 rows=0 loops=3)
                                Buckets: 1024  Batches: 1  Memory Usage: 8kB
                                ->  Seq Scan on store  (cost=0.00..1.17 rows=3 width=55) (actual time=0.023..0.023 rows=0 loops=3)
                                      Filter: (s_state = ANY ('{IN,MS,WI}'::bpchar[]))
                                      Rows Removed by Filter: 12
                    ->  Index Scan using store_sales_pkey on store_sales  (cost=0.43..0.79 rows=1 width=20) (never executed)
                          Index Cond: ((ss_item_sk = store_returns.sr_item_sk) AND (ss_ticket_number = store_returns.sr_ticket_number))
                          Filter: ((store_returns.sr_customer_sk = ss_customer_sk) AND (store_returns.sr_store_sk = ss_store_sk))
        ->  Index Scan using date_dim_pkey on date_dim d1  (cost=0.29..0.31 rows=1 width=8) (never executed)
              Index Cond: (d_date_sk = store_sales.ss_sold_date_sk)
              Filter: (d_dow = 1)
Planning Time: 3.376 ms
Execution Time: 2.934 ms"
Q8,338.497,"Aggregate  (cost=51341.08..51341.09 rows=1 width=52) (actual time=336.547..338.443 rows=1 loops=1)
  ->  Nested Loop  (cost=49176.59..51341.07 rows=1 width=38) (actual time=302.698..338.428 rows=13 loops=1)
        Join Filter: (d3.d_date > (d1.d_date + '3 days'::interval))
        ->  Nested Loop  (cost=49176.30..51340.73 rows=1 width=46) (actual time=302.695..338.408 rows=13 loops=1)
              ->  Gather  (cost=49176.17..51340.57 rows=1 width=32) (actual time=302.692..338.393 rows=13 loops=1)
                    Workers Planned: 1
                    Workers Launched: 1
                    ->  Nested Loop  (cost=48176.17..50340.47 rows=1 width=32) (actual time=301.264..335.227 rows=6 loops=2)
                          ->  Parallel Hash Join  (cost=48175.73..50190.65 rows=25 width=32) (actual time=297.964..311.572 rows=130 loops=2)
                                Hash Cond: (d2.d_week_seq = d1.d_week_seq)
                                ->  Parallel Seq Scan on date_dim d2  (cost=0.00..1853.70 rows=42970 width=8) (actual time=0.215..28.761 rows=36524 loops=2)
                                ->  Parallel Hash  (cost=48175.71..48175.71 rows=2 width=28) (actual time=281.139..281.141 rows=18 loops=2)
                                      Buckets: 1024  Batches: 1  Memory Usage: 72kB
                                      ->  Nested Loop  (cost=159.02..48175.71 rows=2 width=28) (actual time=54.623..281.116 rows=18 loops=2)
                                            ->  Nested Loop  (cost=158.59..48152.93 rows=30 width=32) (actual time=35.934..125.917 rows=808 loops=2)
                                                  ->  Nested Loop  (cost=158.30..48113.74 rows=121 width=28) (actual time=35.213..120.151 rows=3480 loops=2)
                                                        ->  Hash Join  (cost=158.00..46793.14 rows=24422 width=24) (actual time=1.137..116.224 rows=16754 loops=2)
                                                              Hash Cond: (catalog_sales.cs_bill_hdemo_sk = household_demographics.hd_demo_sk)
                                                              ->  Parallel Seq Scan on catalog_sales  (cost=0.00..46248.07 rows=147370 width=32) (actual time=0.007..106.243 rows=178094 loops=2)
                                                                    Filter: ((cs_wholesale_cost >= '73'::numeric) AND (cs_wholesale_cost <= '93'::numeric))
                                                                    Rows Removed by Filter: 541314
                                                              ->  Hash  (cost=143.00..143.00 rows=1200 width=4) (actual time=1.107..1.107 rows=1200 loops=2)
                                                                    Buckets: 2048  Batches: 1  Memory Usage: 59kB
                                                                    ->  Seq Scan on household_demographics  (cost=0.00..143.00 rows=1200 width=4) (actual time=0.110..1.040 rows=1200 loops=2)
                                                                          Filter: (hd_buy_potential = '501-1000'::bpchar)
                                                                          Rows Removed by Filter: 6000
                                                        ->  Memoize  (cost=0.30..0.34 rows=1 width=12) (actual time=0.000..0.000 rows=0 loops=33508)
                                                              Cache Key: catalog_sales.cs_sold_date_sk
                                                              Cache Mode: logical
                                                              Hits: 15608  Misses: 1490  Evictions: 0  Overflows: 0  Memory Usage: 111kB
                                                              Worker 0:  Hits: 15000  Misses: 1410  Evictions: 0  Overflows: 0  Memory Usage: 104kB
                                                              ->  Index Scan using date_dim_pkey on date_dim d1  (cost=0.29..0.33 rows=1 width=12) (actual time=0.001..0.001 rows=0 loops=2900)
                                                                    Index Cond: (d_date_sk = catalog_sales.cs_sold_date_sk)
                                                                    Filter: (d_year = 2002)
                                                                    Rows Removed by Filter: 1
                                                  ->  Index Scan using item_pkey on item  (cost=0.29..0.32 rows=1 width=4) (actual time=0.002..0.002 rows=0 loops=6960)
                                                        Index Cond: (i_item_sk = catalog_sales.cs_item_sk)
                                                        Filter: (i_category = ANY ('{Home,Sports,Women}'::bpchar[]))
                                                        Rows Removed by Filter: 1
                                            ->  Index Scan using customer_demographics_pkey on customer_demographics  (cost=0.43..0.76 rows=1 width=4) (actual time=0.192..0.192 rows=0 loops=1615)
                                                  Index Cond: (cd_demo_sk = catalog_sales.cs_bill_cdemo_sk)
                                                  Filter: ((cd_dep_count >= 3) AND (cd_dep_count <= 5) AND (cd_marital_status = 'W'::bpchar))
                                                  Rows Removed by Filter: 1
                          ->  Index Scan using inventory_pkey on inventory  (cost=0.43..5.98 rows=1 width=16) (actual time=0.166..0.183 rows=0 loops=259)
                                Index Cond: ((inv_date_sk = d2.d_date_sk) AND (inv_item_sk = catalog_sales.cs_item_sk))
                                Filter: (inv_quantity_on_hand < catalog_sales.cs_quantity)
                                Rows Removed by Filter: 1
              ->  Index Scan using warehouse_pkey on warehouse  (cost=0.13..0.15 rows=1 width=22) (actual time=0.001..0.001 rows=1 loops=13)
                    Index Cond: (w_warehouse_sk = inventory.inv_warehouse_sk)
        ->  Index Scan using date_dim_pkey on date_dim d3  (cost=0.29..0.33 rows=1 width=8) (actual time=0.001..0.001 rows=1 loops=13)
              Index Cond: (d_date_sk = catalog_sales.cs_ship_date_sk)
Planning Time: 8.853 ms
Execution Time: 338.497 ms"
Q9,198.68,"Finalize Aggregate  (cost=22072.47..22072.48 rows=1 width=40) (actual time=197.505..198.658 rows=1 loops=1)
  ->  Gather  (cost=22072.25..22072.46 rows=2 width=40) (actual time=197.433..198.652 rows=3 loops=1)
        Workers Planned: 2
        Workers Launched: 2
        ->  Partial Aggregate  (cost=21072.25..21072.26 rows=1 width=40) (actual time=195.870..195.872 rows=1 loops=3)
              ->  Parallel Hash Join  (cost=5082.98..21072.22 rows=4 width=25) (actual time=165.751..195.861 rows=2 loops=3)
                    Hash Cond: (store_returns.sr_cdemo_sk = customer_demographics.cd_demo_sk)
                    ->  Parallel Seq Scan on store_returns  (cost=0.00..14864.16 rows=300016 width=12) (actual time=0.338..68.327 rows=240013 loops=3)
                    ->  Parallel Hash  (cost=5082.78..5082.78 rows=16 width=25) (actual time=117.583..117.585 rows=7 loops=3)
                          Buckets: 1024  Batches: 1  Memory Usage: 104kB
                          ->  Nested Loop  (cost=1506.06..5082.78 rows=16 width=25) (actual time=47.714..117.560 rows=7 loops=3)
                                ->  Hash Join  (cost=1505.63..5071.61 rows=17 width=21) (actual time=47.544..116.594 rows=7 loops=3)
                                      Hash Cond: (household_demographics.hd_income_band_sk = income_band.ib_income_band_sk)
                                      ->  Nested Loop  (cost=1504.24..5070.07 rows=49 width=25) (actual time=32.645..116.559 rows=20 loops=3)
                                            ->  Parallel Hash Join  (cost=1503.96..5054.62 rows=51 width=25) (actual time=32.446..116.086 rows=21 loops=3)
                                                  Hash Cond: (customer.c_current_addr_sk = customer_address.ca_address_sk)
                                                  ->  Parallel Seq Scan on customer  (cost=0.00..3396.24 rows=58824 width=29) (actual time=0.311..85.228 rows=33333 loops=3)
                                                  ->  Parallel Hash  (cost=1503.65..1503.65 rows=25 width=4) (actual time=28.969..28.969 rows=9 loops=3)
                                                        Buckets: 1024  Batches: 1  Memory Usage: 104kB
                                                        ->  Parallel Seq Scan on customer_address  (cost=0.00..1503.65 rows=25 width=4) (actual time=1.183..28.926 rows=9 loops=3)
                                                              Filter: ((ca_city)::text = 'Marion'::text)
                                                              Rows Removed by Filter: 16658
                                            ->  Index Scan using household_demographics_pkey on household_demographics  (cost=0.28..0.30 rows=1 width=8) (actual time=0.022..0.022 rows=1 loops=62)
                                                  Index Cond: (hd_demo_sk = customer.c_current_hdemo_sk)
                                      ->  Hash  (cost=1.30..1.30 rows=7 width=4) (actual time=0.025..0.025 rows=5 loops=3)
                                            Buckets: 1024  Batches: 1  Memory Usage: 9kB
                                            ->  Seq Scan on income_band  (cost=0.00..1.30 rows=7 width=4) (actual time=0.021..0.022 rows=5 loops=3)
                                                  Filter: ((ib_lower_bound >= 30000) AND (ib_upper_bound <= 80000))
                                                  Rows Removed by Filter: 15
                                ->  Index Only Scan using customer_demographics_pkey on customer_demographics  (cost=0.43..0.66 rows=1 width=4) (actual time=0.144..0.144 rows=1 loops=20)
                                      Index Cond: (cd_demo_sk = customer.c_current_cdemo_sk)
                                      Heap Fetches: 0
Planning Time: 3.285 ms
Execution Time: 198.680 ms"
Q10,640.846,"Aggregate  (cost=32465.20..32465.21 rows=1 width=84) (actual time=640.723..640.805 rows=1 loops=1)
  ->  Nested Loop  (cost=2948.84..32465.19 rows=1 width=32) (actual time=517.820..640.797 rows=1 loops=1)
        Join Filter: ((cd1.cd_marital_status = cd2.cd_marital_status) AND (cd1.cd_education_status = cd2.cd_education_status) AND (((cd1.cd_marital_status = 'M'::bpchar) AND (cd1.cd_education_status = 'Primary'::bpchar) AND (web_sales.ws_sales_price >= 100.00) AND (web_sales.ws_sales_price <= 150.00)) OR ((cd1.cd_marital_status = 'S'::bpchar) AND (cd1.cd_education_status = 'Advanced Degree'::bpchar) AND (web_sales.ws_sales_price >= 50.00) AND (web_sales.ws_sales_price <= 100.00)) OR ((cd1.cd_marital_status = 'U'::bpchar) AND (cd1.cd_education_status = '2 yr Degree'::bpchar) AND (web_sales.ws_sales_price >= 150.00) AND (web_sales.ws_sales_price <= 200.00))))
        Rows Removed by Join Filter: 8
        ->  Nested Loop  (cost=2948.41..32463.93 rows=1 width=61) (actual time=443.825..640.571 rows=93 loops=1)
              ->  Nested Loop  (cost=2947.99..32462.73 rows=1 width=38) (actual time=443.494..611.732 rows=94 loops=1)
                    ->  Gather  (cost=2947.85..32462.57 rows=1 width=42) (actual time=443.473..611.597 rows=94 loops=1)
                          Workers Planned: 1
                          Workers Launched: 1
                          ->  Nested Loop  (cost=1947.85..31462.47 rows=1 width=42) (actual time=442.428..617.726 rows=47 loops=2)
                                ->  Nested Loop  (cost=1947.55..31434.51 rows=56 width=46) (actual time=9.015..617.187 rows=352 loops=2)
                                      Join Filter: (((customer_address.ca_state = ANY ('{KY,MI,TX}'::bpchar[])) AND (web_sales.ws_net_profit >= '100'::numeric) AND (web_sales.ws_net_profit <= '200'::numeric)) OR ((customer_address.ca_state = ANY ('{MS,OH,TX}'::bpchar[])) AND (web_sales.ws_net_profit >= '150'::numeric) AND (web_sales.ws_net_profit <= '300'::numeric)) OR ((customer_address.ca_state = ANY ('{IN,MS,WI}'::bpchar[])) AND (web_sales.ws_net_profit >= '50'::numeric) AND (web_sales.ws_net_profit <= '250'::numeric)))
                                      Rows Removed by Join Filter: 162
                                      ->  Hash Join  (cost=1947.13..5792.50 rows=23421 width=31) (actual time=6.868..29.239 rows=16154 loops=2)
                                            Hash Cond: (web_returns.wr_reason_sk = reason.r_reason_sk)
                                            ->  Parallel Hash Join  (cost=1945.34..5719.09 rows=24449 width=35) (actual time=6.832..26.937 rows=16538 loops=2)
                                                  Hash Cond: (web_returns.wr_refunded_addr_sk = customer_address.ca_address_sk)
                                                  ->  Parallel Seq Scan on web_returns  (cost=0.00..3551.31 rows=84731 width=36) (actual time=0.215..9.130 rows=72021 loops=2)
                                                  ->  Parallel Hash  (cost=1834.53..1834.53 rows=8865 width=7) (actual time=6.593..6.594 rows=6051 loops=2)
                                                        Buckets: 16384  Batches: 1  Memory Usage: 640kB
                                                        ->  Parallel Seq Scan on customer_address  (cost=0.00..1834.53 rows=8865 width=7) (actual time=0.006..6.202 rows=6051 loops=2)
                                                              Filter: (((ca_country)::text = 'United States'::text) AND ((ca_state = ANY ('{KY,MI,TX}'::bpchar[])) OR (ca_state = ANY ('{MS,OH,TX}'::bpchar[])) OR (ca_state = ANY ('{IN,MS,WI}'::bpchar[]))))
                                                              Rows Removed by Filter: 18949
                                            ->  Hash  (cost=1.35..1.35 rows=35 width=4) (actual time=0.017..0.017 rows=35 loops=2)
                                                  Buckets: 1024  Batches: 1  Memory Usage: 10kB
                                                  ->  Seq Scan on reason  (cost=0.00..1.35 rows=35 width=4) (actual time=0.010..0.011 rows=35 loops=2)
                                      ->  Index Scan using web_sales_pkey on web_sales  (cost=0.42..1.06 rows=1 width=32) (actual time=0.036..0.036 rows=0 loops=32307)
                                            Index Cond: ((ws_item_sk = web_returns.wr_item_sk) AND (ws_order_number = web_returns.wr_order_number))
                                            Filter: ((((ws_sales_price >= 100.00) AND (ws_sales_price <= 150.00)) OR ((ws_sales_price >= 50.00) AND (ws_sales_price <= 100.00)) OR ((ws_sales_price >= 150.00) AND (ws_sales_price <= 200.00))) AND (((ws_net_profit >= '100'::numeric) AND (ws_net_profit <= '200'::numeric)) OR ((ws_net_profit >= '150'::numeric) AND (ws_net_profit <= '300'::numeric)) OR ((ws_net_profit >= '50'::numeric) AND (ws_net_profit <= '250'::numeric))))
                                            Rows Removed by Filter: 1
                                ->  Index Scan using date_dim_pkey on date_dim  (cost=0.29..0.50 rows=1 width=4) (actual time=0.001..0.001 rows=0 loops=705)
                                      Index Cond: (d_date_sk = web_sales.ws_sold_date_sk)
                                      Filter: (d_year = 2002)
                                      Rows Removed by Filter: 1
                    ->  Index Only Scan using web_page_pkey on web_page  (cost=0.14..0.16 rows=1 width=4) (actual time=0.001..0.001 rows=1 loops=94)
                          Index Cond: (wp_web_page_sk = web_sales.ws_web_page_sk)
                          Heap Fetches: 94
              ->  Index Scan using customer_demographics_pkey on customer_demographics cd2  (cost=0.43..1.20 rows=1 width=27) (actual time=0.306..0.306 rows=1 loops=94)
                    Index Cond: (cd_demo_sk = web_returns.wr_returning_cdemo_sk)
        ->  Index Scan using customer_demographics_pkey on customer_demographics cd1  (cost=0.43..1.21 rows=1 width=27) (actual time=0.002..0.002 rows=0 loops=93)
              Index Cond: (cd_demo_sk = web_returns.wr_refunded_cdemo_sk)
              Filter: (((cd_marital_status = 'M'::bpchar) AND (cd_education_status = 'Primary'::bpchar)) OR ((cd_marital_status = 'S'::bpchar) AND (cd_education_status = 'Advanced Degree'::bpchar)) OR ((cd_marital_status = 'U'::bpchar) AND (cd_education_status = '2 yr Degree'::bpchar)))
              Rows Removed by Filter: 1
Planning Time: 12.435 ms
Execution Time: 640.846 ms"
Q11,206.727,"Aggregate  (cost=8534.60..8534.61 rows=1 width=136) (actual time=204.813..206.680 rows=1 loops=1)
  ->  Nested Loop  (cost=3070.20..8534.58 rows=1 width=56) (actual time=93.830..206.653 rows=4 loops=1)
        ->  Gather  (cost=3070.07..8534.43 rows=1 width=18) (actual time=93.826..206.620 rows=4 loops=1)
              Workers Planned: 2
              Workers Launched: 2
              ->  Nested Loop  (cost=2070.07..7534.33 rows=1 width=18) (actual time=133.479..202.017 rows=1 loops=3)
                    ->  Nested Loop  (cost=2069.64..7532.79 rows=1 width=22) (actual time=82.006..199.217 rows=11 loops=3)
                          ->  Nested Loop  (cost=2069.35..7530.62 rows=6 width=26) (actual time=37.148..164.023 rows=146 loops=3)
                                ->  Nested Loop  (cost=2069.07..7519.32 rows=37 width=30) (actual time=30.855..162.632 rows=855 loops=3)
                                      ->  Parallel Hash Join  (cost=2068.78..7505.36 rows=38 width=22) (actual time=30.320..87.708 rows=874 loops=3)
                                            Hash Cond: (catalog_returns.cr_returned_date_sk = date_dim.d_date_sk)
                                            ->  Parallel Seq Scan on catalog_returns  (cost=0.00..5201.09 rows=89709 width=26) (actual time=0.479..72.735 rows=71767 loops=3)
                                            ->  Parallel Hash  (cost=2068.55..2068.55 rows=18 width=4) (actual time=11.472..11.473 rows=10 loops=3)
                                                  Buckets: 1024  Batches: 1  Memory Usage: 72kB
                                                  ->  Parallel Seq Scan on date_dim  (cost=0.00..2068.55 rows=18 width=4) (actual time=7.103..11.384 rows=10 loops=3)
                                                        Filter: ((d_year = 2000) AND (d_moy = 3))
                                                        Rows Removed by Filter: 24339
                                      ->  Index Scan using customer_pkey on customer  (cost=0.29..0.37 rows=1 width=16) (actual time=0.085..0.085 rows=1 loops=2623)
                                            Index Cond: (c_customer_sk = catalog_returns.cr_returning_customer_sk)
                                ->  Index Scan using household_demographics_pkey on household_demographics  (cost=0.28..0.31 rows=1 width=4) (actual time=0.001..0.001 rows=0 loops=2564)
                                      Index Cond: (hd_demo_sk = customer.c_current_hdemo_sk)
                                      Filter: (hd_buy_potential ~~ '501-1000%'::text)
                                      Rows Removed by Filter: 1
                          ->  Index Scan using customer_address_pkey on customer_address  (cost=0.29..0.36 rows=1 width=4) (actual time=0.240..0.240 rows=0 loops=439)
                                Index Cond: (ca_address_sk = customer.c_current_addr_sk)
                                Filter: (ca_gmt_offset = '-7'::numeric)
                                Rows Removed by Filter: 1
                    ->  Index Scan using customer_demographics_pkey on customer_demographics  (cost=0.43..1.54 rows=1 width=4) (actual time=0.262..0.262 rows=0 loops=32)
                          Index Cond: (cd_demo_sk = customer.c_current_cdemo_sk)
                          Filter: (((cd_marital_status = 'M'::bpchar) AND (cd_education_status = 'Unknown'::bpchar)) OR ((cd_marital_status = 'W'::bpchar) AND (cd_education_status = 'Advanced Degree'::bpchar)))
                          Rows Removed by Filter: 1
        ->  Index Scan using call_center_pkey on call_center  (cost=0.13..0.15 rows=1 width=46) (actual time=0.003..0.003 rows=1 loops=4)
              Index Cond: (cc_call_center_sk = catalog_returns.cr_call_center_sk)
Planning Time: 3.572 ms
Execution Time: 206.727 ms"
Q12,102.917,"Finalize Aggregate  (cost=47648.68..47648.69 rows=1 width=104) (actual time=101.940..102.881 rows=1 loops=1)
  ->  Gather  (cost=47648.45..47648.66 rows=2 width=104) (actual time=101.878..102.877 rows=3 loops=1)
        Workers Planned: 2
        Workers Launched: 2
        ->  Partial Aggregate  (cost=46648.45..46648.46 rows=1 width=104) (actual time=99.117..99.118 rows=1 loops=3)
              ->  Nested Loop  (cost=3.79..46648.35 rows=8 width=69) (actual time=0.637..99.023 rows=85 loops=3)
                    ->  Hash Join  (cost=3.50..46328.80 rows=676 width=73) (actual time=0.479..98.538 rows=209 loops=3)
                          Hash Cond: (catalog_sales.cs_call_center_sk = call_center.cc_call_center_sk)
                          ->  Hash Join  (cost=2.39..46321.60 rows=1360 width=65) (actual time=0.260..98.393 rows=769 loops=3)
                                Hash Cond: (catalog_sales.cs_warehouse_sk = warehouse.w_warehouse_sk)
                                ->  Hash Join  (cost=1.30..46303.98 rows=3418 width=51) (actual time=0.118..98.159 rows=1922 loops=3)
                                      Hash Cond: (catalog_sales.cs_ship_mode_sk = ship_mode.sm_ship_mode_sk)
                                      ->  Parallel Seq Scan on catalog_sales  (cost=0.00..46248.07 rows=17184 width=24) (actual time=0.037..97.165 rows=13882 loops=3)
                                            Filter: ((cs_list_price >= '248'::numeric) AND (cs_list_price <= '277'::numeric))
                                            Rows Removed by Filter: 465723
                                      ->  Hash  (cost=1.25..1.25 rows=4 width=35) (actual time=0.032..0.032 rows=4 loops=3)
                                            Buckets: 1024  Batches: 1  Memory Usage: 9kB
                                            ->  Seq Scan on ship_mode  (cost=0.00..1.25 rows=4 width=35) (actual time=0.026..0.028 rows=4 loops=3)
                                                  Filter: (sm_type = 'NEXT DAY'::bpchar)
                                                  Rows Removed by Filter: 16
                                ->  Hash  (cost=1.06..1.06 rows=2 width=22) (actual time=0.033..0.033 rows=2 loops=3)
                                      Buckets: 1024  Batches: 1  Memory Usage: 9kB
                                      ->  Seq Scan on warehouse  (cost=0.00..1.06 rows=2 width=22) (actual time=0.029..0.030 rows=2 loops=3)
                                            Filter: (w_gmt_offset = '-5'::numeric)
                                            Rows Removed by Filter: 3
                          ->  Hash  (cost=1.07..1.07 rows=3 width=16) (actual time=0.037..0.037 rows=3 loops=3)
                                Buckets: 1024  Batches: 1  Memory Usage: 9kB
                                ->  Seq Scan on call_center  (cost=0.00..1.07 rows=3 width=16) (actual time=0.030..0.032 rows=3 loops=3)
                                      Filter: ((cc_class)::text = 'large'::text)
                                      Rows Removed by Filter: 3
                    ->  Index Scan using date_dim_pkey on date_dim  (cost=0.29..0.47 rows=1 width=4) (actual time=0.002..0.002 rows=0 loops=627)
                          Index Cond: (d_date_sk = catalog_sales.cs_ship_date_sk)
                          Filter: ((d_month_seq >= 1201) AND (d_month_seq <= 1224))
                          Rows Removed by Filter: 1
Planning Time: 1.427 ms
Execution Time: 102.917 ms"
Q13,3174.814,"Aggregate  (cost=126013.80..126013.81 rows=1 width=16) (actual time=3173.427..3174.787 rows=1 loops=1)
  ->  Nested Loop  (cost=3075.84..126013.79 rows=1 width=16) (actual time=612.584..3174.767 rows=42 loops=1)
        ->  Gather  (cost=3075.55..126013.47 rows=1 width=20) (actual time=612.577..3172.055 rows=42 loops=1)
              Workers Planned: 2
              Workers Launched: 2
              ->  Nested Loop  (cost=2075.55..125013.37 rows=1 width=20) (actual time=652.810..3169.582 rows=14 loops=3)
                    ->  Nested Loop  (cost=2075.12..72866.68 rows=6771 width=20) (actual time=475.609..2678.150 rows=477966 loops=3)
                          ->  Nested Loop  (cost=2074.83..71977.91 rows=6 width=16) (actual time=475.559..2228.534 rows=291 loops=3)
                                ->  Nested Loop  (cost=2074.41..71650.96 rows=213 width=20) (actual time=282.860..1195.120 rows=7350 loops=3)
                                      ->  Nested Loop  (cost=2074.11..71567.77 rows=223 width=16) (actual time=282.844..1088.650 rows=7442 loops=3)
                                            ->  Parallel Hash Join  (cost=2073.83..71310.64 rows=768 width=12) (actual time=276.130..964.561 rows=25509 loops=3)
                                                  Hash Cond: (s1.ss_sold_date_sk = date_dim.d_date_sk)
                                                  ->  Parallel Seq Scan on store_sales s1  (cost=0.00..69022.77 rows=81538 width=16) (actual time=0.438..957.037 rows=65504 loops=3)
                                                        Filter: ((ss_list_price >= '80'::numeric) AND (ss_list_price <= '94'::numeric))
                                                        Rows Removed by Filter: 894631
                                                  ->  Parallel Hash  (cost=2068.55..2068.55 rows=422 width=4) (actual time=1.388..1.388 rows=244 loops=3)
                                                        Buckets: 1024  Batches: 1  Memory Usage: 40kB
                                                        ->  Parallel Seq Scan on date_dim  (cost=0.00..2068.55 rows=422 width=4) (actual time=1.011..1.367 rows=244 loops=3)
                                                              Filter: ((d_year >= 2000) AND (d_year <= 2001))
                                                              Rows Removed by Filter: 24106
                                            ->  Index Scan using item_pkey on item item1  (cost=0.29..0.33 rows=1 width=4) (actual time=0.005..0.005 rows=0 loops=76527)
                                                  Index Cond: (i_item_sk = s1.ss_item_sk)
                                                  Filter: (i_category = ANY ('{Books,Shoes}'::bpchar[]))
                                                  Rows Removed by Filter: 1
                                      ->  Index Scan using customer_pkey on customer  (cost=0.29..0.37 rows=1 width=12) (actual time=0.014..0.014 rows=1 loops=22325)
                                            Index Cond: (c_customer_sk = s1.ss_customer_sk)
                                ->  Index Scan using customer_demographics_pkey on customer_demographics  (cost=0.43..1.53 rows=1 width=4) (actual time=0.140..0.140 rows=0 loops=22051)
                                      Index Cond: (cd_demo_sk = customer.c_current_cdemo_sk)
                                      Filter: ((cd_marital_status = 'M'::bpchar) AND (cd_education_status = 'College'::bpchar))
                                      Rows Removed by Filter: 1
                          ->  Index Scan using item_pkey on item item2  (cost=0.29..136.31 rows=1182 width=4) (actual time=0.005..1.470 rows=1641 loops=874)
                                Index Cond: (i_item_sk > item1.i_item_sk)
                                Filter: ((i_manager_id >= 48) AND (i_manager_id <= 67))
                                Rows Removed by Filter: 6778
                    ->  Index Scan using store_sales_pkey on store_sales s2  (cost=0.43..7.70 rows=1 width=8) (actual time=0.001..0.001 rows=0 loops=1433897)
                          Index Cond: ((ss_item_sk = item2.i_item_sk) AND (ss_ticket_number = s1.ss_ticket_number))
                          Filter: ((ss_list_price >= '80'::numeric) AND (ss_list_price <= '94'::numeric))
                          Rows Removed by Filter: 0
        ->  Index Only Scan using customer_address_pkey on customer_address  (cost=0.29..0.32 rows=1 width=4) (actual time=0.064..0.064 rows=1 loops=42)
              Index Cond: (ca_address_sk = customer.c_current_addr_sk)
              Heap Fetches: 0
Planning Time: 7.671 ms
Execution Time: 3174.814 ms"
Q14,2009.139,"Aggregate  (cost=19368.84..19368.85 rows=1 width=16) (actual time=2009.036..2009.091 rows=1 loops=1)
  ->  Nested Loop  (cost=2966.10..19368.83 rows=1 width=16) (actual time=2009.034..2009.088 rows=0 loops=1)
        ->  Nested Loop  (cost=2965.82..19368.52 rows=1 width=20) (actual time=2009.034..2009.088 rows=0 loops=1)
              ->  Nested Loop  (cost=2965.53..19368.15 rows=1 width=24) (actual time=2009.032..2009.086 rows=0 loops=1)
                    Join Filter: (customer.c_customer_sk = store_sales.ss_customer_sk)
                    ->  Nested Loop  (cost=2965.24..19367.81 rows=1 width=20) (actual time=2009.032..2009.086 rows=0 loops=1)
                          Join Filter: ((d2.d_date >= d1.d_date) AND (d2.d_date <= (d1.d_date + '90 days'::interval)))
                          Rows Removed by Join Filter: 6
                          ->  Nested Loop  (cost=2964.94..19367.48 rows=1 width=28) (actual time=267.002..2008.429 rows=6 loops=1)
                                Join Filter: ((web_sales.ws_bill_customer_sk = store_sales.ss_customer_sk) AND (store_sales.ss_item_sk = web_sales.ws_item_sk))
                                Rows Removed by Join Filter: 177066
                                ->  Gather  (cost=2964.52..19364.92 rows=1 width=24) (actual time=28.370..270.997 rows=3156 loops=1)
                                      Workers Planned: 2
                                      Workers Launched: 2
                                      ->  Nested Loop  (cost=1964.52..18364.82 rows=1 width=24) (actual time=20.669..772.194 rows=1052 loops=3)
                                            ->  Nested Loop  (cost=1964.09..18071.47 rows=368 width=16) (actual time=14.255..387.272 rows=6546 loops=3)
                                                  ->  Parallel Hash Join  (cost=1963.80..17615.55 rows=1442 width=12) (actual time=4.305..287.971 rows=39772 loops=3)
                                                        Hash Cond: (store_returns.sr_returned_date_sk = d1.d_date_sk)
                                                        ->  Parallel Seq Scan on store_returns  (cost=0.00..14864.16 rows=300016 width=12) (actual time=0.103..263.356 rows=240013 loops=3)
                                                        ->  Parallel Hash  (cost=1961.12..1961.12 rows=214 width=8) (actual time=2.811..2.811 rows=122 loops=3)
                                                              Buckets: 1024  Batches: 1  Memory Usage: 40kB
                                                              ->  Parallel Seq Scan on date_dim d1  (cost=0.00..1961.12 rows=214 width=8) (actual time=4.325..8.393 rows=365 loops=1)
                                                                    Filter: (d_year = 1999)
                                                                    Rows Removed by Filter: 72684
                                                  ->  Index Scan using item_pkey on item  (cost=0.29..0.32 rows=1 width=4) (actual time=0.002..0.002 rows=0 loops=119317)
                                                        Index Cond: (i_item_sk = store_returns.sr_item_sk)
                                                        Filter: (i_category = ANY ('{Books,Home,Jewelry}'::bpchar[]))
                                                        Rows Removed by Filter: 1
                                            ->  Index Scan using store_sales_pkey on store_sales  (cost=0.43..0.80 rows=1 width=12) (actual time=0.059..0.059 rows=0 loops=19637)
                                                  Index Cond: ((ss_item_sk = store_returns.sr_item_sk) AND (ss_ticket_number = store_returns.sr_ticket_number))
                                                  Filter: (((ss_sales_price / ss_list_price) >= 0.73) AND ((ss_sales_price / ss_list_price) <= 0.93))
                                                  Rows Removed by Filter: 1
                                ->  Index Scan using web_sales_pkey on web_sales  (cost=0.42..1.63 rows=62 width=16) (actual time=0.045..0.545 rows=56 loops=3156)
                                      Index Cond: (ws_item_sk = store_returns.sr_item_sk)
                          ->  Index Scan using date_dim_pkey on date_dim d2  (cost=0.29..0.32 rows=1 width=8) (actual time=0.097..0.097 rows=1 loops=6)
                                Index Cond: (d_date_sk = web_sales.ws_sold_date_sk)
                    ->  Index Scan using customer_pkey on customer  (cost=0.29..0.33 rows=1 width=12) (never executed)
                          Index Cond: (c_customer_sk = web_sales.ws_bill_customer_sk)
              ->  Index Scan using customer_address_pkey on customer_address  (cost=0.29..0.36 rows=1 width=4) (never executed)
                    Index Cond: (ca_address_sk = customer.c_current_addr_sk)
                    Filter: (ca_state = ANY ('{KY,MI,MS,OH,TX}'::bpchar[]))
        ->  Index Scan using household_demographics_pkey on household_demographics  (cost=0.28..0.31 rows=1 width=4) (never executed)
              Index Cond: (hd_demo_sk = customer.c_current_hdemo_sk)
              Filter: ((hd_income_band_sk >= 2) AND (hd_income_band_sk <= 8) AND (hd_buy_potential = '1001-5000'::bpchar))
Planning Time: 9.334 ms
Execution Time: 2009.139 ms"
Q15,441.014,"Aggregate  (cost=28152.87..28152.88 rows=1 width=24) (actual time=440.926..440.966 rows=1 loops=1)
  ->  Nested Loop  (cost=2489.58..28152.86 rows=1 width=24) (actual time=440.924..440.964 rows=0 loops=1)
        Join Filter: (inventory.inv_warehouse_sk = web_sales.ws_warehouse_sk)
        ->  Gather  (cost=2489.15..28152.17 rows=1 width=52) (actual time=440.924..440.963 rows=0 loops=1)
              Workers Planned: 2
              Workers Launched: 2
              ->  Nested Loop  (cost=1489.15..27152.07 rows=1 width=52) (actual time=431.445..431.446 rows=0 loops=3)
                    Join Filter: ((d2.d_date >= d1.d_date) AND (d2.d_date <= (d1.d_date + '30 days'::interval)))
                    ->  Nested Loop  (cost=1488.86..27151.73 rows=1 width=52) (actual time=431.444..431.446 rows=0 loops=3)
                          ->  Nested Loop  (cost=1488.56..27151.37 rows=1 width=52) (actual time=431.444..431.446 rows=0 loops=3)
                                Join Filter: (store.s_state = warehouse.w_state)
                                ->  Nested Loop  (cost=1488.56..27150.10 rows=1 width=55) (actual time=431.444..431.446 rows=0 loops=3)
                                      Join Filter: ((store_sales.ss_item_sk = item.i_item_sk) AND (customer.c_customer_sk = store_sales.ss_customer_sk))
                                      ->  Nested Loop  (cost=1488.13..25990.24 rows=153 width=43) (actual time=8.802..132.767 rows=40 loops=3)
                                            ->  Nested Loop  (cost=1487.71..25885.80 rows=159 width=43) (actual time=8.486..128.379 rows=40 loops=3)
                                                  ->  Nested Loop  (cost=1487.42..25836.15 rows=165 width=43) (actual time=8.298..127.956 rows=43 loops=3)
                                                        ->  Nested Loop  (cost=1487.13..25430.55 rows=1112 width=47) (actual time=3.513..100.303 rows=532 loops=3)
                                                              ->  Parallel Hash Join  (cost=1486.84..24962.47 rows=1113 width=31) (actual time=2.910..62.958 rows=532 loops=3)
                                                                    Hash Cond: (web_sales.ws_item_sk = item.i_item_sk)
                                                                    ->  Hash Join  (cost=1.11..23354.71 rows=46476 width=27) (actual time=0.053..58.136 rows=37116 loops=3)
                                                                          Hash Cond: (web_sales.ws_warehouse_sk = warehouse.w_warehouse_sk)
                                                                          ->  Parallel Seq Scan on web_sales  (cost=0.00..23128.15 rows=46490 width=20) (actual time=0.018..54.487 rows=37122 loops=3)
                                                                                Filter: ((ws_wholesale_cost >= '73'::numeric) AND (ws_wholesale_cost <= '93'::numeric))
                                                                                Rows Removed by Filter: 202673
                                                                          ->  Hash  (cost=1.05..1.05 rows=5 width=7) (actual time=0.024..0.025 rows=5 loops=3)
                                                                                Buckets: 1024  Batches: 1  Memory Usage: 9kB
                                                                                ->  Seq Scan on warehouse  (cost=0.00..1.05 rows=5 width=7) (actual time=0.020..0.021 rows=5 loops=3)
                                                                    ->  Parallel Hash  (cost=1482.55..1482.55 rows=254 width=4) (actual time=2.307..2.307 rows=167 loops=3)
                                                                          Buckets: 1024  Batches: 1  Memory Usage: 40kB
                                                                          ->  Parallel Seq Scan on item  (cost=0.03..1482.55 rows=254 width=4) (actual time=0.021..6.871 rows=501 loops=1)
                                                                                Filter: ((i_category = ANY ('{Home,Sports,Women}'::bpchar[])) AND (i_manager_id = ANY ('{8,9,14,18,40,55,57,78,80,95}'::integer[])))
                                                                                Rows Removed by Filter: 17499
                                                              ->  Index Scan using customer_pkey on customer  (cost=0.29..0.42 rows=1 width=16) (actual time=0.070..0.070 rows=1 loops=1597)
                                                                    Index Cond: (c_customer_sk = web_sales.ws_bill_customer_sk)
                                                        ->  Index Scan using customer_address_pkey on customer_address  (cost=0.29..0.36 rows=1 width=4) (actual time=0.052..0.052 rows=0 loops=1597)
                                                              Index Cond: (ca_address_sk = customer.c_current_addr_sk)
                                                              Filter: (ca_state = ANY ('{GA,KY,MI,NC,NV}'::bpchar[]))
                                                              Rows Removed by Filter: 1
                                                  ->  Index Only Scan using household_demographics_pkey on household_demographics  (cost=0.28..0.30 rows=1 width=4) (actual time=0.009..0.009 rows=1 loops=128)
                                                        Index Cond: (hd_demo_sk = customer.c_current_hdemo_sk)
                                                        Heap Fetches: 0
                                            ->  Index Only Scan using customer_demographics_pkey on customer_demographics  (cost=0.43..0.66 rows=1 width=4) (actual time=0.108..0.108 rows=1 loops=121)
                                                  Index Cond: (cd_demo_sk = customer.c_current_cdemo_sk)
                                                  Heap Fetches: 0
                                      ->  Index Scan using store_sales_pkey on store_sales  (cost=0.43..7.57 rows=1 width=20) (actual time=7.467..7.467 rows=0 loops=120)
                                            Index Cond: (ss_item_sk = web_sales.ws_item_sk)
                                            Filter: (web_sales.ws_bill_customer_sk = ss_customer_sk)
                                            Rows Removed by Filter: 100
                                ->  Seq Scan on store  (cost=0.00..1.12 rows=12 width=3) (never executed)
                          ->  Index Scan using date_dim_pkey on date_dim d2  (cost=0.29..0.37 rows=1 width=8) (never executed)
                                Index Cond: (d_date_sk = web_sales.ws_sold_date_sk)
                    ->  Index Scan using date_dim_pkey on date_dim d1  (cost=0.29..0.31 rows=1 width=8) (never executed)
                          Index Cond: (d_date_sk = store_sales.ss_sold_date_sk)
                          Filter: (d_year = 1999)
        ->  Index Scan using inventory_pkey on inventory  (cost=0.43..0.68 rows=1 width=16) (never executed)
              Index Cond: ((inv_date_sk = store_sales.ss_sold_date_sk) AND (inv_item_sk = store_sales.ss_item_sk))
              Filter: (inv_quantity_on_hand >= store_sales.ss_quantity)
Planning Time: 49.190 ms
Execution Time: 441.014 ms"
Q16,1073.081,"Finalize Aggregate  (cost=101424.27..101424.28 rows=1 width=128) (actual time=1068.415..1072.202 rows=1 loops=1)
  ->  Gather  (cost=101424.03..101424.24 rows=2 width=128) (actual time=1068.248..1072.180 rows=3 loops=1)
        Workers Planned: 2
        Workers Launched: 2
        ->  Partial Aggregate  (cost=100424.03..100424.04 rows=1 width=128) (actual time=1065.984..1065.988 rows=1 loops=3)
              ->  Nested Loop  (cost=204.54..100424.01 rows=1 width=16) (actual time=765.303..1065.914 rows=1 loops=3)
                    ->  Nested Loop  (cost=204.41..100423.86 rows=1 width=20) (actual time=765.220..1065.830 rows=1 loops=3)
                          Join Filter: (((customer_demographics.cd_marital_status = 'S'::bpchar) AND (customer_demographics.cd_education_status = 'Primary'::bpchar) AND (store_sales.ss_sales_price >= 100.00) AND (store_sales.ss_sales_price <= 150.00) AND (household_demographics.hd_dep_count = 3)) OR ((customer_demographics.cd_marital_status = 'W'::bpchar) AND (customer_demographics.cd_education_status = 'Primary'::bpchar) AND (store_sales.ss_sales_price >= 50.00) AND (store_sales.ss_sales_price <= 100.00) AND (household_demographics.hd_dep_count = 1)) OR ((customer_demographics.cd_marital_status = 'M'::bpchar) AND (customer_demographics.cd_education_status = 'Advanced Degree'::bpchar) AND (store_sales.ss_sales_price >= 150.00) AND (store_sales.ss_sales_price <= 200.00) AND (household_demographics.hd_dep_count = 1)))
                          Rows Removed by Join Filter: 6
                          ->  Nested Loop  (cost=203.98..100416.02 rows=5 width=34) (actual time=522.227..1041.917 rows=93 loops=3)
                                ->  Nested Loop  (cost=203.69..100394.43 rows=53 width=44) (actual time=518.725..1025.879 rows=537 loops=3)
                                      ->  Hash Join  (cost=203.39..99336.06 rows=11048 width=48) (actual time=1.161..1022.398 rows=2737 loops=3)
                                            Hash Cond: (store_sales.ss_hdemo_sk = household_demographics.hd_demo_sk)
                                            ->  Parallel Seq Scan on store_sales  (cost=0.00..99020.72 rows=42623 width=48) (actual time=0.022..1017.817 rows=24938 loops=3)
                                                  Filter: ((((ss_sales_price >= 100.00) AND (ss_sales_price <= 150.00)) OR ((ss_sales_price >= 50.00) AND (ss_sales_price <= 100.00)) OR ((ss_sales_price >= 150.00) AND (ss_sales_price <= 200.00))) AND (((ss_net_profit >= '100'::numeric) AND (ss_net_profit <= '200'::numeric)) OR ((ss_net_profit >= '150'::numeric) AND (ss_net_profit <= '300'::numeric)) OR ((ss_net_profit >= '50'::numeric) AND (ss_net_profit <= '250'::numeric))))
                                                  Rows Removed by Filter: 935196
                                            ->  Hash  (cost=179.00..179.00 rows=1951 width=8) (actual time=0.943..0.944 rows=1440 loops=3)
                                                  Buckets: 2048  Batches: 1  Memory Usage: 73kB
                                                  ->  Seq Scan on household_demographics  (cost=0.00..179.00 rows=1951 width=8) (actual time=0.079..0.870 rows=1440 loops=3)
                                                        Filter: ((hd_dep_count = 3) OR (hd_dep_count = 1) OR (hd_dep_count = 1))
                                                        Rows Removed by Filter: 5760
                                      ->  Memoize  (cost=0.30..0.39 rows=1 width=4) (actual time=0.001..0.001 rows=0 loops=8211)
                                            Cache Key: store_sales.ss_sold_date_sk
                                            Cache Mode: logical
                                            Hits: 1816  Misses: 904  Evictions: 0  Overflows: 0  Memory Usage: 66kB
                                            Worker 0:  Hits: 1870  Misses: 912  Evictions: 0  Overflows: 0  Memory Usage: 67kB
                                            Worker 1:  Hits: 1810  Misses: 899  Evictions: 0  Overflows: 0  Memory Usage: 66kB
                                            ->  Index Scan using date_dim_pkey on date_dim  (cost=0.29..0.38 rows=1 width=4) (actual time=0.002..0.002 rows=0 loops=2715)
                                                  Index Cond: (d_date_sk = store_sales.ss_sold_date_sk)
                                                  Filter: (d_year = 2001)
                                                  Rows Removed by Filter: 1
                                ->  Index Scan using customer_address_pkey on customer_address  (cost=0.29..0.40 rows=1 width=7) (actual time=0.030..0.030 rows=0 loops=1610)
                                      Index Cond: (ca_address_sk = store_sales.ss_addr_sk)
                                      Filter: (((ca_country)::text = 'United States'::text) AND ((ca_state = ANY ('{KY,MI,TX}'::bpchar[])) OR (ca_state = ANY ('{MS,OH,TX}'::bpchar[])) OR (ca_state = ANY ('{IA,IN,WI}'::bpchar[]))) AND (((ca_state = ANY ('{KY,MI,TX}'::bpchar[])) AND (store_sales.ss_net_profit >= '100'::numeric) AND (store_sales.ss_net_profit <= '200'::numeric)) OR ((ca_state = ANY ('{MS,OH,TX}'::bpchar[])) AND (store_sales.ss_net_profit >= '150'::numeric) AND (store_sales.ss_net_profit <= '300'::numeric)) OR ((ca_state = ANY ('{IA,IN,WI}'::bpchar[])) AND (store_sales.ss_net_profit >= '50'::numeric) AND (store_sales.ss_net_profit <= '250'::numeric))))
                                      Rows Removed by Filter: 1
                          ->  Index Scan using customer_demographics_pkey on customer_demographics  (cost=0.43..1.52 rows=1 width=27) (actual time=0.256..0.256 rows=0 loops=280)
                                Index Cond: (cd_demo_sk = store_sales.ss_cdemo_sk)
                                Filter: (((cd_marital_status = 'S'::bpchar) AND (cd_education_status = 'Primary'::bpchar)) OR ((cd_marital_status = 'W'::bpchar) AND (cd_education_status = 'Primary'::bpchar)) OR ((cd_marital_status = 'M'::bpchar) AND (cd_education_status = 'Advanced Degree'::bpchar)))
                                Rows Removed by Filter: 1
                    ->  Index Only Scan using store_pkey on store  (cost=0.14..0.15 rows=1 width=4) (actual time=0.124..0.124 rows=1 loops=2)
                          Index Cond: (s_store_sk = store_sales.ss_store_sk)
                          Heap Fetches: 2
Planning Time: 2.458 ms
Execution Time: 1073.081 ms"
Q17,516.769,"Limit  (cost=48880.20..48880.21 rows=5 width=240) (actual time=516.611..516.701 rows=5 loops=1)
  ->  Sort  (cost=48880.20..48880.21 rows=5 width=240) (actual time=516.610..516.700 rows=5 loops=1)
        Sort Key: customer_address.ca_country, customer_address.ca_state, customer_address.ca_county, item.i_item_id
        Sort Method: quicksort  Memory: 25kB
        ->  GroupAggregate  (cost=48879.98..48880.14 rows=5 width=240) (actual time=516.150..516.244 rows=5 loops=1)
              Group Key: item.i_item_id, customer_address.ca_country, customer_address.ca_state, customer_address.ca_county
              Group Key: item.i_item_id, customer_address.ca_country, customer_address.ca_state
              Group Key: item.i_item_id, customer_address.ca_country
              Group Key: item.i_item_id
              Group Key: ()
              ->  Sort  (cost=48879.98..48879.98 rows=1 width=77) (actual time=516.139..516.228 rows=1 loops=1)
                    Sort Key: item.i_item_id, customer_address.ca_country, customer_address.ca_state, customer_address.ca_county
                    Sort Method: quicksort  Memory: 25kB
                    ->  Nested Loop  (cost=1001.60..48879.97 rows=1 width=77) (actual time=515.999..516.205 rows=1 loops=1)
                          ->  Gather  (cost=1001.17..48877.84 rows=1 width=81) (actual time=514.697..514.787 rows=7 loops=1)
                                Workers Planned: 2
                                Workers Launched: 2
                                ->  Nested Loop  (cost=1.17..47877.74 rows=1 width=81) (actual time=468.092..509.683 rows=2 loops=3)
                                      ->  Nested Loop  (cost=0.88..47875.32 rows=2 width=54) (actual time=428.097..508.578 rows=47 loops=3)
                                            ->  Nested Loop  (cost=0.59..47861.24 rows=28 width=50) (actual time=424.736..460.877 rows=790 loops=3)
                                                  ->  Nested Loop  (cost=0.30..47808.98 rows=134 width=37) (actual time=424.427..451.419 rows=2970 loops=3)
                                                        ->  Parallel Seq Scan on catalog_sales  (cost=0.00..46248.07 rows=26996 width=41) (actual time=0.191..442.853 rows=22529 loops=3)
                                                              Filter: ((cs_wholesale_cost >= '84'::numeric) AND (cs_wholesale_cost <= '89'::numeric))
                                                              Rows Removed by Filter: 457076
                                                        ->  Memoize  (cost=0.30..0.42 rows=1 width=4) (actual time=0.000..0.000 rows=0 loops=67586)
                                                              Cache Key: catalog_sales.cs_sold_date_sk
                                                              Cache Mode: logical
                                                              Hits: 22347  Misses: 1093  Evictions: 0  Overflows: 0  Memory Usage: 79kB
                                                              Worker 0:  Hits: 21168  Misses: 1074  Evictions: 0  Overflows: 0  Memory Usage: 78kB
                                                              Worker 1:  Hits: 20820  Misses: 1084  Evictions: 0  Overflows: 0  Memory Usage: 79kB
                                                              ->  Index Scan using date_dim_pkey on date_dim  (cost=0.29..0.41 rows=1 width=4) (actual time=0.002..0.002 rows=0 loops=3251)
                                                                    Index Cond: (d_date_sk = catalog_sales.cs_sold_date_sk)
                                                                    Filter: (d_year = 1999)
                                                                    Rows Removed by Filter: 1
                                                  ->  Index Scan using item_pkey on item  (cost=0.29..0.39 rows=1 width=21) (actual time=0.003..0.003 rows=0 loops=8910)
                                                        Index Cond: (i_item_sk = catalog_sales.cs_item_sk)
                                                        Filter: (i_category = 'Electronics'::bpchar)
                                                        Rows Removed by Filter: 1
                                            ->  Index Scan using customer_pkey on customer  (cost=0.29..0.50 rows=1 width=12) (actual time=0.060..0.060 rows=0 loops=2369)
                                                  Index Cond: (c_customer_sk = catalog_sales.cs_bill_customer_sk)
                                                  Filter: (c_birth_month = 3)
                                                  Rows Removed by Filter: 1
                                      ->  Index Scan using customer_address_pkey on customer_address  (cost=0.29..1.21 rows=1 width=35) (actual time=0.023..0.023 rows=0 loops=142)
                                            Index Cond: (ca_address_sk = customer.c_current_addr_sk)
                                            Filter: (ca_state = ANY ('{MS,OH,TX}'::bpchar[]))
                                            Rows Removed by Filter: 1
                          ->  Index Scan using customer_demographics_pkey on customer_demographics  (cost=0.43..2.12 rows=1 width=4) (actual time=0.201..0.201 rows=0 loops=7)
                                Index Cond: (cd_demo_sk = catalog_sales.cs_bill_cdemo_sk)
                                Filter: ((cd_gender = 'M'::bpchar) AND (cd_education_status = 'Unknown'::bpchar))
                                Rows Removed by Filter: 1
Planning Time: 2.659 ms
Execution Time: 516.769 ms"
Q18,973.383,"Limit  (cost=72783.11..72783.11 rows=1 width=142) (actual time=968.805..973.329 rows=0 loops=1)
  ->  Sort  (cost=72783.11..72783.11 rows=1 width=142) (actual time=968.805..973.328 rows=0 loops=1)
        Sort Key: (sum(store_sales.ss_ext_sales_price)) DESC, item.i_brand, item.i_brand_id, item.i_manufact_id, item.i_manufact
        Sort Method: quicksort  Memory: 25kB
        ->  Finalize GroupAggregate  (cost=72782.79..72783.10 rows=1 width=142) (actual time=968.802..973.325 rows=0 loops=1)
              Group Key: item.i_brand, item.i_brand_id, item.i_manufact_id, item.i_manufact
              ->  Gather Merge  (cost=72782.79..72783.05 rows=2 width=142) (actual time=968.800..973.323 rows=0 loops=1)
                    Workers Planned: 2
                    Workers Launched: 2
                    ->  Partial GroupAggregate  (cost=71782.77..71782.80 rows=1 width=142) (actual time=967.071..967.076 rows=0 loops=3)
                          Group Key: item.i_brand, item.i_brand_id, item.i_manufact_id, item.i_manufact
                          ->  Sort  (cost=71782.77..71782.78 rows=1 width=116) (actual time=967.070..967.074 rows=0 loops=3)
                                Sort Key: item.i_brand, item.i_brand_id, item.i_manufact_id, item.i_manufact
                                Sort Method: quicksort  Memory: 25kB
                                Worker 0:  Sort Method: quicksort  Memory: 25kB
                                Worker 1:  Sort Method: quicksort  Memory: 25kB
                                ->  Nested Loop  (cost=2069.76..71782.76 rows=1 width=116) (actual time=967.051..967.055 rows=0 loops=3)
                                      Join Filter: (""substring""((customer_address.ca_zip)::text, 1, 5) <> ""substring""((store.s_zip)::text, 1, 5))
                                      ->  Nested Loop  (cost=2069.62..71782.59 rows=1 width=131) (actual time=967.051..967.054 rows=0 loops=3)
                                            ->  Nested Loop  (cost=2069.33..71780.92 rows=1 width=124) (actual time=506.287..966.873 rows=4 loops=3)
                                                  ->  Nested Loop  (cost=2069.04..71779.97 rows=3 width=18) (actual time=489.880..966.567 rows=71 loops=3)
                                                        ->  Parallel Hash Join  (cost=2068.75..71749.33 rows=92 width=18) (actual time=487.953..943.104 rows=1787 loops=3)
                                                              Hash Cond: (store_sales.ss_sold_date_sk = date_dim.d_date_sk)
                                                              ->  Parallel Seq Scan on store_sales  (cost=0.00..69022.77 rows=250583 width=22) (actual time=0.010..925.231 rows=201361 loops=3)
                                                                    Filter: ((ss_wholesale_cost >= '73'::numeric) AND (ss_wholesale_cost <= '93'::numeric))
                                                                    Rows Removed by Filter: 758773
                                                              ->  Parallel Hash  (cost=2068.55..2068.55 rows=16 width=4) (actual time=3.000..3.001 rows=9 loops=3)
                                                                    Buckets: 1024  Batches: 1  Memory Usage: 40kB
                                                                    ->  Parallel Seq Scan on date_dim  (cost=0.00..2068.55 rows=16 width=4) (actual time=2.463..2.983 rows=9 loops=3)
                                                                          Filter: ((d_year = 2001) AND (d_moy = 2))
                                                                          Rows Removed by Filter: 24340
                                                        ->  Index Scan using customer_pkey on customer  (cost=0.29..0.33 rows=1 width=8) (actual time=0.013..0.013 rows=0 loops=5361)
                                                              Index Cond: (c_customer_sk = store_sales.ss_customer_sk)
                                                              Filter: (c_birth_month = 9)
                                                              Rows Removed by Filter: 1
                                                  ->  Index Scan using item_pkey on item  (cost=0.29..0.32 rows=1 width=114) (actual time=0.004..0.004 rows=0 loops=213)
                                                        Index Cond: (i_item_sk = store_sales.ss_item_sk)
                                                        Filter: (i_category = 'Sports'::bpchar)
                                                        Rows Removed by Filter: 1
                                            ->  Index Scan using customer_address_pkey on customer_address  (cost=0.29..1.66 rows=1 width=15) (actual time=0.044..0.044 rows=0 loops=12)
                                                  Index Cond: (ca_address_sk = customer.c_current_addr_sk)
                                                  Filter: (ca_state = 'WI'::bpchar)
                                                  Rows Removed by Filter: 1
                                      ->  Index Scan using store_pkey on store  (cost=0.14..0.15 rows=1 width=15) (never executed)
                                            Index Cond: (s_store_sk = store_sales.ss_store_sk)
Planning Time: 2.122 ms
Execution Time: 973.383 ms"
Q19,3377.86,"Limit  (cost=19121.78..19124.48 rows=1 width=238) (actual time=3377.719..3377.776 rows=0 loops=1)
  ->  GroupAggregate  (cost=19121.78..19124.48 rows=1 width=238) (actual time=3377.718..3377.775 rows=0 loops=1)
        Group Key: item.i_item_id, item.i_item_desc, store.s_store_id, store.s_store_name
        ->  Nested Loop  (cost=19121.78..19124.45 rows=1 width=160) (actual time=3377.717..3377.775 rows=0 loops=1)
              ->  Nested Loop  (cost=19121.49..19124.12 rows=1 width=164) (actual time=1147.930..3377.706 rows=11 loops=1)
                    ->  Nested Loop  (cost=19121.19..19123.81 rows=1 width=168) (actual time=701.185..3377.073 rows=85 loops=1)
                          Join Filter: (catalog_sales.cs_item_sk = item.i_item_sk)
                          ->  Gather Merge  (cost=19120.77..19120.89 rows=1 width=178) (actual time=562.124..574.280 rows=21721 loops=1)
                                Workers Planned: 2
                                Workers Launched: 2
                                ->  Sort  (cost=18120.74..18120.75 rows=1 width=178) (actual time=558.549..559.022 rows=7240 loops=3)
                                      Sort Key: item.i_item_id, item.i_item_desc, store.s_store_id, store.s_store_name
                                      Sort Method: quicksort  Memory: 1773kB
                                      Worker 0:  Sort Method: quicksort  Memory: 1758kB
                                      Worker 1:  Sort Method: quicksort  Memory: 1706kB
                                      ->  Nested Loop  (cost=2177.50..18120.73 rows=1 width=178) (actual time=3.458..537.018 rows=7240 loops=3)
                                            ->  Nested Loop  (cost=2177.22..18120.43 rows=1 width=54) (actual time=3.447..528.315 rows=7240 loops=3)
                                                  ->  Nested Loop  (cost=2177.08..18120.27 rows=1 width=36) (actual time=3.438..523.792 rows=7415 loops=3)
                                                        ->  Parallel Hash Join  (cost=2176.65..17828.40 rows=365 width=18) (actual time=2.670..249.450 rows=9987 loops=3)
                                                              Hash Cond: (store_returns.sr_returned_date_sk = d2.d_date_sk)
                                                              ->  Parallel Seq Scan on store_returns  (cost=0.00..14864.16 rows=300016 width=22) (actual time=0.104..234.986 rows=240013 loops=3)
                                                              ->  Parallel Hash  (cost=2175.97..2175.97 rows=54 width=4) (actual time=2.370..2.371 rows=31 loops=3)
                                                                    Buckets: 1024  Batches: 1  Memory Usage: 40kB
                                                                    ->  Parallel Seq Scan on date_dim d2  (cost=0.00..2175.97 rows=54 width=4) (actual time=1.830..2.355 rows=31 loops=3)
                                                                          Filter: ((d_moy >= 7) AND (d_moy <= 9) AND (d_year = 1998))
                                                                          Rows Removed by Filter: 24319
                                                        ->  Index Scan using store_sales_pkey on store_sales  (cost=0.43..0.79 rows=1 width=26) (actual time=0.027..0.027 rows=1 loops=29960)
                                                              Index Cond: ((ss_item_sk = store_returns.sr_item_sk) AND (ss_ticket_number = store_returns.sr_ticket_number))
                                                              Filter: (store_returns.sr_customer_sk = ss_customer_sk)
                                                              Rows Removed by Filter: 0
                                                  ->  Index Scan using store_pkey on store  (cost=0.14..0.15 rows=1 width=26) (actual time=0.000..0.000 rows=1 loops=22244)
                                                        Index Cond: (s_store_sk = store_sales.ss_store_sk)
                                            ->  Index Scan using item_pkey on item  (cost=0.29..0.31 rows=1 width=124) (actual time=0.001..0.001 rows=1 loops=21721)
                                                  Index Cond: (i_item_sk = store_sales.ss_item_sk)
                          ->  Index Scan using catalog_sales_pkey on catalog_sales  (cost=0.43..2.91 rows=1 width=18) (actual time=0.125..0.129 rows=0 loops=21721)
                                Index Cond: (cs_item_sk = store_sales.ss_item_sk)
                                Filter: (cs_bill_customer_sk = store_sales.ss_customer_sk)
                                Rows Removed by Filter: 67
                    ->  Index Scan using date_dim_pkey on date_dim d1  (cost=0.29..0.32 rows=1 width=4) (actual time=0.007..0.007 rows=0 loops=85)
                          Index Cond: (d_date_sk = store_sales.ss_sold_date_sk)
                          Filter: ((d_moy = 7) AND (d_year = 1998))
                          Rows Removed by Filter: 1
              ->  Index Scan using date_dim_pkey on date_dim d3  (cost=0.29..0.32 rows=1 width=4) (actual time=0.006..0.006 rows=0 loops=11)
                    Index Cond: (d_date_sk = catalog_sales.cs_sold_date_sk)
                    Filter: ((d_moy >= 7) AND (d_moy <= 9) AND (d_year = 1998))
                    Rows Removed by Filter: 1
Planning Time: 29.188 ms
Execution Time: 3377.860 ms"
Q20,10.261,"Limit  (cost=69345.52..69345.73 rows=7 width=152) (actual time=9.482..10.232 rows=1 loops=1)
  ->  GroupAggregate  (cost=69345.52..69345.73 rows=7 width=152) (actual time=9.482..10.232 rows=1 loops=1)
        Group Key: item.i_item_id, store.s_state
        Group Key: item.i_item_id
        Group Key: ()
        ->  Sort  (cost=69345.52..69345.53 rows=3 width=39) (actual time=9.479..10.229 rows=0 loops=1)
              Sort Key: item.i_item_id
              Sort Method: quicksort  Memory: 25kB
              ->  Gather  (cost=2965.68..69345.49 rows=3 width=39) (actual time=9.477..10.226 rows=0 loops=1)
                    Workers Planned: 2
                    Workers Launched: 2
                    ->  Nested Loop  (cost=1965.68..68345.19 rows=1 width=39) (actual time=0.430..0.430 rows=0 loops=3)
                          ->  Nested Loop  (cost=1965.25..68299.61 rows=93 width=43) (actual time=0.429..0.430 rows=0 loops=3)
                                ->  Hash Join  (cost=1964.96..68158.23 rows=457 width=30) (actual time=0.429..0.430 rows=0 loops=3)
                                      Hash Cond: (store_sales.ss_store_sk = store.s_store_sk)
                                      ->  Parallel Hash Join  (cost=1963.80..68136.94 rows=5731 width=31) (never executed)
                                            Hash Cond: (store_sales.ss_sold_date_sk = date_dim.d_date_sk)
                                            ->  Parallel Seq Scan on store_sales  (cost=0.00..63023.18 rows=1199918 width=35) (never executed)
                                            ->  Parallel Hash  (cost=1961.12..1961.12 rows=214 width=4) (never executed)
                                                  ->  Parallel Seq Scan on date_dim  (cost=0.00..1961.12 rows=214 width=4) (never executed)
                                                        Filter: (d_year = 2001)
                                      ->  Hash  (cost=1.15..1.15 rows=1 width=7) (actual time=0.024..0.024 rows=0 loops=3)
                                            Buckets: 1024  Batches: 1  Memory Usage: 8kB
                                            ->  Seq Scan on store  (cost=0.00..1.15 rows=1 width=7) (actual time=0.024..0.024 rows=0 loops=3)
                                                  Filter: (s_state = 'IN'::bpchar)
                                                  Rows Removed by Filter: 12
                                ->  Index Scan using item_pkey on item  (cost=0.29..0.31 rows=1 width=21) (never executed)
                                      Index Cond: (i_item_sk = store_sales.ss_item_sk)
                                      Filter: (i_category = 'Electronics'::bpchar)
                          ->  Index Scan using customer_demographics_pkey on customer_demographics  (cost=0.43..0.49 rows=1 width=4) (never executed)
                                Index Cond: (cd_demo_sk = store_sales.ss_cdemo_sk)
                                Filter: ((cd_gender = 'F'::bpchar) AND (cd_marital_status = 'D'::bpchar) AND (cd_education_status = 'College'::bpchar))
Planning Time: 2.079 ms
Execution Time: 10.261 ms"
Q21,115.087,"Limit  (cost=9057.42..9057.73 rows=1 width=84) (actual time=113.667..115.063 rows=2 loops=1)
  ->  Finalize GroupAggregate  (cost=9057.42..9057.73 rows=1 width=84) (actual time=113.667..115.061 rows=2 loops=1)
        Group Key: warehouse.w_state, item.i_item_id
        ->  Gather Merge  (cost=9057.42..9057.69 rows=2 width=84) (actual time=113.662..115.056 rows=2 loops=1)
              Workers Planned: 2
              Workers Launched: 2
              ->  Partial GroupAggregate  (cost=8057.39..8057.43 rows=1 width=84) (actual time=110.621..110.622 rows=1 loops=3)
                    Group Key: warehouse.w_state, item.i_item_id
                    ->  Sort  (cost=8057.39..8057.40 rows=1 width=36) (actual time=110.613..110.614 rows=1 loops=3)
                          Sort Key: warehouse.w_state, item.i_item_id
                          Sort Method: quicksort  Memory: 25kB
                          Worker 0:  Sort Method: quicksort  Memory: 25kB
                          Worker 1:  Sort Method: quicksort  Memory: 25kB
                          ->  Nested Loop  (cost=1475.93..8057.38 rows=1 width=36) (actual time=75.644..110.568 rows=1 loops=3)
                                ->  Nested Loop  (cost=1475.80..8057.23 rows=1 width=37) (actual time=75.621..110.544 rows=1 loops=3)
                                      ->  Nested Loop  (cost=1475.51..8054.20 rows=9 width=37) (actual time=12.982..110.345 rows=18 loops=3)
                                            ->  Parallel Hash Join  (cost=1475.08..6912.56 rows=202 width=35) (actual time=12.627..109.402 rows=83 loops=3)
                                                  Hash Cond: (catalog_returns.cr_item_sk = item.i_item_sk)
                                                  ->  Parallel Seq Scan on catalog_returns  (cost=0.00..5425.36 rows=4617 width=14) (actual time=0.485..98.470 rows=3792 loops=3)
                                                        Filter: (cr_reason_sk = 5)
                                                        Rows Removed by Filter: 67975
                                                  ->  Parallel Hash  (cost=1469.29..1469.29 rows=463 width=21) (actual time=10.535..10.535 rows=270 loops=3)
                                                        Buckets: 1024  Batches: 1  Memory Usage: 104kB
                                                        ->  Parallel Seq Scan on item  (cost=0.00..1469.29 rows=463 width=21) (actual time=0.025..10.489 rows=270 loops=3)
                                                              Filter: ((i_manager_id >= 61) AND (i_manager_id <= 100) AND (i_category = 'Sports'::bpchar))
                                                              Rows Removed by Filter: 5730
                                            ->  Index Scan using catalog_sales_pkey on catalog_sales  (cost=0.43..5.65 rows=1 width=22) (actual time=0.011..0.011 rows=0 loops=250)
                                                  Index Cond: ((cs_item_sk = catalog_returns.cr_item_sk) AND (cs_order_number = catalog_returns.cr_order_number))
                                                  Filter: ((cs_wholesale_cost >= '81'::numeric) AND (cs_wholesale_cost <= '100'::numeric))
                                                  Rows Removed by Filter: 1
                                      ->  Index Scan using date_dim_pkey on date_dim  (cost=0.29..0.34 rows=1 width=8) (actual time=0.011..0.011 rows=0 loops=54)
                                            Index Cond: (d_date_sk = catalog_sales.cs_sold_date_sk)
                                            Filter: ((d_date >= '2001-04-21 00:00:00'::timestamp without time zone) AND (d_date <= '2001-06-20 00:00:00'::timestamp without time zone))
                                            Rows Removed by Filter: 1
                                ->  Index Scan using warehouse_pkey on warehouse  (cost=0.13..0.15 rows=1 width=7) (actual time=0.033..0.033 rows=1 loops=2)
                                      Index Cond: (w_warehouse_sk = catalog_sales.cs_warehouse_sk)
Planning Time: 2.241 ms
Execution Time: 115.087 ms"
Q22,441.029,"Limit  (cost=18816.16..18816.41 rows=1 width=127) (actual time=432.946..440.995 rows=5 loops=1)
  ->  GroupAggregate  (cost=18816.16..18816.41 rows=1 width=127) (actual time=432.946..440.994 rows=5 loops=1)
        Group Key: store.s_store_name, store.s_company_id, store.s_street_number, store.s_street_name, store.s_street_type, store.s_suite_number, store.s_city, store.s_county, store.s_state, store.s_zip
        ->  Nested Loop  (cost=18816.16..18816.32 rows=1 width=95) (actual time=430.395..439.019 rows=5310 loops=1)
              Join Filter: ((d1.d_date <= d2.d_date) AND (d1.d_date >= (d2.d_date - '120 days'::interval)))
              Rows Removed by Join Filter: 2510
              ->  Gather Merge  (cost=18815.87..18815.99 rows=1 width=99) (actual time=430.385..432.827 rows=7907 loops=1)
                    Workers Planned: 2
                    Workers Launched: 2
                    ->  Sort  (cost=17815.85..17815.85 rows=1 width=99) (actual time=428.993..429.065 rows=2636 loops=3)
                          Sort Key: store.s_store_name, store.s_company_id, store.s_street_number, store.s_street_name, store.s_street_type, store.s_suite_number, store.s_city, store.s_county, store.s_state, store.s_zip
                          Sort Method: quicksort  Memory: 446kB
                          Worker 0:  Sort Method: quicksort  Memory: 424kB
                          Worker 1:  Sort Method: quicksort  Memory: 422kB
                          ->  Nested Loop  (cost=2069.34..17815.84 rows=1 width=99) (actual time=10.881..425.845 rows=2636 loops=3)
                                ->  Nested Loop  (cost=2069.20..17815.68 rows=1 width=16) (actual time=10.866..423.867 rows=2708 loops=3)
                                      ->  Parallel Hash Join  (cost=2068.78..17720.52 rows=119 width=20) (actual time=10.468..241.347 rows=3653 loops=3)
                                            Hash Cond: (store_returns.sr_returned_date_sk = d2.d_date_sk)
                                            ->  Parallel Seq Scan on store_returns  (cost=0.00..14864.16 rows=300016 width=16) (actual time=0.145..228.409 rows=240013 loops=3)
                                            ->  Parallel Hash  (cost=2068.55..2068.55 rows=18 width=8) (actual time=2.680..2.680 rows=10 loops=3)
                                                  Buckets: 1024  Batches: 1  Memory Usage: 40kB
                                                  ->  Parallel Seq Scan on date_dim d2  (cost=0.00..2068.55 rows=18 width=8) (actual time=2.183..2.667 rows=10 loops=3)
                                                        Filter: ((d_year = 1999) AND (d_moy = 4))
                                                        Rows Removed by Filter: 24340
                                      ->  Index Scan using store_sales_pkey on store_sales  (cost=0.43..0.79 rows=1 width=20) (actual time=0.050..0.050 rows=1 loops=10960)
                                            Index Cond: ((ss_item_sk = store_returns.sr_item_sk) AND (ss_ticket_number = store_returns.sr_ticket_number))
                                            Filter: (store_returns.sr_customer_sk = ss_customer_sk)
                                            Rows Removed by Filter: 0
                                ->  Index Scan using store_pkey on store  (cost=0.14..0.15 rows=1 width=91) (actual time=0.000..0.000 rows=1 loops=8125)
                                      Index Cond: (s_store_sk = store_sales.ss_store_sk)
              ->  Index Scan using date_dim_pkey on date_dim d1  (cost=0.29..0.31 rows=1 width=8) (actual time=0.000..0.001 rows=1 loops=7907)
                    Index Cond: (d_date_sk = store_sales.ss_sold_date_sk)
Planning Time: 2.671 ms
Execution Time: 441.029 ms"
Q23,330.863,"Limit  (cost=51355.89..51355.90 rows=1 width=149) (actual time=329.911..330.817 rows=12 loops=1)
  ->  Sort  (cost=51355.89..51355.90 rows=1 width=149) (actual time=329.910..330.816 rows=12 loops=1)
        Sort Key: (count(*)) DESC, item.i_item_desc, warehouse.w_warehouse_name, d1.d_week_seq
        Sort Method: quicksort  Memory: 27kB
        ->  GroupAggregate  (cost=51340.94..51355.88 rows=1 width=149) (actual time=329.741..330.779 rows=12 loops=1)
              Group Key: item.i_item_desc, warehouse.w_warehouse_name, d1.d_week_seq
              ->  Nested Loop Left Join  (cost=51340.94..51355.86 rows=1 width=129) (actual time=329.719..330.770 rows=13 loops=1)
                    Join Filter: (catalog_sales.cs_promo_sk = promotion.p_promo_sk)
                    Rows Removed by Join Filter: 2250
                    ->  Nested Loop  (cost=51340.94..51341.11 rows=1 width=129) (actual time=329.327..330.251 rows=13 loops=1)
                          Join Filter: (d3.d_date > (d1.d_date + '3 days'::interval))
                          ->  Gather Merge  (cost=51340.65..51340.76 rows=1 width=137) (actual time=329.323..330.234 rows=13 loops=1)
                                Workers Planned: 1
                                Workers Launched: 1
                                ->  Sort  (cost=50340.64..50340.64 rows=1 width=137) (actual time=327.725..327.727 rows=6 loops=2)
                                      Sort Key: item.i_item_desc, warehouse.w_warehouse_name, d1.d_week_seq
                                      Sort Method: quicksort  Memory: 25kB
                                      Worker 0:  Sort Method: quicksort  Memory: 25kB
                                      ->  Nested Loop  (cost=48176.30..50340.63 rows=1 width=137) (actual time=305.943..327.695 rows=6 loops=2)
                                            ->  Nested Loop  (cost=48176.17..50340.47 rows=1 width=123) (actual time=305.935..327.681 rows=6 loops=2)
                                                  ->  Parallel Hash Join  (cost=48175.73..50190.65 rows=25 width=135) (actual time=302.311..304.318 rows=130 loops=2)
                                                        Hash Cond: (d2.d_week_seq = d1.d_week_seq)
                                                        ->  Parallel Seq Scan on date_dim d2  (cost=0.00..1853.70 rows=42970 width=8) (actual time=0.200..3.159 rows=36524 loops=2)
                                                        ->  Parallel Hash  (cost=48175.71..48175.71 rows=2 width=131) (actual time=299.718..299.719 rows=18 loops=2)
                                                              Buckets: 1024  Batches: 1  Memory Usage: 72kB
                                                              ->  Nested Loop  (cost=159.02..48175.71 rows=2 width=131) (actual time=58.423..299.701 rows=18 loops=2)
                                                                    ->  Nested Loop  (cost=158.59..48152.93 rows=30 width=135) (actual time=37.069..126.976 rows=808 loops=2)
                                                                          ->  Nested Loop  (cost=158.30..48113.74 rows=121 width=28) (actual time=36.630..116.709 rows=3480 loops=2)
                                                                                ->  Hash Join  (cost=158.00..46793.14 rows=24422 width=24) (actual time=0.726..112.795 rows=16754 loops=2)
                                                                                      Hash Cond: (catalog_sales.cs_bill_hdemo_sk = household_demographics.hd_demo_sk)
                                                                                      ->  Parallel Seq Scan on catalog_sales  (cost=0.00..46248.07 rows=147370 width=32) (actual time=0.017..103.085 rows=178094 loops=2)
                                                                                            Filter: ((cs_wholesale_cost >= '73'::numeric) AND (cs_wholesale_cost <= '93'::numeric))
                                                                                            Rows Removed by Filter: 541314
                                                                                      ->  Hash  (cost=143.00..143.00 rows=1200 width=4) (actual time=0.684..0.684 rows=1200 loops=2)
                                                                                            Buckets: 2048  Batches: 1  Memory Usage: 59kB
                                                                                            ->  Seq Scan on household_demographics  (cost=0.00..143.00 rows=1200 width=4) (actual time=0.111..0.626 rows=1200 loops=2)
                                                                                                  Filter: (hd_buy_potential = '501-1000'::bpchar)
                                                                                                  Rows Removed by Filter: 6000
                                                                                ->  Memoize  (cost=0.30..0.34 rows=1 width=12) (actual time=0.000..0.000 rows=0 loops=33508)
                                                                                      Cache Key: catalog_sales.cs_sold_date_sk
                                                                                      Cache Mode: logical
                                                                                      Hits: 15768  Misses: 1486  Evictions: 0  Overflows: 0  Memory Usage: 110kB
                                                                                      Worker 0:  Hits: 14846  Misses: 1408  Evictions: 0  Overflows: 0  Memory Usage: 104kB
                                                                                      ->  Index Scan using date_dim_pkey on date_dim d1  (cost=0.29..0.33 rows=1 width=12) (actual time=0.001..0.001 rows=0 loops=2894)
                                                                                            Index Cond: (d_date_sk = catalog_sales.cs_sold_date_sk)
                                                                                            Filter: (d_year = 2002)
                                                                                            Rows Removed by Filter: 1
                                                                          ->  Index Scan using item_pkey on item  (cost=0.29..0.32 rows=1 width=107) (actual time=0.003..0.003 rows=0 loops=6960)
                                                                                Index Cond: (i_item_sk = catalog_sales.cs_item_sk)
                                                                                Filter: (i_category = ANY ('{Home,Sports,Women}'::bpchar[]))
                                                                                Rows Removed by Filter: 1
                                                                    ->  Index Scan using customer_demographics_pkey on customer_demographics  (cost=0.43..0.76 rows=1 width=4) (actual time=0.214..0.214 rows=0 loops=1615)
                                                                          Index Cond: (cd_demo_sk = catalog_sales.cs_bill_cdemo_sk)
                                                                          Filter: ((cd_dep_count >= 3) AND (cd_dep_count <= 5) AND (cd_marital_status = 'W'::bpchar))
                                                                          Rows Removed by Filter: 1
                                                  ->  Index Scan using inventory_pkey on inventory  (cost=0.43..5.98 rows=1 width=16) (actual time=0.163..0.180 rows=0 loops=259)
                                                        Index Cond: ((inv_date_sk = d2.d_date_sk) AND (inv_item_sk = catalog_sales.cs_item_sk))
                                                        Filter: (inv_quantity_on_hand < catalog_sales.cs_quantity)
                                                        Rows Removed by Filter: 1
                                            ->  Index Scan using warehouse_pkey on warehouse  (cost=0.13..0.15 rows=1 width=22) (actual time=0.002..0.002 rows=1 loops=13)
                                                  Index Cond: (w_warehouse_sk = inventory.inv_warehouse_sk)
                          ->  Index Scan using date_dim_pkey on date_dim d3  (cost=0.29..0.33 rows=1 width=8) (actual time=0.001..0.001 rows=1 loops=13)
                                Index Cond: (d_date_sk = catalog_sales.cs_ship_date_sk)
                    ->  Seq Scan on promotion  (cost=0.00..11.00 rows=300 width=4) (actual time=0.001..0.035 rows=174 loops=13)
Planning Time: 11.434 ms
Execution Time: 330.863 ms"
Q24,226.999,"Limit  (cost=22070.97..22071.91 rows=8 width=49) (actual time=225.768..226.976 rows=5 loops=1)
  ->  Gather Merge  (cost=22070.97..22071.91 rows=8 width=49) (actual time=225.767..226.975 rows=5 loops=1)
        Workers Planned: 2
        Workers Launched: 2
        ->  Sort  (cost=21070.95..21070.96 rows=4 width=49) (actual time=224.093..224.096 rows=2 loops=3)
              Sort Key: customer.c_customer_id
              Sort Method: quicksort  Memory: 25kB
              Worker 0:  Sort Method: quicksort  Memory: 25kB
              Worker 1:  Sort Method: quicksort  Memory: 25kB
              ->  Parallel Hash Join  (cost=5081.63..21070.91 rows=4 width=49) (actual time=129.793..224.081 rows=2 loops=3)
                    Hash Cond: (store_returns.sr_cdemo_sk = customer_demographics.cd_demo_sk)
                    ->  Parallel Seq Scan on store_returns  (cost=0.00..14864.16 rows=300016 width=4) (actual time=0.078..141.778 rows=240013 loops=3)
                    ->  Parallel Hash  (cost=5081.45..5081.45 rows=14 width=77) (actual time=71.819..71.820 rows=5 loops=3)
                          Buckets: 1024  Batches: 1  Memory Usage: 104kB
                          ->  Nested Loop  (cost=1506.04..5081.45 rows=14 width=77) (actual time=36.671..71.782 rows=5 loops=3)
                                ->  Hash Join  (cost=1505.62..5071.60 rows=15 width=73) (actual time=36.524..71.166 rows=5 loops=3)
                                      Hash Cond: (household_demographics.hd_income_band_sk = income_band.ib_income_band_sk)
                                      ->  Nested Loop  (cost=1504.24..5070.07 rows=49 width=77) (actual time=23.786..71.132 rows=20 loops=3)
                                            ->  Parallel Hash Join  (cost=1503.96..5054.62 rows=51 width=77) (actual time=23.686..70.643 rows=21 loops=3)
                                                  Hash Cond: (customer.c_current_addr_sk = customer_address.ca_address_sk)
                                                  ->  Parallel Seq Scan on customer  (cost=0.00..3396.24 rows=58824 width=81) (actual time=0.197..48.556 rows=33333 loops=3)
                                                  ->  Parallel Hash  (cost=1503.65..1503.65 rows=25 width=4) (actual time=19.957..19.957 rows=9 loops=3)
                                                        Buckets: 1024  Batches: 1  Memory Usage: 104kB
                                                        ->  Parallel Seq Scan on customer_address  (cost=0.00..1503.65 rows=25 width=4) (actual time=1.188..19.917 rows=9 loops=3)
                                                              Filter: ((ca_city)::text = 'Marion'::text)
                                                              Rows Removed by Filter: 16658
                                            ->  Index Scan using household_demographics_pkey on household_demographics  (cost=0.28..0.30 rows=1 width=8) (actual time=0.023..0.023 rows=1 loops=62)
                                                  Index Cond: (hd_demo_sk = customer.c_current_hdemo_sk)
                                      ->  Hash  (cost=1.30..1.30 rows=6 width=4) (actual time=0.022..0.022 rows=4 loops=3)
                                            Buckets: 1024  Batches: 1  Memory Usage: 9kB
                                            ->  Seq Scan on income_band  (cost=0.00..1.30 rows=6 width=4) (actual time=0.018..0.019 rows=4 loops=3)
                                                  Filter: ((ib_lower_bound >= 26340) AND (ib_upper_bound <= 76340))
                                                  Rows Removed by Filter: 16
                                ->  Index Only Scan using customer_demographics_pkey on customer_demographics  (cost=0.43..0.66 rows=1 width=4) (actual time=0.115..0.115 rows=1 loops=16)
                                      Index Cond: (cd_demo_sk = customer.c_current_cdemo_sk)
                                      Heap Fetches: 0
Planning Time: 2.499 ms
Execution Time: 226.999 ms"
Q25,422.67,"Limit  (cost=32465.30..32465.30 rows=1 width=229) (actual time=420.255..422.624 rows=1 loops=1)
  ->  Sort  (cost=32465.30..32465.30 rows=1 width=229) (actual time=420.255..422.623 rows=1 loops=1)
        Sort Key: (""substring""((reason.r_reason_desc)::text, 1, 20)), (avg(web_sales.ws_quantity)), (avg(web_returns.wr_refunded_cash)), (avg(web_returns.wr_fee))
        Sort Method: quicksort  Memory: 25kB
        ->  Finalize GroupAggregate  (cost=32465.11..32465.29 rows=1 width=229) (actual time=420.252..422.620 rows=1 loops=1)
              Group Key: reason.r_reason_desc
              ->  Gather Merge  (cost=32465.11..32465.25 rows=1 width=197) (actual time=420.244..422.612 rows=1 loops=1)
                    Workers Planned: 1
                    Workers Launched: 1
                    ->  Partial GroupAggregate  (cost=31465.10..31465.13 rows=1 width=197) (actual time=418.768..418.770 rows=0 loops=2)
                          Group Key: reason.r_reason_desc
                          ->  Sort  (cost=31465.10..31465.10 rows=1 width=117) (actual time=418.760..418.762 rows=0 loops=2)
                                Sort Key: reason.r_reason_desc
                                Sort Method: quicksort  Memory: 25kB
                                Worker 0:  Sort Method: quicksort  Memory: 25kB
                                ->  Nested Loop  (cost=1948.84..31465.09 rows=1 width=117) (actual time=401.283..418.750 rows=0 loops=2)
                                      Join Filter: ((cd1.cd_marital_status = cd2.cd_marital_status) AND (cd1.cd_education_status = cd2.cd_education_status) AND (((cd1.cd_marital_status = 'M'::bpchar) AND (cd1.cd_education_status = 'Primary'::bpchar) AND (web_sales.ws_sales_price >= 100.00) AND (web_sales.ws_sales_price <= 150.00)) OR ((cd1.cd_marital_status = 'S'::bpchar) AND (cd1.cd_education_status = 'Advanced Degree'::bpchar) AND (web_sales.ws_sales_price >= 50.00) AND (web_sales.ws_sales_price <= 100.00)) OR ((cd1.cd_marital_status = 'U'::bpchar) AND (cd1.cd_education_status = '2 yr Degree'::bpchar) AND (web_sales.ws_sales_price >= 150.00) AND (web_sales.ws_sales_price <= 200.00))))
                                      Rows Removed by Join Filter: 4
                                      ->  Nested Loop  (cost=1948.41..31463.83 rows=1 width=150) (actual time=348.854..418.643 rows=46 loops=2)
                                            ->  Nested Loop  (cost=1947.99..31462.63 rows=1 width=131) (actual time=348.428..403.312 rows=47 loops=2)
                                                  ->  Nested Loop  (cost=1947.85..31462.47 rows=1 width=135) (actual time=348.388..403.215 rows=47 loops=2)
                                                        ->  Nested Loop  (cost=1947.55..31434.51 rows=56 width=139) (actual time=8.816..402.752 rows=352 loops=2)
                                                              Join Filter: (((customer_address.ca_state = ANY ('{KY,MI,TX}'::bpchar[])) AND (web_sales.ws_net_profit >= '100'::numeric) AND (web_sales.ws_net_profit <= '200'::numeric)) OR ((customer_address.ca_state = ANY ('{MS,OH,TX}'::bpchar[])) AND (web_sales.ws_net_profit >= '150'::numeric) AND (web_sales.ws_net_profit <= '300'::numeric)) OR ((customer_address.ca_state = ANY ('{IN,MS,WI}'::bpchar[])) AND (web_sales.ws_net_profit >= '50'::numeric) AND (web_sales.ws_net_profit <= '250'::numeric)))
                                                              Rows Removed by Join Filter: 162
                                                              ->  Hash Join  (cost=1947.13..5792.50 rows=23421 width=132) (actual time=6.968..25.949 rows=16154 loops=2)
                                                                    Hash Cond: (web_returns.wr_reason_sk = reason.r_reason_sk)
                                                                    ->  Parallel Hash Join  (cost=1945.34..5719.09 rows=24449 width=35) (actual time=6.943..24.088 rows=16538 loops=2)
                                                                          Hash Cond: (web_returns.wr_refunded_addr_sk = customer_address.ca_address_sk)
                                                                          ->  Parallel Seq Scan on web_returns  (cost=0.00..3551.31 rows=84731 width=36) (actual time=0.219..8.193 rows=72021 loops=2)
                                                                          ->  Parallel Hash  (cost=1834.53..1834.53 rows=8865 width=7) (actual time=6.707..6.707 rows=6051 loops=2)
                                                                                Buckets: 16384  Batches: 1  Memory Usage: 608kB
                                                                                ->  Parallel Seq Scan on customer_address  (cost=0.00..1834.53 rows=8865 width=7) (actual time=0.004..6.323 rows=6051 loops=2)
                                                                                      Filter: (((ca_country)::text = 'United States'::text) AND ((ca_state = ANY ('{KY,MI,TX}'::bpchar[])) OR (ca_state = ANY ('{MS,OH,TX}'::bpchar[])) OR (ca_state = ANY ('{IN,MS,WI}'::bpchar[]))))
                                                                                      Rows Removed by Filter: 18949
                                                                    ->  Hash  (cost=1.35..1.35 rows=35 width=105) (actual time=0.017..0.017 rows=35 loops=2)
                                                                          Buckets: 1024  Batches: 1  Memory Usage: 13kB
                                                                          ->  Seq Scan on reason  (cost=0.00..1.35 rows=35 width=105) (actual time=0.012..0.013 rows=35 loops=2)
                                                              ->  Index Scan using web_sales_pkey on web_sales  (cost=0.42..1.06 rows=1 width=32) (actual time=0.023..0.023 rows=0 loops=32307)
                                                                    Index Cond: ((ws_item_sk = web_returns.wr_item_sk) AND (ws_order_number = web_returns.wr_order_number))
                                                                    Filter: ((((ws_sales_price >= 100.00) AND (ws_sales_price <= 150.00)) OR ((ws_sales_price >= 50.00) AND (ws_sales_price <= 100.00)) OR ((ws_sales_price >= 150.00) AND (ws_sales_price <= 200.00))) AND (((ws_net_profit >= '100'::numeric) AND (ws_net_profit <= '200'::numeric)) OR ((ws_net_profit >= '150'::numeric) AND (ws_net_profit <= '300'::numeric)) OR ((ws_net_profit >= '50'::numeric) AND (ws_net_profit <= '250'::numeric))))
                                                                    Rows Removed by Filter: 1
                                                        ->  Index Scan using date_dim_pkey on date_dim  (cost=0.29..0.50 rows=1 width=4) (actual time=0.001..0.001 rows=0 loops=705)
                                                              Index Cond: (d_date_sk = web_sales.ws_sold_date_sk)
                                                              Filter: (d_year = 2002)
                                                              Rows Removed by Filter: 1
                                                  ->  Index Only Scan using web_page_pkey on web_page  (cost=0.14..0.16 rows=1 width=4) (actual time=0.002..0.002 rows=1 loops=94)
                                                        Index Cond: (wp_web_page_sk = web_sales.ws_web_page_sk)
                                                        Heap Fetches: 94
                                            ->  Index Scan using customer_demographics_pkey on customer_demographics cd2  (cost=0.43..1.20 rows=1 width=27) (actual time=0.326..0.326 rows=1 loops=94)
                                                  Index Cond: (cd_demo_sk = web_returns.wr_returning_cdemo_sk)
                                      ->  Index Scan using customer_demographics_pkey on customer_demographics cd1  (cost=0.43..1.21 rows=1 width=27) (actual time=0.002..0.002 rows=0 loops=93)
                                            Index Cond: (cd_demo_sk = web_returns.wr_refunded_cdemo_sk)
                                            Filter: (((cd_marital_status = 'M'::bpchar) AND (cd_education_status = 'Primary'::bpchar)) OR ((cd_marital_status = 'S'::bpchar) AND (cd_education_status = 'Advanced Degree'::bpchar)) OR ((cd_marital_status = 'U'::bpchar) AND (cd_education_status = '2 yr Degree'::bpchar)))
                                            Rows Removed by Filter: 1
Planning Time: 6.337 ms
Execution Time: 422.670 ms"
Q26,156.619,"Sort  (cost=8534.63..8534.64 rows=1 width=97) (actual time=155.130..156.587 rows=2 loops=1)
  Sort Key: (sum(catalog_returns.cr_net_loss)) DESC
  Sort Method: quicksort  Memory: 25kB
  ->  GroupAggregate  (cost=8534.59..8534.62 rows=1 width=97) (actual time=155.126..156.584 rows=2 loops=1)
        Group Key: call_center.cc_call_center_id, call_center.cc_name, call_center.cc_manager, customer_demographics.cd_marital_status, customer_demographics.cd_education_status
        ->  Sort  (cost=8534.59..8534.60 rows=1 width=71) (actual time=155.116..156.574 rows=4 loops=1)
              Sort Key: call_center.cc_call_center_id, call_center.cc_name, call_center.cc_manager, customer_demographics.cd_marital_status, customer_demographics.cd_education_status
              Sort Method: quicksort  Memory: 25kB
              ->  Nested Loop  (cost=3070.20..8534.58 rows=1 width=71) (actual time=52.877..156.550 rows=4 loops=1)
                    ->  Gather  (cost=3070.07..8534.43 rows=1 width=33) (actual time=52.874..156.542 rows=4 loops=1)
                          Workers Planned: 2
                          Workers Launched: 2
                          ->  Nested Loop  (cost=2070.07..7534.33 rows=1 width=33) (actual time=83.303..152.984 rows=1 loops=3)
                                ->  Nested Loop  (cost=2069.64..7532.79 rows=1 width=14) (actual time=40.948..149.509 rows=11 loops=3)
                                      ->  Nested Loop  (cost=2069.35..7530.62 rows=6 width=18) (actual time=26.881..139.500 rows=146 loops=3)
                                            ->  Nested Loop  (cost=2069.07..7519.32 rows=37 width=22) (actual time=26.395..138.206 rows=855 loops=3)
                                                  ->  Parallel Hash Join  (cost=2068.78..7505.36 rows=38 width=14) (actual time=26.019..101.412 rows=874 loops=3)
                                                        Hash Cond: (catalog_returns.cr_returned_date_sk = date_dim.d_date_sk)
                                                        ->  Parallel Seq Scan on catalog_returns  (cost=0.00..5201.09 rows=89709 width=18) (actual time=0.508..91.176 rows=71767 loops=3)
                                                        ->  Parallel Hash  (cost=2068.55..2068.55 rows=18 width=4) (actual time=6.794..6.794 rows=10 loops=3)
                                                              Buckets: 1024  Batches: 1  Memory Usage: 72kB
                                                              ->  Parallel Seq Scan on date_dim  (cost=0.00..2068.55 rows=18 width=4) (actual time=5.261..6.777 rows=10 loops=3)
                                                                    Filter: ((d_year = 2000) AND (d_moy = 3))
                                                                    Rows Removed by Filter: 24339
                                                  ->  Index Scan using customer_pkey on customer  (cost=0.29..0.37 rows=1 width=16) (actual time=0.042..0.042 rows=1 loops=2623)
                                                        Index Cond: (c_customer_sk = catalog_returns.cr_returning_customer_sk)
                                            ->  Index Scan using household_demographics_pkey on household_demographics  (cost=0.28..0.31 rows=1 width=4) (actual time=0.001..0.001 rows=0 loops=2564)
                                                  Index Cond: (hd_demo_sk = customer.c_current_hdemo_sk)
                                                  Filter: (hd_buy_potential ~~ '501-1000%'::text)
                                                  Rows Removed by Filter: 1
                                      ->  Index Scan using customer_address_pkey on customer_address  (cost=0.29..0.36 rows=1 width=4) (actual time=0.068..0.068 rows=0 loops=439)
                                            Index Cond: (ca_address_sk = customer.c_current_addr_sk)
                                            Filter: (ca_gmt_offset = '-7'::numeric)
                                            Rows Removed by Filter: 1
                                ->  Index Scan using customer_demographics_pkey on customer_demographics  (cost=0.43..1.54 rows=1 width=27) (actual time=0.325..0.325 rows=0 loops=32)
                                      Index Cond: (cd_demo_sk = customer.c_current_cdemo_sk)
                                      Filter: (((cd_marital_status = 'M'::bpchar) AND (cd_education_status = 'Unknown'::bpchar)) OR ((cd_marital_status = 'W'::bpchar) AND (cd_education_status = 'Advanced Degree'::bpchar)))
                                      Rows Removed by Filter: 1
                    ->  Index Scan using call_center_pkey on call_center  (cost=0.13..0.15 rows=1 width=46) (actual time=0.001..0.001 rows=1 loops=4)
                          Index Cond: (cc_call_center_sk = catalog_returns.cr_call_center_sk)
Planning Time: 2.338 ms
Execution Time: 156.619 ms"
Q27,73.355,"Limit  (cost=47648.51..47650.15 rows=4 width=115) (actual time=72.358..73.317 rows=4 loops=1)
  ->  Finalize GroupAggregate  (cost=47648.51..47650.15 rows=4 width=115) (actual time=72.357..73.316 rows=4 loops=1)
        Group Key: (""substring""((warehouse.w_warehouse_name)::text, 1, 20)), call_center.cc_name
        ->  Gather Merge  (cost=47648.51..47649.96 rows=8 width=115) (actual time=72.348..73.310 rows=12 loops=1)
              Workers Planned: 2
              Workers Launched: 2
              ->  Partial GroupAggregate  (cost=46648.49..46649.02 rows=4 width=115) (actual time=70.352..70.371 rows=4 loops=3)
                    Group Key: (""substring""((warehouse.w_warehouse_name)::text, 1, 20)), call_center.cc_name
                    ->  Sort  (cost=46648.49..46648.51 rows=8 width=83) (actual time=70.342..70.350 rows=85 loops=3)
                          Sort Key: (""substring""((warehouse.w_warehouse_name)::text, 1, 20)), call_center.cc_name
                          Sort Method: quicksort  Memory: 34kB
                          Worker 0:  Sort Method: quicksort  Memory: 33kB
                          Worker 1:  Sort Method: quicksort  Memory: 32kB
                          ->  Nested Loop  (cost=3.79..46648.37 rows=8 width=83) (actual time=0.277..70.174 rows=85 loops=3)
                                ->  Hash Join  (cost=3.50..46328.80 rows=676 width=69) (actual time=0.149..69.767 rows=209 loops=3)
                                      Hash Cond: (catalog_sales.cs_call_center_sk = call_center.cc_call_center_sk)
                                      ->  Hash Join  (cost=2.39..46321.60 rows=1360 width=61) (actual time=0.090..69.667 rows=769 loops=3)
                                            Hash Cond: (catalog_sales.cs_warehouse_sk = warehouse.w_warehouse_sk)
                                            ->  Hash Join  (cost=1.30..46303.98 rows=3418 width=47) (actual time=0.051..69.481 rows=1922 loops=3)
                                                  Hash Cond: (catalog_sales.cs_ship_mode_sk = ship_mode.sm_ship_mode_sk)
                                                  ->  Parallel Seq Scan on catalog_sales  (cost=0.00..46248.07 rows=17184 width=20) (actual time=0.022..68.630 rows=13882 loops=3)
                                                        Filter: ((cs_list_price >= '248'::numeric) AND (cs_list_price <= '277'::numeric))
                                                        Rows Removed by Filter: 465723
                                                  ->  Hash  (cost=1.25..1.25 rows=4 width=35) (actual time=0.022..0.022 rows=4 loops=3)
                                                        Buckets: 1024  Batches: 1  Memory Usage: 9kB
                                                        ->  Seq Scan on ship_mode  (cost=0.00..1.25 rows=4 width=35) (actual time=0.018..0.020 rows=4 loops=3)
                                                              Filter: (sm_type = 'NEXT DAY'::bpchar)
                                                              Rows Removed by Filter: 16
                                            ->  Hash  (cost=1.06..1.06 rows=2 width=22) (actual time=0.021..0.022 rows=2 loops=3)
                                                  Buckets: 1024  Batches: 1  Memory Usage: 9kB
                                                  ->  Seq Scan on warehouse  (cost=0.00..1.06 rows=2 width=22) (actual time=0.019..0.020 rows=2 loops=3)
                                                        Filter: (w_gmt_offset = '-5'::numeric)
                                                        Rows Removed by Filter: 3
                                      ->  Hash  (cost=1.07..1.07 rows=3 width=16) (actual time=0.024..0.024 rows=3 loops=3)
                                            Buckets: 1024  Batches: 1  Memory Usage: 9kB
                                            ->  Seq Scan on call_center  (cost=0.00..1.07 rows=3 width=16) (actual time=0.020..0.021 rows=3 loops=3)
                                                  Filter: ((cc_class)::text = 'large'::text)
                                                  Rows Removed by Filter: 3
                                ->  Index Scan using date_dim_pkey on date_dim  (cost=0.29..0.47 rows=1 width=4) (actual time=0.002..0.002 rows=0 loops=627)
                                      Index Cond: (d_date_sk = catalog_sales.cs_ship_date_sk)
                                      Filter: ((d_month_seq >= 1201) AND (d_month_seq <= 1224))
                                      Rows Removed by Filter: 1
Planning Time: 0.755 ms
Execution Time: 73.355 ms"
Q28,3140.138,"Sort  (cost=126013.83..126013.83 rows=1 width=16) (actual time=3139.180..3140.095 rows=39 loops=1)
  Sort Key: (count(*))
  Sort Method: quicksort  Memory: 26kB
  ->  GroupAggregate  (cost=126013.80..126013.82 rows=1 width=16) (actual time=3139.160..3140.083 rows=39 loops=1)
        Group Key: item1.i_item_sk, item2.i_item_sk
        ->  Sort  (cost=126013.80..126013.80 rows=1 width=8) (actual time=3139.154..3140.069 rows=42 loops=1)
              Sort Key: item1.i_item_sk, item2.i_item_sk
              Sort Method: quicksort  Memory: 26kB
              ->  Nested Loop  (cost=3075.84..126013.79 rows=1 width=8) (actual time=866.421..3140.041 rows=42 loops=1)
                    ->  Gather  (cost=3075.55..126013.47 rows=1 width=12) (actual time=866.413..3137.362 rows=42 loops=1)
                          Workers Planned: 2
                          Workers Launched: 2
                          ->  Nested Loop  (cost=2075.55..125013.37 rows=1 width=12) (actual time=1031.719..3135.108 rows=14 loops=3)
                                ->  Nested Loop  (cost=2075.12..72866.68 rows=6771 width=16) (actual time=405.044..2431.286 rows=477966 loops=3)
                                      ->  Nested Loop  (cost=2074.83..71977.91 rows=6 width=12) (actual time=405.006..1986.769 rows=291 loops=3)
                                            ->  Nested Loop  (cost=2074.41..71650.96 rows=213 width=16) (actual time=384.896..1069.584 rows=7350 loops=3)
                                                  ->  Nested Loop  (cost=2074.11..71567.77 rows=223 width=12) (actual time=384.866..1003.269 rows=7442 loops=3)
                                                        ->  Parallel Hash Join  (cost=2073.83..71310.64 rows=768 width=12) (actual time=375.938..969.694 rows=25509 loops=3)
                                                              Hash Cond: (s1.ss_sold_date_sk = date_dim.d_date_sk)
                                                              ->  Parallel Seq Scan on store_sales s1  (cost=0.00..69022.77 rows=81538 width=16) (actual time=0.431..961.326 rows=65504 loops=3)
                                                                    Filter: ((ss_list_price >= '80'::numeric) AND (ss_list_price <= '94'::numeric))
                                                                    Rows Removed by Filter: 894631
                                                              ->  Parallel Hash  (cost=2068.55..2068.55 rows=422 width=4) (actual time=1.402..1.402 rows=244 loops=3)
                                                                    Buckets: 1024  Batches: 1  Memory Usage: 40kB
                                                                    ->  Parallel Seq Scan on date_dim  (cost=0.00..2068.55 rows=422 width=4) (actual time=1.025..1.380 rows=244 loops=3)
                                                                          Filter: ((d_year >= 2000) AND (d_year <= 2001))
                                                                          Rows Removed by Filter: 24106
                                                        ->  Index Scan using item_pkey on item item1  (cost=0.29..0.33 rows=1 width=4) (actual time=0.001..0.001 rows=0 loops=76527)
                                                              Index Cond: (i_item_sk = s1.ss_item_sk)
                                                              Filter: (i_category = ANY ('{Books,Shoes}'::bpchar[]))
                                                              Rows Removed by Filter: 1
                                                  ->  Index Scan using customer_pkey on customer  (cost=0.29..0.37 rows=1 width=12) (actual time=0.009..0.009 rows=1 loops=22325)
                                                        Index Cond: (c_customer_sk = s1.ss_customer_sk)
                                            ->  Index Scan using customer_demographics_pkey on customer_demographics  (cost=0.43..1.53 rows=1 width=4) (actual time=0.125..0.125 rows=0 loops=22051)
                                                  Index Cond: (cd_demo_sk = customer.c_current_cdemo_sk)
                                                  Filter: ((cd_marital_status = 'M'::bpchar) AND (cd_education_status = 'College'::bpchar))
                                                  Rows Removed by Filter: 1
                                      ->  Index Scan using item_pkey on item item2  (cost=0.29..136.31 rows=1182 width=4) (actual time=0.005..1.453 rows=1641 loops=874)
                                            Index Cond: (i_item_sk > item1.i_item_sk)
                                            Filter: ((i_manager_id >= 48) AND (i_manager_id <= 67))
                                            Rows Removed by Filter: 6778
                                ->  Index Scan using store_sales_pkey on store_sales s2  (cost=0.43..7.70 rows=1 width=8) (actual time=0.001..0.001 rows=0 loops=1433897)
                                      Index Cond: ((ss_item_sk = item2.i_item_sk) AND (ss_ticket_number = s1.ss_ticket_number))
                                      Filter: ((ss_list_price >= '80'::numeric) AND (ss_list_price <= '94'::numeric))
                                      Rows Removed by Filter: 0
                    ->  Index Only Scan using customer_address_pkey on customer_address  (cost=0.29..0.32 rows=1 width=4) (actual time=0.063..0.063 rows=1 loops=42)
                          Index Cond: (ca_address_sk = customer.c_current_addr_sk)
                          Heap Fetches: 0
Planning Time: 1.661 ms
Execution Time: 3140.138 ms"
Q29,1484.193,"Sort  (cost=19368.87..19368.87 rows=1 width=64) (actual time=1484.096..1484.140 rows=0 loops=1)
  Sort Key: (count(*))
  Sort Method: quicksort  Memory: 25kB
  ->  GroupAggregate  (cost=19368.84..19368.86 rows=1 width=64) (actual time=1484.094..1484.138 rows=0 loops=1)
        Group Key: customer.c_customer_sk
        ->  Sort  (cost=19368.84..19368.84 rows=1 width=56) (actual time=1484.093..1484.137 rows=0 loops=1)
              Sort Key: customer.c_customer_sk
              Sort Method: quicksort  Memory: 25kB
              ->  Nested Loop  (cost=2966.10..19368.83 rows=1 width=56) (actual time=1484.092..1484.136 rows=0 loops=1)
                    ->  Nested Loop  (cost=2965.82..19368.52 rows=1 width=60) (actual time=1484.092..1484.135 rows=0 loops=1)
                          ->  Nested Loop  (cost=2965.53..19368.15 rows=1 width=64) (actual time=1484.092..1484.135 rows=0 loops=1)
                                Join Filter: (customer.c_customer_sk = store_sales.ss_customer_sk)
                                ->  Nested Loop  (cost=2965.24..19367.81 rows=1 width=8) (actual time=1484.092..1484.135 rows=0 loops=1)
                                      Join Filter: ((d2.d_date >= d1.d_date) AND (d2.d_date <= (d1.d_date + '90 days'::interval)))
                                      Rows Removed by Join Filter: 6
                                      ->  Nested Loop  (cost=2964.94..19367.48 rows=1 width=16) (actual time=1235.022..1483.241 rows=6 loops=1)
                                            Join Filter: ((web_sales.ws_bill_customer_sk = store_sales.ss_customer_sk) AND (store_sales.ss_item_sk = web_sales.ws_item_sk))
                                            Rows Removed by Join Filter: 177066
                                            ->  Gather  (cost=2964.52..19364.92 rows=1 width=20) (actual time=22.035..190.183 rows=3156 loops=1)
                                                  Workers Planned: 2
                                                  Workers Launched: 2
                                                  ->  Nested Loop  (cost=1964.52..18364.82 rows=1 width=20) (actual time=17.816..650.260 rows=1052 loops=3)
                                                        ->  Nested Loop  (cost=1964.09..18071.47 rows=368 width=16) (actual time=11.821..305.496 rows=6546 loops=3)
                                                              ->  Parallel Hash Join  (cost=1963.80..17615.55 rows=1442 width=12) (actual time=2.803..249.112 rows=39772 loops=3)
                                                                    Hash Cond: (store_returns.sr_returned_date_sk = d1.d_date_sk)
                                                                    ->  Parallel Seq Scan on store_returns  (cost=0.00..14864.16 rows=300016 width=12) (actual time=0.071..229.700 rows=240013 loops=3)
                                                                    ->  Parallel Hash  (cost=1961.12..1961.12 rows=214 width=8) (actual time=2.372..2.372 rows=122 loops=3)
                                                                          Buckets: 1024  Batches: 1  Memory Usage: 40kB
                                                                          ->  Parallel Seq Scan on date_dim d1  (cost=0.00..1961.12 rows=214 width=8) (actual time=4.016..7.069 rows=365 loops=1)
                                                                                Filter: (d_year = 1999)
                                                                                Rows Removed by Filter: 72684
                                                              ->  Index Scan using item_pkey on item  (cost=0.29..0.32 rows=1 width=4) (actual time=0.001..0.001 rows=0 loops=119317)
                                                                    Index Cond: (i_item_sk = store_returns.sr_item_sk)
                                                                    Filter: (i_category = ANY ('{Books,Home,Jewelry}'::bpchar[]))
                                                                    Rows Removed by Filter: 1
                                                        ->  Index Scan using store_sales_pkey on store_sales  (cost=0.43..0.80 rows=1 width=12) (actual time=0.052..0.052 rows=0 loops=19637)
                                                              Index Cond: ((ss_item_sk = store_returns.sr_item_sk) AND (ss_ticket_number = store_returns.sr_ticket_number))
                                                              Filter: (((ss_sales_price / ss_list_price) >= 0.73) AND ((ss_sales_price / ss_list_price) <= 0.93))
                                                              Rows Removed by Filter: 1
                                            ->  Index Scan using web_sales_pkey on web_sales  (cost=0.42..1.63 rows=62 width=12) (actual time=0.037..0.406 rows=56 loops=3156)
                                                  Index Cond: (ws_item_sk = store_returns.sr_item_sk)
                                      ->  Index Scan using date_dim_pkey on date_dim d2  (cost=0.29..0.32 rows=1 width=8) (actual time=0.147..0.147 rows=1 loops=6)
                                            Index Cond: (d_date_sk = web_sales.ws_sold_date_sk)
                                ->  Index Scan using customer_pkey on customer  (cost=0.29..0.33 rows=1 width=64) (never executed)
                                      Index Cond: (c_customer_sk = web_sales.ws_bill_customer_sk)
                          ->  Index Scan using customer_address_pkey on customer_address  (cost=0.29..0.36 rows=1 width=4) (never executed)
                                Index Cond: (ca_address_sk = customer.c_current_addr_sk)
                                Filter: (ca_state = ANY ('{KY,MI,MS,OH,TX}'::bpchar[]))
                    ->  Index Scan using household_demographics_pkey on household_demographics  (cost=0.28..0.31 rows=1 width=4) (never executed)
                          Index Cond: (hd_demo_sk = customer.c_current_hdemo_sk)
                          Filter: ((hd_income_band_sk >= 2) AND (hd_income_band_sk <= 8) AND (hd_buy_potential = '1001-5000'::bpchar))
Planning Time: 10.171 ms
Execution Time: 1484.193 ms"
Q30,385.729,"Sort  (cost=28292.07..28292.08 rows=1 width=37) (actual time=384.296..385.688 rows=0 loops=1)
  Sort Key: (count(*))
  Sort Method: quicksort  Memory: 25kB
  ->  GroupAggregate  (cost=28292.04..28292.06 rows=1 width=37) (actual time=384.295..385.687 rows=0 loops=1)
        Group Key: customer_demographics.cd_gender, customer_demographics.cd_marital_status, customer_demographics.cd_education_status, household_demographics.hd_vehicle_count
        ->  Sort  (cost=28292.04..28292.04 rows=1 width=29) (actual time=384.294..385.686 rows=0 loops=1)
              Sort Key: customer_demographics.cd_gender, customer_demographics.cd_marital_status, customer_demographics.cd_education_status, household_demographics.hd_vehicle_count
              Sort Method: quicksort  Memory: 25kB
              ->  Nested Loop  (cost=2489.58..28292.03 rows=1 width=29) (actual time=384.292..385.683 rows=0 loops=1)
                    Join Filter: (inventory.inv_warehouse_sk = web_sales.ws_warehouse_sk)
                    ->  Gather  (cost=2489.15..28291.34 rows=1 width=61) (actual time=384.291..385.683 rows=0 loops=1)
                          Workers Planned: 2
                          Workers Launched: 2
                          ->  Nested Loop  (cost=1489.15..27291.24 rows=1 width=61) (actual time=372.857..372.859 rows=0 loops=3)
                                Join Filter: ((d2.d_date >= d1.d_date) AND (d2.d_date <= (d1.d_date + '30 days'::interval)))
                                ->  Nested Loop  (cost=1488.86..27290.90 rows=1 width=61) (actual time=372.857..372.859 rows=0 loops=3)
                                      ->  Nested Loop  (cost=1488.56..27290.54 rows=1 width=61) (actual time=372.857..372.859 rows=0 loops=3)
                                            Join Filter: (store.s_state = warehouse.w_state)
                                            ->  Nested Loop  (cost=1488.56..27289.27 rows=1 width=64) (actual time=372.857..372.859 rows=0 loops=3)
                                                  Join Filter: ((store_sales.ss_item_sk = item.i_item_sk) AND (customer.c_customer_sk = store_sales.ss_customer_sk))
                                                  ->  Nested Loop  (cost=1488.13..26129.41 rows=153 width=60) (actual time=7.165..130.951 rows=40 loops=3)
                                                        ->  Nested Loop  (cost=1487.71..25886.15 rows=159 width=39) (actual time=6.656..121.073 rows=40 loops=3)
                                                              ->  Nested Loop  (cost=1487.42..25836.15 rows=165 width=39) (actual time=6.229..119.270 rows=43 loops=3)
                                                                    ->  Nested Loop  (cost=1487.13..25430.55 rows=1112 width=43) (actual time=3.340..94.389 rows=532 loops=3)
                                                                          ->  Parallel Hash Join  (cost=1486.84..24962.47 rows=1113 width=27) (actual time=2.795..64.006 rows=532 loops=3)
                                                                                Hash Cond: (web_sales.ws_item_sk = item.i_item_sk)
                                                                                ->  Hash Join  (cost=1.11..23354.71 rows=46476 width=23) (actual time=0.036..59.274 rows=37116 loops=3)
                                                                                      Hash Cond: (web_sales.ws_warehouse_sk = warehouse.w_warehouse_sk)
                                                                                      ->  Parallel Seq Scan on web_sales  (cost=0.00..23128.15 rows=46490 width=16) (actual time=0.007..55.770 rows=37122 loops=3)
                                                                                            Filter: ((ws_wholesale_cost >= '73'::numeric) AND (ws_wholesale_cost <= '93'::numeric))
                                                                                            Rows Removed by Filter: 202673
                                                                                      ->  Hash  (cost=1.05..1.05 rows=5 width=7) (actual time=0.020..0.020 rows=5 loops=3)
                                                                                            Buckets: 1024  Batches: 1  Memory Usage: 9kB
                                                                                            ->  Seq Scan on warehouse  (cost=0.00..1.05 rows=5 width=7) (actual time=0.016..0.016 rows=5 loops=3)
                                                                                ->  Parallel Hash  (cost=1482.55..1482.55 rows=254 width=4) (actual time=2.394..2.394 rows=167 loops=3)
                                                                                      Buckets: 1024  Batches: 1  Memory Usage: 40kB
                                                                                      ->  Parallel Seq Scan on item  (cost=0.03..1482.55 rows=254 width=4) (actual time=0.019..7.128 rows=501 loops=1)
                                                                                            Filter: ((i_category = ANY ('{Home,Sports,Women}'::bpchar[])) AND (i_manager_id = ANY ('{8,9,14,18,40,55,57,78,80,95}'::integer[])))
                                                                                            Rows Removed by Filter: 17499
                                                                          ->  Index Scan using customer_pkey on customer  (cost=0.29..0.42 rows=1 width=16) (actual time=0.057..0.057 rows=1 loops=1597)
                                                                                Index Cond: (c_customer_sk = web_sales.ws_bill_customer_sk)
                                                                    ->  Index Scan using customer_address_pkey on customer_address  (cost=0.29..0.36 rows=1 width=4) (actual time=0.047..0.047 rows=0 loops=1597)
                                                                          Index Cond: (ca_address_sk = customer.c_current_addr_sk)
                                                                          Filter: (ca_state = ANY ('{GA,KY,MI,NC,NV}'::bpchar[]))
                                                                          Rows Removed by Filter: 1
                                                              ->  Index Scan using household_demographics_pkey on household_demographics  (cost=0.28..0.30 rows=1 width=8) (actual time=0.042..0.042 rows=1 loops=128)
                                                                    Index Cond: (hd_demo_sk = customer.c_current_hdemo_sk)
                                                        ->  Index Scan using customer_demographics_pkey on customer_demographics  (cost=0.43..1.53 rows=1 width=29) (actual time=0.244..0.244 rows=1 loops=121)
                                                              Index Cond: (cd_demo_sk = customer.c_current_cdemo_sk)
                                                  ->  Index Scan using store_sales_pkey on store_sales  (cost=0.43..7.57 rows=1 width=16) (actual time=6.047..6.047 rows=0 loops=120)
                                                        Index Cond: (ss_item_sk = web_sales.ws_item_sk)
                                                        Filter: (web_sales.ws_bill_customer_sk = ss_customer_sk)
                                                        Rows Removed by Filter: 100
                                            ->  Seq Scan on store  (cost=0.00..1.12 rows=12 width=3) (never executed)
                                      ->  Index Scan using date_dim_pkey on date_dim d2  (cost=0.29..0.37 rows=1 width=8) (never executed)
                                            Index Cond: (d_date_sk = web_sales.ws_sold_date_sk)
                                ->  Index Scan using date_dim_pkey on date_dim d1  (cost=0.29..0.31 rows=1 width=8) (never executed)
                                      Index Cond: (d_date_sk = store_sales.ss_sold_date_sk)
                                      Filter: (d_year = 1999)
                    ->  Index Scan using inventory_pkey on inventory  (cost=0.43..0.68 rows=1 width=16) (never executed)
                          Index Cond: ((inv_date_sk = store_sales.ss_sold_date_sk) AND (inv_item_sk = store_sales.ss_item_sk))
                          Filter: (inv_quantity_on_hand >= store_sales.ss_quantity)
Planning Time: 48.774 ms
Execution Time: 385.729 ms"
Q31,245.365,"Limit  (cost=22359.33..22359.33 rows=1 width=17) (actual time=244.928..245.297 rows=0 loops=1)
  CTE customer_total_return
    ->  Finalize GroupAggregate  (cost=22332.27..22334.44 rows=17 width=44) (actual time=234.478..242.848 rows=15712 loops=1)
          Group Key: store_returns.sr_customer_sk, store_returns.sr_store_sk, store_returns.sr_reason_sk
          ->  Gather Merge  (cost=22332.27..22334.06 rows=14 width=44) (actual time=234.475..237.677 rows=15756 loops=1)
                Workers Planned: 2
                Workers Launched: 2
                ->  Partial GroupAggregate  (cost=21332.24..21332.42 rows=7 width=44) (actual time=231.894..233.498 rows=5252 loops=3)
                      Group Key: store_returns.sr_customer_sk, store_returns.sr_store_sk, store_returns.sr_reason_sk
                      ->  Sort  (cost=21332.24..21332.26 rows=7 width=18) (actual time=231.885..232.027 rows=5272 loops=3)
                            Sort Key: store_returns.sr_customer_sk, store_returns.sr_store_sk, store_returns.sr_reason_sk
                            Sort Method: quicksort  Memory: 447kB
                            Worker 0:  Sort Method: quicksort  Memory: 434kB
                            Worker 1:  Sort Method: quicksort  Memory: 436kB
                            ->  Parallel Hash Join  (cost=1963.80..21332.14 rows=7 width=18) (actual time=13.054..230.942 rows=5272 loops=3)
                                  Hash Cond: (store_returns.sr_returned_date_sk = date_dim.d_date_sk)
                                  ->  Parallel Seq Scan on store_returns  (cost=0.00..19364.41 rows=1500 width=22) (actual time=0.225..225.798 rows=31047 loops=3)
                                        Filter: (((sr_return_amt / (sr_return_quantity)::numeric) >= '80'::numeric) AND ((sr_return_amt / (sr_return_quantity)::numeric) <= '139'::numeric))
                                        Rows Removed by Filter: 208966
                                  ->  Parallel Hash  (cost=1961.12..1961.12 rows=214 width=4) (actual time=2.782..2.782 rows=122 loops=3)
                                        Buckets: 1024  Batches: 1  Memory Usage: 104kB
                                        ->  Parallel Seq Scan on date_dim  (cost=0.00..1961.12 rows=214 width=4) (actual time=1.268..2.745 rows=122 loops=3)
                                              Filter: (d_year = 1999)
                                              Rows Removed by Filter: 24228
  ->  Sort  (cost=24.88..24.89 rows=1 width=17) (actual time=244.927..244.928 rows=0 loops=1)
        Sort Key: customer.c_customer_id
        Sort Method: quicksort  Memory: 25kB
        ->  Nested Loop  (cost=0.72..24.87 rows=1 width=17) (actual time=244.926..244.926 rows=0 loops=1)
              ->  Nested Loop  (cost=0.29..16.81 rows=1 width=21) (actual time=244.926..244.926 rows=0 loops=1)
                    ->  Nested Loop  (cost=0.00..8.47 rows=1 width=4) (actual time=244.925..244.926 rows=0 loops=1)
                          Join Filter: (store.s_store_sk = ctr1.ctr_store_sk)
                          ->  CTE Scan on customer_total_return ctr1  (cost=0.00..7.27 rows=1 width=8) (actual time=244.925..244.925 rows=0 loops=1)
                                Filter: ((ctr_reason_sk >= 72) AND (ctr_reason_sk <= 75) AND (ctr_total_return > (SubPlan 2)))
                                Rows Removed by Filter: 15712
                                SubPlan 2
                                  ->  Aggregate  (cost=0.39..0.40 rows=1 width=32) (never executed)
                                        ->  CTE Scan on customer_total_return ctr2  (cost=0.00..0.38 rows=1 width=32) (never executed)
                                              Filter: (ctr1.ctr_store_sk = ctr_store_sk)
                          ->  Seq Scan on store  (cost=0.00..1.17 rows=3 width=4) (never executed)
                                Filter: (s_state = ANY ('{IA,KS,NC}'::bpchar[]))
                    ->  Index Scan using customer_pkey on customer  (cost=0.29..8.32 rows=1 width=25) (never executed)
                          Index Cond: (c_customer_sk = ctr1.ctr_customer_sk)
                          Filter: ((c_birth_year >= 1987) AND (c_birth_year <= 1993) AND (c_birth_month = 8))
              ->  Index Scan using customer_demographics_pkey on customer_demographics  (cost=0.43..8.07 rows=1 width=4) (never executed)
                    Index Cond: (cd_demo_sk = customer.c_current_cdemo_sk)
                    Filter: ((cd_marital_status = ANY ('{U,D}'::bpchar[])) AND (cd_education_status = ANY ('{""2 yr Degree"",College}'::bpchar[])) AND (cd_gender = 'F'::bpchar))
Planning Time: 0.359 ms
Execution Time: 245.365 ms"
Q32,1393.009,"Limit  (cost=182303.13..182303.16 rows=1 width=100) (actual time=1392.887..1392.956 rows=0 loops=1)
  ->  GroupAggregate  (cost=182303.13..182303.16 rows=1 width=100) (actual time=1392.886..1392.956 rows=0 loops=1)
        Group Key: customer_demographics.cd_marital_status, customer_demographics.cd_education_status, customer_demographics.cd_purchase_estimate, customer_demographics.cd_credit_rating, customer_demographics.cd_dep_count, customer_demographics.cd_dep_employed_count, customer_demographics.cd_dep_college_count
        ->  Sort  (cost=182303.13..182303.13 rows=1 width=52) (actual time=1392.886..1392.955 rows=0 loops=1)
              Sort Key: customer_demographics.cd_marital_status, customer_demographics.cd_education_status, customer_demographics.cd_purchase_estimate, customer_demographics.cd_credit_rating, customer_demographics.cd_dep_count, customer_demographics.cd_dep_employed_count, customer_demographics.cd_dep_college_count
              Sort Method: quicksort  Memory: 25kB
              ->  Nested Loop  (cost=77789.55..182303.12 rows=1 width=52) (actual time=1392.880..1392.949 rows=0 loops=1)
                    ->  Nested Loop  (cost=77789.12..182296.96 rows=1 width=4) (actual time=1392.880..1392.949 rows=0 loops=1)
                          ->  Nested Loop  (cost=77788.83..182295.99 rows=1 width=8) (actual time=1392.880..1392.949 rows=0 loops=1)
                                ->  HashAggregate  (cost=77788.54..77788.55 rows=1 width=4) (actual time=1033.324..1033.363 rows=161 loops=1)
                                      Group Key: store_sales.ss_customer_sk
                                      Batches: 1  Memory Usage: 48kB
                                      ->  Nested Loop  (cost=1000.59..77788.53 rows=1 width=4) (actual time=760.039..1033.243 rows=163 loops=1)
                                            ->  Gather  (cost=1000.30..77772.78 rows=23 width=8) (actual time=759.792..997.116 rows=14573 loops=1)
                                                  Workers Planned: 2
                                                  Workers Launched: 2
                                                  ->  Nested Loop  (cost=0.30..76770.48 rows=10 width=8) (actual time=758.982..1017.555 rows=4858 loops=3)
                                                        ->  Parallel Seq Scan on store_sales  (cost=0.00..75022.36 rows=6000 width=12) (actual time=0.218..999.799 rows=62013 loops=3)
                                                              Filter: (((ss_sales_price / ss_list_price) >= 0.77) AND ((ss_sales_price / ss_list_price) <= 0.87))
                                                              Rows Removed by Filter: 898121
                                                        ->  Memoize  (cost=0.30..0.78 rows=1 width=4) (actual time=0.000..0.000 rows=0 loops=186040)
                                                              Cache Key: store_sales.ss_sold_date_sk
                                                              Cache Mode: logical
                                                              Hits: 59961  Misses: 1199  Evictions: 0  Overflows: 0  Memory Usage: 82kB
                                                              Worker 0:  Hits: 61656  Misses: 1275  Evictions: 0  Overflows: 0  Memory Usage: 88kB
                                                              Worker 1:  Hits: 60736  Misses: 1213  Evictions: 0  Overflows: 0  Memory Usage: 84kB
                                                              ->  Index Scan using date_dim_pkey on date_dim  (cost=0.29..0.77 rows=1 width=4) (actual time=0.002..0.002 rows=0 loops=3687)
                                                                    Index Cond: (d_date_sk = store_sales.ss_sold_date_sk)
                                                                    Filter: ((d_moy >= 8) AND (d_moy <= 11) AND (d_year = 2002))
                                                                    Rows Removed by Filter: 1
                                            ->  Index Scan using item_pkey on item  (cost=0.29..0.68 rows=1 width=4) (actual time=0.002..0.002 rows=0 loops=14573)
                                                  Index Cond: (i_item_sk = store_sales.ss_item_sk)
                                                  Filter: ((i_manager_id >= 91) AND (i_manager_id <= 100) AND (i_category = ANY ('{Books,Home,Jewelry}'::bpchar[])))
                                                  Rows Removed by Filter: 1
                                ->  Index Scan using customer_pkey on customer c  (cost=0.29..104480.50 rows=1 width=12) (actual time=2.233..2.233 rows=0 loops=161)
                                      Index Cond: (c_customer_sk = store_sales.ss_customer_sk)
                                      Filter: ((c_birth_month = ANY ('{3,7}'::integer[])) AND ((hashed SubPlan 2) OR (hashed SubPlan 4)))
                                      Rows Removed by Filter: 1
                                      SubPlan 2
                                        ->  Gather  (cost=2486.13..27197.55 rows=1 width=4) (actual time=77.413..92.326 rows=19 loops=1)
                                              Workers Planned: 2
                                              Workers Launched: 2
                                              ->  Nested Loop  (cost=1486.13..26197.45 rows=1 width=4) (actual time=72.923..88.517 rows=6 loops=3)
                                                    ->  Parallel Hash Join  (cost=1485.84..26116.64 rows=38 width=8) (actual time=2.762..87.853 rows=535 loops=3)
                                                          Hash Cond: (web_sales.ws_item_sk = item_1.i_item_sk)
                                                          ->  Parallel Seq Scan on web_sales  (cost=0.00..24626.87 rows=1499 width=12) (actual time=0.037..84.183 rows=15943 loops=3)
                                                                Filter: (((ws_sales_price / ws_list_price) >= 0.77) AND ((ws_sales_price / ws_list_price) <= 0.87))
                                                                Rows Removed by Filter: 223851
                                                          ->  Parallel Hash  (cost=1482.53..1482.53 rows=265 width=4) (actual time=2.492..2.492 rows=126 loops=3)
                                                                Buckets: 1024  Batches: 1  Memory Usage: 104kB
                                                                ->  Parallel Seq Scan on item item_1  (cost=0.00..1482.53 rows=265 width=4) (actual time=0.019..2.432 rows=126 loops=3)
                                                                      Filter: ((i_manager_id >= 91) AND (i_manager_id <= 100) AND (i_category = ANY ('{Books,Home,Jewelry}'::bpchar[])))
                                                                      Rows Removed by Filter: 5874
                                                    ->  Index Scan using date_dim_pkey on date_dim date_dim_1  (cost=0.29..2.13 rows=1 width=4) (actual time=0.001..0.001 rows=0 loops=1605)
                                                          Index Cond: (d_date_sk = web_sales.ws_sold_date_sk)
                                                          Filter: ((d_moy >= 8) AND (d_moy <= 11) AND (d_year = 2002))
                                                          Rows Removed by Filter: 1
                                      SubPlan 4
                                        ->  Gather  (cost=2486.13..51830.87 rows=1 width=4) (actual time=177.534..259.861 rows=157 loops=1)
                                              Workers Planned: 2
                                              Workers Launched: 2
                                              ->  Nested Loop  (cost=1486.13..50830.77 rows=1 width=4) (actual time=176.100..258.170 rows=52 loops=3)
                                                    ->  Parallel Hash Join  (cost=1485.84..50739.14 rows=75 width=8) (actual time=3.450..257.325 rows=789 loops=3)
                                                          Hash Cond: (catalog_sales.cs_item_sk = item_2.i_item_sk)
                                                          ->  Parallel Seq Scan on catalog_sales  (cost=0.00..49245.43 rows=2998 width=12) (actual time=0.356..252.014 rows=74678 loops=3)
                                                                Filter: (((cs_sales_price / cs_list_price) >= 0.77) AND ((cs_sales_price / cs_list_price) <= 0.87))
                                                                Rows Removed by Filter: 404927
                                                          ->  Parallel Hash  (cost=1482.53..1482.53 rows=265 width=4) (actual time=1.159..1.159 rows=126 loops=3)
                                                                Buckets: 1024  Batches: 1  Memory Usage: 104kB
                                                                ->  Parallel Seq Scan on item item_2  (cost=0.00..1482.53 rows=265 width=4) (actual time=0.011..1.137 rows=126 loops=3)
                                                                      Filter: ((i_manager_id >= 91) AND (i_manager_id <= 100) AND (i_category = ANY ('{Books,Home,Jewelry}'::bpchar[])))
                                                                      Rows Removed by Filter: 5874
                                                    ->  Index Scan using date_dim_pkey on date_dim date_dim_2  (cost=0.29..1.22 rows=1 width=4) (actual time=0.001..0.001 rows=0 loops=2367)
                                                          Index Cond: (d_date_sk = catalog_sales.cs_sold_date_sk)
                                                          Filter: ((d_moy >= 8) AND (d_moy <= 11) AND (d_year = 2002))
                                                          Rows Removed by Filter: 1
                          ->  Index Scan using customer_address_pkey on customer_address ca  (cost=0.29..0.97 rows=1 width=4) (never executed)
                                Index Cond: (ca_address_sk = c.c_current_addr_sk)
                                Filter: ((ca_county)::text = ANY ('{""Charleston County"",""Cherokee County"",""Giles County"",""Morgan County"",""Wayne County""}'::text[]))
                    ->  Index Scan using customer_demographics_pkey on customer_demographics  (cost=0.43..6.16 rows=1 width=56) (never executed)
                          Index Cond: (cd_demo_sk = c.c_current_cdemo_sk)
                          Filter: ((cd_gender = 'F'::bpchar) AND (cd_marital_status = ANY ('{W,W,S}'::bpchar[])) AND (cd_education_status = ANY ('{College,College,College}'::bpchar[])))
Planning Time: 3.304 ms
Execution Time: 1393.009 ms"
Q33,6614.156,"Limit  (cost=304374.95..304374.96 rows=1 width=168) (actual time=6613.481..6613.876 rows=4 loops=1)
  CTE cross_items
    ->  Hash Join  (cost=4118.57..151583.29 rows=1 width=4) (actual time=1119.401..1119.782 rows=655 loops=1)
          Hash Cond: ((x.brand_id = item_2.i_brand_id) AND (x.class_id = item_2.i_class_id) AND (x.category_id = item_2.i_category_id))
          ->  Subquery Scan on x  (cost=2487.04..149598.13 rows=164 width=12) (actual time=1116.540..1116.872 rows=97 loops=1)
                ->  HashSetOp Intersect  (cost=2487.04..149598.13 rows=164 width=16) (actual time=1116.539..1116.864 rows=97 loops=1)
                      ->  Append  (cost=2487.04..149584.61 rows=1802 width=16) (actual time=1021.804..1114.219 rows=56297 loops=1)
                            ->  Result  (cost=2487.04..123053.60 rows=164 width=16) (actual time=1021.800..1022.077 rows=97 loops=1)
                                  ->  HashSetOp Intersect  (cost=2487.04..123051.96 rows=164 width=16) (actual time=1021.798..1022.065 rows=97 loops=1)
                                        ->  Append  (cost=2487.04..123048.70 rows=434 width=16) (actual time=2.514..1020.406 rows=14145 loops=1)
                                              ->  Subquery Scan on ""*SELECT* 2""  (cost=2487.04..49972.36 rows=164 width=16) (actual time=2.513..87.568 rows=3375 loops=1)
                                                    ->  Gather  (cost=2487.04..49970.72 rows=164 width=12) (actual time=2.513..87.395 rows=3375 loops=1)
                                                          Workers Planned: 2
                                                          Workers Launched: 2
                                                          ->  Nested Loop  (cost=1487.04..48954.32 rows=68 width=12) (actual time=1.037..85.973 rows=1125 loops=3)
                                                                ->  Parallel Hash Join  (cost=1486.74..48121.75 rows=4691 width=16) (actual time=1.029..84.643 rows=2220 loops=3)
                                                                      Hash Cond: (catalog_sales.cs_item_sk = ics.i_item_sk)
                                                                      ->  Parallel Seq Scan on catalog_sales  (cost=0.00..46248.07 rows=147370 width=8) (actual time=0.030..77.733 rows=118729 loops=3)
                                                                            Filter: ((cs_wholesale_cost >= '73'::numeric) AND (cs_wholesale_cost <= '93'::numeric))
                                                                            Rows Removed by Filter: 360876
                                                                      ->  Parallel Hash  (cost=1482.53..1482.53 rows=337 width=16) (actual time=0.946..0.946 rows=227 loops=3)
                                                                            Buckets: 1024  Batches: 1  Memory Usage: 104kB
                                                                            ->  Parallel Seq Scan on item ics  (cost=0.00..1482.53 rows=337 width=16) (actual time=0.020..0.914 rows=227 loops=3)
                                                                                  Filter: ((i_manager_id >= 91) AND (i_manager_id <= 100) AND (i_category = ANY ('{Shoes,Sports,Women}'::bpchar[])))
                                                                                  Rows Removed by Filter: 5773
                                                                ->  Memoize  (cost=0.30..0.34 rows=1 width=4) (actual time=0.000..0.000 rows=1 loops=6659)
                                                                      Cache Key: catalog_sales.cs_sold_date_sk
                                                                      Cache Mode: logical
                                                                      Hits: 1449  Misses: 839  Evictions: 0  Overflows: 0  Memory Usage: 71kB
                                                                      Worker 0:  Hits: 1316  Misses: 824  Evictions: 0  Overflows: 0  Memory Usage: 70kB
                                                                      Worker 1:  Hits: 1387  Misses: 844  Evictions: 0  Overflows: 0  Memory Usage: 71kB
                                                                      ->  Index Scan using date_dim_pkey on date_dim d2  (cost=0.29..0.33 rows=1 width=4) (actual time=0.001..0.001 rows=1 loops=2507)
                                                                            Index Cond: (d_date_sk = catalog_sales.cs_sold_date_sk)
                                                                            Filter: ((d_year >= 2000) AND (d_year <= 2002))
                                                                            Rows Removed by Filter: 0
                                              ->  Subquery Scan on ""*SELECT* 1""  (cost=2487.04..73074.18 rows=270 width=16) (actual time=287.895..931.923 rows=10770 loops=1)
                                                    ->  Gather  (cost=2487.04..73071.48 rows=270 width=12) (actual time=287.894..930.933 rows=10770 loops=1)
                                                          Workers Planned: 2
                                                          Workers Launched: 2
                                                          ->  Nested Loop  (cost=1487.04..72044.48 rows=112 width=12) (actual time=285.945..930.496 rows=3590 loops=3)
                                                                ->  Parallel Hash Join  (cost=1486.74..71167.45 rows=7977 width=16) (actual time=1.245..925.068 rows=9418 loops=3)
                                                                      Hash Cond: (store_sales_2.ss_item_sk = iss.i_item_sk)
                                                                      ->  Parallel Seq Scan on store_sales store_sales_2  (cost=0.00..69022.77 rows=250583 width=8) (actual time=0.021..905.165 rows=201361 loops=3)
                                                                            Filter: ((ss_wholesale_cost >= '73'::numeric) AND (ss_wholesale_cost <= '93'::numeric))
                                                                            Rows Removed by Filter: 758773
                                                                      ->  Parallel Hash  (cost=1482.53..1482.53 rows=337 width=16) (actual time=1.193..1.194 rows=227 loops=3)
                                                                            Buckets: 1024  Batches: 1  Memory Usage: 104kB
                                                                            ->  Parallel Seq Scan on item iss  (cost=0.00..1482.53 rows=337 width=16) (actual time=0.017..1.164 rows=227 loops=3)
                                                                                  Filter: ((i_manager_id >= 91) AND (i_manager_id <= 100) AND (i_category = ANY ('{Shoes,Sports,Women}'::bpchar[])))
                                                                                  Rows Removed by Filter: 5773
                                                                ->  Memoize  (cost=0.30..0.34 rows=1 width=4) (actual time=0.000..0.000 rows=0 loops=28255)
                                                                      Cache Key: store_sales_2.ss_sold_date_sk
                                                                      Cache Mode: logical
                                                                      Hits: 8383  Misses: 1135  Evictions: 0  Overflows: 0  Memory Usage: 97kB
                                                                      Worker 0:  Hits: 8163  Misses: 1148  Evictions: 0  Overflows: 0  Memory Usage: 98kB
                                                                      Worker 1:  Hits: 8295  Misses: 1131  Evictions: 0  Overflows: 0  Memory Usage: 96kB
                                                                      ->  Index Scan using date_dim_pkey on date_dim d1  (cost=0.29..0.33 rows=1 width=4) (actual time=0.002..0.002 rows=1 loops=3414)
                                                                            Index Cond: (d_date_sk = store_sales_2.ss_sold_date_sk)
                                                                            Filter: ((d_year >= 2000) AND (d_year <= 2002))
                                                                            Rows Removed by Filter: 0
                            ->  Subquery Scan on ""*SELECT* 3""  (cost=1000.59..26522.00 rows=1638 width=16) (actual time=29.548..89.882 rows=56200 loops=1)
                                  ->  Gather  (cost=1000.59..26505.62 rows=1638 width=12) (actual time=29.547..87.068 rows=56200 loops=1)
                                        Workers Planned: 2
                                        Workers Launched: 2
                                        ->  Nested Loop  (cost=0.59..25341.82 rows=682 width=12) (actual time=25.772..86.556 rows=18733 loops=3)
                                              ->  Nested Loop  (cost=0.30..25101.15 rows=682 width=4) (actual time=25.685..69.524 rows=18733 loops=3)
                                                    ->  Parallel Seq Scan on web_sales  (cost=0.00..23128.15 rows=46490 width=8) (actual time=0.030..61.594 rows=37122 loops=3)
                                                          Filter: ((ws_wholesale_cost >= '73'::numeric) AND (ws_wholesale_cost <= '93'::numeric))
                                                          Rows Removed by Filter: 202673
                                                    ->  Memoize  (cost=0.30..0.38 rows=1 width=4) (actual time=0.000..0.000 rows=1 loops=111365)
                                                          Cache Key: web_sales.ws_sold_date_sk
                                                          Cache Mode: logical
                                                          Hits: 37345  Misses: 1111  Evictions: 0  Overflows: 0  Memory Usage: 91kB
                                                          Worker 0:  Hits: 35135  Misses: 1094  Evictions: 0  Overflows: 0  Memory Usage: 94kB
                                                          Worker 1:  Hits: 35611  Misses: 1069  Evictions: 0  Overflows: 0  Memory Usage: 91kB
                                                          ->  Index Scan using date_dim_pkey on date_dim d3  (cost=0.29..0.37 rows=1 width=4) (actual time=0.001..0.001 rows=0 loops=3274)
                                                                Index Cond: (d_date_sk = web_sales.ws_sold_date_sk)
                                                                Filter: ((d_year >= 2000) AND (d_year <= 2002))
                                                                Rows Removed by Filter: 1
                                              ->  Index Scan using item_pkey on item iws  (cost=0.29..0.35 rows=1 width=16) (actual time=0.001..0.001 rows=1 loops=56200)
                                                    Index Cond: (i_item_sk = web_sales.ws_item_sk)
          ->  Hash  (cost=1621.50..1621.50 rows=573 width=16) (actual time=2.853..2.853 rows=682 loops=1)
                Buckets: 1024  Batches: 1  Memory Usage: 40kB
                ->  Seq Scan on item item_2  (cost=0.00..1621.50 rows=573 width=16) (actual time=0.023..2.810 rows=682 loops=1)
                      Filter: ((i_manager_id >= 91) AND (i_manager_id <= 100) AND (i_category = ANY ('{Shoes,Sports,Women}'::bpchar[])))
                      Rows Removed by Filter: 17318
  CTE avg_sales
    ->  Finalize Aggregate  (cost=146649.29..146649.30 rows=1 width=32) (actual time=1115.719..1115.776 rows=1 loops=1)
          ->  Gather  (cost=146649.07..146649.28 rows=2 width=32) (actual time=1115.581..1115.755 rows=3 loops=1)
                Workers Planned: 2
                Workers Launched: 2
                ->  Partial Aggregate  (cost=145649.07..145649.08 rows=1 width=32) (actual time=1099.417..1099.421 rows=1 loops=3)
                      ->  Parallel Append  (cost=2076.44..145601.35 rows=6362 width=10) (actual time=170.148..1074.752 rows=192831 loops=3)
                            ->  Parallel Hash Join  (cost=2076.44..71757.02 rows=3528 width=10) (actual time=135.508..519.981 rows=111632 loops=3)
                                  Hash Cond: (store_sales_3.ss_sold_date_sk = date_dim_2.d_date_sk)
                                  ->  Parallel Seq Scan on store_sales store_sales_3  (cost=0.00..69022.77 rows=250583 width=14) (actual time=0.118..496.017 rows=201361 loops=3)
                                        Filter: ((ss_wholesale_cost >= '73'::numeric) AND (ss_wholesale_cost <= '93'::numeric))
                                        Rows Removed by Filter: 758773
                                  ->  Parallel Hash  (cost=2068.55..2068.55 rows=631 width=4) (actual time=6.830..6.830 rows=365 loops=3)
                                        Buckets: 2048  Batches: 1  Memory Usage: 80kB
                                        ->  Parallel Seq Scan on date_dim date_dim_2  (cost=0.00..2068.55 rows=631 width=4) (actual time=10.604..20.384 rows=1096 loops=1)
                                              Filter: ((d_year >= 2000) AND (d_year <= 2002))
                                              Rows Removed by Filter: 71953
                            ->  Parallel Hash Join  (cost=2076.44..48711.37 rows=2152 width=10) (actual time=10.610..722.195 rows=93698 loops=2)
                                  Hash Cond: (catalog_sales_1.cs_sold_date_sk = date_dim_3.d_date_sk)
                                  ->  Parallel Seq Scan on catalog_sales catalog_sales_1  (cost=0.00..46248.07 rows=147370 width=14) (actual time=0.255..698.766 rows=178094 loops=2)
                                        Filter: ((cs_wholesale_cost >= '73'::numeric) AND (cs_wholesale_cost <= '93'::numeric))
                                        Rows Removed by Filter: 541314
                                  ->  Parallel Hash  (cost=2068.55..2068.55 rows=631 width=4) (actual time=10.239..10.240 rows=548 loops=2)
                                        Buckets: 2048  Batches: 1  Memory Usage: 80kB
                                        ->  Parallel Seq Scan on date_dim date_dim_3  (cost=0.00..2068.55 rows=631 width=4) (actual time=10.582..20.342 rows=1096 loops=1)
                                              Filter: ((d_year >= 2000) AND (d_year <= 2002))
                                              Rows Removed by Filter: 71953
                            ->  Nested Loop  (cost=0.30..25101.15 rows=682 width=10) (actual time=83.057..193.536 rows=56200 loops=1)
                                  ->  Parallel Seq Scan on web_sales web_sales_1  (cost=0.00..23128.15 rows=46490 width=14) (actual time=0.184..174.020 rows=111365 loops=1)
                                        Filter: ((ws_wholesale_cost >= '73'::numeric) AND (ws_wholesale_cost <= '93'::numeric))
                                        Rows Removed by Filter: 608019
                                  ->  Memoize  (cost=0.30..0.38 rows=1 width=4) (actual time=0.000..0.000 rows=1 loops=111365)
                                        Cache Key: web_sales_1.ws_sold_date_sk
                                        Cache Mode: logical
                                        Hits: 109191  Misses: 2174  Evictions: 0  Overflows: 0  Memory Usage: 183kB
                                        ->  Index Scan using date_dim_pkey on date_dim date_dim_4  (cost=0.29..0.37 rows=1 width=4) (actual time=0.001..0.001 rows=1 loops=2174)
                                              Index Cond: (d_date_sk = web_sales_1.ws_sold_date_sk)
                                              Filter: ((d_year >= 2000) AND (d_year <= 2002))
                                              Rows Removed by Filter: 0
  ->  Sort  (cost=6142.36..6142.36 rows=1 width=168) (actual time=6613.480..6613.485 rows=4 loops=1)
        Sort Key: ('store'::text), item.i_brand_id, item.i_class_id, item.i_category_id
        Sort Method: quicksort  Memory: 25kB
        ->  Nested Loop  (cost=6142.26..6142.35 rows=1 width=168) (actual time=6613.071..6613.207 rows=4 loops=1)
              Join Filter: ((item.i_brand_id = item_1.i_brand_id) AND (item.i_class_id = item_1.i_class_id) AND (item.i_category_id = item_1.i_category_id))
              Rows Removed by Join Filter: 40
              ->  GroupAggregate  (cost=3071.13..3071.17 rows=1 width=84) (actual time=5725.916..5725.930 rows=5 loops=1)
                    Group Key: item.i_brand_id, item.i_class_id, item.i_category_id
                    Filter: (sum(((store_sales.ss_quantity)::numeric * store_sales.ss_list_price)) > $12)
                    Rows Removed by Filter: 5
                    InitPlan 3 (returns $11)
                      ->  Seq Scan on date_dim date_dim_5  (cost=0.00..2702.36 rows=1 width=4) (actual time=2.044..3.946 rows=1 loops=1)
                            Filter: ((d_year = 2001) AND (d_moy = 12) AND (d_dom = 11))
                            Rows Removed by Filter: 73048
                    InitPlan 4 (returns $12)
                      ->  CTE Scan on avg_sales  (cost=0.00..0.02 rows=1 width=32) (actual time=1115.732..1115.732 rows=1 loops=1)
                    ->  Sort  (cost=368.75..368.76 rows=1 width=22) (actual time=4609.976..4609.981 rows=33 loops=1)
                          Sort Key: item.i_brand_id, item.i_class_id, item.i_category_id
                          Sort Method: quicksort  Memory: 26kB
                          ->  Nested Loop  (cost=6.79..368.74 rows=1 width=22) (actual time=1532.210..4609.925 rows=33 loops=1)
                                ->  Nested Loop  (cost=6.50..368.09 rows=2 width=26) (actual time=1119.833..4564.857 rows=19499 loops=1)
                                      ->  Nested Loop  (cost=0.31..8.37 rows=1 width=20) (actual time=1119.604..1182.673 rows=655 loops=1)
                                            ->  HashAggregate  (cost=0.02..0.03 rows=1 width=4) (actual time=1119.590..1119.934 rows=655 loops=1)
                                                  Group Key: cross_items.ss_item_sk
                                                  Batches: 1  Memory Usage: 97kB
                                                  ->  CTE Scan on cross_items  (cost=0.00..0.02 rows=1 width=4) (actual time=1119.402..1119.500 rows=655 loops=1)
                                            ->  Index Scan using item_pkey on item  (cost=0.29..8.31 rows=1 width=16) (actual time=0.095..0.095 rows=1 loops=655)
                                                  Index Cond: (i_item_sk = cross_items.ss_item_sk)
                                                  Filter: ((i_manager_id >= 91) AND (i_manager_id <= 100) AND (i_category = ANY ('{Shoes,Sports,Women}'::bpchar[])))
                                      ->  Bitmap Heap Scan on store_sales  (cost=6.19..359.19 rows=52 width=18) (actual time=0.479..5.157 rows=30 loops=655)
                                            Recheck Cond: (ss_item_sk = item.i_item_sk)
                                            Filter: ((ss_wholesale_cost >= '73'::numeric) AND (ss_wholesale_cost <= '93'::numeric))
                                            Rows Removed by Filter: 111
                                            Heap Blocks: exact=82128
                                            ->  Bitmap Index Scan on store_sales_pkey  (cost=0.00..6.18 rows=248 width=0) (actual time=0.292..0.292 rows=141 loops=655)
                                                  Index Cond: (ss_item_sk = item.i_item_sk)
                                ->  Index Scan using date_dim_pkey on date_dim  (cost=0.29..0.32 rows=1 width=4) (actual time=0.002..0.002 rows=0 loops=19499)
                                      Index Cond: (d_date_sk = store_sales.ss_sold_date_sk)
                                      Filter: (d_week_seq = $11)
                                      Rows Removed by Filter: 1
              ->  GroupAggregate  (cost=3071.13..3071.17 rows=1 width=84) (actual time=177.423..177.449 rows=9 loops=5)
                    Group Key: item_1.i_brand_id, item_1.i_class_id, item_1.i_category_id
                    Filter: (sum(((store_sales_1.ss_quantity)::numeric * store_sales_1.ss_list_price)) > $14)
                    Rows Removed by Filter: 1
                    InitPlan 5 (returns $13)
                      ->  Seq Scan on date_dim date_dim_6  (cost=0.00..2702.36 rows=1 width=4) (actual time=4.248..7.805 rows=1 loops=1)
                            Filter: ((d_year = 2000) AND (d_moy = 12) AND (d_dom = 11))
                            Rows Removed by Filter: 73048
                    InitPlan 6 (returns $14)
                      ->  CTE Scan on avg_sales avg_sales_1  (cost=0.00..0.02 rows=1 width=32) (actual time=0.009..0.009 rows=1 loops=1)
                    ->  Sort  (cost=368.75..368.76 rows=1 width=22) (actual time=177.415..177.418 rows=99 loops=5)
                          Sort Key: item_1.i_brand_id, item_1.i_class_id, item_1.i_category_id
                          Sort Method: quicksort  Memory: 31kB
                          ->  Nested Loop  (cost=6.79..368.74 rows=1 width=22) (actual time=13.236..886.996 rows=131 loops=1)
                                ->  Nested Loop  (cost=6.50..368.09 rows=2 width=26) (actual time=0.623..857.182 rows=19499 loops=1)
                                      ->  Nested Loop  (cost=0.31..8.37 rows=1 width=20) (actual time=0.270..70.675 rows=655 loops=1)
                                            ->  HashAggregate  (cost=0.02..0.03 rows=1 width=4) (actual time=0.234..0.443 rows=655 loops=1)
                                                  Group Key: cross_items_1.ss_item_sk
                                                  Batches: 1  Memory Usage: 97kB
                                                  ->  CTE Scan on cross_items cross_items_1  (cost=0.00..0.02 rows=1 width=4) (actual time=0.004..0.046 rows=655 loops=1)
                                            ->  Index Scan using item_pkey on item item_1  (cost=0.29..8.31 rows=1 width=16) (actual time=0.107..0.107 rows=1 loops=655)
                                                  Index Cond: (i_item_sk = cross_items_1.ss_item_sk)
                                                  Filter: ((i_manager_id >= 91) AND (i_manager_id <= 100) AND (i_category = ANY ('{Shoes,Sports,Women}'::bpchar[])))
                                      ->  Bitmap Heap Scan on store_sales store_sales_1  (cost=6.19..359.19 rows=52 width=18) (actual time=0.301..1.197 rows=30 loops=655)
                                            Recheck Cond: (ss_item_sk = item_1.i_item_sk)
                                            Filter: ((ss_wholesale_cost >= '73'::numeric) AND (ss_wholesale_cost <= '93'::numeric))
                                            Rows Removed by Filter: 111
                                            Heap Blocks: exact=82128
                                            ->  Bitmap Index Scan on store_sales_pkey  (cost=0.00..6.18 rows=248 width=0) (actual time=0.252..0.252 rows=141 loops=655)
                                                  Index Cond: (ss_item_sk = item_1.i_item_sk)
                                ->  Index Scan using date_dim_pkey on date_dim date_dim_1  (cost=0.29..0.32 rows=1 width=4) (actual time=0.001..0.001 rows=0 loops=19499)
                                      Index Cond: (d_date_sk = store_sales_1.ss_sold_date_sk)
                                      Filter: (d_week_seq = $13)
                                      Rows Removed by Filter: 1
Planning Time: 2.798 ms
Execution Time: 6614.156 ms"
Q34,665.333,"Limit  (cost=294536.66..294536.67 rows=1 width=32) (actual time=663.624..664.460 rows=1 loops=1)
  CTE frequent_ss_items
    ->  Finalize GroupAggregate  (cost=70660.93..70779.47 rows=308 width=48) (actual time=167.897..173.135 rows=251 loops=1)
          Group Key: (""substring""((item.i_item_desc)::text, 1, 30)), item.i_item_sk, date_dim_2.d_date
          Filter: (count(*) > 4)
          Rows Removed by Filter: 19990
          ->  Gather Merge  (cost=70660.93..70759.44 rows=770 width=48) (actual time=166.676..170.699 rows=20982 loops=1)
                Workers Planned: 2
                Workers Launched: 2
                ->  Partial GroupAggregate  (cost=69660.91..69670.54 rows=385 width=48) (actual time=157.505..158.894 rows=6994 loops=3)
                      Group Key: (""substring""((item.i_item_desc)::text, 1, 30)), item.i_item_sk, date_dim_2.d_date
                      ->  Sort  (cost=69660.91..69661.87 rows=385 width=40) (actual time=157.499..157.699 rows=7958 loops=3)
                            Sort Key: (""substring""((item.i_item_desc)::text, 1, 30)), item.i_item_sk, date_dim_2.d_date
                            Sort Method: quicksort  Memory: 684kB
                            Worker 0:  Sort Method: quicksort  Memory: 675kB
                            Worker 1:  Sort Method: quicksort  Memory: 671kB
                            ->  Parallel Hash Join  (cost=3455.23..69644.38 rows=385 width=40) (actual time=57.211..142.421 rows=7958 loops=3)
                                  Hash Cond: (store_sales.ss_item_sk = item.i_item_sk)
                                  ->  Parallel Hash Join  (cost=1963.80..68136.94 rows=5731 width=8) (actual time=38.108..114.722 rows=199627 loops=3)
                                        Hash Cond: (store_sales.ss_sold_date_sk = date_dim_2.d_date_sk)
                                        ->  Parallel Seq Scan on store_sales  (cost=0.00..63023.18 rows=1199918 width=8) (actual time=0.029..67.132 rows=960135 loops=3)
                                        ->  Parallel Hash  (cost=1961.12..1961.12 rows=214 width=8) (actual time=3.876..3.876 rows=122 loops=3)
                                              Buckets: 1024  Batches: 1  Memory Usage: 104kB
                                              ->  Parallel Seq Scan on date_dim date_dim_2  (cost=0.00..1961.12 rows=214 width=8) (actual time=2.024..3.833 rows=122 loops=3)
                                                    Filter: (d_year = 2000)
                                                    Rows Removed by Filter: 24228
                                  ->  Parallel Hash  (cost=1482.53..1482.53 rows=712 width=107) (actual time=17.885..17.885 rows=421 loops=3)
                                        Buckets: 2048  Batches: 1  Memory Usage: 272kB
                                        ->  Parallel Seq Scan on item  (cost=0.00..1482.53 rows=712 width=107) (actual time=0.151..17.766 rows=421 loops=3)
                                              Filter: ((i_manager_id >= 48) AND (i_manager_id <= 67) AND (i_category = ANY ('{Electronics,Home,Women}'::bpchar[])))
                                              Rows Removed by Filter: 5579
  CTE best_ss_customer
    ->  Finalize HashAggregate  (cost=147602.14..147814.36 rows=4042 width=36) (never executed)
          Group Key: customer_1.c_customer_sk
          Filter: (sum(((store_sales_2.ss_quantity)::numeric * store_sales_2.ss_sales_price)) > (0.95000000000000000000 * $4))
          InitPlan 2 (returns $4)
            ->  Aggregate  (cost=72500.78..72500.79 rows=1 width=32) (never executed)
                  ->  Finalize GroupAggregate  (cost=72367.79..72488.73 rows=964 width=36) (never executed)
                        Group Key: customer.c_customer_sk
                        ->  Gather Merge  (cost=72367.79..72470.65 rows=804 width=36) (never executed)
                              Workers Planned: 2
                              Workers Launched: 0
                              ->  Partial GroupAggregate  (cost=71367.77..71377.82 rows=402 width=36) (never executed)
                                    Group Key: customer.c_customer_sk
                                    ->  Sort  (cost=71367.77..71368.78 rows=402 width=14) (never executed)
                                          Sort Key: customer.c_customer_sk
                                          ->  Nested Loop  (cost=1964.09..71350.38 rows=402 width=14) (never executed)
                                                ->  Parallel Hash Join  (cost=1963.80..71217.67 rows=420 width=14) (never executed)
                                                      Hash Cond: (store_sales_1.ss_sold_date_sk = date_dim_3.d_date_sk)
                                                      ->  Parallel Seq Scan on store_sales store_sales_1  (cost=0.00..69022.77 rows=88034 width=18) (never executed)
                                                            Filter: ((ss_wholesale_cost >= '85'::numeric) AND (ss_wholesale_cost <= '95'::numeric))
                                                      ->  Parallel Hash  (cost=1961.12..1961.12 rows=214 width=4) (never executed)
                                                            ->  Parallel Seq Scan on date_dim date_dim_3  (cost=0.00..1961.12 rows=214 width=4) (never executed)
                                                                  Filter: (d_year = 2000)
                                                ->  Index Only Scan using customer_pkey on customer  (cost=0.29..0.32 rows=1 width=4) (never executed)
                                                      Index Cond: (c_customer_sk = store_sales_1.ss_customer_sk)
                                                      Heap Fetches: 0
          ->  Gather  (cost=72342.46..74919.45 rows=24254 width=36) (never executed)
                Workers Planned: 2
                Workers Launched: 0
                ->  Partial HashAggregate  (cost=71342.46..71494.05 rows=12127 width=36) (never executed)
                      Group Key: customer_1.c_customer_sk
                      ->  Parallel Hash Join  (cost=3779.53..69952.61 rows=138985 width=14) (never executed)
                            Hash Cond: (store_sales_2.ss_customer_sk = customer_1.c_customer_sk)
                            ->  Parallel Seq Scan on store_sales store_sales_2  (cost=0.00..63023.18 rows=1199918 width=14) (never executed)
                            ->  Parallel Hash  (cost=3690.35..3690.35 rows=7134 width=4) (never executed)
                                  ->  Parallel Seq Scan on customer customer_1  (cost=0.00..3690.35 rows=7134 width=4) (never executed)
                                        Filter: ((c_birth_year >= 1965) AND (c_birth_year <= 1971))
  ->  Aggregate  (cost=75942.83..75942.84 rows=1 width=32) (actual time=663.624..664.379 rows=1 loops=1)
        ->  Append  (cost=3078.78..75942.82 rows=2 width=32) (actual time=663.622..664.377 rows=0 loops=1)
              ->  Nested Loop Semi Join  (cost=3078.78..49782.61 rows=1 width=32) (actual time=584.745..584.768 rows=0 loops=1)
                    Join Filter: (catalog_sales.cs_bill_customer_sk = best_ss_customer.c_customer_sk)
                    ->  Hash Semi Join  (cost=3078.78..49560.30 rows=2 width=14) (actual time=584.740..584.762 rows=0 loops=1)
                          Hash Cond: (catalog_sales.cs_item_sk = frequent_ss_items.item_sk)
                          ->  Gather  (cost=3068.78..49549.97 rows=84 width=18) (actual time=10.500..411.524 rows=2564 loops=1)
                                Workers Planned: 2
                                Workers Launched: 2
                                ->  Parallel Hash Join  (cost=2068.78..48541.57 rows=35 width=18) (actual time=8.870..409.882 rows=855 loops=3)
                                      Hash Cond: (catalog_sales.cs_sold_date_sk = date_dim.d_date_sk)
                                      ->  Parallel Seq Scan on catalog_sales  (cost=0.00..46248.07 rows=85605 width=22) (actual time=0.215..405.030 rows=68766 loops=3)
                                            Filter: ((cs_wholesale_cost >= '85'::numeric) AND (cs_wholesale_cost <= '95'::numeric))
                                            Rows Removed by Filter: 410839
                                      ->  Parallel Hash  (cost=2068.55..2068.55 rows=18 width=4) (actual time=1.528..1.528 rows=10 loops=3)
                                            Buckets: 1024  Batches: 1  Memory Usage: 40kB
                                            ->  Parallel Seq Scan on date_dim  (cost=0.00..2068.55 rows=18 width=4) (actual time=1.257..1.515 rows=10 loops=3)
                                                  Filter: ((d_year = 2000) AND (d_moy = 11))
                                                  Rows Removed by Filter: 24340
                          ->  Hash  (cost=6.16..6.16 rows=308 width=4) (actual time=173.113..173.114 rows=251 loops=1)
                                Buckets: 1024  Batches: 1  Memory Usage: 17kB
                                ->  CTE Scan on frequent_ss_items  (cost=0.00..6.16 rows=308 width=4) (actual time=167.898..173.098 rows=251 loops=1)
                    ->  CTE Scan on best_ss_customer  (cost=0.00..80.84 rows=4042 width=4) (never executed)
              ->  Nested Loop Semi Join  (cost=1010.31..26160.20 rows=1 width=32) (actual time=78.876..79.608 rows=0 loops=1)
                    Join Filter: (web_sales.ws_bill_customer_sk = best_ss_customer_1.c_customer_sk)
                    ->  Hash Semi Join  (cost=1010.31..26028.83 rows=1 width=14) (actual time=78.872..79.603 rows=0 loops=1)
                          Hash Cond: (web_sales.ws_item_sk = frequent_ss_items_1.item_sk)
                          ->  Gather  (cost=1000.30..26018.66 rows=42 width=18) (actual time=59.770..79.444 rows=1436 loops=1)
                                Workers Planned: 2
                                Workers Launched: 2
                                ->  Nested Loop  (cost=0.30..25014.46 rows=18 width=18) (actual time=57.626..76.523 rows=479 loops=3)
                                      ->  Parallel Seq Scan on web_sales  (cost=0.00..23128.15 rows=42554 width=22) (actual time=0.090..70.576 rows=34728 loops=3)
                                            Filter: ((ws_wholesale_cost >= '85'::numeric) AND (ws_wholesale_cost <= '95'::numeric))
                                            Rows Removed by Filter: 205066
                                      ->  Memoize  (cost=0.30..0.39 rows=1 width=4) (actual time=0.000..0.000 rows=0 loops=104185)
                                            Cache Key: web_sales.ws_sold_date_sk
                                            Cache Mode: logical
                                            Hits: 34038  Misses: 1128  Evictions: 0  Overflows: 0  Memory Usage: 76kB
                                            Worker 0:  Hits: 33268  Misses: 1118  Evictions: 0  Overflows: 0  Memory Usage: 75kB
                                            Worker 1:  Hits: 33521  Misses: 1112  Evictions: 0  Overflows: 0  Memory Usage: 75kB
                                            ->  Index Scan using date_dim_pkey on date_dim date_dim_1  (cost=0.29..0.38 rows=1 width=4) (actual time=0.001..0.001 rows=0 loops=3358)
                                                  Index Cond: (d_date_sk = web_sales.ws_sold_date_sk)
                                                  Filter: ((d_year = 2000) AND (d_moy = 11))
                                                  Rows Removed by Filter: 1
                          ->  Hash  (cost=6.16..6.16 rows=308 width=4) (actual time=0.045..0.046 rows=251 loops=1)
                                Buckets: 1024  Batches: 1  Memory Usage: 17kB
                                ->  CTE Scan on frequent_ss_items frequent_ss_items_1  (cost=0.00..6.16 rows=308 width=4) (actual time=0.003..0.016 rows=251 loops=1)
                    ->  CTE Scan on best_ss_customer best_ss_customer_1  (cost=0.00..80.84 rows=4042 width=4) (never executed)
Planning Time: 5.598 ms
Execution Time: 665.333 ms"
Q35,51.637,"Limit  (cost=7487.28..7487.29 rows=1 width=246) (actual time=50.748..51.599 rows=0 loops=1)
  CTE customer_total_return
    ->  GroupAggregate  (cost=7477.87..7477.89 rows=1 width=43) (actual time=50.737..51.589 rows=5 loops=1)
          Group Key: web_returns.wr_returning_customer_sk, customer_address_1.ca_state, web_returns.wr_reason_sk
          ->  Sort  (cost=7477.87..7477.87 rows=1 width=17) (actual time=50.732..51.583 rows=5 loops=1)
                Sort Key: web_returns.wr_returning_customer_sk, customer_address_1.ca_state, web_returns.wr_reason_sk
                Sort Method: quicksort  Memory: 25kB
                ->  Nested Loop  (cost=2456.39..7477.86 rows=1 width=17) (actual time=13.337..51.579 rows=5 loops=1)
                      ->  Gather  (cost=2456.10..7473.74 rows=1 width=18) (actual time=12.759..49.830 rows=5 loops=1)
                            Workers Planned: 1
                            Workers Launched: 1
                            ->  Nested Loop  (cost=1456.10..6473.64 rows=1 width=18) (actual time=12.666..48.572 rows=2 loops=2)
                                  ->  Parallel Hash Join  (cost=1455.81..6279.19 rows=42 width=22) (actual time=5.101..48.544 rows=9 loops=2)
                                        Hash Cond: (web_returns.wr_item_sk = item.i_item_sk)
                                        ->  Parallel Seq Scan on web_returns  (cost=0.00..4822.26 rows=424 width=26) (actual time=1.281..46.530 rows=73 loops=2)
                                              Filter: (((wr_return_amt / (wr_return_quantity)::numeric) >= '271'::numeric) AND ((wr_return_amt / (wr_return_quantity)::numeric) <= '300'::numeric))
                                              Rows Removed by Filter: 71948
                                        ->  Parallel Hash  (cost=1442.82..1442.82 rows=1039 width=4) (actual time=1.968..1.968 rows=883 loops=2)
                                              Buckets: 2048  Batches: 1  Memory Usage: 112kB
                                              ->  Parallel Seq Scan on item  (cost=0.00..1442.82 rows=1039 width=4) (actual time=0.004..1.911 rows=883 loops=2)
                                                    Filter: ((i_manager_id >= 91) AND (i_manager_id <= 100))
                                                    Rows Removed by Filter: 8117
                                  ->  Index Scan using date_dim_pkey on date_dim  (cost=0.29..4.63 rows=1 width=4) (actual time=0.003..0.003 rows=0 loops=18)
                                        Index Cond: (d_date_sk = web_returns.wr_returned_date_sk)
                                        Filter: (d_year = 2000)
                                        Rows Removed by Filter: 1
                      ->  Index Scan using customer_address_pkey on customer_address customer_address_1  (cost=0.29..4.12 rows=1 width=7) (actual time=0.349..0.349 rows=1 loops=5)
                            Index Cond: (ca_address_sk = web_returns.wr_returning_addr_sk)
  ->  Sort  (cost=9.39..9.39 rows=1 width=246) (actual time=50.747..50.748 rows=0 loops=1)
        Sort Key: customer.c_customer_id, customer.c_salutation, customer.c_first_name, customer.c_last_name, customer.c_preferred_cust_flag, customer.c_birth_day, customer.c_birth_month, customer.c_birth_year, customer.c_birth_country, customer.c_login, customer.c_email_address, customer.c_last_review_date_sk, ctr1.ctr_total_return
        Sort Method: quicksort  Memory: 25kB
        ->  Nested Loop  (cost=0.58..9.38 rows=1 width=246) (actual time=50.743..50.744 rows=0 loops=1)
              ->  Nested Loop  (cost=0.29..8.38 rows=1 width=250) (actual time=50.743..50.743 rows=0 loops=1)
                    ->  CTE Scan on customer_total_return ctr1  (cost=0.00..0.07 rows=1 width=36) (actual time=50.742..50.743 rows=0 loops=1)
                          Filter: ((ctr_reason_sk = ANY ('{15,50}'::integer[])) AND (ctr_total_return > (SubPlan 2)))
                          Rows Removed by Filter: 5
                          SubPlan 2
                            ->  Aggregate  (cost=0.03..0.04 rows=1 width=32) (never executed)
                                  ->  CTE Scan on customer_total_return ctr2  (cost=0.00..0.02 rows=1 width=32) (never executed)
                                        Filter: (ctr1.ctr_state = ctr_state)
                    ->  Index Scan using customer_pkey on customer  (cost=0.29..8.32 rows=1 width=222) (never executed)
                          Index Cond: (c_customer_sk = ctr1.ctr_customer_sk)
                          Filter: ((c_birth_year >= 1987) AND (c_birth_year <= 1993))
              ->  Index Scan using customer_address_pkey on customer_address  (cost=0.29..1.00 rows=1 width=4) (never executed)
                    Index Cond: (ca_address_sk = customer.c_current_addr_sk)
                    Filter: (ca_state = ANY ('{AR,GA,IL,TX}'::bpchar[]))
Planning Time: 12.689 ms
Execution Time: 51.637 ms"
Q36,29.502,"Sort  (cost=52087.97..52087.97 rows=1 width=210) (actual time=28.248..29.454 rows=0 loops=1)
  Sort Key: ((ws2.web_sales / ws1.web_sales))
  Sort Method: quicksort  Memory: 25kB
  CTE ss
    ->  Finalize GroupAggregate  (cost=39610.19..39610.87 rows=6 width=54) (actual time=28.233..29.438 rows=2 loops=1)
          Group Key: customer_address.ca_county, date_dim.d_qoy, date_dim.d_year
          ->  Gather Merge  (cost=39610.19..39610.74 rows=4 width=54) (actual time=28.229..29.433 rows=2 loops=1)
                Workers Planned: 1
                Workers Launched: 1
                ->  Partial GroupAggregate  (cost=38610.18..38610.28 rows=4 width=54) (actual time=26.595..26.596 rows=1 loops=2)
                      Group Key: customer_address.ca_county, date_dim.d_qoy, date_dim.d_year
                      ->  Sort  (cost=38610.18..38610.19 rows=4 width=28) (actual time=26.588..26.589 rows=1 loops=2)
                            Sort Key: customer_address.ca_county, date_dim.d_qoy, date_dim.d_year
                            Sort Method: quicksort  Memory: 25kB
                            Worker 0:  Sort Method: quicksort  Memory: 25kB
                            ->  Nested Loop  (cost=6.87..38610.14 rows=4 width=28) (actual time=19.337..26.575 rows=1 loops=2)
                                  ->  Nested Loop  (cost=6.58..38608.07 rows=4 width=24) (actual time=19.326..26.564 rows=1 loops=2)
                                        ->  Nested Loop  (cost=6.29..38569.78 rows=81 width=14) (actual time=0.225..17.986 rows=34 loops=2)
                                              ->  Parallel Seq Scan on item  (cost=0.00..1469.29 rows=46 width=4) (actual time=0.036..2.019 rows=41 loops=2)
                                                    Filter: ((i_color = ANY ('{cornflower,sky}'::bpchar[])) AND (i_manager_id >= 80) AND (i_manager_id <= 99))
                                                    Rows Removed by Filter: 8959
                                              ->  Bitmap Heap Scan on store_sales  (cost=6.29..806.50 rows=3 width=18) (actual time=0.308..0.388 rows=1 loops=82)
                                                    Recheck Cond: (ss_item_sk = item.i_item_sk)
                                                    Filter: ((ss_list_price >= '248'::numeric) AND (ss_list_price <= '262'::numeric))
                                                    Rows Removed by Filter: 85
                                                    Heap Blocks: exact=3994
                                                    ->  Bitmap Index Scan on store_sales_pkey  (cost=0.00..6.29 rows=248 width=0) (actual time=0.182..0.182 rows=86 loops=82)
                                                          Index Cond: (ss_item_sk = item.i_item_sk)
                                        ->  Index Scan using customer_address_pkey on customer_address  (cost=0.29..0.47 rows=1 width=18) (actual time=0.256..0.256 rows=0 loops=67)
                                              Index Cond: (ca_address_sk = store_sales.ss_addr_sk)
                                              Filter: (ca_state = ANY ('{IN,WI}'::bpchar[]))
                                              Rows Removed by Filter: 1
                                  ->  Index Scan using date_dim_pkey on date_dim  (cost=0.29..0.52 rows=1 width=12) (actual time=0.010..0.010 rows=1 loops=2)
                                        Index Cond: (d_date_sk = store_sales.ss_sold_date_sk)
  CTE ws
    ->  Finalize GroupAggregate  (cost=12475.98..12476.32 rows=3 width=54) (never executed)
          Group Key: customer_address_1.ca_county, date_dim_1.d_qoy, date_dim_1.d_year
          ->  Gather Merge  (cost=12475.98..12476.25 rows=2 width=54) (never executed)
                Workers Planned: 1
                Workers Launched: 0
                ->  Partial GroupAggregate  (cost=11475.97..11476.02 rows=2 width=54) (never executed)
                      Group Key: customer_address_1.ca_county, date_dim_1.d_qoy, date_dim_1.d_year
                      ->  Sort  (cost=11475.97..11475.97 rows=2 width=28) (never executed)
                            Sort Key: customer_address_1.ca_county, date_dim_1.d_qoy, date_dim_1.d_year
                            ->  Nested Loop  (cost=5.42..11475.96 rows=2 width=28) (never executed)
                                  ->  Nested Loop  (cost=5.13..11474.44 rows=2 width=24) (never executed)
                                        ->  Nested Loop  (cost=4.84..11449.91 rows=37 width=14) (never executed)
                                              ->  Parallel Seq Scan on item item_1  (cost=0.00..1469.29 rows=46 width=4) (never executed)
                                                    Filter: ((i_color = ANY ('{cornflower,sky}'::bpchar[])) AND (i_manager_id >= 80) AND (i_manager_id <= 99))
                                              ->  Bitmap Heap Scan on web_sales  (cost=4.84..216.96 rows=1 width=18) (never executed)
                                                    Recheck Cond: (ws_item_sk = item_1.i_item_sk)
                                                    Filter: ((ws_list_price >= '248'::numeric) AND (ws_list_price <= '262'::numeric))
                                                    ->  Bitmap Index Scan on web_sales_pkey  (cost=0.00..4.84 rows=62 width=0) (never executed)
                                                          Index Cond: (ws_item_sk = item_1.i_item_sk)
                                        ->  Index Scan using customer_address_pkey on customer_address customer_address_1  (cost=0.29..0.66 rows=1 width=18) (never executed)
                                              Index Cond: (ca_address_sk = web_sales.ws_bill_addr_sk)
                                              Filter: (ca_state = ANY ('{IN,WI}'::bpchar[]))
                                  ->  Index Scan using date_dim_pkey on date_dim date_dim_1  (cost=0.29..0.76 rows=1 width=12) (never executed)
                                        Index Cond: (d_date_sk = web_sales.ws_sold_date_sk)
  ->  Nested Loop  (cost=0.00..0.77 rows=1 width=210) (actual time=28.246..28.247 rows=0 loops=1)
        Join Filter: (((ss1.ca_county)::text = (ws3.ca_county)::text) AND (CASE WHEN (ws2.web_sales > '0'::numeric) THEN (ws3.web_sales / ws2.web_sales) ELSE NULL::numeric END > CASE WHEN (ss2.store_sales > '0'::numeric) THEN (ss3.store_sales / ss2.store_sales) ELSE NULL::numeric END))
        ->  Nested Loop  (cost=0.00..0.66 rows=1 width=554) (actual time=28.246..28.247 rows=0 loops=1)
              Join Filter: (((ss1.ca_county)::text = (ws2.ca_county)::text) AND (CASE WHEN (ws1.web_sales > '0'::numeric) THEN (ws2.web_sales / ws1.web_sales) ELSE NULL::numeric END > CASE WHEN (ss1.store_sales > '0'::numeric) THEN (ss2.store_sales / ss1.store_sales) ELSE NULL::numeric END))
              ->  Nested Loop  (cost=0.00..0.56 rows=1 width=444) (actual time=28.246..28.247 rows=0 loops=1)
                    Join Filter: ((ss1.ca_county)::text = (ws1.ca_county)::text)
                    ->  Nested Loop  (cost=0.00..0.48 rows=1 width=334) (actual time=28.246..28.246 rows=0 loops=1)
                          Join Filter: ((ss1.ca_county)::text = (ss3.ca_county)::text)
                          ->  Nested Loop  (cost=0.00..0.31 rows=1 width=224) (actual time=28.246..28.246 rows=0 loops=1)
                                Join Filter: ((ss1.ca_county)::text = (ss2.ca_county)::text)
                                ->  CTE Scan on ss ss1  (cost=0.00..0.15 rows=1 width=114) (actual time=28.246..28.246 rows=0 loops=1)
                                      Filter: ((d_qoy = 1) AND (d_year = 2002))
                                      Rows Removed by Filter: 2
                                ->  CTE Scan on ss ss2  (cost=0.00..0.15 rows=1 width=110) (never executed)
                                      Filter: ((d_year = 2002) AND (d_qoy = 2))
                          ->  CTE Scan on ss ss3  (cost=0.00..0.15 rows=1 width=110) (never executed)
                                Filter: ((d_year = 2002) AND (d_qoy = 3))
                    ->  CTE Scan on ws ws1  (cost=0.00..0.08 rows=1 width=110) (never executed)
                          Filter: ((d_qoy = 1) AND (d_year = 2002))
              ->  CTE Scan on ws ws2  (cost=0.00..0.08 rows=1 width=110) (never executed)
                    Filter: ((d_year = 2002) AND (d_qoy = 2))
        ->  CTE Scan on ws ws3  (cost=0.00..0.08 rows=1 width=110) (never executed)
              Filter: ((d_year = 2002) AND (d_qoy = 3))
Planning Time: 2.823 ms
Execution Time: 29.502 ms"
Q37,359092.554,"Limit  (cost=49818.44..49818.44 rows=1 width=32) (actual time=359091.272..359091.528 rows=1 loops=1)
  ->  Sort  (cost=49818.44..49818.44 rows=1 width=32) (actual time=359091.272..359091.521 rows=1 loops=1)
        Sort Key: (sum(catalog_sales.cs_ext_discount_amt))
        Sort Method: quicksort  Memory: 25kB
        ->  Aggregate  (cost=49818.42..49818.43 rows=1 width=32) (actual time=359090.443..359090.691 rows=1 loops=1)
              ->  Hash Join  (cost=4804.60..49817.95 rows=188 width=6) (actual time=91.582..359087.091 rows=6840 loops=1)
                    Hash Cond: (catalog_sales.cs_item_sk = item.i_item_sk)
                    Join Filter: (catalog_sales.cs_ext_discount_amt > (SubPlan 1))
                    Rows Removed by Join Filter: 11398
                    ->  Gather  (cost=3069.24..48077.75 rows=1841 width=10) (actual time=2.782..13.036 rows=59487 loops=1)
                          Workers Planned: 2
                          Workers Launched: 2
                          ->  Parallel Hash Join  (cost=2069.24..46893.65 rows=767 width=10) (actual time=1.534..70.693 rows=19829 loops=3)
                                Hash Cond: (catalog_sales.cs_sold_date_sk = date_dim.d_date_sk)
                                ->  Parallel Seq Scan on catalog_sales  (cost=0.00..43250.71 rows=599471 width=14) (actual time=0.030..50.511 rows=479605 loops=3)
                                ->  Parallel Hash  (cost=2068.55..2068.55 rows=55 width=4) (actual time=1.447..1.447 rows=30 loops=3)
                                      Buckets: 1024  Batches: 1  Memory Usage: 104kB
                                      ->  Parallel Seq Scan on date_dim  (cost=0.00..2068.55 rows=55 width=4) (actual time=0.659..1.428 rows=30 loops=3)
                                            Filter: ((d_date >= '2000-03-06'::date) AND (d_date <= '2000-06-04 00:00:00'::timestamp without time zone))
                                            Rows Removed by Filter: 24319
                    ->  Hash  (cost=1666.50..1666.50 rows=5509 width=4) (actual time=3.334..3.334 rows=5510 loops=1)
                          Buckets: 8192  Batches: 1  Memory Usage: 258kB
                          ->  Seq Scan on item  (cost=0.00..1666.50 rows=5509 width=4) (actual time=0.002..3.100 rows=5510 loops=1)
                                Filter: ((i_manufact_id = ANY ('{214,376,518,755,996}'::integer[])) OR ((i_manager_id >= 71) AND (i_manager_id <= 100)))
                                Rows Removed by Filter: 12490
                    SubPlan 1
                      ->  Aggregate  (cost=480.46..480.48 rows=1 width=32) (actual time=19.686..19.686 rows=1 loops=18238)
                            ->  Nested Loop  (cost=5.63..480.46 rows=1 width=6) (actual time=8.339..19.682 rows=35 loops=18238)
                                  ->  Bitmap Heap Scan on catalog_sales catalog_sales_1  (cost=5.34..471.98 rows=1 width=10) (actual time=1.895..19.367 rows=408 loops=18238)
                                        Recheck Cond: (cs_item_sk = item.i_item_sk)
                                        Filter: ((cs_list_price >= '80'::numeric) AND (cs_list_price <= '109'::numeric) AND ((cs_sales_price / cs_list_price) >= 0.80) AND ((cs_sales_price / cs_list_price) <= 1.00))
                                        Rows Removed by Filter: 13230
                                        Heap Blocks: exact=137935484
                                        ->  Bitmap Index Scan on catalog_sales_pkey  (cost=0.00..5.33 rows=121 width=0) (actual time=1.214..1.214 rows=13638 loops=18238)
                                              Index Cond: (cs_item_sk = item.i_item_sk)
                                  ->  Index Scan using date_dim_pkey on date_dim date_dim_1  (cost=0.29..8.32 rows=1 width=4) (actual time=0.001..0.001 rows=0 loops=7448155)
                                        Index Cond: (d_date_sk = catalog_sales_1.cs_sold_date_sk)
                                        Filter: ((d_date >= '2000-03-06'::date) AND (d_date <= '2000-06-04 00:00:00'::timestamp without time zone))
                                        Rows Removed by Filter: 1
Planning Time: 2.250 ms
Execution Time: 359092.554 ms"
Q38,2057.328,"Limit  (cost=157561.46..157561.47 rows=1 width=8) (actual time=2056.592..2056.662 rows=1 loops=1)
  ->  Aggregate  (cost=157561.46..157561.47 rows=1 width=8) (actual time=2056.592..2056.661 rows=1 loops=1)
        ->  Subquery Scan on hot_cust  (cost=27733.74..157561.44 rows=10 width=0) (actual time=2056.590..2056.659 rows=0 loops=1)
              ->  HashSetOp Intersect  (cost=27733.74..157561.34 rows=10 width=216) (actual time=2056.589..2056.659 rows=0 loops=1)
                    ->  Append  (cost=27733.74..157561.07 rows=36 width=216) (actual time=444.522..2056.255 rows=558 loops=1)
                          ->  Subquery Scan on ""*SELECT* 3""  (cost=27733.74..27735.12 rows=10 width=60) (actual time=444.520..445.075 rows=553 loops=1)
                                ->  Unique  (cost=27733.74..27735.02 rows=10 width=56) (actual time=444.519..445.031 rows=553 loops=1)
                                      ->  Gather Merge  (cost=27733.74..27734.94 rows=10 width=56) (actual time=444.518..444.978 rows=553 loops=1)
                                            Workers Planned: 2
                                            Workers Launched: 2
                                            ->  Unique  (cost=26733.71..26733.76 rows=5 width=56) (actual time=421.057..421.089 rows=184 loops=3)
                                                  ->  Sort  (cost=26733.71..26733.73 rows=5 width=56) (actual time=421.056..421.065 rows=201 loops=3)
                                                        Sort Key: customer.c_last_name, customer.c_first_name, date_dim.d_date
                                                        Sort Method: quicksort  Memory: 40kB
                                                        Worker 0:  Sort Method: quicksort  Memory: 40kB
                                                        Worker 1:  Sort Method: quicksort  Memory: 41kB
                                                        ->  Nested Loop  (cost=2071.62..26733.66 rows=5 width=56) (actual time=244.805..418.871 rows=201 loops=3)
                                                              ->  Parallel Hash Join  (cost=2071.33..26704.60 rows=12 width=8) (actual time=242.842..356.661 rows=459 loops=3)
                                                                    Hash Cond: (web_sales.ws_sold_date_sk = date_dim.d_date_sk)
                                                                    ->  Parallel Seq Scan on web_sales  (cost=0.00..24626.87 rows=2440 width=8) (actual time=0.146..349.061 rows=3568 loops=3)
                                                                          Filter: ((ws_list_price >= '241'::numeric) AND (ws_list_price <= '300'::numeric) AND (ws_wholesale_cost >= '73'::numeric) AND (ws_wholesale_cost <= '93'::numeric))
                                                                          Rows Removed by Filter: 236227
                                                                    ->  Parallel Hash  (cost=2068.55..2068.55 rows=222 width=8) (actual time=6.501..6.501 rows=122 loops=3)
                                                                          Buckets: 1024  Batches: 1  Memory Usage: 40kB
                                                                          ->  Parallel Seq Scan on date_dim  (cost=0.00..2068.55 rows=222 width=8) (actual time=9.728..19.458 rows=365 loops=1)
                                                                                Filter: ((d_month_seq >= 1221) AND (d_month_seq <= 1232))
                                                                                Rows Removed by Filter: 72684
                                                              ->  Index Scan using customer_pkey on customer  (cost=0.29..2.42 rows=1 width=56) (actual time=0.135..0.135 rows=0 loops=1376)
                                                                    Index Cond: (c_customer_sk = web_sales.ws_bill_customer_sk)
                                                                    Filter: (c_birth_month = ANY ('{2,8,10,11}'::integer[]))
                                                                    Rows Removed by Filter: 1
                          ->  Result  (cost=77758.22..129825.77 rows=26 width=216) (actual time=1611.104..1611.145 rows=5 loops=1)
                                ->  HashSetOp Intersect  (cost=77758.22..129825.51 rows=26 width=216) (actual time=1611.103..1611.144 rows=5 loops=1)
                                      ->  Append  (cost=77758.22..129825.10 rows=54 width=216) (actual time=1324.472..1602.711 rows=4186 loops=1)
                                            ->  Subquery Scan on ""*SELECT* 1""  (cost=77758.22..77761.81 rows=26 width=60) (actual time=1324.471..1326.881 rows=1443 loops=1)
                                                  ->  Unique  (cost=77758.22..77761.55 rows=26 width=56) (actual time=1324.468..1326.682 rows=1443 loops=1)
                                                        ->  Gather Merge  (cost=77758.22..77761.35 rows=26 width=56) (actual time=1324.467..1326.435 rows=1443 loops=1)
                                                              Workers Planned: 2
                                                              Workers Launched: 2
                                                              ->  Unique  (cost=76758.20..76758.33 rows=13 width=56) (actual time=1321.124..1321.269 rows=481 loops=3)
                                                                    ->  Sort  (cost=76758.20..76758.23 rows=13 width=56) (actual time=1321.123..1321.159 rows=505 loops=3)
                                                                          Sort Key: customer_1.c_last_name, customer_1.c_first_name, date_dim_1.d_date
                                                                          Sort Method: quicksort  Memory: 65kB
                                                                          Worker 0:  Sort Method: quicksort  Memory: 64kB
                                                                          Worker 1:  Sort Method: quicksort  Memory: 62kB
                                                                          ->  Nested Loop  (cost=0.59..76757.96 rows=13 width=56) (actual time=862.183..1318.061 rows=505 loops=3)
                                                                                ->  Nested Loop  (cost=0.30..76723.10 rows=31 width=8) (actual time=860.979..1245.345 rows=1162 loops=3)
                                                                                      ->  Parallel Seq Scan on store_sales  (cost=0.00..75022.36 rows=6349 width=8) (actual time=0.518..1235.331 rows=7778 loops=3)
                                                                                            Filter: ((ss_list_price >= '241'::numeric) AND (ss_list_price <= '300'::numeric) AND (ss_wholesale_cost >= '73'::numeric) AND (ss_wholesale_cost <= '93'::numeric))
                                                                                            Rows Removed by Filter: 952357
                                                                                      ->  Memoize  (cost=0.30..0.75 rows=1 width=8) (actual time=0.001..0.001 rows=0 loops=23333)
                                                                                            Cache Key: store_sales.ss_sold_date_sk
                                                                                            Cache Mode: logical
                                                                                            Hits: 6656  Misses: 1171  Evictions: 0  Overflows: 0  Memory Usage: 86kB
                                                                                            Worker 0:  Hits: 6593  Misses: 1151  Evictions: 0  Overflows: 0  Memory Usage: 84kB
                                                                                            Worker 1:  Hits: 6613  Misses: 1149  Evictions: 0  Overflows: 0  Memory Usage: 84kB
                                                                                            ->  Index Scan using date_dim_pkey on date_dim date_dim_1  (cost=0.29..0.74 rows=1 width=8) (actual time=0.003..0.003 rows=0 loops=3471)
                                                                                                  Index Cond: (d_date_sk = store_sales.ss_sold_date_sk)
                                                                                                  Filter: ((d_month_seq >= 1221) AND (d_month_seq <= 1232))
                                                                                                  Rows Removed by Filter: 1
                                                                                ->  Index Scan using customer_pkey on customer customer_1  (cost=0.29..1.12 rows=1 width=56) (actual time=0.062..0.062 rows=0 loops=3485)
                                                                                      Index Cond: (c_customer_sk = store_sales.ss_customer_sk)
                                                                                      Filter: (c_birth_month = ANY ('{2,8,10,11}'::integer[]))
                                                                                      Rows Removed by Filter: 1
                                            ->  Subquery Scan on ""*SELECT* 2""  (cost=52059.17..52063.03 rows=28 width=60) (actual time=273.815..275.559 rows=2743 loops=1)
                                                  ->  Unique  (cost=52059.17..52062.75 rows=28 width=56) (actual time=273.814..275.405 rows=2743 loops=1)
                                                        ->  Gather Merge  (cost=52059.17..52062.54 rows=28 width=56) (actual time=273.813..275.213 rows=2744 loops=1)
                                                              Workers Planned: 2
                                                              Workers Launched: 2
                                                              ->  Unique  (cost=51059.14..51059.28 rows=14 width=56) (actual time=267.957..268.062 rows=915 loops=3)
                                                                    ->  Sort  (cost=51059.14..51059.18 rows=14 width=56) (actual time=267.956..267.982 rows=1027 loops=3)
                                                                          Sort Key: customer_2.c_last_name, customer_2.c_first_name, date_dim_2.d_date
                                                                          Sort Method: quicksort  Memory: 104kB
                                                                          Worker 0:  Sort Method: quicksort  Memory: 132kB
                                                                          Worker 1:  Sort Method: quicksort  Memory: 101kB
                                                                          ->  Nested Loop  (cost=0.59..51058.88 rows=14 width=56) (actual time=41.260..265.784 rows=1027 loops=3)
                                                                                ->  Nested Loop  (cost=0.30..51023.07 rows=31 width=8) (actual time=41.233..237.999 rows=2371 loops=3)
                                                                                      ->  Parallel Seq Scan on catalog_sales  (cost=0.00..49245.43 rows=6119 width=8) (actual time=0.123..233.283 rows=12635 loops=3)
                                                                                            Filter: ((cs_list_price >= '241'::numeric) AND (cs_list_price <= '300'::numeric) AND (cs_wholesale_cost >= '73'::numeric) AND (cs_wholesale_cost <= '93'::numeric))
                                                                                            Rows Removed by Filter: 466970
                                                                                      ->  Memoize  (cost=0.30..0.77 rows=1 width=8) (actual time=0.000..0.000 rows=0 loops=37905)
                                                                                            Cache Key: catalog_sales.cs_sold_date_sk
                                                                                            Cache Mode: logical
                                                                                            Hits: 12029  Misses: 1114  Evictions: 0  Overflows: 0  Memory Usage: 82kB
                                                                                            Worker 0:  Hits: 11631  Misses: 1076  Evictions: 0  Overflows: 0  Memory Usage: 79kB
                                                                                            Worker 1:  Hits: 11011  Misses: 1044  Evictions: 0  Overflows: 0  Memory Usage: 77kB
                                                                                            ->  Index Scan using date_dim_pkey on date_dim date_dim_2  (cost=0.29..0.76 rows=1 width=8) (actual time=0.001..0.001 rows=0 loops=3234)
                                                                                                  Index Cond: (d_date_sk = catalog_sales.cs_sold_date_sk)
                                                                                                  Filter: ((d_month_seq >= 1221) AND (d_month_seq <= 1232))
                                                                                                  Rows Removed by Filter: 1
                                                                                ->  Index Scan using customer_pkey on customer customer_2  (cost=0.29..1.16 rows=1 width=56) (actual time=0.012..0.012 rows=0 loops=7114)
                                                                                      Index Cond: (c_customer_sk = catalog_sales.cs_bill_customer_sk)
                                                                                      Filter: (c_birth_month = ANY ('{2,8,10,11}'::integer[]))
                                                                                      Rows Removed by Filter: 1
Planning Time: 3.619 ms
Execution Time: 2057.328 ms"
Q39.1,1736.961,"Sort  (cost=142765.35..142765.35 rows=1 width=152) (actual time=1736.805..1736.880 rows=0 loops=1)
  Sort Key: inv1.w_warehouse_sk, inv1.i_item_sk, inv1.mean, inv1.cov, inv2.mean, inv2.cov
  Sort Method: quicksort  Memory: 25kB
  CTE inv
    ->  Subquery Scan on foo  (cost=30527.67..142760.01 rows=118 width=126) (actual time=1736.802..1736.876 rows=0 loops=1)
          ->  GroupAggregate  (cost=30527.67..142759.42 rows=118 width=94) (actual time=1736.802..1736.875 rows=0 loops=1)
                Group Key: warehouse.w_warehouse_sk, item.i_item_sk, date_dim.d_moy
                Filter: (CASE avg(inventory.inv_quantity_on_hand) WHEN '0'::numeric THEN '0'::numeric ELSE (stddev_samp(inventory.inv_quantity_on_hand) / avg(inventory.inv_quantity_on_hand)) END > '1'::numeric)
                Rows Removed by Filter: 9094
                ->  Incremental Sort  (cost=30527.67..142747.00 rows=355 width=34) (actual time=1719.356..1727.897 rows=12471 loops=1)
                      Sort Key: warehouse.w_warehouse_sk, item.i_item_sk, date_dim.d_moy
                      Presorted Key: warehouse.w_warehouse_sk
                      Full-sort Groups: 5  Sort Method: quicksort  Average Memory: 29kB  Peak Memory: 29kB
                      Pre-sorted Groups: 5  Sort Method: quicksort  Average Memory: 255kB  Peak Memory: 256kB
                      ->  Nested Loop  (cost=2473.97..142731.54 rows=355 width=34) (actual time=1015.200..1723.407 rows=12471 loops=1)
                            Join Filter: (inventory.inv_warehouse_sk = warehouse.w_warehouse_sk)
                            Rows Removed by Join Filter: 49884
                            ->  Index Scan using warehouse_pkey on warehouse  (cost=0.13..12.21 rows=5 width=22) (actual time=0.001..0.004 rows=5 loops=1)
                            ->  Materialize  (cost=2473.83..142693.60 rows=355 width=16) (actual time=203.039..343.851 rows=12471 loops=5)
                                  ->  Gather  (cost=2473.83..142691.82 rows=355 width=16) (actual time=1015.194..1715.098 rows=12471 loops=1)
                                        Workers Planned: 2
                                        Workers Launched: 2
                                        ->  Nested Loop  (cost=1473.83..141656.32 rows=148 width=16) (actual time=1013.081..1714.063 rows=4157 loops=3)
                                              ->  Parallel Hash Join  (cost=1473.53..140832.24 rows=29658 width=16) (actual time=29.654..1703.680 rows=21247 loops=3)
                                                    Hash Cond: (inventory.inv_item_sk = item.i_item_sk)
                                                    ->  Parallel Seq Scan on inventory  (cost=0.00..136929.47 rows=925208 width=16) (actual time=0.331..1591.526 rows=728161 loops=3)
                                                          Filter: ((inv_quantity_on_hand >= 800) AND (inv_quantity_on_hand <= 1000))
                                                          Rows Removed by Filter: 3186839
                                                    ->  Parallel Hash  (cost=1469.29..1469.29 rows=339 width=4) (actual time=29.291..29.291 rows=174 loops=3)
                                                          Buckets: 1024  Batches: 1  Memory Usage: 104kB
                                                          ->  Parallel Seq Scan on item  (cost=0.00..1469.29 rows=339 width=4) (actual time=0.839..29.239 rows=174 loops=3)
                                                                Filter: ((i_category = ANY ('{Sports,Women}'::bpchar[])) AND (i_manager_id >= 81) AND (i_manager_id <= 100))
                                                                Rows Removed by Filter: 5826
                                              ->  Memoize  (cost=0.30..0.33 rows=1 width=8) (actual time=0.000..0.000 rows=0 loops=63741)
                                                    Cache Key: inventory.inv_date_sk
                                                    Cache Mode: logical
                                                    Hits: 20871  Misses: 261  Evictions: 0  Overflows: 0  Memory Usage: 20kB
                                                    Worker 0:  Hits: 21286  Misses: 261  Evictions: 0  Overflows: 0  Memory Usage: 20kB
                                                    Worker 1:  Hits: 20801  Misses: 261  Evictions: 0  Overflows: 0  Memory Usage: 20kB
                                                    ->  Index Scan using date_dim_pkey on date_dim  (cost=0.29..0.32 rows=1 width=8) (actual time=0.003..0.003 rows=0 loops=783)
                                                          Index Cond: (d_date_sk = inventory.inv_date_sk)
                                                          Filter: (d_year = 2001)
                                                          Rows Removed by Filter: 1
  ->  Nested Loop  (cost=0.00..5.32 rows=1 width=152) (actual time=1736.803..1736.804 rows=0 loops=1)
        Join Filter: ((inv1.i_item_sk = inv2.i_item_sk) AND (inv1.w_warehouse_sk = inv2.w_warehouse_sk))
        ->  CTE Scan on inv inv1  (cost=0.00..2.65 rows=1 width=76) (actual time=1736.803..1736.803 rows=0 loops=1)
              Filter: (d_moy = 2)
        ->  CTE Scan on inv inv2  (cost=0.00..2.65 rows=1 width=76) (never executed)
              Filter: (d_moy = 3)
Planning Time: 3.546 ms
Execution Time: 1736.961 ms"
Q39.2,1835.403,"Sort  (cost=142765.64..142765.65 rows=1 width=152) (actual time=1835.128..1835.201 rows=0 loops=1)
  Sort Key: inv1.w_warehouse_sk, inv1.i_item_sk, inv1.mean, inv1.cov, inv2.mean, inv2.cov
  Sort Method: quicksort  Memory: 25kB
  CTE inv
    ->  Subquery Scan on foo  (cost=30527.67..142760.01 rows=118 width=126) (actual time=1835.123..1835.196 rows=0 loops=1)
          ->  GroupAggregate  (cost=30527.67..142759.42 rows=118 width=94) (actual time=1835.123..1835.196 rows=0 loops=1)
                Group Key: warehouse.w_warehouse_sk, item.i_item_sk, date_dim.d_moy
                Filter: (CASE avg(inventory.inv_quantity_on_hand) WHEN '0'::numeric THEN '0'::numeric ELSE (stddev_samp(inventory.inv_quantity_on_hand) / avg(inventory.inv_quantity_on_hand)) END > '1'::numeric)
                Rows Removed by Filter: 9094
                ->  Incremental Sort  (cost=30527.67..142747.00 rows=355 width=34) (actual time=1813.070..1824.151 rows=12471 loops=1)
                      Sort Key: warehouse.w_warehouse_sk, item.i_item_sk, date_dim.d_moy
                      Presorted Key: warehouse.w_warehouse_sk
                      Full-sort Groups: 5  Sort Method: quicksort  Average Memory: 29kB  Peak Memory: 29kB
                      Pre-sorted Groups: 5  Sort Method: quicksort  Average Memory: 255kB  Peak Memory: 256kB
                      ->  Nested Loop  (cost=2473.97..142731.54 rows=355 width=34) (actual time=1127.209..1818.381 rows=12471 loops=1)
                            Join Filter: (inventory.inv_warehouse_sk = warehouse.w_warehouse_sk)
                            Rows Removed by Join Filter: 49884
                            ->  Index Scan using warehouse_pkey on warehouse  (cost=0.13..12.21 rows=5 width=22) (actual time=0.001..0.010 rows=5 loops=1)
                            ->  Materialize  (cost=2473.83..142693.60 rows=355 width=16) (actual time=225.440..362.527 rows=12471 loops=5)
                                  ->  Gather  (cost=2473.83..142691.82 rows=355 width=16) (actual time=1127.198..1807.117 rows=12471 loops=1)
                                        Workers Planned: 2
                                        Workers Launched: 2
                                        ->  Nested Loop  (cost=1473.83..141656.32 rows=148 width=16) (actual time=1124.517..1806.353 rows=4157 loops=3)
                                              ->  Parallel Hash Join  (cost=1473.53..140832.24 rows=29658 width=16) (actual time=2.728..1792.323 rows=21247 loops=3)
                                                    Hash Cond: (inventory.inv_item_sk = item.i_item_sk)
                                                    ->  Parallel Seq Scan on inventory  (cost=0.00..136929.47 rows=925208 width=16) (actual time=0.389..1693.497 rows=728161 loops=3)
                                                          Filter: ((inv_quantity_on_hand >= 800) AND (inv_quantity_on_hand <= 1000))
                                                          Rows Removed by Filter: 3186839
                                                    ->  Parallel Hash  (cost=1469.29..1469.29 rows=339 width=4) (actual time=2.297..2.298 rows=174 loops=3)
                                                          Buckets: 1024  Batches: 1  Memory Usage: 104kB
                                                          ->  Parallel Seq Scan on item  (cost=0.00..1469.29 rows=339 width=4) (actual time=0.022..2.256 rows=174 loops=3)
                                                                Filter: ((i_category = ANY ('{Sports,Women}'::bpchar[])) AND (i_manager_id >= 81) AND (i_manager_id <= 100))
                                                                Rows Removed by Filter: 5826
                                              ->  Memoize  (cost=0.30..0.33 rows=1 width=8) (actual time=0.000..0.000 rows=0 loops=63741)
                                                    Cache Key: inventory.inv_date_sk
                                                    Cache Mode: logical
                                                    Hits: 20871  Misses: 261  Evictions: 0  Overflows: 0  Memory Usage: 20kB
                                                    Worker 0:  Hits: 20967  Misses: 261  Evictions: 0  Overflows: 0  Memory Usage: 20kB
                                                    Worker 1:  Hits: 21120  Misses: 261  Evictions: 0  Overflows: 0  Memory Usage: 20kB
                                                    ->  Index Scan using date_dim_pkey on date_dim  (cost=0.29..0.32 rows=1 width=8) (actual time=0.005..0.005 rows=0 loops=783)
                                                          Index Cond: (d_date_sk = inventory.inv_date_sk)
                                                          Filter: (d_year = 2001)
                                                          Rows Removed by Filter: 1
  ->  Nested Loop  (cost=0.00..5.62 rows=1 width=152) (actual time=1835.124..1835.125 rows=0 loops=1)
        Join Filter: ((inv1.i_item_sk = inv2.i_item_sk) AND (inv1.w_warehouse_sk = inv2.w_warehouse_sk))
        ->  CTE Scan on inv inv1  (cost=0.00..2.95 rows=1 width=76) (actual time=1835.124..1835.124 rows=0 loops=1)
              Filter: ((cov > 1.5) AND (d_moy = 2))
        ->  CTE Scan on inv inv2  (cost=0.00..2.65 rows=1 width=76) (never executed)
              Filter: (d_moy = 3)
Planning Time: 0.552 ms
Execution Time: 1835.403 ms"
Q40,23835.19,"Limit  (cost=91476.06..91476.10 rows=2 width=16) (actual time=23833.668..23834.632 rows=0 loops=1)
  ->  Incremental Sort  (cost=91476.06..91476.10 rows=2 width=16) (actual time=23833.667..23834.631 rows=0 loops=1)
        Sort Key: (((my_revenue.revenue / '50'::numeric))::integer), (count(*))
        Presorted Key: (((my_revenue.revenue / '50'::numeric))::integer)
        Full-sort Groups: 1  Sort Method: quicksort  Average Memory: 25kB  Peak Memory: 25kB
        ->  GroupAggregate  (cost=91476.01..91476.05 rows=1 width=16) (actual time=23833.662..23834.626 rows=0 loops=1)
              Group Key: (((my_revenue.revenue / '50'::numeric))::integer)
              ->  Sort  (cost=91476.01..91476.02 rows=1 width=36) (actual time=23833.660..23834.624 rows=0 loops=1)
                    Sort Key: (((my_revenue.revenue / '50'::numeric))::integer)
                    Sort Method: quicksort  Memory: 25kB
                    ->  Subquery Scan on my_revenue  (cost=21108.16..91476.00 rows=1 width=36) (actual time=23833.651..23834.615 rows=0 loops=1)
                          ->  GroupAggregate  (cost=21108.16..91475.99 rows=1 width=36) (actual time=23833.651..23834.614 rows=0 loops=1)
                                Group Key: customer.c_customer_sk
                                InitPlan 1 (returns $0)
                                  ->  Unique  (cost=2520.58..2520.74 rows=31 width=4) (actual time=6.277..6.284 rows=1 loops=1)
                                        ->  Sort  (cost=2520.58..2520.66 rows=31 width=4) (actual time=6.276..6.281 rows=31 loops=1)
                                              Sort Key: ((date_dim_2.d_month_seq + 1))
                                              Sort Method: quicksort  Memory: 25kB
                                              ->  Seq Scan on date_dim date_dim_2  (cost=0.00..2519.81 rows=31 width=4) (actual time=3.427..6.273 rows=31 loops=1)
                                                    Filter: ((d_year = 2002) AND (d_moy = 5))
                                                    Rows Removed by Filter: 73018
                                InitPlan 2 (returns $1)
                                  ->  Unique  (cost=2520.58..2520.74 rows=31 width=4) (actual time=3.696..3.700 rows=1 loops=1)
                                        ->  Sort  (cost=2520.58..2520.66 rows=31 width=4) (actual time=3.695..3.699 rows=31 loops=1)
                                              Sort Key: ((date_dim_3.d_month_seq + 3))
                                              Sort Method: quicksort  Memory: 25kB
                                              ->  Seq Scan on date_dim date_dim_3  (cost=0.00..2519.81 rows=31 width=4) (actual time=1.887..3.688 rows=31 loops=1)
                                                    Filter: ((d_year = 2002) AND (d_moy = 5))
                                                    Rows Removed by Filter: 73018
                                ->  Nested Loop  (cost=16066.69..86434.50 rows=1 width=10) (actual time=23833.650..23834.602 rows=0 loops=1)
                                      Join Filter: (((customer_address.ca_county)::text = (store.s_county)::text) AND (customer_address.ca_state = store.s_state))
                                      Rows Removed by Join Filter: 54
                                      ->  Nested Loop  (cost=16066.66..86433.13 rows=1 width=27) (actual time=6201.820..23833.690 rows=27 loops=1)
                                            ->  Nested Loop  (cost=16066.37..86424.82 rows=1 width=14) (actual time=6200.418..23828.205 rows=27 loops=1)
                                                  Join Filter: (customer.c_customer_sk = store_sales.ss_customer_sk)
                                                  Rows Removed by Join Filter: 1129465
                                                  ->  Unique  (cost=12995.13..12995.14 rows=1 width=8) (actual time=442.902..443.085 rows=26 loops=1)
                                                        ->  Sort  (cost=12995.13..12995.14 rows=1 width=8) (actual time=442.901..443.037 rows=26 loops=1)
                                                              Sort Key: customer.c_customer_sk, customer.c_current_addr_sk
                                                              Sort Method: quicksort  Memory: 25kB
                                                              ->  Nested Loop  (cost=1005.93..12995.12 rows=1 width=8) (actual time=16.226..442.971 rows=26 loops=1)
                                                                    ->  Gather  (cost=1005.64..12994.79 rows=1 width=4) (actual time=16.165..441.449 rows=94 loops=1)
                                                                          Workers Planned: 1
                                                                          Workers Launched: 1
                                                                          ->  Nested Loop  (cost=5.64..11994.69 rows=1 width=4) (actual time=22.582..438.274 rows=47 loops=2)
                                                                                ->  Nested Loop  (cost=5.34..11828.09 rows=512 width=8) (actual time=0.449..435.410 rows=2278 loops=2)
                                                                                      ->  Parallel Seq Scan on item  (cost=0.00..1442.82 rows=15 width=4) (actual time=0.066..2.660 rows=98 loops=2)
                                                                                            Filter: ((i_category = 'Books'::bpchar) AND (i_class = 'entertainments'::bpchar))
                                                                                            Rows Removed by Filter: 8902
                                                                                      ->  Append  (cost=5.34..691.82 rows=53 width=12) (actual time=0.256..4.414 rows=23 loops=196)
                                                                                            ->  Bitmap Heap Scan on catalog_sales  (cost=5.34..455.79 rows=37 width=12) (actual time=0.254..0.913 rows=12 loops=196)
                                                                                                  Recheck Cond: (cs_item_sk = item.i_item_sk)
                                                                                                  Filter: ((cs_wholesale_cost >= '70'::numeric) AND (cs_wholesale_cost <= '100'::numeric))
                                                                                                  Rows Removed by Filter: 28
                                                                                                  Heap Blocks: exact=2315
                                                                                                  ->  Bitmap Index Scan on catalog_sales_pkey  (cost=0.00..5.33 rows=121 width=0) (actual time=0.226..0.226 rows=40 loops=196)
                                                                                                        Index Cond: (cs_item_sk = item.i_item_sk)
                                                                                            ->  Bitmap Heap Scan on web_sales  (cost=4.89..235.76 rows=16 width=12) (actual time=0.453..3.498 rows=11 loops=196)
                                                                                                  Recheck Cond: (ws_item_sk = item.i_item_sk)
                                                                                                  Filter: ((ws_wholesale_cost >= '70'::numeric) AND (ws_wholesale_cost <= '100'::numeric))
                                                                                                  Rows Removed by Filter: 33
                                                                                                  Heap Blocks: exact=5180
                                                                                                  ->  Bitmap Index Scan on web_sales_pkey  (cost=0.00..4.89 rows=62 width=0) (actual time=0.188..0.188 rows=44 loops=196)
                                                                                                        Index Cond: (ws_item_sk = item.i_item_sk)
                                                                                ->  Index Scan using date_dim_pkey on date_dim date_dim_1  (cost=0.29..0.33 rows=1 width=4) (actual time=0.001..0.001 rows=0 loops=4555)
                                                                                      Index Cond: (d_date_sk = catalog_sales.cs_sold_date_sk)
                                                                                      Filter: ((d_moy = 5) AND (d_year = 2002))
                                                                                      Rows Removed by Filter: 1
                                                                    ->  Index Scan using customer_pkey on customer  (cost=0.29..0.33 rows=1 width=8) (actual time=0.016..0.016 rows=0 loops=94)
                                                                          Index Cond: (c_customer_sk = catalog_sales.cs_bill_customer_sk)
                                                                          Filter: ((c_birth_year >= 1973) AND (c_birth_year <= 1986))
                                                                          Rows Removed by Filter: 1
                                                  ->  Gather  (cost=3071.24..73380.71 rows=3918 width=10) (actual time=721.307..896.601 rows=43442 loops=26)
                                                        Workers Planned: 2
                                                        Params Evaluated: $0, $1
                                                        Workers Launched: 2
                                                        ->  Parallel Hash Join  (cost=2071.24..71988.91 rows=1632 width=10) (actual time=714.481..888.786 rows=14481 loops=78)
                                                              Hash Cond: (store_sales.ss_sold_date_sk = date_dim.d_date_sk)
                                                              ->  Parallel Seq Scan on store_sales  (cost=0.00..69022.77 rows=340897 width=14) (actual time=0.524..860.502 rows=272387 loops=78)
                                                                    Filter: ((ss_wholesale_cost >= '70'::numeric) AND (ss_wholesale_cost <= '100'::numeric))
                                                                    Rows Removed by Filter: 687748
                                                              ->  Parallel Hash  (cost=2068.55..2068.55 rows=215 width=4) (actual time=2.955..2.955 rows=31 loops=78)
                                                                    Buckets: 1024  Batches: 1  Memory Usage: 104kB
                                                                    ->  Parallel Seq Scan on date_dim  (cost=0.00..2068.55 rows=215 width=4) (actual time=2.175..3.010 rows=31 loops=76)
                                                                          Filter: ((d_month_seq >= $0) AND (d_month_seq <= $1))
                                                                          Rows Removed by Filter: 24959
                                            ->  Index Scan using customer_address_pkey on customer_address  (cost=0.29..8.31 rows=1 width=21) (actual time=0.182..0.182 rows=1 loops=27)
                                                  Index Cond: (ca_address_sk = customer.c_current_addr_sk)
                                      ->  Seq Scan on store  (cost=0.03..1.21 rows=11 width=20) (actual time=0.023..0.027 rows=2 loops=27)
                                            Filter: (s_state = ANY ('{IA,IN,KS,KY,MI,MS,OH,PA,TX,WI}'::bpchar[]))
                                            Rows Removed by Filter: 10
Planning Time: 2.813 ms
Execution Time: 23835.190 ms"
Q41,868.813,"Limit  (cost=159291.95..159292.00 rows=2 width=245) (actual time=865.880..868.428 rows=0 loops=1)
  ->  Incremental Sort  (cost=159291.95..159292.00 rows=2 width=245) (actual time=865.879..868.426 rows=0 loops=1)
        Sort Key: item.i_item_id, customer.c_birth_year, (sum(store_sales.ss_ext_sales_price))
        Presorted Key: item.i_item_id, customer.c_birth_year
        Full-sort Groups: 1  Sort Method: quicksort  Average Memory: 25kB  Peak Memory: 25kB
        ->  Nested Loop  (cost=159291.71..159291.94 rows=1 width=245) (actual time=865.733..868.281 rows=0 loops=1)
              Join Filter: ((item.i_item_id = item_2.i_item_id) AND (customer.c_birth_year = customer_2.c_birth_year) AND ((sum(store_sales.ss_ext_sales_price)) >= (0.9 * (sum(web_sales.ws_ext_sales_price)))) AND ((sum(store_sales.ss_ext_sales_price)) <= (1.1 * (sum(web_sales.ws_ext_sales_price)))) AND ((sum(web_sales.ws_ext_sales_price)) >= (0.9 * (sum(store_sales.ss_ext_sales_price)))) AND ((sum(web_sales.ws_ext_sales_price)) <= (1.1 * (sum(store_sales.ss_ext_sales_price)))) AND ((sum(catalog_sales.cs_ext_sales_price)) >= (0.9 * (sum(web_sales.ws_ext_sales_price)))) AND ((sum(catalog_sales.cs_ext_sales_price)) <= (1.1 * (sum(web_sales.ws_ext_sales_price)))) AND ((sum(web_sales.ws_ext_sales_price)) >= (0.9 * (sum(catalog_sales.cs_ext_sales_price)))) AND ((sum(web_sales.ws_ext_sales_price)) <= (1.1 * (sum(catalog_sales.cs_ext_sales_price)))))
              ->  Nested Loop  (cost=129058.28..129058.38 rows=1 width=106) (actual time=865.733..868.276 rows=0 loops=1)
                    Join Filter: ((item.i_item_id = item_1.i_item_id) AND (customer.c_birth_year = customer_1.c_birth_year) AND ((sum(store_sales.ss_ext_sales_price)) >= (0.9 * (sum(catalog_sales.cs_ext_sales_price)))) AND ((sum(store_sales.ss_ext_sales_price)) <= (1.1 * (sum(catalog_sales.cs_ext_sales_price)))) AND ((sum(catalog_sales.cs_ext_sales_price)) >= (0.9 * (sum(store_sales.ss_ext_sales_price)))) AND ((sum(catalog_sales.cs_ext_sales_price)) <= (1.1 * (sum(store_sales.ss_ext_sales_price)))))
                    Rows Removed by Join Filter: 30
                    ->  GroupAggregate  (cost=75779.04..75779.06 rows=1 width=53) (actual time=132.221..132.328 rows=15 loops=1)
                          Group Key: item.i_item_id, customer.c_birth_year
                          InitPlan 1 (returns $0)
                            ->  Seq Scan on date_dim date_dim_6  (cost=0.00..2337.11 rows=1 width=4) (actual time=1.724..3.346 rows=1 loops=1)
                                  Filter: (d_date = '2000-07-16'::date)
                                  Rows Removed by Filter: 73048
                          ->  Sort  (cost=73441.92..73441.93 rows=1 width=27) (actual time=132.214..132.312 rows=17 loops=1)
                                Sort Key: item.i_item_id, customer.c_birth_year
                                Sort Method: quicksort  Memory: 25kB
                                ->  Gather  (cost=2962.23..73441.91 rows=1 width=27) (actual time=63.192..131.468 rows=17 loops=1)
                                      Workers Planned: 2
                                      Params Evaluated: $0
                                      Workers Launched: 2
                                      ->  Nested Loop  (cost=1962.23..72441.81 rows=1 width=27) (actual time=56.333..124.411 rows=6 loops=3)
                                            ->  Nested Loop  (cost=1961.94..72441.05 rows=1 width=27) (actual time=54.855..120.234 rows=75 loops=3)
                                                  ->  Parallel Hash Semi Join  (cost=1961.65..72438.51 rows=5 width=14) (actual time=54.014..118.280 rows=178 loops=3)
                                                        Hash Cond: (date_dim.d_date = date_dim_1.d_date)
                                                        ->  Nested Loop  (cost=0.30..70448.67 rows=10837 width=18) (actual time=0.183..116.549 rows=7282 loops=3)
                                                              ->  Parallel Seq Scan on store_sales  (cost=0.00..69022.77 rows=11306 width=18) (actual time=0.113..113.533 rows=7478 loops=3)
                                                                    Filter: ((ss_list_price >= '271'::numeric) AND (ss_list_price <= '300'::numeric))
                                                                    Rows Removed by Filter: 952657
                                                              ->  Memoize  (cost=0.30..0.56 rows=1 width=8) (actual time=0.000..0.000 rows=1 loops=22433)
                                                                    Cache Key: store_sales.ss_sold_date_sk
                                                                    Cache Mode: logical
                                                                    Hits: 6441  Misses: 1159  Evictions: 0  Overflows: 0  Memory Usage: 123kB
                                                                    Worker 0:  Hits: 6211  Misses: 1136  Evictions: 0  Overflows: 0  Memory Usage: 120kB
                                                                    Worker 1:  Hits: 6327  Misses: 1159  Evictions: 0  Overflows: 0  Memory Usage: 123kB
                                                                    ->  Index Scan using date_dim_pkey on date_dim  (cost=0.29..0.55 rows=1 width=8) (actual time=0.001..0.001 rows=1 loops=3454)
                                                                          Index Cond: (d_date_sk = store_sales.ss_sold_date_sk)
                                                        ->  Parallel Hash  (cost=1961.12..1961.12 rows=18 width=4) (actual time=1.130..1.131 rows=10 loops=3)
                                                              Buckets: 1024  Batches: 1  Memory Usage: 40kB
                                                              ->  Parallel Seq Scan on date_dim date_dim_1  (cost=0.00..1961.12 rows=18 width=4) (actual time=0.652..1.120 rows=10 loops=3)
                                                                    Filter: (d_month_seq = $0)
                                                                    Rows Removed by Filter: 24339
                                                  ->  Index Scan using item_pkey on item  (cost=0.29..0.51 rows=1 width=21) (actual time=0.011..0.011 rows=0 loops=534)
                                                        Index Cond: (i_item_sk = store_sales.ss_item_sk)
                                                        Filter: ((i_manager_id >= 71) AND (i_manager_id <= 100))
                                                        Rows Removed by Filter: 1
                                            ->  Index Scan using customer_pkey on customer  (cost=0.29..0.77 rows=1 width=8) (actual time=0.056..0.056 rows=0 loops=224)
                                                  Index Cond: (c_customer_sk = store_sales.ss_customer_sk)
                                                  Filter: ((c_birth_year >= 1987) AND (c_birth_year <= 1993))
                                                  Rows Removed by Filter: 1
                    ->  GroupAggregate  (cost=53279.25..53279.27 rows=1 width=53) (actual time=48.899..49.063 rows=2 loops=15)
                          Group Key: item_1.i_item_id, customer_1.c_birth_year
                          InitPlan 2 (returns $1)
                            ->  Seq Scan on date_dim date_dim_7  (cost=0.00..2337.11 rows=1 width=4) (actual time=1.619..3.177 rows=1 loops=1)
                                  Filter: (d_date = '2000-07-16'::date)
                                  Rows Removed by Filter: 73048
                          ->  Sort  (cost=50942.13..50942.14 rows=1 width=27) (actual time=48.897..49.060 rows=3 loops=15)
                                Sort Key: item_1.i_item_id, customer_1.c_birth_year
                                Sort Method: quicksort  Memory: 25kB
                                ->  Gather  (cost=2962.23..50942.12 rows=1 width=27) (actual time=39.400..735.872 rows=3 loops=1)
                                      Workers Planned: 2
                                      Params Evaluated: $1
                                      Workers Launched: 2
                                      ->  Nested Loop  (cost=1962.23..49942.02 rows=1 width=27) (actual time=267.061..728.278 rows=1 loops=3)
                                            ->  Nested Loop  (cost=1961.94..49940.93 rows=1 width=27) (actual time=33.872..726.947 rows=14 loops=3)
                                                  ->  Parallel Hash Semi Join  (cost=1961.65..49939.63 rows=2 width=14) (actual time=33.605..726.272 rows=53 loops=3)
                                                        Hash Cond: (date_dim_2.d_date = date_dim_3.d_date)
                                                        ->  Nested Loop  (cost=0.30..47961.08 rows=6540 width=18) (actual time=0.603..724.380 rows=4199 loops=3)
                                                              ->  Parallel Seq Scan on catalog_sales  (cost=0.00..46248.07 rows=6577 width=18) (actual time=0.595..720.821 rows=4210 loops=3)
                                                                    Filter: ((cs_list_price >= '271'::numeric) AND (cs_list_price <= '300'::numeric))
                                                                    Rows Removed by Filter: 475395
                                                              ->  Memoize  (cost=0.30..0.73 rows=1 width=8) (actual time=0.001..0.001 rows=1 loops=12630)
                                                                    Cache Key: catalog_sales.cs_sold_date_sk
                                                                    Cache Mode: logical
                                                                    Hits: 3112  Misses: 976  Evictions: 0  Overflows: 0  Memory Usage: 103kB
                                                                    Worker 0:  Hits: 3239  Misses: 979  Evictions: 0  Overflows: 0  Memory Usage: 104kB
                                                                    Worker 1:  Hits: 3332  Misses: 992  Evictions: 0  Overflows: 0  Memory Usage: 105kB
                                                                    ->  Index Scan using date_dim_pkey on date_dim date_dim_2  (cost=0.29..0.72 rows=1 width=8) (actual time=0.001..0.001 rows=1 loops=2947)
                                                                          Index Cond: (d_date_sk = catalog_sales.cs_sold_date_sk)
                                                        ->  Parallel Hash  (cost=1961.12..1961.12 rows=18 width=4) (actual time=1.219..1.219 rows=10 loops=3)
                                                              Buckets: 1024  Batches: 1  Memory Usage: 72kB
                                                              ->  Parallel Seq Scan on date_dim date_dim_3  (cost=0.00..1961.12 rows=18 width=4) (actual time=0.766..1.205 rows=10 loops=3)
                                                                    Filter: (d_month_seq = $1)
                                                                    Rows Removed by Filter: 24339
                                                  ->  Index Scan using item_pkey on item item_1  (cost=0.29..0.65 rows=1 width=21) (actual time=0.012..0.012 rows=0 loops=160)
                                                        Index Cond: (i_item_sk = catalog_sales.cs_item_sk)
                                                        Filter: ((i_manager_id >= 71) AND (i_manager_id <= 100))
                                                        Rows Removed by Filter: 1
                                            ->  Index Scan using customer_pkey on customer customer_1  (cost=0.29..1.10 rows=1 width=8) (actual time=0.093..0.093 rows=0 loops=43)
                                                  Index Cond: (c_customer_sk = catalog_sales.cs_bill_customer_sk)
                                                  Filter: ((c_birth_year >= 1987) AND (c_birth_year <= 1993))
                                                  Rows Removed by Filter: 1
              ->  GroupAggregate  (cost=30233.43..30233.45 rows=1 width=53) (never executed)
                    Group Key: item_2.i_item_id, customer_2.c_birth_year
                    InitPlan 3 (returns $2)
                      ->  Seq Scan on date_dim date_dim_8  (cost=0.00..2337.11 rows=1 width=4) (never executed)
                            Filter: (d_date = '2000-07-16'::date)
                    ->  Sort  (cost=27896.32..27896.32 rows=1 width=27) (never executed)
                          Sort Key: item_2.i_item_id, customer_2.c_birth_year
                          ->  Gather  (cost=2962.23..27896.31 rows=1 width=27) (never executed)
                                Workers Planned: 2
                                Params Evaluated: $2
                                Workers Launched: 0
                                ->  Nested Loop  (cost=1962.23..26896.21 rows=1 width=27) (never executed)
                                      ->  Nested Loop  (cost=1961.94..26895.05 rows=1 width=27) (never executed)
                                            ->  Parallel Hash Semi Join  (cost=1961.65..26893.70 rows=2 width=14) (never executed)
                                                  Hash Cond: (date_dim_4.d_date = date_dim_5.d_date)
                                                  ->  Nested Loop  (cost=0.30..24916.29 rows=6105 width=18) (never executed)
                                                        ->  Parallel Seq Scan on web_sales  (cost=0.00..23128.15 rows=6106 width=18) (never executed)
                                                              Filter: ((ws_list_price >= '271'::numeric) AND (ws_list_price <= '300'::numeric))
                                                        ->  Memoize  (cost=0.30..0.76 rows=1 width=8) (never executed)
                                                              Cache Key: web_sales.ws_sold_date_sk
                                                              Cache Mode: logical
                                                              ->  Index Scan using date_dim_pkey on date_dim date_dim_4  (cost=0.29..0.75 rows=1 width=8) (never executed)
                                                                    Index Cond: (d_date_sk = web_sales.ws_sold_date_sk)
                                                  ->  Parallel Hash  (cost=1961.12..1961.12 rows=18 width=4) (never executed)
                                                        ->  Parallel Seq Scan on date_dim date_dim_5  (cost=0.00..1961.12 rows=18 width=4) (never executed)
                                                              Filter: (d_month_seq = $2)
                                            ->  Index Scan using item_pkey on item item_2  (cost=0.29..0.67 rows=1 width=21) (never executed)
                                                  Index Cond: (i_item_sk = web_sales.ws_item_sk)
                                                  Filter: ((i_manager_id >= 71) AND (i_manager_id <= 100))
                                      ->  Index Scan using customer_pkey on customer customer_2  (cost=0.29..1.16 rows=1 width=8) (never executed)
                                            Index Cond: (c_customer_sk = web_sales.ws_bill_customer_sk)
                                            Filter: ((c_birth_year >= 1987) AND (c_birth_year <= 1993))
Planning Time: 6.693 ms
Execution Time: 868.813 ms"
Q42,1510.939,"Limit  (cost=86376.64..86376.64 rows=1 width=250) (actual time=1507.888..1507.927 rows=100 loops=1)
  CTE wss
    ->  GroupAggregate  (cost=78113.99..80652.91 rows=13801 width=232) (actual time=278.604..470.069 rows=1793 loops=1)
          Group Key: date_dim.d_week_seq, store_sales.ss_store_sk
          ->  Gather Merge  (cost=78113.99..79721.34 rows=13801 width=24) (actual time=278.427..332.935 rows=681480 loops=1)
                Workers Planned: 2
                Workers Launched: 2
                ->  Sort  (cost=77113.97..77128.34 rows=5750 width=24) (actual time=273.421..283.420 rows=227160 loops=3)
                      Sort Key: date_dim.d_week_seq, store_sales.ss_store_sk
                      Sort Method: external merge  Disk: 7864kB
                      Worker 0:  Sort Method: external merge  Disk: 7728kB
                      Worker 1:  Sort Method: external merge  Disk: 7736kB
                      ->  Nested Loop  (cost=0.30..76754.90 rows=5750 width=24) (actual time=0.061..236.146 rows=227160 loops=3)
                            ->  Parallel Seq Scan on store_sales  (cost=0.00..75022.36 rows=6000 width=14) (actual time=0.043..198.863 rows=229992 loops=3)
                                  Filter: (((ss_sales_price / ss_list_price) >= 0.80) AND ((ss_sales_price / ss_list_price) <= 1.00))
                                  Rows Removed by Filter: 730143
                            ->  Memoize  (cost=0.30..0.77 rows=1 width=18) (actual time=0.000..0.000 rows=1 loops=689976)
                                  Cache Key: store_sales.ss_sold_date_sk
                                  Cache Mode: logical
                                  Hits: 231474  Misses: 1226  Evictions: 0  Overflows: 0  Memory Usage: 144kB
                                  Worker 0:  Hits: 227229  Misses: 1244  Evictions: 0  Overflows: 0  Memory Usage: 146kB
                                  Worker 1:  Hits: 227562  Misses: 1241  Evictions: 0  Overflows: 0  Memory Usage: 146kB
                                  ->  Index Scan using date_dim_pkey on date_dim  (cost=0.29..0.76 rows=1 width=18) (actual time=0.001..0.001 rows=1 loops=3711)
                                        Index Cond: (d_date_sk = store_sales.ss_sold_date_sk)
  ->  Sort  (cost=5723.73..5723.73 rows=1 width=250) (actual time=1507.887..1507.891 rows=100 loops=1)
        Sort Key: store.s_store_name, store.s_store_id, wss.d_week_seq
        Sort Method: top-N heapsort  Memory: 50kB
        ->  Nested Loop  (cost=645.81..5723.72 rows=1 width=250) (actual time=476.252..1507.308 rows=2544 loops=1)
              Join Filter: (wss_1.d_week_seq = d_1.d_week_seq)
              Rows Removed by Join Filter: 131046
              ->  Hash Join  (cost=645.81..3198.68 rows=1 width=478) (actual time=474.829..476.527 rows=366 loops=1)
                    Hash Cond: ((d.d_week_seq = (wss_1.d_week_seq - 52)) AND (store.s_store_id = store_1.s_store_id))
                    ->  Hash Join  (cost=322.13..2870.00 rows=21 width=254) (actual time=3.883..5.476 rows=366 loops=1)
                          Hash Cond: (d.d_week_seq = wss.d_week_seq)
                          ->  Seq Scan on date_dim d  (cost=0.00..2519.73 rows=349 width=4) (actual time=1.798..3.297 rows=366 loops=1)
                                Filter: ((d_month_seq >= 1192) AND (d_month_seq <= 1203))
                                Rows Removed by Filter: 72683
                          ->  Hash  (cost=314.37..314.37 rows=621 width=250) (actual time=2.071..2.072 rows=299 loops=1)
                                Buckets: 1024  Batches: 1  Memory Usage: 41kB
                                ->  Hash Join  (cost=1.35..314.37 rows=621 width=250) (actual time=1.861..2.015 rows=299 loops=1)
                                      Hash Cond: (wss.ss_store_sk = store.s_store_sk)
                                      ->  CTE Scan on wss  (cost=0.00..276.02 rows=13801 width=232) (actual time=0.000..0.060 rows=1793 loops=1)
                                      ->  Hash  (cost=1.24..1.24 rows=9 width=26) (actual time=1.855..1.856 rows=2 loops=1)
                                            Buckets: 1024  Batches: 1  Memory Usage: 9kB
                                            ->  Seq Scan on store  (cost=0.00..1.24 rows=9 width=26) (actual time=0.004..0.012 rows=2 loops=1)
                                                  Filter: (s_state = ANY ('{IA,IN,KY,MI,MS,OH,TX,WI}'::bpchar[]))
                                                  Rows Removed by Filter: 10
                    ->  Hash  (cost=314.37..314.37 rows=621 width=245) (actual time=470.942..470.943 rows=299 loops=1)
                          Buckets: 1024  Batches: 1  Memory Usage: 40kB
                          ->  Hash Join  (cost=1.35..314.37 rows=621 width=245) (actual time=278.662..470.747 rows=299 loops=1)
                                Hash Cond: (wss_1.ss_store_sk = store_1.s_store_sk)
                                ->  CTE Scan on wss wss_1  (cost=0.00..276.02 rows=13801 width=232) (actual time=278.605..470.528 rows=1793 loops=1)
                                ->  Hash  (cost=1.24..1.24 rows=9 width=21) (actual time=0.051..0.051 rows=2 loops=1)
                                      Buckets: 1024  Batches: 1  Memory Usage: 9kB
                                      ->  Seq Scan on store store_1  (cost=0.00..1.24 rows=9 width=21) (actual time=0.008..0.012 rows=2 loops=1)
                                            Filter: (s_state = ANY ('{IA,IN,KY,MI,MS,OH,TX,WI}'::bpchar[]))
                                            Rows Removed by Filter: 10
              ->  Seq Scan on date_dim d_1  (cost=0.00..2519.73 rows=423 width=4) (actual time=1.335..2.802 rows=365 loops=366)
                    Filter: ((d_month_seq >= 1204) AND (d_month_seq <= 1215))
                    Rows Removed by Filter: 72684
Planning Time: 1.328 ms
Execution Time: 1510.939 ms"
Q43,1179.622,"Sort  (cost=59980.56..59980.56 rows=1 width=1310) (actual time=1179.221..1179.539 rows=0 loops=1)
  Sort Key: cs1.product_name, cs1.store_name, cs2.cnt, cs1.s1, cs2.s1
  Sort Method: quicksort  Memory: 25kB
  CTE cross_sales
    ->  GroupAggregate  (cost=57425.33..59980.48 rows=1 width=267) (actual time=1179.218..1179.536 rows=0 loops=1)
          Group Key: item.i_item_sk, store.s_store_name, store.s_zip, ad1.ca_street_number, ad1.ca_street_name, ad1.ca_city, ad1.ca_zip, ad2.ca_street_number, ad2.ca_street_name, ad2.ca_city, ad2.ca_zip, d1.d_year, d2.d_year, d3.d_year
          ->  Incremental Sort  (cost=57425.33..59980.38 rows=2 width=178) (actual time=1179.217..1179.535 rows=0 loops=1)
                Sort Key: item.i_item_sk, store.s_store_name, store.s_zip, ad1.ca_street_number, ad1.ca_street_name, ad1.ca_city, ad1.ca_zip, ad2.ca_street_number, ad2.ca_street_name, ad2.ca_city, ad2.ca_zip, d1.d_year, d2.d_year, d3.d_year
                Presorted Key: item.i_item_sk
                Full-sort Groups: 1  Sort Method: quicksort  Average Memory: 25kB  Peak Memory: 25kB
                ->  Nested Loop  (cost=54870.36..59980.29 rows=1 width=178) (actual time=1179.214..1179.533 rows=0 loops=1)
                      ->  Nested Loop  (cost=54870.22..59980.13 rows=1 width=182) (actual time=1179.214..1179.532 rows=0 loops=1)
                            ->  Nested Loop  (cost=54869.93..59979.77 rows=1 width=146) (actual time=1077.864..1179.519 rows=2 loops=1)
                                  ->  Nested Loop  (cost=54869.78..59979.59 rows=1 width=150) (actual time=859.750..1179.078 rows=28 loops=1)
                                        Join Filter: (cd1.cd_marital_status <> cd2.cd_marital_status)
                                        Rows Removed by Join Filter: 7
                                        ->  Nested Loop  (cost=54869.35..59978.04 rows=1 width=156) (actual time=841.986..1134.239 rows=143 loops=1)
                                              ->  Nested Loop  (cost=54869.22..59977.88 rows=1 width=160) (actual time=841.974..1134.115 rows=143 loops=1)
                                                    ->  Nested Loop  (cost=54868.92..59977.51 rows=1 width=160) (actual time=841.966..1133.950 rows=143 loops=1)
                                                          ->  Nested Loop  (cost=54868.64..59977.21 rows=1 width=160) (actual time=841.959..1132.354 rows=147 loops=1)
                                                                ->  Nested Loop  (cost=54868.35..59976.83 rows=1 width=160) (actual time=841.954..1131.650 rows=153 loops=1)
                                                                      ->  Nested Loop  (cost=54868.06..59976.50 rows=1 width=144) (actual time=841.767..1124.088 rows=153 loops=1)
                                                                            ->  Nested Loop  (cost=54867.92..59976.35 rows=1 width=132) (actual time=841.760..1123.907 rows=154 loops=1)
                                                                                  ->  Nested Loop  (cost=54867.49..59975.71 rows=1 width=134) (actual time=840.141..984.604 rows=491 loops=1)
                                                                                        ->  Nested Loop  (cost=54867.20..59975.39 rows=1 width=134) (actual time=840.134..983.916 rows=495 loops=1)
                                                                                              ->  Nested Loop  (cost=54866.91..59975.08 rows=1 width=98) (actual time=839.767..922.631 rows=498 loops=1)
                                                                                                    ->  Nested Loop  (cost=54866.63..59974.78 rows=1 width=98) (actual time=839.374..916.882 rows=507 loops=1)
                                                                                                          Join Filter: (store_sales.ss_item_sk = item.i_item_sk)
                                                                                                          ->  Nested Loop  (cost=54866.20..58590.78 rows=1720 width=67) (actual time=838.890..882.195 rows=2480 loops=1)
                                                                                                                Join Filter: (store_returns.sr_item_sk = item.i_item_sk)
                                                                                                                ->  Merge Join  (cost=54865.77..58395.29 rows=43 width=59) (actual time=838.654..862.793 rows=108 loops=1)
                                                                                                                      Merge Cond: (item.i_item_sk = catalog_sales.cs_item_sk)
                                                                                                                      ->  Index Scan using item_pkey on item  (cost=0.29..1860.86 rows=201 width=55) (actual time=0.033..5.165 rows=183 loops=1)
                                                                                                                            Filter: ((i_current_price >= '80'::numeric) AND (i_current_price <= '90'::numeric))
                                                                                                                            Rows Removed by Filter: 17817
                                                                                                                      ->  Finalize GroupAggregate  (cost=54865.49..56484.98 rows=3881 width=68) (actual time=837.320..857.088 rows=11179 loops=1)
                                                                                                                            Group Key: catalog_sales.cs_item_sk
                                                                                                                            Filter: (sum(catalog_sales.cs_ext_list_price) > ('2'::numeric * sum(((catalog_returns.cr_refunded_cash + catalog_returns.cr_reversed_charge) + catalog_returns.cr_store_credit))))
                                                                                                                            Rows Removed by Filter: 1750
                                                                                                                            ->  Gather Merge  (cost=54865.49..56130.87 rows=9702 width=68) (actual time=837.311..845.671 rows=20039 loops=1)
                                                                                                                                  Workers Planned: 2
                                                                                                                                  Workers Launched: 2
                                                                                                                                  ->  Partial GroupAggregate  (cost=53865.46..54010.99 rows=4851 width=68) (actual time=834.440..840.922 rows=6681 loops=3)
                                                                                                                                        Group Key: catalog_sales.cs_item_sk
                                                                                                                                        ->  Sort  (cost=53865.46..53877.59 rows=4851 width=29) (actual time=834.417..835.245 rows=17680 loops=3)
                                                                                                                                              Sort Key: catalog_sales.cs_item_sk
                                                                                                                                              Sort Method: quicksort  Memory: 1771kB
                                                                                                                                              Worker 0:  Sort Method: quicksort  Memory: 1769kB
                                                                                                                                              Worker 1:  Sort Method: quicksort  Memory: 1760kB
                                                                                                                                              ->  Parallel Hash Join  (cost=6546.72..53568.48 rows=4851 width=29) (actual time=96.620..830.374 rows=17682 loops=3)
                                                                                                                                                    Hash Cond: ((catalog_sales.cs_item_sk = catalog_returns.cr_item_sk) AND (catalog_sales.cs_order_number = catalog_returns.cr_order_number))
                                                                                                                                                    ->  Parallel Seq Scan on catalog_sales  (cost=0.00..46248.07 rows=147370 width=15) (actual time=0.268..703.946 rows=118729 loops=3)
                                                                                                                                                          Filter: ((cs_wholesale_cost >= '73'::numeric) AND (cs_wholesale_cost <= '93'::numeric))
                                                                                                                                                          Rows Removed by Filter: 360876
                                                                                                                                                    ->  Parallel Hash  (cost=5201.09..5201.09 rows=89709 width=26) (actual time=96.249..96.249 rows=71767 loops=3)
                                                                                                                                                          Buckets: 262144  Batches: 1  Memory Usage: 15424kB
                                                                                                                                                          ->  Parallel Seq Scan on catalog_returns  (cost=0.00..5201.09 rows=89709 width=26) (actual time=0.098..86.202 rows=71767 loops=3)
                                                                                                                ->  Index Only Scan using store_returns_pkey on store_returns  (cost=0.42..3.76 rows=63 width=8) (actual time=0.177..0.178 rows=23 loops=108)
                                                                                                                      Index Cond: (sr_item_sk = catalog_sales.cs_item_sk)
                                                                                                                      Heap Fetches: 0
                                                                                                          ->  Index Scan using store_sales_pkey on store_sales  (cost=0.43..0.79 rows=1 width=51) (actual time=0.014..0.014 rows=0 loops=2480)
                                                                                                                Index Cond: ((ss_item_sk = store_returns.sr_item_sk) AND (ss_ticket_number = store_returns.sr_ticket_number))
                                                                                                                Filter: ((ss_wholesale_cost >= '73'::numeric) AND (ss_wholesale_cost <= '93'::numeric))
                                                                                                                Rows Removed by Filter: 1
                                                                                                    ->  Index Scan using household_demographics_pkey on household_demographics hd1  (cost=0.28..0.30 rows=1 width=8) (actual time=0.011..0.011 rows=1 loops=507)
                                                                                                          Index Cond: (hd_demo_sk = store_sales.ss_hdemo_sk)
                                                                                              ->  Index Scan using customer_address_pkey on customer_address ad1  (cost=0.29..0.32 rows=1 width=44) (actual time=0.123..0.123 rows=1 loops=498)
                                                                                                    Index Cond: (ca_address_sk = store_sales.ss_addr_sk)
                                                                                        ->  Index Scan using date_dim_pkey on date_dim d1  (cost=0.29..0.32 rows=1 width=8) (actual time=0.001..0.001 rows=1 loops=495)
                                                                                              Index Cond: (d_date_sk = store_sales.ss_sold_date_sk)
                                                                                  ->  Index Scan using customer_demographics_pkey on customer_demographics cd1  (cost=0.43..0.63 rows=1 width=6) (actual time=0.284..0.284 rows=0 loops=491)
                                                                                        Index Cond: (cd_demo_sk = store_sales.ss_cdemo_sk)
                                                                                        Filter: ((cd_marital_status = ANY ('{U,D,S}'::bpchar[])) AND (cd_education_status = ANY ('{""Advanced Degree"",""2 yr Degree"",College}'::bpchar[])))
                                                                                        Rows Removed by Filter: 1
                                                                            ->  Index Scan using store_pkey on store  (cost=0.14..0.15 rows=1 width=20) (actual time=0.001..0.001 rows=1 loops=154)
                                                                                  Index Cond: (s_store_sk = store_sales.ss_store_sk)
                                                                      ->  Index Scan using customer_pkey on customer  (cost=0.29..0.33 rows=1 width=24) (actual time=0.049..0.049 rows=1 loops=153)
                                                                            Index Cond: (c_customer_sk = store_sales.ss_customer_sk)
                                                                ->  Index Scan using date_dim_pkey on date_dim d3  (cost=0.29..0.38 rows=1 width=8) (actual time=0.004..0.004 rows=1 loops=153)
                                                                      Index Cond: (d_date_sk = customer.c_first_shipto_date_sk)
                                                          ->  Index Scan using household_demographics_pkey on household_demographics hd2  (cost=0.28..0.30 rows=1 width=8) (actual time=0.011..0.011 rows=1 loops=147)
                                                                Index Cond: (hd_demo_sk = customer.c_current_hdemo_sk)
                                                    ->  Index Scan using date_dim_pkey on date_dim d2  (cost=0.29..0.38 rows=1 width=8) (actual time=0.001..0.001 rows=1 loops=143)
                                                          Index Cond: (d_date_sk = customer.c_first_sales_date_sk)
                                              ->  Index Only Scan using income_band_pkey on income_band ib2  (cost=0.14..0.16 rows=1 width=4) (actual time=0.001..0.001 rows=1 loops=143)
                                                    Index Cond: (ib_income_band_sk = hd2.hd_income_band_sk)
                                                    Heap Fetches: 143
                                        ->  Index Scan using customer_demographics_pkey on customer_demographics cd2  (cost=0.43..1.54 rows=1 width=6) (actual time=0.313..0.313 rows=0 loops=143)
                                              Index Cond: (cd_demo_sk = customer.c_current_cdemo_sk)
                                              Filter: ((cd_marital_status = ANY ('{U,D,S}'::bpchar[])) AND (cd_education_status = ANY ('{""Advanced Degree"",""2 yr Degree"",College}'::bpchar[])))
                                              Rows Removed by Filter: 1
                                  ->  Index Scan using promotion_pkey on promotion  (cost=0.15..0.17 rows=1 width=4) (actual time=0.015..0.015 rows=0 loops=28)
                                        Index Cond: (p_promo_sk = store_sales.ss_promo_sk)
                                        Filter: ((p_channel_email = 'Y'::bpchar) AND (p_channel_tv = 'Y'::bpchar) AND (p_channel_radio = 'Y'::bpchar))
                                        Rows Removed by Filter: 1
                            ->  Index Scan using customer_address_pkey on customer_address ad2  (cost=0.29..0.36 rows=1 width=44) (actual time=0.006..0.006 rows=0 loops=2)
                                  Index Cond: (ca_address_sk = customer.c_current_addr_sk)
                                  Filter: (ca_state = ANY ('{IN,MS,WI}'::bpchar[]))
                                  Rows Removed by Filter: 1
                      ->  Index Only Scan using income_band_pkey on income_band ib1  (cost=0.14..0.16 rows=1 width=4) (never executed)
                            Index Cond: (ib_income_band_sk = hd1.hd_income_band_sk)
                            Heap Fetches: 0
  ->  Nested Loop  (cost=0.00..0.07 rows=1 width=1310) (actual time=1179.218..1179.219 rows=0 loops=1)
        Join Filter: ((cs2.cnt <= cs1.cnt) AND (cs1.item_sk = cs2.item_sk) AND ((cs1.store_name)::text = (cs2.store_name)::text) AND (cs1.store_zip = cs2.store_zip))
        ->  CTE Scan on cross_sales cs1  (cost=0.00..0.02 rows=1 width=1206) (actual time=1179.218..1179.218 rows=0 loops=1)
              Filter: (syear = 1998)
        ->  CTE Scan on cross_sales cs2  (cost=0.00..0.02 rows=1 width=274) (never executed)
              Filter: (syear = 1999)
Planning Time: 47.571 ms
Execution Time: 1179.622 ms"
Q44,220.273,"Limit  (cost=155564.21..155564.21 rows=1 width=203) (actual time=219.031..220.231 rows=0 loops=1)
  ->  Sort  (cost=155564.21..155564.21 rows=1 width=203) (actual time=219.031..220.231 rows=0 loops=1)
        Sort Key: store.s_store_name, item.i_item_desc
        Sort Method: quicksort  Memory: 25kB
        ->  Nested Loop  (cost=155533.83..155564.20 rows=1 width=203) (actual time=219.030..220.230 rows=0 loops=1)
              ->  Merge Join  (cost=155533.54..155557.70 rows=1 width=41) (actual time=219.030..220.230 rows=0 loops=1)
                    Merge Cond: (store_sales.ss_store_sk = store_sales_1.ss_store_sk)
                    Join Filter: ((sum(store_sales.ss_sales_price)) <= (0.1 * (avg((sum(store_sales_1.ss_sales_price))))))
                    ->  Finalize GroupAggregate  (cost=77766.18..77776.48 rows=81 width=40) (actual time=219.015..220.213 rows=1 loops=1)
                          Group Key: store_sales.ss_store_sk, store_sales.ss_item_sk
                          ->  Gather Merge  (cost=77766.18..77774.79 rows=68 width=40) (actual time=219.010..220.209 rows=3 loops=1)
                                Workers Planned: 2
                                Workers Launched: 2
                                ->  Partial GroupAggregate  (cost=76766.15..76766.92 rows=34 width=40) (actual time=217.571..217.637 rows=158 loops=3)
                                      Group Key: store_sales.ss_store_sk, store_sales.ss_item_sk
                                      ->  Sort  (cost=76766.15..76766.24 rows=34 width=14) (actual time=217.563..217.572 rows=399 loops=3)
                                            Sort Key: store_sales.ss_store_sk, store_sales.ss_item_sk
                                            Sort Method: quicksort  Memory: 935kB
                                            Worker 0:  Sort Method: quicksort  Memory: 924kB
                                            Worker 1:  Sort Method: quicksort  Memory: 924kB
                                            ->  Nested Loop  (cost=0.30..76765.29 rows=34 width=14) (actual time=89.815..215.109 rows=13909 loops=3)
                                                  ->  Parallel Seq Scan on store_sales  (cost=0.00..75022.36 rows=6000 width=18) (actual time=0.020..206.630 rows=54246 loops=3)
                                                        Filter: (((ss_sales_price / ss_list_price) >= 0.41) AND ((ss_sales_price / ss_list_price) <= 0.51))
                                                        Rows Removed by Filter: 905889
                                                  ->  Memoize  (cost=0.30..0.78 rows=1 width=4) (actual time=0.000..0.000 rows=0 loops=162738)
                                                        Cache Key: store_sales.ss_sold_date_sk
                                                        Cache Mode: logical
                                                        Hits: 53805  Misses: 1246  Evictions: 0  Overflows: 0  Memory Usage: 92kB
                                                        Worker 0:  Hits: 52759  Misses: 1223  Evictions: 0  Overflows: 0  Memory Usage: 91kB
                                                        Worker 1:  Hits: 52448  Misses: 1257  Evictions: 0  Overflows: 0  Memory Usage: 93kB
                                                        ->  Index Scan using date_dim_pkey on date_dim  (cost=0.29..0.77 rows=1 width=4) (actual time=0.001..0.001 rows=0 loops=3726)
                                                              Index Cond: (d_date_sk = store_sales.ss_sold_date_sk)
                                                              Filter: ((d_month_seq >= 1207) AND (d_month_seq <= 1218))
                                                              Rows Removed by Filter: 1
                    ->  Materialize  (cost=77767.36..77780.15 rows=3 width=45) (actual time=0.014..0.016 rows=0 loops=1)
                          ->  Merge Join  (cost=77767.36..77780.15 rows=3 width=45) (actual time=0.013..0.014 rows=0 loops=1)
                                Merge Cond: (store.s_store_sk = store_sales_1.ss_store_sk)
                                ->  Sort  (cost=1.19..1.20 rows=3 width=9) (actual time=0.012..0.013 rows=0 loops=1)
                                      Sort Key: store.s_store_sk
                                      Sort Method: quicksort  Memory: 25kB
                                      ->  Seq Scan on store  (cost=0.00..1.17 rows=3 width=9) (actual time=0.009..0.009 rows=0 loops=1)
                                            Filter: (s_state = ANY ('{IA,IN,WI}'::bpchar[]))
                                            Rows Removed by Filter: 12
                                ->  GroupAggregate  (cost=77766.18..77778.71 rows=81 width=36) (never executed)
                                      Group Key: store_sales_1.ss_store_sk
                                      ->  Finalize GroupAggregate  (cost=77766.18..77776.48 rows=81 width=40) (never executed)
                                            Group Key: store_sales_1.ss_store_sk, store_sales_1.ss_item_sk
                                            ->  Gather Merge  (cost=77766.18..77774.79 rows=68 width=40) (never executed)
                                                  Workers Planned: 2
                                                  Workers Launched: 0
                                                  ->  Partial GroupAggregate  (cost=76766.15..76766.92 rows=34 width=40) (never executed)
                                                        Group Key: store_sales_1.ss_store_sk, store_sales_1.ss_item_sk
                                                        ->  Sort  (cost=76766.15..76766.24 rows=34 width=14) (never executed)
                                                              Sort Key: store_sales_1.ss_store_sk, store_sales_1.ss_item_sk
                                                              ->  Nested Loop  (cost=0.30..76765.29 rows=34 width=14) (never executed)
                                                                    ->  Parallel Seq Scan on store_sales store_sales_1  (cost=0.00..75022.36 rows=6000 width=18) (never executed)
                                                                          Filter: (((ss_sales_price / ss_list_price) >= 0.41) AND ((ss_sales_price / ss_list_price) <= 0.51))
                                                                    ->  Memoize  (cost=0.30..0.78 rows=1 width=4) (never executed)
                                                                          Cache Key: store_sales_1.ss_sold_date_sk
                                                                          Cache Mode: logical
                                                                          ->  Index Scan using date_dim_pkey on date_dim date_dim_1  (cost=0.29..0.77 rows=1 width=4) (never executed)
                                                                                Index Cond: (d_date_sk = store_sales_1.ss_sold_date_sk)
                                                                                Filter: ((d_month_seq >= 1207) AND (d_month_seq <= 1218))
              ->  Index Scan using item_pkey on item  (cost=0.29..6.48 rows=1 width=170) (never executed)
                    Index Cond: (i_item_sk = store_sales.ss_item_sk)
                    Filter: ((i_manager_id >= 54) AND (i_manager_id <= 58))
Planning Time: 0.202 ms
Execution Time: 220.273 ms"
Q45,1815.439,"Limit  (cost=149736.85..149737.10 rows=9 width=64) (actual time=1815.276..1815.372 rows=89 loops=1)
  ->  GroupAggregate  (cost=149736.85..149737.10 rows=9 width=64) (actual time=1815.275..1815.368 rows=89 loops=1)
        Group Key: customer_demographics.cd_gender, customer_demographics.cd_marital_status, customer_demographics.cd_education_status, customer_demographics.cd_purchase_estimate, customer_demographics.cd_credit_rating
        ->  Sort  (cost=149736.85..149736.88 rows=9 width=40) (actual time=1815.271..1815.339 rows=148 loops=1)
              Sort Key: customer_demographics.cd_gender, customer_demographics.cd_marital_status, customer_demographics.cd_education_status, customer_demographics.cd_purchase_estimate, customer_demographics.cd_credit_rating
              Sort Method: quicksort  Memory: 35kB
              ->  Nested Loop Anti Join  (cost=77383.23..149736.71 rows=9 width=40) (actual time=1470.491..1815.135 rows=148 loops=1)
                    Join Filter: (c.c_customer_sk = catalog_sales.cs_ship_customer_sk)
                    Rows Removed by Join Filter: 1376225
                    ->  Nested Loop  (cost=74206.58..99957.68 rows=9 width=44) (actual time=691.465..966.002 rows=150 loops=1)
                          ->  Nested Loop  (cost=74206.15..99876.26 rows=53 width=8) (actual time=691.128..784.751 rows=612 loops=1)
                                ->  Hash Right Anti Join  (cost=74205.86..99662.17 rows=591 width=12) (actual time=689.533..690.447 rows=8933 loops=1)
                                      Hash Cond: (web_sales.ws_bill_customer_sk = c.c_customer_sk)
                                      ->  Gather  (cost=1000.30..26455.91 rows=184 width=4) (actual time=88.380..398.087 rows=11584 loops=1)
                                            Workers Planned: 2
                                            Workers Launched: 2
                                            ->  Nested Loop  (cost=0.30..25437.51 rows=77 width=4) (actual time=86.722..396.673 rows=3861 loops=3)
                                                  ->  Parallel Seq Scan on web_sales  (cost=0.00..23128.15 rows=60927 width=8) (actual time=0.273..387.268 rows=49735 loops=3)
                                                        Filter: ((ws_list_price >= '139'::numeric) AND (ws_list_price <= '228'::numeric))
                                                        Rows Removed by Filter: 190060
                                                  ->  Memoize  (cost=0.30..0.37 rows=1 width=4) (actual time=0.000..0.000 rows=0 loops=149204)
                                                        Cache Key: web_sales.ws_sold_date_sk
                                                        Cache Mode: logical
                                                        Hits: 48855  Misses: 1140  Evictions: 0  Overflows: 0  Memory Usage: 78kB
                                                        Worker 0:  Hits: 48512  Misses: 1119  Evictions: 0  Overflows: 0  Memory Usage: 77kB
                                                        Worker 1:  Hits: 48459  Misses: 1119  Evictions: 0  Overflows: 0  Memory Usage: 77kB
                                                        ->  Index Scan using date_dim_pkey on date_dim date_dim_1  (cost=0.29..0.36 rows=1 width=4) (actual time=0.001..0.001 rows=0 loops=3378)
                                                              Index Cond: (d_date_sk = web_sales.ws_sold_date_sk)
                                                              Filter: ((d_moy >= 7) AND (d_moy <= 9) AND (d_year = 1999))
                                                              Rows Removed by Filter: 1
                                      ->  Hash  (cost=73198.16..73198.16 rows=592 width=12) (actual time=290.595..290.624 rows=9637 loops=1)
                                            Buckets: 16384 (originally 1024)  Batches: 1 (originally 1)  Memory Usage: 541kB
                                            ->  Nested Loop  (cost=72825.36..73198.16 rows=592 width=12) (actual time=114.962..289.926 rows=9637 loops=1)
                                                  ->  HashAggregate  (cost=72825.07..72831.27 rows=620 width=4) (actual time=114.731..115.570 rows=9638 loops=1)
                                                        Group Key: store_sales.ss_customer_sk
                                                        Batches: 1  Memory Usage: 913kB
                                                        ->  Gather  (cost=3176.65..72823.52 rows=620 width=4) (actual time=29.643..112.507 rows=25404 loops=1)
                                                              Workers Planned: 2
                                                              Workers Launched: 2
                                                              ->  Parallel Hash Join  (cost=2176.65..71761.52 rows=258 width=4) (actual time=29.321..112.043 rows=8468 loops=3)
                                                                    Hash Cond: (store_sales.ss_sold_date_sk = date_dim.d_date_sk)
                                                                    ->  Parallel Seq Scan on store_sales  (cost=0.00..69022.77 rows=214120 width=8) (actual time=0.034..103.996 rows=169224 loops=3)
                                                                          Filter: ((ss_list_price >= '139'::numeric) AND (ss_list_price <= '228'::numeric))
                                                                          Rows Removed by Filter: 790911
                                                                    ->  Parallel Hash  (cost=2175.97..2175.97 rows=54 width=4) (actual time=1.595..1.595 rows=31 loops=3)
                                                                          Buckets: 1024  Batches: 1  Memory Usage: 104kB
                                                                          ->  Parallel Seq Scan on date_dim  (cost=0.00..2175.97 rows=54 width=4) (actual time=0.743..1.573 rows=31 loops=3)
                                                                                Filter: ((d_moy >= 7) AND (d_moy <= 9) AND (d_year = 1999))
                                                                                Rows Removed by Filter: 24319
                                                  ->  Index Scan using customer_pkey on customer c  (cost=0.29..0.59 rows=1 width=12) (actual time=0.018..0.018 rows=1 loops=9638)
                                                        Index Cond: (c_customer_sk = store_sales.ss_customer_sk)
                                ->  Index Scan using customer_address_pkey on customer_address ca  (cost=0.29..0.36 rows=1 width=4) (actual time=0.010..0.010 rows=0 loops=8933)
                                      Index Cond: (ca_address_sk = c.c_current_addr_sk)
                                      Filter: (ca_state = ANY ('{KY,MI,OH}'::bpchar[]))
                                      Rows Removed by Filter: 1
                          ->  Index Scan using customer_demographics_pkey on customer_demographics  (cost=0.43..1.54 rows=1 width=44) (actual time=0.296..0.296 rows=0 loops=612)
                                Index Cond: (cd_demo_sk = c.c_current_cdemo_sk)
                                Filter: ((cd_education_status = ANY ('{Primary,College}'::bpchar[])) AND (cd_marital_status = ANY ('{M,D,W}'::bpchar[])))
                                Rows Removed by Filter: 1
                    ->  Materialize  (cost=3176.65..49736.76 rows=319 width=4) (actual time=4.679..5.409 rows=9175 loops=150)
                          ->  Gather  (cost=3176.65..49735.17 rows=319 width=4) (actual time=701.891..776.326 rows=9254 loops=1)
                                Workers Planned: 2
                                Workers Launched: 2
                                ->  Parallel Hash Join  (cost=2176.65..48703.27 rows=133 width=4) (actual time=699.772..775.576 rows=3085 loops=3)
                                      Hash Cond: (catalog_sales.cs_sold_date_sk = date_dim_2.d_date_sk)
                                      ->  Parallel Seq Scan on catalog_sales  (cost=0.00..46248.07 rows=106110 width=8) (actual time=0.309..766.133 rows=83792 loops=3)
                                            Filter: ((cs_list_price >= '139'::numeric) AND (cs_list_price <= '228'::numeric))
                                            Rows Removed by Filter: 395813
                                      ->  Parallel Hash  (cost=2175.97..2175.97 rows=54 width=4) (actual time=1.873..1.873 rows=31 loops=3)
                                            Buckets: 1024  Batches: 1  Memory Usage: 40kB
                                            ->  Parallel Seq Scan on date_dim date_dim_2  (cost=0.00..2175.97 rows=54 width=4) (actual time=1.498..1.850 rows=31 loops=3)
                                                  Filter: ((d_moy >= 7) AND (d_moy <= 9) AND (d_year = 1999))
                                                  Rows Removed by Filter: 24319
Planning Time: 0.476 ms
Execution Time: 1815.439 ms"
Q46,1179.584,"Limit  (cost=75766.44..75766.45 rows=1 width=80) (actual time=1179.463..1179.515 rows=51 loops=1)
  CTE all_sales
    ->  GroupAggregate  (cost=75766.15..75766.25 rows=3 width=60) (actual time=1081.005..1083.428 rows=2913 loops=1)
          Group Key: date_dim.d_year, item.i_brand_id, item.i_class_id, item.i_category_id, item.i_manufact_id
          ->  Sort  (cost=75766.15..75766.16 rows=3 width=56) (actual time=1080.997..1081.313 rows=7858 loops=1)
                Sort Key: date_dim.d_year, item.i_brand_id, item.i_class_id, item.i_category_id, item.i_manufact_id
                Sort Method: quicksort  Memory: 624kB
                ->  HashAggregate  (cost=75766.10..75766.13 rows=3 width=56) (actual time=1077.162..1078.402 rows=7858 loops=1)
                      Group Key: date_dim.d_year, item.i_brand_id, item.i_class_id, item.i_category_id, item.i_manufact_id, ((store_sales.ss_quantity - COALESCE(store_returns.sr_return_quantity, 0))), ((store_sales.ss_ext_sales_price - COALESCE(store_returns.sr_return_amt, 0.0)))
                      Batches: 1  Memory Usage: 1193kB
                      ->  Gather  (cost=2444.11..75766.04 rows=3 width=56) (actual time=37.289..1074.497 rows=8068 loops=1)
                            Workers Planned: 2
                            Workers Launched: 2
                            ->  Parallel Append  (cost=1444.11..74765.74 rows=3 width=56) (actual time=35.236..1073.048 rows=2689 loops=3)
                                  ->  Nested Loop  (cost=1444.11..42895.27 rows=1 width=56) (actual time=12.196..366.175 rows=1816 loops=3)
                                        ->  Nested Loop  (cost=1443.82..42894.50 rows=1 width=40) (actual time=12.185..363.939 rows=1840 loops=3)
                                              Join Filter: (store_sales.ss_item_sk = item.i_item_sk)
                                              ->  Parallel Hash Join  (cost=1443.39..18292.85 rows=8574 width=38) (actual time=11.182..48.420 rows=7869 loops=3)
                                                    Hash Cond: (store_returns.sr_item_sk = item.i_item_sk)
                                                    ->  Parallel Seq Scan on store_returns  (cost=0.00..16739.26 rows=41972 width=18) (actual time=0.101..32.968 rows=34487 loops=3)
                                                          Filter: (sr_reason_sk = ANY ('{3,6,18,30,40}'::integer[]))
                                                          Rows Removed by Filter: 205526
                                                    ->  Parallel Hash  (cost=1416.35..1416.35 rows=2163 width=20) (actual time=11.042..11.043 rows=1226 loops=3)
                                                          Buckets: 4096  Batches: 1  Memory Usage: 256kB
                                                          ->  Parallel Seq Scan on item  (cost=0.00..1416.35 rows=2163 width=20) (actual time=0.005..32.741 rows=3677 loops=1)
                                                                Filter: (i_category = 'Electronics'::bpchar)
                                                                Rows Removed by Filter: 14323
                                              ->  Index Scan using store_sales_pkey on store_sales  (cost=0.43..2.86 rows=1 width=22) (actual time=0.040..0.040 rows=0 loops=23607)
                                                    Index Cond: ((ss_item_sk = store_returns.sr_item_sk) AND (ss_ticket_number = store_returns.sr_ticket_number))
                                                    Filter: (((ss_sales_price / ss_list_price) >= 0.80) AND ((ss_sales_price / ss_list_price) <= 1.00))
                                                    Rows Removed by Filter: 1
                                        ->  Index Scan using date_dim_pkey on date_dim  (cost=0.29..0.76 rows=1 width=8) (actual time=0.001..0.001 rows=1 loops=5519)
                                              Index Cond: (d_date_sk = store_sales.ss_sold_date_sk)
                                  ->  Nested Loop  (cost=1444.11..17586.82 rows=1 width=56) (actual time=17.630..675.788 rows=815 loops=2)
                                        ->  Nested Loop  (cost=1443.82..17585.60 rows=1 width=40) (actual time=17.622..674.336 rows=820 loops=2)
                                              Join Filter: (catalog_sales.cs_item_sk = item_1.i_item_sk)
                                              ->  Parallel Hash Join  (cost=1443.39..7239.24 rows=2652 width=38) (actual time=16.695..61.248 rows=4806 loops=2)
                                                    Hash Cond: (catalog_returns.cr_item_sk = item_1.i_item_sk)
                                                    ->  Parallel Seq Scan on catalog_returns  (cost=0.00..5761.77 rows=12981 width=18) (actual time=0.097..41.343 rows=15635 loops=2)
                                                          Filter: (cr_reason_sk = ANY ('{3,6,18,30,40}'::integer[]))
                                                          Rows Removed by Filter: 92016
                                                    ->  Parallel Hash  (cost=1416.35..1416.35 rows=2163 width=20) (actual time=16.554..16.554 rows=1838 loops=2)
                                                          Buckets: 4096  Batches: 1  Memory Usage: 256kB
                                                          ->  Parallel Seq Scan on item item_1  (cost=0.00..1416.35 rows=2163 width=20) (actual time=0.004..32.721 rows=3677 loops=1)
                                                                Filter: (i_category = 'Electronics'::bpchar)
                                                                Rows Removed by Filter: 14323
                                              ->  Index Scan using catalog_sales_pkey on catalog_sales  (cost=0.43..3.89 rows=1 width=22) (actual time=0.127..0.127 rows=0 loops=9611)
                                                    Index Cond: ((cs_item_sk = catalog_returns.cr_item_sk) AND (cs_order_number = catalog_returns.cr_order_number))
                                                    Filter: (((cs_sales_price / cs_list_price) >= 0.80) AND ((cs_sales_price / cs_list_price) <= 1.00))
                                                    Rows Removed by Filter: 1
                                        ->  Index Scan using date_dim_pkey on date_dim date_dim_1  (cost=0.29..1.21 rows=1 width=8) (actual time=0.001..0.001 rows=1 loops=1639)
                                              Index Cond: (d_date_sk = catalog_sales.cs_sold_date_sk)
                                  ->  Nested Loop  (cost=1444.11..14283.64 rows=1 width=56) (actual time=36.840..768.618 rows=990 loops=1)
                                        ->  Nested Loop  (cost=1443.82..14281.52 rows=1 width=40) (actual time=36.835..766.191 rows=990 loops=1)
                                              Join Filter: (web_sales.ws_item_sk = item_2.i_item_sk)
                                              ->  Parallel Hash Join  (cost=1443.39..5556.36 rows=2497 width=38) (actual time=36.406..64.408 rows=4314 loops=1)
                                                    Hash Cond: (web_returns.wr_item_sk = item_2.i_item_sk)
                                                    ->  Parallel Seq Scan on web_returns  (cost=0.00..4080.87 rows=12224 width=18) (actual time=0.191..24.679 rows=20337 loops=1)
                                                          Filter: (wr_reason_sk = ANY ('{3,6,18,30,40}'::integer[]))
                                                          Rows Removed by Filter: 123705
                                                    ->  Parallel Hash  (cost=1416.35..1416.35 rows=2163 width=20) (actual time=36.196..36.196 rows=3677 loops=1)
                                                          Buckets: 4096  Batches: 1  Memory Usage: 256kB
                                                          ->  Parallel Seq Scan on item item_2  (cost=0.00..1416.35 rows=2163 width=20) (actual time=0.169..35.812 rows=3677 loops=1)
                                                                Filter: (i_category = 'Electronics'::bpchar)
                                                                Rows Removed by Filter: 14323
                                              ->  Index Scan using web_sales_pkey on web_sales  (cost=0.42..3.48 rows=1 width=22) (actual time=0.162..0.162 rows=0 loops=4314)
                                                    Index Cond: ((ws_item_sk = web_returns.wr_item_sk) AND (ws_order_number = web_returns.wr_order_number))
                                                    Filter: (((ws_sales_price / ws_list_price) >= 0.80) AND ((ws_sales_price / ws_list_price) <= 1.00))
                                                    Rows Removed by Filter: 1
                                        ->  Index Scan using date_dim_pkey on date_dim date_dim_2  (cost=0.29..2.12 rows=1 width=8) (actual time=0.002..0.002 rows=1 loops=990)
                                              Index Cond: (d_date_sk = web_sales.ws_sold_date_sk)
  ->  Sort  (cost=0.19..0.20 rows=1 width=80) (actual time=1179.463..1179.464 rows=51 loops=1)
        Sort Key: ((curr_yr.sales_cnt - prev_yr.sales_cnt)), ((curr_yr.sales_amt - prev_yr.sales_amt))
        Sort Method: quicksort  Memory: 31kB
        ->  Nested Loop  (cost=0.00..0.18 rows=1 width=80) (actual time=1084.401..1179.436 rows=51 loops=1)
              Join Filter: ((curr_yr.i_brand_id = prev_yr.i_brand_id) AND (curr_yr.i_class_id = prev_yr.i_class_id) AND (curr_yr.i_category_id = prev_yr.i_category_id) AND (curr_yr.i_manufact_id = prev_yr.i_manufact_id) AND (((curr_yr.sales_cnt)::numeric(17,2) / (prev_yr.sales_cnt)::numeric(17,2)) < 0.9))
              Rows Removed by Join Filter: 290621
              ->  CTE Scan on all_sales curr_yr  (cost=0.00..0.07 rows=1 width=60) (actual time=1082.118..1082.228 rows=592 loops=1)
                    Filter: (d_year = 2000)
                    Rows Removed by Filter: 2321
              ->  CTE Scan on all_sales prev_yr  (cost=0.00..0.08 rows=1 width=60) (actual time=0.024..0.153 rows=491 loops=592)
                    Filter: ((sales_cnt > 0) AND (d_year = 1999))
                    Rows Removed by Filter: 2422
Planning Time: 3.198 ms
Execution Time: 1179.584 ms"
Q47,1606.102,"Limit  (cost=144588.83..144589.00 rows=7 width=160) (actual time=1601.625..1605.878 rows=5 loops=1)
  ->  GroupAggregate  (cost=144588.83..144589.00 rows=7 width=160) (actual time=1601.623..1605.874 rows=5 loops=1)
        Group Key: ('store channel'::text), (('store'::text || (ssr.store_id)::text))
        Group Key: ('store channel'::text)
        Group Key: ()
        ->  Sort  (cost=144588.83..144588.84 rows=3 width=160) (actual time=1601.591..1605.834 rows=2 loops=1)
              Sort Key: ('store channel'::text), (('store'::text || (ssr.store_id)::text))
              Sort Method: quicksort  Memory: 25kB
              ->  Append  (cost=71282.21..144588.81 rows=3 width=160) (actual time=134.894..1605.787 rows=2 loops=1)
                    ->  Subquery Scan on ssr  (cost=71282.21..71282.26 rows=1 width=160) (actual time=134.894..135.020 rows=1 loops=1)
                          ->  GroupAggregate  (cost=71282.21..71282.25 rows=1 width=113) (actual time=134.892..135.017 rows=1 loops=1)
                                Group Key: store.s_store_id
                                ->  Sort  (cost=71282.21..71282.22 rows=1 width=41) (actual time=134.888..135.011 rows=1 loops=1)
                                      Sort Key: store.s_store_id
                                      Sort Method: quicksort  Memory: 25kB
                                      ->  Nested Loop  (cost=1016.04..71282.20 rows=1 width=41) (actual time=134.884..135.008 rows=1 loops=1)
                                            ->  Nested Loop Left Join  (cost=1015.90..71282.05 rows=1 width=28) (actual time=134.879..135.000 rows=1 loops=1)
                                                  ->  Gather  (cost=1015.48..71281.45 rows=1 width=24) (actual time=134.666..134.785 rows=1 loops=1)
                                                        Workers Planned: 2
                                                        Workers Launched: 2
                                                        ->  Nested Loop  (cost=15.48..70281.35 rows=1 width=24) (actual time=100.033..125.976 rows=0 loops=3)
                                                              ->  Nested Loop  (cost=15.19..70280.70 rows=2 width=24) (actual time=42.169..120.698 rows=36 loops=3)
                                                                    ->  Hash Join  (cost=14.89..69452.87 rows=5466 width=28) (actual time=0.812..118.733 rows=3319 loops=3)
                                                                          Hash Cond: (store_sales.ss_promo_sk = promotion.p_promo_sk)
                                                                          ->  Parallel Seq Scan on store_sales  (cost=0.00..69022.77 rows=156069 width=32) (actual time=0.023..112.442 rows=124562 loops=3)
                                                                                Filter: ((ss_wholesale_cost >= '85'::numeric) AND (ss_wholesale_cost <= '100'::numeric))
                                                                                Rows Removed by Filter: 835573
                                                                          ->  Hash  (cost=14.75..14.75 rows=11 width=4) (actual time=0.129..0.129 rows=9 loops=3)
                                                                                Buckets: 1024  Batches: 1  Memory Usage: 9kB
                                                                                ->  Seq Scan on promotion  (cost=0.00..14.75 rows=11 width=4) (actual time=0.032..0.125 rows=9 loops=3)
                                                                                      Filter: ((p_channel_email = 'Y'::bpchar) AND (p_channel_tv = 'Y'::bpchar) AND (p_channel_radio = 'Y'::bpchar) AND (p_channel_press = 'N'::bpchar) AND (p_channel_event = 'N'::bpchar))
                                                                                      Rows Removed by Filter: 291
                                                                    ->  Memoize  (cost=0.30..0.34 rows=1 width=4) (actual time=0.001..0.001 rows=0 loops=9956)
                                                                          Cache Key: store_sales.ss_sold_date_sk
                                                                          Cache Mode: logical
                                                                          Hits: 2586  Misses: 1026  Evictions: 0  Overflows: 0  Memory Usage: 69kB
                                                                          Worker 0:  Hits: 2281  Misses: 954  Evictions: 0  Overflows: 0  Memory Usage: 64kB
                                                                          Worker 1:  Hits: 2133  Misses: 976  Evictions: 0  Overflows: 0  Memory Usage: 66kB
                                                                          ->  Index Scan using date_dim_pkey on date_dim  (cost=0.29..0.33 rows=1 width=4) (actual time=0.001..0.001 rows=0 loops=2956)
                                                                                Index Cond: (d_date_sk = store_sales.ss_sold_date_sk)
                                                                                Filter: ((d_date >= '2000-06-06'::date) AND (d_date <= '2000-07-06 00:00:00'::timestamp without time zone))
                                                                                Rows Removed by Filter: 1
                                                              ->  Index Scan using item_pkey on item  (cost=0.29..0.32 rows=1 width=4) (actual time=0.146..0.146 rows=0 loops=108)
                                                                    Index Cond: (i_item_sk = store_sales.ss_item_sk)
                                                                    Filter: ((i_current_price > '50'::numeric) AND (i_category = ANY ('{Electronics,Home}'::bpchar[])))
                                                                    Rows Removed by Filter: 1
                                                  ->  Index Scan using store_returns_pkey on store_returns  (cost=0.42..0.60 rows=1 width=20) (actual time=0.210..0.211 rows=0 loops=1)
                                                        Index Cond: ((sr_item_sk = store_sales.ss_item_sk) AND (sr_ticket_number = store_sales.ss_ticket_number))
                                            ->  Index Scan using store_pkey on store  (cost=0.14..0.15 rows=1 width=21) (actual time=0.003..0.004 rows=1 loops=1)
                                                  Index Cond: (s_store_sk = store_sales.ss_store_sk)
                    ->  Subquery Scan on csr  (cost=48354.42..48354.47 rows=1 width=160) (actual time=949.352..949.424 rows=1 loops=1)
                          ->  GroupAggregate  (cost=48354.42..48354.45 rows=1 width=113) (actual time=949.344..949.408 rows=1 loops=1)
                                Group Key: catalog_page.cp_catalog_page_id
                                ->  Sort  (cost=48354.42..48354.42 rows=1 width=41) (actual time=949.321..949.384 rows=1 loops=1)
                                      Sort Key: catalog_page.cp_catalog_page_id
                                      Sort Method: quicksort  Memory: 25kB
                                      ->  Nested Loop  (cost=1016.18..48354.41 rows=1 width=41) (actual time=949.295..949.362 rows=1 loops=1)
                                            ->  Nested Loop Left Join  (cost=1015.90..48354.10 rows=1 width=28) (actual time=948.849..948.912 rows=1 loops=1)
                                                  ->  Gather  (cost=1015.48..48353.58 rows=1 width=24) (actual time=948.517..948.577 rows=1 loops=1)
                                                        Workers Planned: 2
                                                        Workers Launched: 2
                                                        ->  Nested Loop  (cost=15.48..47353.48 rows=1 width=24) (actual time=640.756..946.772 rows=0 loops=3)
                                                              ->  Nested Loop  (cost=15.19..47352.81 rows=2 width=24) (actual time=26.023..944.906 rows=18 loops=3)
                                                                    ->  Hash Join  (cost=14.89..46527.90 rows=3628 width=28) (actual time=0.736..940.146 rows=1798 loops=3)
                                                                          Hash Cond: (catalog_sales.cs_promo_sk = promotion_1.p_promo_sk)
                                                                          ->  Parallel Seq Scan on catalog_sales  (cost=0.00..46248.07 rows=99532 width=32) (actual time=0.074..930.036 rows=79562 loops=3)
                                                                                Filter: ((cs_wholesale_cost >= '85'::numeric) AND (cs_wholesale_cost <= '100'::numeric))
                                                                                Rows Removed by Filter: 400043
                                                                          ->  Hash  (cost=14.75..14.75 rows=11 width=4) (actual time=0.060..0.062 rows=9 loops=3)
                                                                                Buckets: 1024  Batches: 1  Memory Usage: 9kB
                                                                                ->  Seq Scan on promotion promotion_1  (cost=0.00..14.75 rows=11 width=4) (actual time=0.026..0.058 rows=9 loops=3)
                                                                                      Filter: ((p_channel_email = 'Y'::bpchar) AND (p_channel_tv = 'Y'::bpchar) AND (p_channel_radio = 'Y'::bpchar) AND (p_channel_press = 'N'::bpchar) AND (p_channel_event = 'N'::bpchar))
                                                                                      Rows Removed by Filter: 291
                                                                    ->  Memoize  (cost=0.30..0.35 rows=1 width=4) (actual time=0.002..0.002 rows=0 loops=5394)
                                                                          Cache Key: catalog_sales.cs_sold_date_sk
                                                                          Cache Mode: logical
                                                                          Hits: 1075  Misses: 786  Evictions: 0  Overflows: 0  Memory Usage: 53kB
                                                                          Worker 0:  Hits: 988  Misses: 773  Evictions: 0  Overflows: 0  Memory Usage: 52kB
                                                                          Worker 1:  Hits: 1001  Misses: 771  Evictions: 0  Overflows: 0  Memory Usage: 52kB
                                                                          ->  Index Scan using date_dim_pkey on date_dim date_dim_1  (cost=0.29..0.34 rows=1 width=4) (actual time=0.003..0.003 rows=0 loops=2330)
                                                                                Index Cond: (d_date_sk = catalog_sales.cs_sold_date_sk)
                                                                                Filter: ((d_date >= '2000-06-06'::date) AND (d_date <= '2000-07-06 00:00:00'::timestamp without time zone))
                                                                                Rows Removed by Filter: 1
                                                              ->  Index Scan using item_pkey on item item_1  (cost=0.29..0.33 rows=1 width=4) (actual time=0.105..0.105 rows=0 loops=53)
                                                                    Index Cond: (i_item_sk = catalog_sales.cs_item_sk)
                                                                    Filter: ((i_current_price > '50'::numeric) AND (i_category = ANY ('{Electronics,Home}'::bpchar[])))
                                                                    Rows Removed by Filter: 1
                                                  ->  Index Scan using catalog_returns_pkey on catalog_returns  (cost=0.42..0.52 rows=1 width=20) (actual time=0.316..0.316 rows=0 loops=1)
                                                        Index Cond: ((cr_item_sk = catalog_sales.cs_item_sk) AND (cr_order_number = catalog_sales.cs_order_number))
                                            ->  Index Scan using catalog_page_pkey on catalog_page  (cost=0.29..0.31 rows=1 width=21) (actual time=0.441..0.441 rows=1 loops=1)
                                                  Index Cond: (cp_catalog_page_sk = catalog_sales.cs_catalog_page_sk)
                    ->  Subquery Scan on wsr  (cost=24952.01..24952.06 rows=1 width=160) (actual time=517.286..521.331 rows=0 loops=1)
                          ->  GroupAggregate  (cost=24952.01..24952.05 rows=1 width=113) (actual time=517.285..521.328 rows=0 loops=1)
                                Group Key: web_site.web_site_id
                                ->  Sort  (cost=24952.01..24952.02 rows=1 width=41) (actual time=517.282..521.314 rows=0 loops=1)
                                      Sort Key: web_site.web_site_id
                                      Sort Method: quicksort  Memory: 25kB
                                      ->  Nested Loop  (cost=1016.02..24952.00 rows=1 width=41) (actual time=517.250..521.277 rows=0 loops=1)
                                            ->  Nested Loop Left Join  (cost=1015.89..24951.85 rows=1 width=28) (actual time=517.248..521.275 rows=0 loops=1)
                                                  ->  Gather  (cost=1015.47..24951.30 rows=1 width=24) (actual time=517.247..521.272 rows=0 loops=1)
                                                        Workers Planned: 2
                                                        Workers Launched: 2
                                                        ->  Nested Loop  (cost=15.47..23951.20 rows=1 width=24) (actual time=508.856..508.860 rows=0 loops=3)
                                                              ->  Nested Loop  (cost=15.17..23940.15 rows=30 width=28) (actual time=57.071..508.479 rows=22 loops=3)
                                                                    ->  Hash Join  (cost=14.89..23278.82 rows=1870 width=28) (actual time=0.476..470.986 rows=1280 loops=3)
                                                                          Hash Cond: (web_sales.ws_promo_sk = promotion_2.p_promo_sk)
                                                                          ->  Parallel Seq Scan on web_sales  (cost=0.00..23128.15 rows=51006 width=32) (actual time=0.201..463.612 rows=41393 loops=3)
                                                                                Filter: ((ws_wholesale_cost >= '85'::numeric) AND (ws_wholesale_cost <= '100'::numeric))
                                                                                Rows Removed by Filter: 198401
                                                                          ->  Hash  (cost=14.75..14.75 rows=11 width=4) (actual time=0.165..0.166 rows=9 loops=3)
                                                                                Buckets: 1024  Batches: 1  Memory Usage: 9kB
                                                                                ->  Seq Scan on promotion promotion_2  (cost=0.00..14.75 rows=11 width=4) (actual time=0.071..0.153 rows=9 loops=3)
                                                                                      Filter: ((p_channel_email = 'Y'::bpchar) AND (p_channel_tv = 'Y'::bpchar) AND (p_channel_radio = 'Y'::bpchar) AND (p_channel_press = 'N'::bpchar) AND (p_channel_event = 'N'::bpchar))
                                                                                      Rows Removed by Filter: 291
                                                                    ->  Index Scan using item_pkey on item item_2  (cost=0.29..0.35 rows=1 width=4) (actual time=0.028..0.028 rows=0 loops=3841)
                                                                          Index Cond: (i_item_sk = web_sales.ws_item_sk)
                                                                          Filter: ((i_current_price > '50'::numeric) AND (i_category = ANY ('{Electronics,Home}'::bpchar[])))
                                                                          Rows Removed by Filter: 1
                                                              ->  Index Scan using date_dim_pkey on date_dim date_dim_2  (cost=0.29..0.37 rows=1 width=4) (actual time=0.015..0.015 rows=0 loops=66)
                                                                    Index Cond: (d_date_sk = web_sales.ws_sold_date_sk)
                                                                    Filter: ((d_date >= '2000-06-06'::date) AND (d_date <= '2000-07-06 00:00:00'::timestamp without time zone))
                                                                    Rows Removed by Filter: 1
                                                  ->  Index Scan using web_returns_pkey on web_returns  (cost=0.42..0.54 rows=1 width=20) (never executed)
                                                        Index Cond: ((wr_item_sk = web_sales.ws_item_sk) AND (wr_order_number = web_sales.ws_order_number))
                                            ->  Index Scan using web_site_pkey on web_site  (cost=0.14..0.16 rows=1 width=21) (never executed)
                                                  Index Cond: (web_site_sk = web_sales.ws_web_site_sk)
Planning Time: 11.934 ms
Execution Time: 1606.102 ms"
Q48,69698.772,"Limit  (cost=36073.67..36073.70 rows=10 width=236) (actual time=69697.601..69698.493 rows=100 loops=1)
  CTE customer_total_return
    ->  Finalize GroupAggregate  (cost=8567.67..8700.54 rows=1052 width=39) (actual time=145.702..173.307 rows=38523 loops=1)
          Group Key: catalog_returns.cr_returning_customer_sk, customer_address_1.ca_state
          ->  Gather Merge  (cost=8567.67..8678.63 rows=876 width=39) (actual time=145.694..156.646 rows=38793 loops=1)
                Workers Planned: 2
                Workers Launched: 2
                ->  Partial GroupAggregate  (cost=7567.64..7577.50 rows=438 width=39) (actual time=136.450..141.520 rows=12931 loops=3)
                      Group Key: catalog_returns.cr_returning_customer_sk, customer_address_1.ca_state
                      ->  Sort  (cost=7567.64..7568.74 rows=438 width=13) (actual time=136.438..136.962 rows=13112 loops=3)
                            Sort Key: catalog_returns.cr_returning_customer_sk, customer_address_1.ca_state
                            Sort Method: quicksort  Memory: 900kB
                            Worker 0:  Sort Method: quicksort  Memory: 891kB
                            Worker 1:  Sort Method: quicksort  Memory: 896kB
                            ->  Nested Loop  (cost=1964.09..7548.43 rows=438 width=13) (actual time=46.848..132.351 rows=13112 loops=3)
                                  ->  Parallel Hash Join  (cost=1963.80..7400.38 rows=447 width=14) (actual time=37.388..60.052 rows=13370 loops=3)
                                        Hash Cond: (catalog_returns.cr_returned_date_sk = date_dim.d_date_sk)
                                        ->  Parallel Seq Scan on catalog_returns  (cost=0.00..5201.09 rows=89709 width=18) (actual time=0.535..29.710 rows=71767 loops=3)
                                        ->  Parallel Hash  (cost=1961.12..1961.12 rows=214 width=4) (actual time=20.717..20.718 rows=122 loops=3)
                                              Buckets: 1024  Batches: 1  Memory Usage: 104kB
                                              ->  Parallel Seq Scan on date_dim  (cost=0.00..1961.12 rows=214 width=4) (actual time=4.926..20.629 rows=122 loops=3)
                                                    Filter: (d_year = 2002)
                                                    Rows Removed by Filter: 24228
                                  ->  Index Scan using customer_address_pkey on customer_address customer_address_1  (cost=0.29..0.33 rows=1 width=7) (actual time=0.005..0.005 rows=1 loops=40109)
                                        Index Cond: (ca_address_sk = catalog_returns.cr_returning_addr_sk)
  ->  Sort  (cost=27373.13..27373.15 rows=10 width=236) (actual time=69697.592..69697.595 rows=100 loops=1)
        Sort Key: customer.c_customer_id, customer.c_salutation, customer.c_first_name, customer.c_last_name, customer_address.ca_street_number, customer_address.ca_street_name, customer_address.ca_street_type, customer_address.ca_suite_number, customer_address.ca_city, customer_address.ca_county, customer_address.ca_zip, customer_address.ca_country, customer_address.ca_gmt_offset, customer_address.ca_location_type, ctr1.ctr_total_return
        Sort Method: top-N heapsort  Memory: 68kB
        ->  Nested Loop  (cost=0.58..27372.96 rows=10 width=236) (actual time=589.952..69696.611 rows=273 loops=1)
              ->  Nested Loop  (cost=0.29..27246.25 rows=351 width=116) (actual time=180.557..69599.880 rows=9346 loops=1)
                    ->  CTE Scan on customer_total_return ctr1  (cost=0.00..24953.44 rows=351 width=36) (actual time=179.998..69369.076 rows=9376 loops=1)
                          Filter: (ctr_total_return > (SubPlan 2))
                          Rows Removed by Filter: 29147
                          SubPlan 2
                            ->  Aggregate  (cost=23.68..23.70 rows=1 width=32) (actual time=1.797..1.797 rows=1 loops=38523)
                                  ->  CTE Scan on customer_total_return ctr2  (cost=0.00..23.67 rows=5 width=32) (actual time=0.040..1.744 rows=1116 loops=38523)
                                        Filter: (ctr1.ctr_state = ctr_state)
                                        Rows Removed by Filter: 37407
                    ->  Index Scan using customer_pkey on customer  (cost=0.29..6.53 rows=1 width=88) (actual time=0.024..0.024 rows=1 loops=9376)
                          Index Cond: (c_customer_sk = ctr1.ctr_customer_sk)
              ->  Index Scan using customer_address_pkey on customer_address  (cost=0.29..0.36 rows=1 width=128) (actual time=0.010..0.010 rows=0 loops=9346)
                    Index Cond: (ca_address_sk = customer.c_current_addr_sk)
                    Filter: (ca_state = 'IN'::bpchar)
                    Rows Removed by Filter: 1
Planning Time: 2.352 ms
Execution Time: 69698.772 ms"
Q49,263.557,"Limit  (cost=49720.54..49720.58 rows=2 width=169) (actual time=262.226..263.438 rows=0 loops=1)
  ->  Incremental Sort  (cost=49720.54..49720.58 rows=2 width=169) (actual time=262.225..263.438 rows=0 loops=1)
        Sort Key: item.i_item_id, (sum(store_returns.sr_return_quantity))
        Presorted Key: item.i_item_id
        Full-sort Groups: 1  Sort Method: quicksort  Average Memory: 25kB  Peak Memory: 25kB
        ->  Nested Loop  (cost=49720.37..49720.53 rows=1 width=169) (actual time=262.219..263.431 rows=0 loops=1)
              Join Filter: (item.i_item_id = item_2.i_item_id)
              ->  Nested Loop  (cost=39137.51..39137.57 rows=1 width=50) (actual time=262.219..263.430 rows=0 loops=1)
                    Join Filter: (item.i_item_id = item_1.i_item_id)
                    ->  GroupAggregate  (cost=26785.06..26785.08 rows=1 width=25) (actual time=262.219..263.428 rows=0 loops=1)
                          Group Key: item.i_item_id
                          ->  Sort  (cost=26785.06..26785.07 rows=1 width=21) (actual time=262.218..263.427 rows=0 loops=1)
                                Sort Key: item.i_item_id
                                Sort Method: quicksort  Memory: 25kB
                                ->  Gather  (cost=5037.44..26785.05 rows=1 width=21) (actual time=262.204..263.413 rows=0 loops=1)
                                      Workers Planned: 2
                                      Workers Launched: 2
                                      ->  Parallel Hash Semi Join  (cost=4037.44..25784.95 rows=1 width=21) (actual time=255.584..255.585 rows=0 loops=3)
                                            Hash Cond: (date_dim.d_date = date_dim_1.d_date)
                                            ->  Nested Loop  (cost=0.58..21748.08 rows=3 width=25) (actual time=41.715..247.733 rows=4 loops=3)
                                                  ->  Nested Loop  (cost=0.29..21728.51 rows=3 width=25) (actual time=41.690..247.694 rows=4 loops=3)
                                                        ->  Parallel Seq Scan on store_returns  (cost=0.00..21239.51 rows=101 width=12) (actual time=5.812..245.953 rows=79 loops=3)
                                                              Filter: ((sr_reason_sk = ANY ('{17,20,22,65,73}'::integer[])) AND ((sr_return_amt / (sr_return_quantity)::numeric) >= '226'::numeric) AND ((sr_return_amt / (sr_return_quantity)::numeric) <= '255'::numeric))
                                                              Rows Removed by Filter: 239934
                                                        ->  Index Scan using item_pkey on item  (cost=0.29..4.84 rows=1 width=21) (actual time=0.022..0.022 rows=0 loops=238)
                                                              Index Cond: (i_item_sk = store_returns.sr_item_sk)
                                                              Filter: ((i_category = ANY ('{Children,Electronics}'::bpchar[])) AND (i_manager_id >= 80) AND (i_manager_id <= 89))
                                                              Rows Removed by Filter: 1
                                                  ->  Index Scan using date_dim_pkey on date_dim  (cost=0.29..6.52 rows=1 width=8) (actual time=0.009..0.009 rows=1 loops=12)
                                                        Index Cond: (d_date_sk = store_returns.sr_returned_date_sk)
                                            ->  Parallel Hash  (cost=4035.96..4035.96 rows=72 width=4) (actual time=7.325..7.326 rows=40 loops=3)
                                                  Buckets: 1024  Batches: 1  Memory Usage: 104kB
                                                  ->  Parallel Hash Semi Join  (cost=2068.58..4035.96 rows=72 width=4) (actual time=6.382..7.304 rows=40 loops=3)
                                                        Hash Cond: (date_dim_1.d_month_seq = date_dim_2.d_month_seq)
                                                        ->  Parallel Seq Scan on date_dim date_dim_1  (cost=0.00..1853.70 rows=42970 width=8) (actual time=0.002..0.974 rows=24350 loops=3)
                                                        ->  Parallel Hash  (cost=2068.55..2068.55 rows=2 width=4) (actual time=5.331..5.331 rows=1 loops=3)
                                                              Buckets: 1024  Batches: 1  Memory Usage: 72kB
                                                              ->  Parallel Seq Scan on date_dim date_dim_2  (cost=0.00..2068.55 rows=2 width=4) (actual time=4.201..5.320 rows=1 loops=3)
                                                                    Filter: (d_date = ANY ('{2002-02-11,2002-04-23,2002-09-22,2002-10-09}'::date[]))
                                                                    Rows Removed by Filter: 24348
                    ->  GroupAggregate  (cost=12352.45..12352.47 rows=1 width=25) (never executed)
                          Group Key: item_1.i_item_id
                          ->  Sort  (cost=12352.45..12352.45 rows=1 width=21) (never executed)
                                Sort Key: item_1.i_item_id
                                ->  Gather  (cost=5037.44..12352.44 rows=1 width=21) (never executed)
                                      Workers Planned: 2
                                      Workers Launched: 0
                                      ->  Parallel Hash Semi Join  (cost=4037.44..11352.34 rows=1 width=21) (never executed)
                                            Hash Cond: (date_dim_3.d_date = date_dim_4.d_date)
                                            ->  Nested Loop  (cost=0.58..7315.47 rows=1 width=25) (never executed)
                                                  ->  Nested Loop  (cost=0.29..7307.78 rows=1 width=25) (never executed)
                                                        ->  Parallel Seq Scan on catalog_returns  (cost=0.00..7107.40 rows=30 width=12) (never executed)
                                                              Filter: ((cr_reason_sk = ANY ('{17,20,22,65,73}'::integer[])) AND ((cr_return_amount / (cr_return_quantity)::numeric) >= '226'::numeric) AND ((cr_return_amount / (cr_return_quantity)::numeric) <= '255'::numeric))
                                                        ->  Index Scan using item_pkey on item item_1  (cost=0.29..6.68 rows=1 width=21) (never executed)
                                                              Index Cond: (i_item_sk = catalog_returns.cr_item_sk)
                                                              Filter: ((i_category = ANY ('{Children,Electronics}'::bpchar[])) AND (i_manager_id >= 80) AND (i_manager_id <= 89))
                                                  ->  Index Scan using date_dim_pkey on date_dim date_dim_3  (cost=0.29..7.69 rows=1 width=8) (never executed)
                                                        Index Cond: (d_date_sk = catalog_returns.cr_returned_date_sk)
                                            ->  Parallel Hash  (cost=4035.96..4035.96 rows=72 width=4) (never executed)
                                                  ->  Parallel Hash Semi Join  (cost=2068.58..4035.96 rows=72 width=4) (never executed)
                                                        Hash Cond: (date_dim_4.d_month_seq = date_dim_5.d_month_seq)
                                                        ->  Parallel Seq Scan on date_dim date_dim_4  (cost=0.00..1853.70 rows=42970 width=8) (never executed)
                                                        ->  Parallel Hash  (cost=2068.55..2068.55 rows=2 width=4) (never executed)
                                                              ->  Parallel Seq Scan on date_dim date_dim_5  (cost=0.00..2068.55 rows=2 width=4) (never executed)
                                                                    Filter: (d_date = ANY ('{2002-02-11,2002-04-23,2002-09-22,2002-10-09}'::date[]))
              ->  GroupAggregate  (cost=10582.86..10582.88 rows=1 width=25) (never executed)
                    Group Key: item_2.i_item_id
                    ->  Sort  (cost=10582.86..10582.87 rows=1 width=21) (never executed)
                          Sort Key: item_2.i_item_id
                          ->  Gather  (cost=5037.44..10582.85 rows=1 width=21) (never executed)
                                Workers Planned: 1
                                Workers Launched: 0
                                ->  Parallel Hash Semi Join  (cost=4037.44..9582.75 rows=1 width=21) (never executed)
                                      Hash Cond: (date_dim_6.d_date = date_dim_7.d_date)
                                      ->  Nested Loop  (cost=0.58..5545.89 rows=1 width=25) (never executed)
                                            ->  Nested Loop  (cost=0.29..5537.93 rows=1 width=25) (never executed)
                                                  ->  Parallel Seq Scan on web_returns  (cost=0.00..5351.83 rows=26 width=12) (never executed)
                                                        Filter: ((wr_reason_sk = ANY ('{17,20,22,65,73}'::integer[])) AND ((wr_return_amt / (wr_return_quantity)::numeric) >= '226'::numeric) AND ((wr_return_amt / (wr_return_quantity)::numeric) <= '255'::numeric))
                                                  ->  Index Scan using item_pkey on item item_2  (cost=0.29..7.16 rows=1 width=21) (never executed)
                                                        Index Cond: (i_item_sk = web_returns.wr_item_sk)
                                                        Filter: ((i_category = ANY ('{Children,Electronics}'::bpchar[])) AND (i_manager_id >= 80) AND (i_manager_id <= 89))
                                            ->  Index Scan using date_dim_pkey on date_dim date_dim_6  (cost=0.29..7.95 rows=1 width=8) (never executed)
                                                  Index Cond: (d_date_sk = web_returns.wr_returned_date_sk)
                                      ->  Parallel Hash  (cost=4035.96..4035.96 rows=72 width=4) (never executed)
                                            ->  Parallel Hash Semi Join  (cost=2068.58..4035.96 rows=72 width=4) (never executed)
                                                  Hash Cond: (date_dim_7.d_month_seq = date_dim_8.d_month_seq)
                                                  ->  Parallel Seq Scan on date_dim date_dim_7  (cost=0.00..1853.70 rows=42970 width=8) (never executed)
                                                  ->  Parallel Hash  (cost=2068.55..2068.55 rows=2 width=4) (never executed)
                                                        ->  Parallel Seq Scan on date_dim date_dim_8  (cost=0.00..2068.55 rows=2 width=4) (never executed)
                                                              Filter: (d_date = ANY ('{2002-02-11,2002-04-23,2002-09-22,2002-10-09}'::date[]))
Planning Time: 0.865 ms
Execution Time: 263.557 ms"
Q50,2252.401,"Aggregate  (cost=157770.75..157770.76 rows=1 width=8) (actual time=2248.558..2252.284 rows=1 loops=1)
  ->  Subquery Scan on cool_cust  (cost=78122.82..157770.75 rows=2 width=0) (actual time=2248.549..2252.274 rows=0 loops=1)
        ->  HashSetOp Except  (cost=78122.82..157770.73 rows=2 width=216) (actual time=2248.548..2252.272 rows=0 loops=1)
              ->  Append  (cost=78122.82..157770.71 rows=3 width=216) (actual time=2248.546..2252.269 rows=0 loops=1)
                    ->  Result  (cost=78122.82..130458.69 rows=2 width=216) (actual time=1767.859..1768.095 rows=0 loops=1)
                          ->  HashSetOp Except  (cost=78122.82..130458.67 rows=2 width=216) (actual time=1767.858..1768.093 rows=0 loops=1)
                                ->  Append  (cost=78122.82..130458.65 rows=3 width=216) (actual time=1767.856..1768.090 rows=0 loops=1)
                                      ->  Subquery Scan on ""*SELECT* 1""  (cost=78122.82..78122.86 rows=2 width=60) (actual time=996.438..996.587 rows=0 loops=1)
                                            ->  Unique  (cost=78122.82..78122.84 rows=2 width=56) (actual time=996.438..996.586 rows=0 loops=1)
                                                  ->  Sort  (cost=78122.82..78122.82 rows=2 width=56) (actual time=996.437..996.584 rows=0 loops=1)
                                                        Sort Key: customer.c_last_name, customer.c_first_name, date_dim.d_date
                                                        Sort Method: quicksort  Memory: 25kB
                                                        ->  Gather  (cost=3071.99..78122.81 rows=2 width=56) (actual time=996.432..996.578 rows=0 loops=1)
                                                              Workers Planned: 2
                                                              Workers Launched: 2
                                                              ->  Nested Loop  (cost=2071.99..77122.61 rows=1 width=56) (actual time=994.647..994.651 rows=0 loops=3)
                                                                    ->  Parallel Hash Join  (cost=2071.70..77097.91 rows=8 width=8) (actual time=994.646..994.650 rows=0 loops=3)
                                                                          Hash Cond: (store_sales.ss_sold_date_sk = date_dim.d_date_sk)
                                                                          ->  Parallel Seq Scan on store_sales  (cost=0.00..75022.36 rows=1468 width=8) (actual time=993.184..993.184 rows=0 loops=3)
                                                                                Filter: ((ss_list_price >= '271'::numeric) AND (ss_list_price <= '300'::numeric) AND (ss_wholesale_cost >= '73'::numeric) AND (ss_wholesale_cost <= '83'::numeric))
                                                                                Rows Removed by Filter: 960135
                                                                          ->  Parallel Hash  (cost=2068.55..2068.55 rows=252 width=8) (actual time=1.414..1.415 rows=122 loops=3)
                                                                                Buckets: 1024  Batches: 1  Memory Usage: 40kB
                                                                                ->  Parallel Seq Scan on date_dim  (cost=0.00..2068.55 rows=252 width=8) (actual time=1.033..1.393 rows=122 loops=3)
                                                                                      Filter: ((d_month_seq >= 1206) AND (d_month_seq <= 1217))
                                                                                      Rows Removed by Filter: 24228
                                                                    ->  Index Scan using customer_pkey on customer  (cost=0.29..3.09 rows=1 width=56) (never executed)
                                                                          Index Cond: (c_customer_sk = store_sales.ss_customer_sk)
                                                                          Filter: ((c_birth_year >= 1972) AND (c_birth_year <= 1978))
                                      ->  Subquery Scan on ""*SELECT* 2""  (cost=52335.75..52335.77 rows=1 width=60) (actual time=771.413..771.497 rows=0 loops=1)
                                            ->  Unique  (cost=52335.75..52335.76 rows=1 width=56) (actual time=771.410..771.493 rows=0 loops=1)
                                                  ->  Sort  (cost=52335.75..52335.76 rows=1 width=56) (actual time=771.409..771.491 rows=0 loops=1)
                                                        Sort Key: customer_1.c_last_name, customer_1.c_first_name, date_dim_1.d_date
                                                        Sort Method: quicksort  Memory: 25kB
                                                        ->  Gather  (cost=3071.99..52335.74 rows=1 width=56) (actual time=771.388..771.469 rows=0 loops=1)
                                                              Workers Planned: 2
                                                              Workers Launched: 2
                                                              ->  Nested Loop  (cost=2071.99..51335.64 rows=1 width=56) (actual time=766.940..766.945 rows=0 loops=3)
                                                                    ->  Parallel Hash Join  (cost=2071.70..51318.75 rows=4 width=8) (actual time=766.939..766.943 rows=0 loops=3)
                                                                          Hash Cond: (catalog_sales.cs_sold_date_sk = date_dim_1.d_date_sk)
                                                                          ->  Parallel Seq Scan on catalog_sales  (cost=0.00..49245.43 rows=618 width=8) (actual time=763.791..763.792 rows=0 loops=3)
                                                                                Filter: ((cs_list_price >= '271'::numeric) AND (cs_list_price <= '300'::numeric) AND (cs_wholesale_cost >= '73'::numeric) AND (cs_wholesale_cost <= '83'::numeric))
                                                                                Rows Removed by Filter: 479605
                                                                          ->  Parallel Hash  (cost=2068.55..2068.55 rows=252 width=8) (actual time=3.041..3.042 rows=122 loops=3)
                                                                                Buckets: 1024  Batches: 1  Memory Usage: 40kB
                                                                                ->  Parallel Seq Scan on date_dim date_dim_1  (cost=0.00..2068.55 rows=252 width=8) (actual time=2.208..2.996 rows=122 loops=3)
                                                                                      Filter: ((d_month_seq >= 1206) AND (d_month_seq <= 1217))
                                                                                      Rows Removed by Filter: 24228
                                                                    ->  Index Scan using customer_pkey on customer customer_1  (cost=0.29..4.22 rows=1 width=56) (never executed)
                                                                          Index Cond: (c_customer_sk = catalog_sales.cs_bill_customer_sk)
                                                                          Filter: ((c_birth_year >= 1972) AND (c_birth_year <= 1978))
                    ->  Subquery Scan on ""*SELECT* 3""  (cost=27311.98..27312.00 rows=1 width=60) (actual time=480.683..484.169 rows=0 loops=1)
                          ->  Unique  (cost=27311.98..27311.99 rows=1 width=56) (actual time=480.672..484.157 rows=0 loops=1)
                                ->  Sort  (cost=27311.98..27311.98 rows=1 width=56) (actual time=480.670..484.155 rows=0 loops=1)
                                      Sort Key: customer_2.c_last_name, customer_2.c_first_name, date_dim_2.d_date
                                      Sort Method: quicksort  Memory: 25kB
                                      ->  Gather  (cost=1000.59..27311.97 rows=1 width=56) (actual time=480.620..484.105 rows=0 loops=1)
                                            Workers Planned: 2
                                            Workers Launched: 2
                                            ->  Nested Loop  (cost=0.58..26311.87 rows=1 width=56) (actual time=474.347..474.349 rows=0 loops=3)
                                                  ->  Nested Loop  (cost=0.29..26302.16 rows=2 width=8) (actual time=474.346..474.347 rows=0 loops=3)
                                                        ->  Parallel Seq Scan on web_sales  (cost=0.00..24626.87 rows=406 width=8) (actual time=474.345..474.346 rows=0 loops=3)
                                                              Filter: ((ws_list_price >= '271'::numeric) AND (ws_list_price <= '300'::numeric) AND (ws_wholesale_cost >= '73'::numeric) AND (ws_wholesale_cost <= '83'::numeric))
                                                              Rows Removed by Filter: 239795
                                                        ->  Index Scan using date_dim_pkey on date_dim date_dim_2  (cost=0.29..4.13 rows=1 width=8) (never executed)
                                                              Index Cond: (d_date_sk = web_sales.ws_sold_date_sk)
                                                              Filter: ((d_month_seq >= 1206) AND (d_month_seq <= 1217))
                                                  ->  Index Scan using customer_pkey on customer customer_2  (cost=0.29..4.86 rows=1 width=56) (never executed)
                                                        Index Cond: (c_customer_sk = web_sales.ws_bill_customer_sk)
                                                        Filter: ((c_birth_year >= 1972) AND (c_birth_year <= 1978))
Planning Time: 0.686 ms
Execution Time: 2252.401 ms"
Q51,5021.688,"Limit  (cost=28154.44..28154.44 rows=1 width=32) (actual time=5021.517..5021.570 rows=1 loops=1)
  ->  Sort  (cost=28154.44..28154.44 rows=1 width=32) (actual time=5021.515..5021.568 rows=1 loops=1)
        Sort Key: (sum(web_sales.ws_ext_discount_amt))
        Sort Method: quicksort  Memory: 25kB
        ->  Aggregate  (cost=28154.42..28154.43 rows=1 width=32) (actual time=5021.503..5021.556 rows=1 loops=1)
              ->  Hash Join  (cost=4777.38..28154.33 rows=35 width=6) (actual time=640.101..5021.455 rows=590 loops=1)
                    Hash Cond: (web_sales.ws_item_sk = item.i_item_sk)
                    Join Filter: (web_sales.ws_ext_discount_amt > (SubPlan 1))
                    Rows Removed by Join Filter: 2601
                    ->  Gather  (cost=3069.29..26445.52 rows=276 width=10) (actual time=250.851..251.691 rows=11791 loops=1)
                          Workers Planned: 2
                          Workers Launched: 2
                          ->  Parallel Hash Join  (cost=2069.29..25417.92 rows=115 width=10) (actual time=244.651..267.647 rows=3930 loops=3)
                                Hash Cond: (web_sales.ws_sold_date_sk = date_dim.d_date_sk)
                                ->  Parallel Seq Scan on web_sales  (cost=0.00..23128.15 rows=83988 width=14) (actual time=0.211..257.401 rows=67415 loops=3)
                                      Filter: ((ws_wholesale_cost >= '6'::numeric) AND (ws_wholesale_cost <= '26'::numeric))
                                      Rows Removed by Filter: 172380
                                ->  Parallel Hash  (cost=2068.55..2068.55 rows=59 width=4) (actual time=4.053..4.053 rows=30 loops=3)
                                      Buckets: 1024  Batches: 1  Memory Usage: 40kB
                                      ->  Parallel Seq Scan on date_dim  (cost=0.00..2068.55 rows=59 width=4) (actual time=4.206..6.041 rows=46 loops=2)
                                            Filter: ((d_date >= '2001-03-13'::date) AND (d_date <= '2001-06-11 00:00:00'::timestamp without time zone))
                                            Rows Removed by Filter: 36479
                    ->  Hash  (cost=1621.50..1621.50 rows=6927 width=4) (actual time=48.824..48.824 rows=6923 loops=1)
                          Buckets: 8192  Batches: 1  Memory Usage: 308kB
                          ->  Seq Scan on item  (cost=0.00..1621.50 rows=6927 width=4) (actual time=0.255..47.168 rows=6923 loops=1)
                                Filter: (((i_manufact_id >= 801) AND (i_manufact_id <= 1000)) OR (i_category = ANY ('{Home,Sports,Women}'::bpchar[])))
                                Rows Removed by Filter: 11077
                    SubPlan 1
                      ->  Aggregate  (cost=252.34..252.36 rows=1 width=32) (actual time=1.478..1.478 rows=1 loops=3191)
                            ->  Nested Loop  (cost=5.18..252.34 rows=1 width=6) (actual time=0.768..1.477 rows=18 loops=3191)
                                  ->  Bitmap Heap Scan on web_sales web_sales_1  (cost=4.89..243.87 rows=1 width=10) (actual time=0.393..1.406 rows=119 loops=3191)
                                        Recheck Cond: (ws_item_sk = item.i_item_sk)
                                        Filter: ((ws_wholesale_cost >= '6'::numeric) AND (ws_wholesale_cost <= '26'::numeric) AND ((ws_sales_price / ws_list_price) >= 0.73) AND ((ws_sales_price / ws_list_price) <= 0.88))
                                        Rows Removed by Filter: 3385
                                        Heap Blocks: exact=6827279
                                        ->  Bitmap Index Scan on web_sales_pkey  (cost=0.00..4.89 rows=62 width=0) (actual time=0.220..0.220 rows=3504 loops=3191)
                                              Index Cond: (ws_item_sk = item.i_item_sk)
                                  ->  Index Scan using date_dim_pkey on date_dim date_dim_1  (cost=0.29..8.32 rows=1 width=4) (actual time=0.000..0.000 rows=0 loops=380935)
                                        Index Cond: (d_date_sk = web_sales_1.ws_sold_date_sk)
                                        Filter: ((d_date >= '2001-03-13'::date) AND (d_date <= '2001-06-11 00:00:00'::timestamp without time zone))
                                        Rows Removed by Filter: 1
Planning Time: 1.059 ms
Execution Time: 5021.688 ms"
Q52,178.69,"Limit  (cost=33042.28..33042.29 rows=1 width=72) (actual time=177.025..178.660 rows=1 loops=1)
  ->  Sort  (cost=33042.28..33042.29 rows=1 width=72) (actual time=177.024..178.659 rows=1 loops=1)
        Sort Key: (count(DISTINCT ws1.ws_order_number))
        Sort Method: quicksort  Memory: 25kB
        ->  Aggregate  (cost=33042.26..33042.27 rows=1 width=72) (actual time=177.022..178.657 rows=1 loops=1)
              ->  Sort  (cost=33042.24..33042.25 rows=1 width=16) (actual time=177.011..178.647 rows=22 loops=1)
                    Sort Key: ws1.ws_order_number
                    Sort Method: quicksort  Memory: 26kB
                    ->  Gather  (cost=1003.94..33042.23 rows=1 width=16) (actual time=106.502..178.638 rows=22 loops=1)
                          Workers Planned: 2
                          Workers Launched: 2
                          ->  Nested Loop Anti Join  (cost=3.94..32042.13 rows=1 width=16) (actual time=97.130..167.575 rows=7 loops=3)
                                ->  Nested Loop Semi Join  (cost=3.52..29880.15 rows=1 width=16) (actual time=63.074..116.513 rows=11 loops=3)
                                      ->  Nested Loop  (cost=3.09..24481.40 rows=1 width=20) (actual time=51.221..67.355 rows=11 loops=3)
                                            ->  Nested Loop  (cost=2.80..24479.47 rows=4 width=24) (actual time=48.971..58.241 rows=40 loops=3)
                                                  ->  Hash Join  (cost=2.50..23168.58 rows=4219 width=28) (actual time=0.550..56.153 rows=1693 loops=3)
                                                        Hash Cond: (ws1.ws_web_site_sk = web_site.web_site_sk)
                                                        ->  Parallel Seq Scan on web_sales ws1  (cost=0.00..23128.15 rows=12660 width=32) (actual time=0.339..55.270 rows=10071 loops=3)
                                                              Filter: ((ws_list_price >= '226'::numeric) AND (ws_list_price <= '255'::numeric))
                                                              Rows Removed by Filter: 229723
                                                        ->  Hash  (cost=2.38..2.38 rows=10 width=4) (actual time=0.032..0.032 rows=10 loops=3)
                                                              Buckets: 1024  Batches: 1  Memory Usage: 9kB
                                                              ->  Seq Scan on web_site  (cost=0.00..2.38 rows=10 width=4) (actual time=0.024..0.029 rows=10 loops=3)
                                                                    Filter: (web_gmt_offset >= '-5'::numeric)
                                                                    Rows Removed by Filter: 20
                                                  ->  Memoize  (cost=0.30..0.54 rows=1 width=4) (actual time=0.001..0.001 rows=0 loops=5078)
                                                        Cache Key: ws1.ws_ship_date_sk
                                                        Cache Mode: logical
                                                        Hits: 741  Misses: 1244  Evictions: 0  Overflows: 0  Memory Usage: 84kB
                                                        Worker 0:  Hits: 450  Misses: 942  Evictions: 0  Overflows: 0  Memory Usage: 64kB
                                                        Worker 1:  Hits: 585  Misses: 1116  Evictions: 0  Overflows: 0  Memory Usage: 76kB
                                                        ->  Index Scan using date_dim_pkey on date_dim  (cost=0.29..0.53 rows=1 width=4) (actual time=0.001..0.001 rows=0 loops=3302)
                                                              Index Cond: (d_date_sk = ws1.ws_ship_date_sk)
                                                              Filter: ((d_date >= '2002-06-01'::date) AND (d_date <= '2002-07-31 00:00:00'::timestamp without time zone))
                                                              Rows Removed by Filter: 1
                                            ->  Index Scan using customer_address_pkey on customer_address  (cost=0.29..0.48 rows=1 width=4) (actual time=0.228..0.228 rows=0 loops=120)
                                                  Index Cond: (ca_address_sk = ws1.ws_ship_addr_sk)
                                                  Filter: (ca_state = ANY ('{AR,GA,IL,SD,TX,WI}'::bpchar[]))
                                                  Rows Removed by Filter: 1
                                      ->  Index Scan using web_sales_pkey on web_sales ws2  (cost=0.42..5398.72 rows=10 width=8) (actual time=4.468..4.468 rows=1 loops=33)
                                            Index Cond: (ws_order_number = ws1.ws_order_number)
                                            Filter: (ws1.ws_warehouse_sk <> ws_warehouse_sk)
                                            Rows Removed by Filter: 1
                                ->  Index Scan using web_returns_pkey on web_returns wr1  (cost=0.42..1081.20 rows=1 width=4) (actual time=4.642..4.642 rows=0 loops=33)
                                      Index Cond: (wr_order_number = ws1.ws_order_number)
                                      Filter: (wr_reason_sk = ANY ('{3,6,18,30,40}'::integer[]))
                                      Rows Removed by Filter: 2
Planning Time: 2.688 ms
Execution Time: 178.690 ms"
