query_id,execution_time_ms,query_plan_text
s1,22.917,Aggregate  (cost=2944.89..2944.90 rows=1 width=8) (actual time=22.651..22.653 rows=1 loops=1) |   ->  Hash Join  (cost=1305.12..2745.27 rows=79851 width=0) (actual time=5.692..20.118 rows=79851 loops=1) |         Hash Cond: (b.userid = u.id) |         ->  Seq Scan on badges b  (cost=0.00..1230.51 rows=79851 width=4) (actual time=0.002..3.778 rows=79851 loops=1) |         ->  Hash  (cost=801.06..801.06 rows=40325 width=4) (actual time=5.680..5.681 rows=40325 loops=1) |               Buckets: 65536  Batches: 1  Memory Usage: 1930kB |               ->  Seq Scan on users u  (cost=0.00..801.06 rows=40325 width=4) (actual time=0.002..2.595 rows=40325 loops=1) |                     Filter: (upvotes >= 0) | Planning Time: 0.093 ms | Execution Time: 22.686 ms
s2,650.515,"Finalize Aggregate  (cost=128371.73..128371.74 rows=1 width=8) (actual time=642.395..644.003 rows=1 loops=1) |   ->  Gather  (cost=128371.61..128371.72 rows=1 width=8) (actual time=642.158..643.992 rows=2 loops=1) |         Workers Planned: 1 |         Workers Launched: 1 |         ->  Partial Aggregate  (cost=127371.61..127371.62 rows=1 width=8) (actual time=636.409..636.410 rows=1 loops=2) |               ->  Hash Join  (cost=2425.68..111276.53 rows=6438032 width=0) (actual time=20.255..392.435 rows=5110307 loops=2) |                     Hash Cond: (c.userid = b.userid) |                     ->  Parallel Seq Scan on comments c  (cost=0.00..2625.65 rows=79705 width=4) (actual time=5.292..12.306 rows=67444 loops=2) |                           Filter: (score = 0) |                           Rows Removed by Filter: 19709 |                     ->  Hash  (cost=1430.14..1430.14 rows=79643 width=4) (actual time=14.736..14.736 rows=79633 loops=2) |                           Buckets: 131072  Batches: 1  Memory Usage: 3824kB |                           ->  Seq Scan on badges b  (cost=0.00..1430.14 rows=79643 width=4) (actual time=0.022..6.588 rows=79633 loops=2) |                                 Filter: (date <= '2014-09-11 14:33:06'::timestamp without time zone) |                                 Rows Removed by Filter: 218 | Planning Time: 0.093 ms | JIT: |   Functions: 32 |   Options: Inlining false, Optimization false, Expressions true, Deforming true |   Timing: Generation 0.702 ms, Inlining 0.000 ms, Optimization 0.476 ms, Emission 10.195 ms, Total 11.373 ms | Execution Time: 644.493 ms"
s3,262.545,"Finalize Aggregate  (cost=311916.02..311916.03 rows=1 width=8) (actual time=262.579..262.661 rows=1 loops=1) |   ->  Gather  (cost=311915.91..311916.02 rows=1 width=8) (actual time=262.568..262.654 rows=2 loops=1) |         Workers Planned: 1 |         Workers Launched: 1 |         ->  Partial Aggregate  (cost=310915.91..310915.92 rows=1 width=8) (actual time=173.979..173.980 rows=1 loops=2) |               ->  Merge Join  (cost=19110.96..269085.00 rows=16732362 width=0) (actual time=33.289..138.621 rows=729038 loops=2) |                     Merge Cond: (c.userid = ph.userid) |                     ->  Sort  (cost=9114.59..9313.85 rows=79705 width=4) (actual time=16.575..18.959 rows=66357 loops=2) |                           Sort Key: c.userid |                           Sort Method: quicksort  Memory: 3073kB |                           Worker 0:  Sort Method: quicksort  Memory: 769kB |                           ->  Parallel Seq Scan on comments c  (cost=0.00..2625.65 rows=79705 width=4) (actual time=4.384..11.368 rows=67444 loops=2) |                                 Filter: (score = 0) |                                 Rows Removed by Filter: 19709 |                     ->  Sort  (cost=9297.65..9403.92 rows=42507 width=4) (actual time=16.664..42.298 rows=745581 loops=2) |                           Sort Key: ph.userid |                           Sort Method: quicksort  Memory: 1537kB |                           Worker 0:  Sort Method: quicksort  Memory: 1537kB |                           ->  Seq Scan on posthistory ph  (cost=0.00..6029.84 rows=42507 width=4) (actual time=0.021..12.727 rows=42921 loops=2) |                                 Filter: (posthistorytypeid = 1) |                                 Rows Removed by Filter: 260266 | Planning Time: 0.101 ms | JIT: |   Functions: 32 |   Options: Inlining false, Optimization false, Expressions true, Deforming true |   Timing: Generation 0.615 ms, Inlining 0.000 ms, Optimization 0.423 ms, Emission 8.436 ms, Total 9.474 ms | Execution Time: 263.036 ms"
s4,312.309,"Finalize Aggregate  (cost=390830.38..390830.39 rows=1 width=8) (actual time=406.982..407.053 rows=1 loops=1) |   ->  Gather  (cost=390830.26..390830.37 rows=1 width=8) (actual time=406.973..407.046 rows=2 loops=1) |         Workers Planned: 1 |         Workers Launched: 1 |         ->  Partial Aggregate  (cost=389830.26..389830.27 rows=1 width=8) (actual time=248.683..248.684 rows=1 loops=2) |               ->  Merge Join  (cost=21769.47..337069.99 rows=21104108 width=0) (actual time=40.446..204.169 rows=854890 loops=2) |                     Merge Cond: (c.userid = ph.userid) |                     ->  Sort  (cost=10902.92..11159.25 rows=102532 width=4) (actual time=17.047..28.850 rows=85736 loops=2) |                           Sort Key: c.userid |                           Sort Method: quicksort  Memory: 4096kB |                           Worker 0:  Sort Method: quicksort  Memory: 769kB |                           ->  Parallel Seq Scan on comments c  (cost=0.00..2369.32 rows=102532 width=4) (actual time=4.350..10.100 rows=87152 loops=2) |                     ->  Sort  (cost=9985.88..10090.07 rows=41677 width=4) (actual time=23.330..63.828 rows=871618 loops=2) |                           Sort Key: ph.userid |                           Sort Method: quicksort  Memory: 1537kB |                           Worker 0:  Sort Method: quicksort  Memory: 1537kB |                           ->  Seq Scan on posthistory ph  (cost=0.00..6787.80 rows=41677 width=4) (actual time=0.242..19.234 rows=42308 loops=2) |                                 Filter: ((creationdate >= '2010-09-14 11:59:07'::timestamp without time zone) AND (posthistorytypeid = 1)) |                                 Rows Removed by Filter: 260879 | Planning Time: 0.094 ms | JIT: |   Functions: 28 |   Options: Inlining false, Optimization false, Expressions true, Deforming true |   Timing: Generation 0.719 ms, Inlining 0.000 ms, Optimization 0.392 ms, Emission 8.422 ms, Total 9.533 ms | Execution Time: 407.494 ms"
s5,811.008,"Finalize Aggregate  (cost=121566.62..121566.63 rows=1 width=8) (actual time=846.235..846.333 rows=1 loops=1) |   ->  Gather  (cost=121566.50..121566.61 rows=1 width=8) (actual time=846.225..846.327 rows=2 loops=1) |         Workers Planned: 1 |         Workers Launched: 1 |         ->  Partial Aggregate  (cost=120566.50..120566.51 rows=1 width=8) (actual time=720.235..720.237 rows=1 loops=2) |               ->  Merge Join  (cost=40598.33..109205.20 rows=4544520 width=0) (actual time=47.378..538.166 rows=3745952 loops=2) |                     Merge Cond: (v.userid = c.userid) |                     ->  Sort  (cost=23670.50..24152.94 rows=192979 width=4) (actual time=22.658..23.788 rows=17396 loops=2) |                           Sort Key: v.userid |                           Sort Method: external merge  Disk: 960kB |                           Worker 0:  Sort Method: quicksort  Memory: 3073kB |                           ->  Parallel Seq Scan on votes v  (cost=0.00..4089.79 rows=192979 width=4) (actual time=4.031..14.364 rows=164032 loops=2) |                     ->  Materialize  (cost=16927.69..17605.19 rows=135499 width=4) (actual time=24.660..162.554 rows=3798316 loops=2) |                           ->  Sort  (cost=16927.69..17266.44 rows=135499 width=4) (actual time=24.657..29.618 rows=132704 loops=2) |                                 Sort Key: c.userid |                                 Sort Method: quicksort  Memory: 4096kB |                                 Worker 0:  Sort Method: quicksort  Memory: 4096kB |                                 ->  Seq Scan on comments c  (cost=0.00..3522.81 rows=135499 width=4) (actual time=0.016..14.011 rows=134887 loops=2) |                                       Filter: (score = 0) |                                       Rows Removed by Filter: 39418 | Planning Time: 0.092 ms | JIT: |   Functions: 28 |   Options: Inlining false, Optimization false, Expressions true, Deforming true |   Timing: Generation 0.579 ms, Inlining 0.000 ms, Optimization 0.390 ms, Emission 7.772 ms, Total 8.741 ms | Execution Time: 846.953 ms"
s6,86.166,Aggregate  (cost=39390.55..39390.56 rows=1 width=8) (actual time=86.932..86.934 rows=1 loops=1) |   ->  Merge Join  (cost=13827.96..35768.32 rows=1448892 width=0) (actual time=23.012..72.716 rows=428612 loops=1) |         Merge Cond: (p.owneruserid = b.userid) |         ->  Sort  (cost=5915.73..6021.05 rows=42131 width=4) (actual time=10.434..11.903 rows=41395 loops=1) |               Sort Key: p.owneruserid |               Sort Method: quicksort  Memory: 1537kB |               ->  Seq Scan on posts p  (cost=0.00..2679.52 rows=42131 width=4) (actual time=0.008..6.454 rows=42172 loops=1) |                     Filter: ((answercount >= 0) AND (answercount <= 4) AND (commentcount >= 0) AND (commentcount <= 17)) |                     Rows Removed by Filter: 49804 |         ->  Sort  (cost=7911.81..8110.86 rows=79623 width=4) (actual time=12.569..27.579 rows=443864 loops=1) |               Sort Key: b.userid |               Sort Method: quicksort  Memory: 3073kB |               ->  Seq Scan on badges b  (cost=0.00..1430.14 rows=79623 width=4) (actual time=0.011..4.969 rows=79598 loops=1) |                     Filter: (date <= '2014-09-11 08:55:52'::timestamp without time zone) |                     Rows Removed by Filter: 253 | Planning Time: 0.094 ms | Execution Time: 87.086 ms
s7,72.994,Finalize Aggregate  (cost=82948.21..82948.22 rows=1 width=8) (actual time=72.702..74.148 rows=1 loops=1) |   ->  Gather  (cost=82948.09..82948.20 rows=1 width=8) (actual time=72.382..74.143 rows=2 loops=1) |         Workers Planned: 1 |         Workers Launched: 1 |         ->  Partial Aggregate  (cost=81948.09..81948.10 rows=1 width=8) (actual time=67.320..67.322 rows=1 loops=2) |               ->  Hash Join  (cost=3938.83..72305.76 rows=3856932 width=0) (actual time=24.262..55.990 rows=349651 loops=2) |                     Hash Cond: (c.userid = p.owneruserid) |                     ->  Parallel Seq Scan on comments c  (cost=0.00..2369.32 rows=102532 width=4) (actual time=0.002..4.367 rows=87152 loops=2) |                     ->  Hash  (cost=3802.36..3802.36 rows=10918 width=4) (actual time=24.217..24.219 rows=10826 loops=2) |                           Buckets: 16384  Batches: 1  Memory Usage: 509kB |                           ->  Hash Join  (cost=3580.19..3802.36 rows=10918 width=4) (actual time=20.642..23.277 rows=10972 loops=2) |                                 Hash Cond: (pl.postid = p.id) |                                 ->  Seq Scan on postlinks pl  (cost=0.00..193.02 rows=11102 width=4) (actual time=0.008..0.555 rows=11102 loops=2) |                                 ->  Hash  (cost=2449.58..2449.58 rows=90449 width=8) (actual time=20.550..20.551 rows=90764 loops=2) |                                       Buckets: 131072  Batches: 1  Memory Usage: 4565kB |                                       ->  Seq Scan on posts p  (cost=0.00..2449.58 rows=90449 width=8) (actual time=0.033..9.661 rows=90764 loops=2) |                                             Filter: ((commentcount <= 18) AND (creationdate >= '2010-07-23 07:27:31'::timestamp without time zone) AND (creationdate <= '2014-09-09 01:43:00'::timestamp without time zone)) |                                             Rows Removed by Filter: 1212 | Planning Time: 0.180 ms | Execution Time: 74.206 ms
s8,60.868,Finalize Aggregate  (cost=57539.35..57539.36 rows=1 width=8) (actual time=57.952..59.505 rows=1 loops=1) |   ->  Gather  (cost=57539.24..57539.35 rows=1 width=8) (actual time=57.625..59.500 rows=2 loops=1) |         Workers Planned: 1 |         Workers Launched: 1 |         ->  Partial Aggregate  (cost=56539.24..56539.25 rows=1 width=8) (actual time=52.853..52.856 rows=1 loops=2) |               ->  Hash Join  (cost=3728.31..50168.33 rows=2548364 width=0) (actual time=22.091..45.092 rows=240710 loops=2) |                     Hash Cond: (c.userid = p.owneruserid) |                     ->  Parallel Seq Scan on comments c  (cost=0.00..2625.65 rows=79705 width=4) (actual time=0.004..5.122 rows=67444 loops=2) |                           Filter: (score = 0) |                           Rows Removed by Filter: 19709 |                     ->  Hash  (cost=3612.32..3612.32 rows=9279 width=4) (actual time=22.043..22.045 rows=9324 loops=2) |                           Buckets: 16384  Batches: 1  Memory Usage: 456kB |                           ->  Hash Join  (cost=3338.76..3612.32 rows=9279 width=4) (actual time=18.569..21.163 rows=9405 loops=2) |                                 Hash Cond: (pl.postid = p.id) |                                 ->  Seq Scan on postlinks pl  (cost=0.00..248.53 rows=9533 width=4) (actual time=0.033..0.788 rows=9480 loops=2) |                                       Filter: ((creationdate >= '2011-07-09 22:35:44'::timestamp without time zone) AND (linktypeid = 1)) |                                       Rows Removed by Filter: 1622 |                                 ->  Hash  (cost=2219.64..2219.64 rows=89530 width=8) (actual time=18.447..18.447 rows=89551 loops=2) |                                       Buckets: 131072  Batches: 1  Memory Usage: 4518kB |                                       ->  Seq Scan on posts p  (cost=0.00..2219.64 rows=89530 width=8) (actual time=0.093..8.306 rows=89551 loops=2) |                                             Filter: ((creationdate >= '2010-09-06 00:58:21'::timestamp without time zone) AND (creationdate <= '2014-09-12 10:02:21'::timestamp without time zone)) |                                             Rows Removed by Filter: 2425 | Planning Time: 0.148 ms | Execution Time: 59.555 ms
s9,113.37,Finalize Aggregate  (cost=15813.27..15813.28 rows=1 width=8) (actual time=109.391..110.993 rows=1 loops=1) |   ->  Gather  (cost=15813.16..15813.27 rows=1 width=8) (actual time=108.919..110.988 rows=2 loops=1) |         Workers Planned: 1 |         Workers Launched: 1 |         ->  Partial Aggregate  (cost=14813.16..14813.17 rows=1 width=8) (actual time=104.094..104.096 rows=1 loops=2) |               ->  Parallel Hash Join  (cost=7288.71..13968.47 rows=337878 width=0) (actual time=46.175..92.811 rows=349106 loops=2) |                     Hash Cond: (ph.postid = p.id) |                     ->  Parallel Seq Scan on posthistory ph  (cost=0.00..4023.45 rows=178345 width=4) (actual time=0.003..7.458 rows=151594 loops=2) |                     ->  Parallel Hash  (cost=6007.46..6007.46 rows=102500 width=8) (actual time=45.855..45.857 rows=86704 loops=2) |                           Buckets: 262144  Batches: 1  Memory Usage: 8864kB |                           ->  Hash Join  (cost=3368.98..6007.46 rows=102500 width=8) (actual time=18.187..35.792 rows=86704 loops=2) |                                 Hash Cond: (c.postid = p.id) |                                 ->  Parallel Seq Scan on comments c  (cost=0.00..2369.32 rows=102532 width=4) (actual time=0.002..4.279 rows=87152 loops=2) |                                 ->  Hash  (cost=2219.64..2219.64 rows=91947 width=4) (actual time=18.105..18.105 rows=91948 loops=2) |                                       Buckets: 131072  Batches: 1  Memory Usage: 4257kB |                                       ->  Seq Scan on posts p  (cost=0.00..2219.64 rows=91947 width=4) (actual time=0.006..8.011 rows=91948 loops=2) |                                             Filter: ((commentcount >= 0) AND (commentcount <= 25)) |                                             Rows Removed by Filter: 28 | Planning Time: 0.148 ms | Execution Time: 111.040 ms
s10,65.945,Finalize Aggregate  (cost=13807.91..13807.92 rows=1 width=8) (actual time=64.241..65.705 rows=1 loops=1) |   ->  Gather  (cost=13807.80..13807.91 rows=1 width=8) (actual time=64.011..65.686 rows=2 loops=1) |         Workers Planned: 1 |         Workers Launched: 1 |         ->  Partial Aggregate  (cost=12807.80..12807.81 rows=1 width=8) (actual time=59.536..59.538 rows=1 loops=2) |               ->  Hash Join  (cost=4430.57..7832.16 rows=1990258 width=0) (actual time=14.466..46.859 rows=390342 loops=2) |                     Hash Cond: (c.userid = u.id) |                     ->  Parallel Seq Scan on comments c  (cost=0.00..2881.99 rows=100945 width=4) (actual time=0.024..5.929 rows=86078 loops=2) |                           Filter: ((creationdate >= '2010-08-05 00:36:02'::timestamp without time zone) AND (creationdate <= '2014-09-08 16:50:49'::timestamp without time zone)) |                           Rows Removed by Filter: 1074 |                     ->  Hash  (cost=4358.98..4358.98 rows=5727 width=8) (actual time=14.409..14.411 rows=11630 loops=2) |                           Buckets: 16384 (originally 8192)  Batches: 1 (originally 1)  Memory Usage: 583kB |                           ->  Hash Join  (cost=1204.31..4358.98 rows=5727 width=8) (actual time=5.628..13.310 rows=11630 loops=2) |                                 Hash Cond: (p.owneruserid = u.id) |                                 ->  Seq Scan on posts p  (cost=0.00..3139.40 rows=5816 width=4) (actual time=0.004..5.748 rows=11847 loops=2) |                                       Filter: ((viewcount >= 0) AND (viewcount <= 2897) AND (commentcount >= 0) AND (commentcount <= 16) AND (favoritecount >= 0) AND (favoritecount <= 10)) |                                       Rows Removed by Filter: 80129 |                                 ->  Hash  (cost=700.25..700.25 rows=40325 width=4) (actual time=5.576..5.577 rows=40325 loops=2) |                                       Buckets: 65536  Batches: 1  Memory Usage: 1930kB |                                       ->  Seq Scan on users u  (cost=0.00..700.25 rows=40325 width=4) (actual time=0.003..2.162 rows=40325 loops=2) | Planning Time: 0.156 ms | Execution Time: 65.739 ms
s11,52.626,Finalize Aggregate  (cost=20654.70..20654.71 rows=1 width=8) (actual time=51.077..52.550 rows=1 loops=1) |   ->  Gather  (cost=20654.58..20654.69 rows=1 width=8) (actual time=50.783..52.540 rows=2 loops=1) |         Workers Planned: 1 |         Workers Launched: 1 |         ->  Partial Aggregate  (cost=19654.58..19654.59 rows=1 width=8) (actual time=46.360..46.362 rows=1 loops=2) |               ->  Hash Join  (cost=4976.15..8224.71 rows=4571951 width=0) (actual time=21.863..41.124 rows=163280 loops=2) |                     Hash Cond: (c.userid = u.id) |                     ->  Parallel Seq Scan on comments c  (cost=0.00..2625.65 rows=79705 width=4) (actual time=0.004..4.941 rows=67444 loops=2) |                           Filter: (score = 0) |                           Rows Removed by Filter: 19709 |                     ->  Hash  (cost=4767.88..4767.88 rows=16661 width=8) (actual time=21.707..21.709 rows=32260 loops=2) |                           Buckets: 32768  Batches: 1  Memory Usage: 1517kB |                           ->  Hash Join  (cost=1581.66..4767.88 rows=16661 width=8) (actual time=6.788..18.689 rows=32260 loops=2) |                                 Hash Cond: (p.owneruserid = u.id) |                                 ->  Seq Scan on posts p  (cost=0.00..3139.40 rows=17837 width=4) (actual time=0.005..6.964 rows=39244 loops=2) |                                       Filter: ((score >= 0) AND (score <= 15) AND (viewcount >= 0) AND (viewcount <= 3002) AND (answercount <= 3) AND (commentcount <= 10)) |                                       Rows Removed by Filter: 52732 |                                 ->  Hash  (cost=1103.50..1103.50 rows=38253 width=4) (actual time=6.598..6.598 rows=38281 loops=2) |                                       Buckets: 65536  Batches: 1  Memory Usage: 1858kB |                                       ->  Seq Scan on users u  (cost=0.00..1103.50 rows=38253 width=4) (actual time=0.041..3.373 rows=38281 loops=2) |                                             Filter: ((downvotes <= 0) AND (upvotes >= 0) AND (creationdate >= '2010-08-23 16:21:10'::timestamp without time zone) AND (creationdate <= '2014-09-02 09:50:06'::timestamp without time zone)) |                                             Rows Removed by Filter: 2044 | Planning Time: 0.170 ms | Execution Time: 52.591 ms
s12,124.702,"Finalize Aggregate  (cost=366690.01..366690.02 rows=1 width=8) (actual time=121.970..123.685 rows=1 loops=1) |   ->  Gather  (cost=366689.90..366690.01 rows=1 width=8) (actual time=121.536..123.671 rows=2 loops=1) |         Workers Planned: 1 |         Workers Launched: 1 |         ->  Partial Aggregate  (cost=365689.90..365689.91 rows=1 width=8) (actual time=116.438..116.441 rows=1 loops=2) |               ->  Parallel Hash Join  (cost=5484.38..14482.45 rows=140482981 width=0) (actual time=33.343..91.922 rows=509306 loops=2) |                     Hash Cond: (ph.userid = u.id) |                     ->  Parallel Seq Scan on posthistory ph  (cost=0.00..4023.45 rows=178345 width=4) (actual time=0.003..7.512 rows=151594 loops=2) |                     ->  Parallel Hash  (cost=4311.60..4311.60 rows=93822 width=8) (actual time=32.458..32.460 rows=24828 loops=2) |                           Buckets: 262144  Batches: 1  Memory Usage: 4032kB |                           ->  Hash Join  (cost=1673.10..4311.60 rows=93822 width=8) (actual time=15.732..29.063 rows=24828 loops=2) |                                 Hash Cond: (c.userid = u.id) |                                 ->  Parallel Seq Scan on comments c  (cost=0.00..2369.32 rows=102532 width=4) (actual time=0.002..4.236 rows=87152 loops=2) |                                 ->  Hash  (cost=1204.31..1204.31 rows=37503 width=4) (actual time=15.374..15.375 rows=38103 loops=2) |                                       Buckets: 65536  Batches: 1  Memory Usage: 1852kB |                                       ->  Seq Scan on users u  (cost=0.00..1204.31 rows=37503 width=4) (actual time=7.090..11.662 rows=38103 loops=2) |                                             Filter: ((reputation >= 1) AND (reputation <= 487) AND (upvotes <= 27) AND (creationdate >= '2010-10-22 22:40:35'::timestamp without time zone) AND (creationdate <= '2014-09-10 17:01:31'::timestamp without time zone)) |                                             Rows Removed by Filter: 2222 | Planning Time: 0.181 ms | JIT: |   Functions: 46 |   Options: Inlining false, Optimization false, Expressions true, Deforming true |   Timing: Generation 0.980 ms, Inlining 0.000 ms, Optimization 0.593 ms, Emission 13.494 ms, Total 15.068 ms | Execution Time: 124.226 ms"
s13,55.944,Finalize Aggregate  (cost=24820.88..24820.89 rows=1 width=8) (actual time=54.425..55.913 rows=1 loops=1) |   ->  Gather  (cost=24820.77..24820.88 rows=1 width=8) (actual time=54.169..55.908 rows=2 loops=1) |         Workers Planned: 1 |         Workers Launched: 1 |         ->  Partial Aggregate  (cost=23820.77..23820.78 rows=1 width=8) (actual time=49.847..49.850 rows=1 loops=2) |               ->  Parallel Hash Join  (cost=6244.85..9743.06 rows=5631084 width=0) (actual time=24.694..44.758 rows=157758 loops=2) |                     Hash Cond: (c.userid = u.id) |                     ->  Parallel Seq Scan on comments c  (cost=0.00..2625.65 rows=101519 width=4) (actual time=0.028..5.358 rows=86458 loops=2) |                           Filter: (creationdate >= '2010-08-10 17:55:45'::timestamp without time zone) |                           Rows Removed by Filter: 694 |                     ->  Parallel Hash  (cost=5996.63..5996.63 rows=19857 width=8) (actual time=24.544..24.546 rows=11634 loops=2) |                           Buckets: 65536  Batches: 1  Memory Usage: 1440kB |                           ->  Hash Join  (cost=1400.28..5996.63 rows=19857 width=8) (actual time=6.195..23.100 rows=11634 loops=2) |                                 Hash Cond: (v.userid = u.id) |                                 ->  Parallel Seq Scan on votes v  (cost=0.00..4089.79 rows=192979 width=4) (actual time=0.004..7.965 rows=164032 loops=2) |                                 ->  Hash  (cost=901.88..901.88 rows=39872 width=4) (actual time=6.143..6.143 rows=39890 loops=2) |                                       Buckets: 65536  Batches: 1  Memory Usage: 1915kB |                                       ->  Seq Scan on users u  (cost=0.00..901.88 rows=39872 width=4) (actual time=0.006..2.739 rows=39890 loops=2) |                                             Filter: ((reputation >= 1) AND (reputation <= 691)) |                                             Rows Removed by Filter: 435 | Planning Time: 0.175 ms | Execution Time: 55.944 ms
s14,22.322,Finalize Aggregate  (cost=10136.97..10136.98 rows=1 width=8) (actual time=20.823..22.270 rows=1 loops=1) |   ->  Gather  (cost=10136.86..10136.97 rows=1 width=8) (actual time=20.709..22.264 rows=2 loops=1) |         Workers Planned: 1 |         Workers Launched: 1 |         ->  Partial Aggregate  (cost=9136.86..9136.87 rows=1 width=8) (actual time=16.257..16.261 rows=1 loops=2) |               ->  Parallel Hash Join  (cost=5828.37..9084.55 rows=20925 width=0) (actual time=7.633..16.252 rows=100 loops=2) |                     Hash Cond: (c.userid = u.id) |                     ->  Parallel Seq Scan on comments c  (cost=0.00..2881.99 rows=99298 width=4) (actual time=0.068..5.552 rows=84510 loops=2) |                           Filter: ((creationdate >= '2010-10-01 20:45:26'::timestamp without time zone) AND (creationdate <= '2014-09-05 12:51:17'::timestamp without time zone)) |                           Rows Removed by Filter: 2642 |                     ->  Parallel Hash  (cost=5827.44..5827.44 rows=75 width=8) (actual time=6.734..6.736 rows=20 loops=2) |                           Buckets: 1024  Batches: 1  Memory Usage: 72kB |                           ->  Nested Loop  (cost=0.29..5827.44 rows=75 width=8) (actual time=2.364..6.714 rows=20 loops=2) |                                 ->  Parallel Seq Scan on votes v  (cost=0.00..4572.24 rows=929 width=4) (actual time=0.035..5.973 rows=826 loops=2) |                                       Filter: (bountyamount <= 100) |                                       Rows Removed by Filter: 163206 |                                 ->  Index Scan using users_pkey on users u  (cost=0.29..1.35 rows=1 width=4) (actual time=0.001..0.001 rows=0 loops=1652) |                                       Index Cond: (id = v.userid) |                                       Filter: ((creationdate <= '2014-09-12 03:25:34'::timestamp without time zone) AND (upvotes = 0)) |                                       Rows Removed by Filter: 1 | Planning Time: 0.169 ms | Execution Time: 22.292 ms
s15,499.505,Finalize Aggregate  (cost=25635.17..25635.18 rows=1 width=8) (actual time=499.423..500.845 rows=1 loops=1) |   ->  Gather  (cost=25635.06..25635.17 rows=1 width=8) (actual time=499.194..500.841 rows=2 loops=1) |         Workers Planned: 1 |         Workers Launched: 1 |         ->  Partial Aggregate  (cost=24635.06..24635.07 rows=1 width=8) (actual time=494.658..494.660 rows=1 loops=2) |               ->  Hash Join  (cost=4139.54..8950.30 rows=6273904 width=0) (actual time=30.051..330.751 rows=5111932 loops=2) |                     Hash Cond: (c.userid = u.id) |                     ->  Parallel Seq Scan on comments c  (cost=0.00..2881.99 rows=78942 width=4) (actual time=0.011..6.464 rows=67330 loops=2) |                           Filter: ((creationdate >= '2010-07-24 06:46:49'::timestamp without time zone) AND (score = 0)) |                           Rows Removed by Filter: 19823 |                     ->  Hash  (cost=3143.98..3143.98 rows=79645 width=8) (actual time=29.923..29.925 rows=79610 loops=2) |                           Buckets: 131072  Batches: 1  Memory Usage: 4134kB |                           ->  Hash Join  (cost=1305.12..3143.98 rows=79645 width=8) (actual time=6.088..21.849 rows=79610 loops=2) |                                 Hash Cond: (b.userid = u.id) |                                 ->  Seq Scan on badges b  (cost=0.00..1629.76 rows=79645 width=4) (actual time=0.009..5.165 rows=79610 loops=2) |                                       Filter: ((date >= '2010-07-19 20:34:06'::timestamp without time zone) AND (date <= '2014-09-12 15:11:36'::timestamp without time zone)) |                                       Rows Removed by Filter: 241 |                                 ->  Hash  (cost=801.06..801.06 rows=40325 width=4) (actual time=6.036..6.036 rows=40325 loops=2) |                                       Buckets: 65536  Batches: 1  Memory Usage: 1930kB |                                       ->  Seq Scan on users u  (cost=0.00..801.06 rows=40325 width=4) (actual time=0.002..2.653 rows=40325 loops=2) |                                             Filter: (upvotes >= 0) | Planning Time: 0.165 ms | Execution Time: 500.899 ms
s16,54.578,Finalize Aggregate  (cost=24794.60..24794.61 rows=1 width=8) (actual time=53.054..54.525 rows=1 loops=1) |   ->  Gather  (cost=24794.49..24794.60 rows=1 width=8) (actual time=52.676..54.519 rows=2 loops=1) |         Workers Planned: 1 |         Workers Launched: 1 |         ->  Partial Aggregate  (cost=23794.49..23794.50 rows=1 width=8) (actual time=48.267..48.270 rows=1 loops=2) |               ->  Hash Join  (cost=4266.71..8761.23 rows=6013306 width=0) (actual time=26.993..44.285 rows=122784 loops=2) |                     Hash Cond: (c.userid = u.id) |                     ->  Parallel Seq Scan on comments c  (cost=0.00..2625.65 rows=79705 width=4) (actual time=0.004..4.942 rows=67444 loops=2) |                           Filter: (score = 0) |                           Rows Removed by Filter: 19709 |                     ->  Hash  (cost=3321.63..3321.63 rows=75606 width=8) (actual time=26.812..26.814 rows=55035 loops=2) |                           Buckets: 131072  Batches: 1  Memory Usage: 3174kB |                           ->  Hash Join  (cost=1682.09..3321.63 rows=75606 width=8) (actual time=6.993..20.845 rows=55035 loops=2) |                                 Hash Cond: (b.userid = u.id) |                                 ->  Seq Scan on badges b  (cost=0.00..1430.14 rows=79766 width=4) (actual time=0.008..4.662 rows=79693 loops=2) |                                       Filter: (date >= '2010-07-19 20:54:06'::timestamp without time zone) |                                       Rows Removed by Filter: 158 |                                 ->  Hash  (cost=1204.31..1204.31 rows=38222 width=4) (actual time=6.818..6.818 rows=38246 loops=2) |                                       Buckets: 65536  Batches: 1  Memory Usage: 1857kB |                                       ->  Seq Scan on users u  (cost=0.00..1204.31 rows=38222 width=4) (actual time=0.033..3.553 rows=38246 loops=2) |                                             Filter: ((downvotes >= 0) AND (upvotes >= 0) AND (upvotes <= 17) AND (creationdate >= '2010-08-06 07:03:05'::timestamp without time zone) AND (creationdate <= '2014-09-08 04:18:44'::timestamp without time zone)) |                                             Rows Removed by Filter: 2079 | Planning Time: 0.168 ms | Execution Time: 54.578 ms
s17,26.745,Finalize Aggregate  (cost=10629.52..10629.53 rows=1 width=8) (actual time=25.131..26.673 rows=1 loops=1) |   ->  Gather  (cost=10629.40..10629.51 rows=1 width=8) (actual time=25.001..26.667 rows=2 loops=1) |         Workers Planned: 1 |         Workers Launched: 1 |         ->  Partial Aggregate  (cost=9629.40..9629.41 rows=1 width=8) (actual time=20.560..20.562 rows=1 loops=2) |               ->  Hash Join  (cost=2302.55..9609.17 rows=8093 width=0) (actual time=1.233..19.399 rows=35376 loops=2) |                     Hash Cond: (v.userid = p.owneruserid) |                     ->  Parallel Seq Scan on votes v  (cost=0.00..4089.79 rows=192979 width=4) (actual time=0.004..7.963 rows=164032 loops=2) |                     ->  Hash  (cost=2295.17..2295.17 rows=590 width=4) (actual time=1.160..1.161 rows=593 loops=2) |                           Buckets: 1024  Batches: 1  Memory Usage: 29kB |                           ->  Nested Loop  (cost=0.30..2295.17 rows=590 width=4) (actual time=0.020..1.114 rows=596 loops=2) |                                 ->  Seq Scan on tags t  (cost=0.00..16.32 rows=1032 width=4) (actual time=0.005..0.054 rows=1032 loops=2) |                                 ->  Memoize  (cost=0.30..3.79 rows=1 width=8) (actual time=0.001..0.001 rows=1 loops=2064) |                                       Cache Key: t.excerptpostid |                                       Cache Mode: logical |                                       Hits: 435  Misses: 597  Evictions: 0  Overflows: 0  Memory Usage: 63kB |                                       Worker 0:  Hits: 435  Misses: 597  Evictions: 0  Overflows: 0  Memory Usage: 63kB |                                       ->  Index Scan using posts_pkey on posts p  (cost=0.29..3.78 rows=1 width=8) (actual time=0.001..0.001 rows=1 loops=1194) |                                             Index Cond: (id = t.excerptpostid) |                                             Filter: (creationdate >= '2010-07-20 02:01:05'::timestamp without time zone) | Planning Time: 0.119 ms | Execution Time: 26.704 ms
s18,45.192,Finalize Aggregate  (cost=9883.82..9883.83 rows=1 width=8) (actual time=44.446..45.891 rows=1 loops=1) |   ->  Gather  (cost=9883.71..9883.82 rows=1 width=8) (actual time=44.169..45.885 rows=2 loops=1) |         Workers Planned: 1 |         Workers Launched: 1 |         ->  Partial Aggregate  (cost=8883.71..8883.72 rows=1 width=8) (actual time=39.251..39.255 rows=1 loops=2) |               ->  Hash Join  (cost=3487.71..8830.91 rows=21121 width=0) (actual time=18.532..38.233 rows=31750 loops=2) |                     Hash Cond: (ph.postid = p.id) |                     ->  Parallel Seq Scan on posthistory ph  (cost=0.00..4469.32 rows=176711 width=4) (actual time=0.014..9.173 rows=151386 loops=2) |                           Filter: (creationdate >= '2010-07-20 00:30:00'::timestamp without time zone) |                           Rows Removed by Filter: 207 |                     ->  Hash  (cost=3350.30..3350.30 rows=10993 width=8) (actual time=18.478..18.481 rows=11091 loops=2) |                           Buckets: 16384  Batches: 1  Memory Usage: 562kB |                           ->  Hash Join  (cost=3128.14..3350.30 rows=10993 width=8) (actual time=14.992..17.475 rows=11091 loops=2) |                                 Hash Cond: (pl.postid = p.id) |                                 ->  Seq Scan on postlinks pl  (cost=0.00..193.02 rows=11102 width=4) (actual time=0.005..0.575 rows=11102 loops=2) |                                 ->  Hash  (cost=1989.70..1989.70 rows=91075 width=4) (actual time=14.888..14.889 rows=91871 loops=2) |                                       Buckets: 131072  Batches: 1  Memory Usage: 4254kB |                                       ->  Seq Scan on posts p  (cost=0.00..1989.70 rows=91075 width=4) (actual time=0.007..6.215 rows=91871 loops=2) |                                             Filter: (creationdate >= '2010-07-19 20:08:37'::timestamp without time zone) |                                             Rows Removed by Filter: 105 | Planning Time: 0.141 ms | Execution Time: 45.937 ms
s19,26.754,Aggregate  (cost=4719.99..4720.00 rows=1 width=8) (actual time=26.504..26.506 rows=1 loops=1) |   ->  Hash Join  (cost=4441.51..4692.77 rows=10889 width=0) (actual time=22.044..26.134 rows=10895 loops=1) |         Hash Cond: (p.owneruserid = u.id) |         ->  Hash Join  (cost=3137.56..3359.73 rows=11084 width=4) (actual time=16.177..18.556 rows=11050 loops=1) |               Hash Cond: (pl.postid = p.id) |               ->  Seq Scan on postlinks pl  (cost=0.00..193.02 rows=11102 width=4) (actual time=0.044..0.585 rows=11102 loops=1) |               ->  Hash  (cost=1989.70..1989.70 rows=91829 width=8) (actual time=15.972..15.973 rows=91837 loops=1) |                     Buckets: 131072  Batches: 1  Memory Usage: 4606kB |                     ->  Seq Scan on posts p  (cost=0.00..1989.70 rows=91829 width=8) (actual time=0.007..7.369 rows=91837 loops=1) |                           Filter: (commentcount <= 17) |                           Rows Removed by Filter: 139 |         ->  Hash  (cost=801.06..801.06 rows=40231 width=4) (actual time=5.857..5.857 rows=40244 loops=1) |               Buckets: 65536  Batches: 1  Memory Usage: 1927kB |               ->  Seq Scan on users u  (cost=0.00..801.06 rows=40231 width=4) (actual time=0.004..2.547 rows=40244 loops=1) |                     Filter: (creationdate <= '2014-09-12 07:12:16'::timestamp without time zone) |                     Rows Removed by Filter: 81 | Planning Time: 0.121 ms | Execution Time: 26.758 ms
s20,79.616,Finalize Aggregate  (cost=11606.99..11607.00 rows=1 width=8) (actual time=77.897..79.445 rows=1 loops=1) |   ->  Gather  (cost=11606.88..11606.99 rows=1 width=8) (actual time=77.645..79.440 rows=2 loops=1) |         Workers Planned: 1 |         Workers Launched: 1 |         ->  Partial Aggregate  (cost=10606.88..10606.89 rows=1 width=8) (actual time=73.181..73.183 rows=1 loops=2) |               ->  Hash Join  (cost=4834.65..10196.49 rows=164154 width=0) (actual time=23.774..69.141 rows=125534 loops=2) |                     Hash Cond: (p.owneruserid = u.id) |                     ->  Hash Join  (cost=3328.54..8252.17 rows=166921 width=4) (actual time=16.830..46.130 rows=145963 loops=2) |                           Hash Cond: (ph.postid = p.id) |                           ->  Parallel Seq Scan on posthistory ph  (cost=0.00..4469.32 rows=173062 width=4) (actual time=0.006..9.351 rows=146894 loops=2) |                                 Filter: (creationdate <= '2014-08-17 21:24:11'::timestamp without time zone) |                                 Rows Removed by Filter: 4700 |                           ->  Hash  (cost=2219.64..2219.64 rows=88712 width=8) (actual time=16.551..16.552 rows=89117 loops=2) |                                 Buckets: 131072  Batches: 1  Memory Usage: 4500kB |                                 ->  Seq Scan on posts p  (cost=0.00..2219.64 rows=88712 width=8) (actual time=0.037..7.879 rows=89117 loops=2) |                                       Filter: ((creationdate >= '2010-07-26 19:26:37'::timestamp without time zone) AND (creationdate <= '2014-08-22 14:43:39'::timestamp without time zone)) |                                       Rows Removed by Filter: 2859 |                     ->  Hash  (cost=1002.69..1002.69 rows=40274 width=4) (actual time=6.848..6.848 rows=40277 loops=2) |                           Buckets: 65536  Batches: 1  Memory Usage: 1928kB |                           ->  Seq Scan on users u  (cost=0.00..1002.69 rows=40274 width=4) (actual time=0.006..3.288 rows=40277 loops=2) |                                 Filter: ((reputation >= 1) AND (reputation <= 6524) AND (views >= 0)) |                                 Rows Removed by Filter: 48 | Planning Time: 0.142 ms | Execution Time: 79.639 ms
s21,50.3,Finalize Aggregate  (cost=11217.18..11217.19 rows=1 width=8) (actual time=48.505..49.985 rows=1 loops=1) |   ->  Gather  (cost=11217.07..11217.18 rows=1 width=8) (actual time=48.096..49.980 rows=2 loops=1) |         Workers Planned: 1 |         Workers Launched: 1 |         ->  Partial Aggregate  (cost=10217.07..10217.08 rows=1 width=8) (actual time=43.619..43.621 rows=1 loops=2) |               ->  Hash Join  (cost=5040.81..10170.38 rows=18674 width=0) (actual time=21.680..43.172 rows=13418 loops=2) |                     Hash Cond: (v.postid = p.id) |                     ->  Hash Join  (cost=1494.74..6572.92 rows=19580 width=4) (actual time=6.584..24.544 rows=15982 loops=2) |                           Hash Cond: (v.userid = u.id) |                           ->  Parallel Seq Scan on votes v  (cost=0.00..4572.24 rows=192741 width=8) (actual time=0.005..9.950 rows=163944 loops=2) |                                 Filter: (creationdate <= '2014-09-12 00:00:00'::timestamp without time zone) |                                 Rows Removed by Filter: 88 |                           ->  Hash  (cost=1002.69..1002.69 rows=39364 width=4) (actual time=6.391..6.391 rows=39363 loops=2) |                                 Buckets: 65536  Batches: 1  Memory Usage: 1896kB |                                 ->  Seq Scan on users u  (cost=0.00..1002.69 rows=39364 width=4) (actual time=0.019..3.104 rows=39363 loops=2) |                                       Filter: ((upvotes >= 0) AND (creationdate >= '2010-07-27 17:15:57'::timestamp without time zone) AND (creationdate <= '2014-09-03 12:47:42'::timestamp without time zone)) |                                       Rows Removed by Filter: 962 |                     ->  Hash  (cost=2449.58..2449.58 rows=87719 width=4) (actual time=14.977..14.977 rows=87554 loops=2) |                           Buckets: 131072  Batches: 1  Memory Usage: 4103kB |                           ->  Seq Scan on posts p  (cost=0.00..2449.58 rows=87719 width=4) (actual time=0.193..7.324 rows=87554 loops=2) |                                 Filter: ((score >= '-1'::integer) AND (creationdate >= '2010-10-21 13:21:24'::timestamp without time zone) AND (creationdate <= '2014-09-09 15:12:22'::timestamp without time zone)) |                                 Rows Removed by Filter: 4422 | Planning Time: 0.136 ms | Execution Time: 50.041 ms
s22,244.911,Finalize Aggregate  (cost=20420.00..20420.01 rows=1 width=8) (actual time=240.120..240.183 rows=1 loops=1) |   ->  Gather  (cost=20419.89..20420.00 rows=1 width=8) (actual time=240.114..240.181 rows=2 loops=1) |         Workers Planned: 1 |         Workers Launched: 1 |         ->  Partial Aggregate  (cost=19419.89..19419.90 rows=1 width=8) (actual time=212.378..212.380 rows=1 loops=2) |               ->  Merge Join  (cost=17154.03..19097.66 rows=128889 width=0) (actual time=41.139..172.908 rows=1244040 loops=2) |                     Merge Cond: (v.userid = p.owneruserid) |                     ->  Sort  (cost=7415.40..7465.08 rows=19869 width=8) (actual time=25.208..26.153 rows=16459 loops=2) |                           Sort Key: v.userid |                           Sort Method: quicksort  Memory: 1384kB |                           Worker 0:  Sort Method: quicksort  Memory: 798kB |                           ->  Hash Join  (cost=1400.58..5996.93 rows=19869 width=8) (actual time=6.225..23.235 rows=16459 loops=2) |                                 Hash Cond: (v.userid = u.id) |                                 ->  Parallel Seq Scan on votes v  (cost=0.00..4089.79 rows=192979 width=4) (actual time=0.005..7.973 rows=164032 loops=2) |                                 ->  Hash  (cost=901.88..901.88 rows=39896 width=4) (actual time=6.077..6.078 rows=39787 loops=2) |                                       Buckets: 65536  Batches: 1  Memory Usage: 1911kB |                                       ->  Seq Scan on users u  (cost=0.00..901.88 rows=39896 width=4) (actual time=0.012..2.749 rows=39787 loops=2) |                                             Filter: ((creationdate >= '2010-07-22 04:38:06'::timestamp without time zone) AND (creationdate <= '2014-09-08 15:55:02'::timestamp without time zone)) |                                             Rows Removed by Filter: 538 |                     ->  Sort  (cost=9738.59..9966.75 rows=91262 width=4) (actual time=15.675..59.096 rows=1293357 loops=2) |                           Sort Key: p.owneruserid |                           Sort Method: quicksort  Memory: 3073kB |                           Worker 0:  Sort Method: quicksort  Memory: 3073kB |                           ->  Seq Scan on posts p  (cost=0.00..2219.64 rows=91262 width=4) (actual time=0.016..7.740 rows=91312 loops=2) |                                 Filter: ((commentcount >= 0) AND (commentcount <= 12)) |                                 Rows Removed by Filter: 664 | Planning Time: 0.160 ms | Execution Time: 240.338 ms
s23,56.769,Finalize Aggregate  (cost=10381.64..10381.65 rows=1 width=8) (actual time=55.165..56.606 rows=1 loops=1) |   ->  Gather  (cost=10381.52..10381.63 rows=1 width=8) (actual time=54.764..56.599 rows=2 loops=1) |         Workers Planned: 1 |         Workers Launched: 1 |         ->  Partial Aggregate  (cost=9381.52..9381.53 rows=1 width=8) (actual time=50.268..50.271 rows=1 loops=2) |               ->  Hash Join  (cost=3815.98..9260.86 rows=48265 width=0) (actual time=27.236..47.952 rows=72008 loops=2) |                     Hash Cond: (v.userid = u.id) |                     ->  Parallel Seq Scan on votes v  (cost=0.00..4089.79 rows=192979 width=4) (actual time=0.005..7.952 rows=164032 loops=2) |                     ->  Hash  (cost=2836.60..2836.60 rows=78350 width=8) (actual time=27.109..27.111 rows=62294 loops=2) |                           Buckets: 131072  Batches: 1  Memory Usage: 3458kB |                           ->  Hash Join  (cost=1396.46..2836.60 rows=78350 width=8) (actual time=6.351..20.487 rows=62294 loops=2) |                                 Hash Cond: (b.userid = u.id) |                                 ->  Seq Scan on badges b  (cost=0.00..1230.51 rows=79851 width=4) (actual time=0.004..3.835 rows=79851 loops=2) |                                 ->  Hash  (cost=901.88..901.88 rows=39567 width=4) (actual time=6.300..6.300 rows=39578 loops=2) |                                       Buckets: 65536  Batches: 1  Memory Usage: 1904kB |                                       ->  Seq Scan on users u  (cost=0.00..901.88 rows=39567 width=4) (actual time=0.005..2.902 rows=39578 loops=2) |                                             Filter: ((downvotes >= 0) AND (downvotes <= 0)) |                                             Rows Removed by Filter: 747 | Planning Time: 0.166 ms | Execution Time: 56.653 ms
s24,19.83,Aggregate  (cost=8779.59..8779.60 rows=1 width=8) (actual time=19.782..19.841 rows=1 loops=1) |   ->  Hash Join  (cost=7246.55..8778.86 rows=292 width=0) (actual time=11.254..19.692 rows=4582 loops=1) |         Hash Cond: (b.userid = u.id) |         ->  Seq Scan on badges b  (cost=0.00..1230.51 rows=79851 width=4) (actual time=0.003..3.816 rows=79851 loops=1) |         ->  Hash  (cost=7245.06..7245.06 rows=119 width=8) (actual time=11.245..11.302 rows=433 loops=1) |               Buckets: 1024  Batches: 1  Memory Usage: 25kB |               ->  Gather  (cost=1000.29..7245.06 rows=119 width=8) (actual time=0.340..11.245 rows=433 loops=1) |                     Workers Planned: 1 |                     Workers Launched: 1 |                     ->  Nested Loop  (cost=0.29..6233.16 rows=70 width=8) (actual time=0.125..6.687 rows=216 loops=2) |                           ->  Parallel Seq Scan on votes v  (cost=0.00..5054.68 rows=688 width=4) (actual time=0.037..6.081 rows=650 loops=2) |                                 Filter: ((bountyamount >= 0) AND (bountyamount <= 50)) |                                 Rows Removed by Filter: 163382 |                           ->  Index Scan using users_pkey on users u  (cost=0.29..1.71 rows=1 width=4) (actual time=0.001..0.001 rows=0 loops=1301) |                                 Index Cond: (id = v.userid) |                                 Filter: (downvotes = 0) |                                 Rows Removed by Filter: 0 | Planning Time: 0.161 ms | Execution Time: 19.867 ms
s25,65.207,Finalize Aggregate  (cost=13710.51..13710.52 rows=1 width=8) (actual time=63.578..65.159 rows=1 loops=1) |   ->  Gather  (cost=13710.40..13710.51 rows=1 width=8) (actual time=63.238..65.155 rows=2 loops=1) |         Workers Planned: 1 |         Workers Launched: 1 |         ->  Partial Aggregate  (cost=12710.40..12710.41 rows=1 width=8) (actual time=58.715..58.719 rows=1 loops=2) |               ->  Parallel Hash Join  (cost=6781.61..12622.80 rows=35039 width=0) (actual time=32.304..55.805 rows=88096 loops=2) |                     Hash Cond: (v.postid = p.id) |                     ->  Parallel Seq Scan on votes v  (cost=0.00..5054.68 rows=154771 width=4) (actual time=0.006..10.467 rows=130990 loops=2) |                           Filter: ((creationdate <= '2014-09-12 00:00:00'::timestamp without time zone) AND (votetypeid = 2)) |                           Rows Removed by Filter: 33042 |                     ->  Parallel Hash  (cost=6628.49..6628.49 rows=12249 width=12) (actual time=32.201..32.203 rows=17517 loops=2) |                           Buckets: 65536 (originally 32768)  Batches: 1 (originally 1)  Memory Usage: 2432kB |                           ->  Hash Join  (cost=3499.60..6628.49 rows=12249 width=12) (actual time=18.158..29.530 rows=17517 loops=2) |                                 Hash Cond: (c.postid = p.id) |                                 ->  Parallel Seq Scan on comments c  (cost=0.00..2625.65 rows=101533 width=4) (actual time=0.022..5.235 rows=86676 loops=2) |                                       Filter: (creationdate >= '2010-08-02 23:52:10'::timestamp without time zone) |                                       Rows Removed by Filter: 477 |                                 ->  Hash  (cost=3360.90..3360.90 rows=11096 width=8) (actual time=18.112..18.113 rows=11077 loops=2) |                                       Buckets: 16384  Batches: 1  Memory Usage: 561kB |                                       ->  Hash Join  (cost=3138.74..3360.90 rows=11096 width=8) (actual time=14.716..17.134 rows=11077 loops=2) |                                             Hash Cond: (pl.postid = p.id) |                                             ->  Seq Scan on postlinks pl  (cost=0.00..193.02 rows=11102 width=4) (actual time=0.008..0.550 rows=11102 loops=2) |                                             ->  Hash  (cost=1989.70..1989.70 rows=91923 width=4) (actual time=14.620..14.620 rows=91904 loops=2) |                                                   Buckets: 131072  Batches: 1  Memory Usage: 4255kB |                                                   ->  Seq Scan on posts p  (cost=0.00..1989.70 rows=91923 width=4) (actual time=0.003..6.284 rows=91904 loops=2) |                                                         Filter: (score >= '-3'::integer) |                                                         Rows Removed by Filter: 72 | Planning Time: 0.268 ms | Execution Time: 65.207 ms
s26,44.944,Finalize Aggregate  (cost=9091.59..9091.60 rows=1 width=8) (actual time=42.979..44.475 rows=1 loops=1) |   ->  Gather  (cost=9091.48..9091.59 rows=1 width=8) (actual time=42.682..44.470 rows=2 loops=1) |         Workers Planned: 1 |         Workers Launched: 1 |         ->  Partial Aggregate  (cost=8091.48..8091.49 rows=1 width=8) (actual time=38.211..38.216 rows=1 loops=2) |               ->  Hash Join  (cost=4692.23..8062.49 rows=11595 width=0) (actual time=27.354..37.811 rows=12516 loops=2) |                     Hash Cond: (c.postid = p.id) |                     ->  Parallel Seq Scan on comments c  (cost=0.00..2881.99 rows=99285 width=4) (actual time=0.007..5.514 rows=85124 loops=2) |                           Filter: ((creationdate >= '2010-07-21 11:05:37'::timestamp without time zone) AND (creationdate <= '2014-08-25 17:59:25'::timestamp without time zone)) |                           Rows Removed by Filter: 2028 |                     ->  Hash  (cost=4557.95..4557.95 rows=10742 width=8) (actual time=27.192..27.196 rows=8528 loops=2) |                           Buckets: 16384  Batches: 1  Memory Usage: 462kB |                           ->  Hash Join  (cost=4306.65..4557.95 rows=10742 width=8) (actual time=21.909..26.366 rows=8528 loops=2) |                                 Hash Cond: (p.owneruserid = u.id) |                                 ->  Hash Join  (cost=2909.46..3131.62 rows=11102 width=12) (actual time=15.554..18.377 rows=11102 loops=2) |                                       Hash Cond: (pl.relatedpostid = p.id) |                                       ->  Seq Scan on postlinks pl  (cost=0.00..193.02 rows=11102 width=4) (actual time=0.018..0.565 rows=11102 loops=2) |                                       ->  Hash  (cost=1759.76..1759.76 rows=91976 width=8) (actual time=15.361..15.362 rows=91976 loops=2) |                                             Buckets: 131072  Batches: 1  Memory Usage: 4612kB |                                             ->  Seq Scan on posts p  (cost=0.00..1759.76 rows=91976 width=8) (actual time=0.004..6.385 rows=91976 loops=2) |                                 ->  Hash  (cost=901.88..901.88 rows=39625 width=4) (actual time=6.246..6.247 rows=39575 loops=2) |                                       Buckets: 65536  Batches: 1  Memory Usage: 1904kB |                                       ->  Seq Scan on users u  (cost=0.00..901.88 rows=39625 width=4) (actual time=0.035..2.837 rows=39575 loops=2) |                                             Filter: ((upvotes >= 0) AND (creationdate >= '2010-08-21 21:27:38'::timestamp without time zone)) |                                             Rows Removed by Filter: 750 | Planning Time: 0.210 ms | Execution Time: 44.676 ms
s27,39.409,Finalize Aggregate  (cost=25805.15..25805.16 rows=1 width=8) (actual time=37.783..39.358 rows=1 loops=1) |   ->  Gather  (cost=25805.04..25805.15 rows=1 width=8) (actual time=37.374..39.351 rows=2 loops=1) |         Workers Planned: 1 |         Workers Launched: 1 |         ->  Partial Aggregate  (cost=24805.04..24805.05 rows=1 width=8) (actual time=32.809..32.814 rows=1 loops=2) |               ->  Parallel Hash Join  (cost=9569.60..12832.05 rows=4789197 width=0) (actual time=22.162..32.133 rows=21018 loops=2) |                     Hash Cond: (c.userid = u.id) |                     ->  Parallel Seq Scan on comments c  (cost=0.00..2881.99 rows=79685 width=4) (actual time=0.002..5.348 rows=67424 loops=2) |                           Filter: ((creationdate <= '2014-09-13 20:12:15'::timestamp without time zone) AND (score = 0)) |                           Rows Removed by Filter: 19728 |                     ->  Parallel Hash  (cost=9517.11..9517.11 rows=4199 width=12) (actual time=22.028..22.031 rows=900 loops=2) |                           Buckets: 8192  Batches: 1  Memory Usage: 192kB |                           ->  Hash Join  (cost=3128.28..9517.11 rows=4199 width=12) (actual time=15.382..21.883 rows=900 loops=2) |                                 Hash Cond: (u.id = p.owneruserid) |                                 ->  Nested Loop  (cost=0.29..6235.71 rows=69 width=8) (actual time=0.184..6.562 rows=122 loops=2) |                                       ->  Parallel Seq Scan on votes v  (cost=0.00..5054.68 rows=687 width=4) (actual time=0.041..5.975 rows=650 loops=2) |                                             Filter: ((bountyamount <= 50) AND (creationdate <= '2014-09-12 00:00:00'::timestamp without time zone)) |                                             Rows Removed by Filter: 163382 |                                       ->  Index Scan using users_pkey on users u  (cost=0.29..1.72 rows=1 width=4) (actual time=0.001..0.001 rows=0 loops=1301) |                                             Index Cond: (id = v.userid) |                                             Filter: ((upvotes >= 0) AND (upvotes <= 12) AND (creationdate >= '2010-07-19 19:09:39'::timestamp without time zone)) |                                             Rows Removed by Filter: 0 |                                 ->  Hash  (cost=1989.70..1989.70 rows=91063 width=4) (actual time=15.102..15.103 rows=89935 loops=2) |                                       Buckets: 131072  Batches: 1  Memory Usage: 4186kB |                                       ->  Seq Scan on posts p  (cost=0.00..1989.70 rows=91063 width=4) (actual time=0.030..7.090 rows=91286 loops=2) |                                             Filter: (creationdate >= '2010-07-27 01:51:15'::timestamp without time zone) |                                             Rows Removed by Filter: 690 | Planning Time: 0.304 ms | Execution Time: 39.409 ms
s28,838.081,Finalize Aggregate  (cost=33407.26..33407.27 rows=1 width=8) (actual time=917.020..918.696 rows=1 loops=1) |   ->  Gather  (cost=33407.15..33407.26 rows=1 width=8) (actual time=916.984..918.692 rows=2 loops=1) |         Workers Planned: 1 |         Workers Launched: 1 |         ->  Partial Aggregate  (cost=32407.15..32407.16 rows=1 width=8) (actual time=912.466..912.469 rows=1 loops=2) |               ->  Hash Join  (cost=6873.33..16158.38 rows=6499508 width=0) (actual time=45.883..635.407 rows=8024575 loops=2) |                     Hash Cond: (p.owneruserid = u.id) |                     ->  Hash Join  (cost=3129.93..7726.31 rows=191388 width=4) (actual time=16.363..70.940 rows=144810 loops=2) |                           Hash Cond: (v.postid = p.id) |                           ->  Parallel Seq Scan on votes v  (cost=0.00..4089.79 rows=192979 width=4) (actual time=0.006..9.909 rows=164032 loops=2) |                           ->  Hash  (cost=1989.70..1989.70 rows=91218 width=8) (actual time=16.197..16.197 rows=91231 loops=2) |                                 Buckets: 131072  Batches: 1  Memory Usage: 4583kB |                                 ->  Seq Scan on posts p  (cost=0.00..1989.70 rows=91218 width=8) (actual time=0.017..7.458 rows=91231 loops=2) |                                       Filter: (score <= 22) |                                       Rows Removed by Filter: 745 |                     ->  Hash  (cost=2745.27..2745.27 rows=79851 width=8) (actual time=29.414..29.415 rows=79851 loops=2) |                           Buckets: 131072  Batches: 1  Memory Usage: 4144kB |                           ->  Hash Join  (cost=1305.12..2745.27 rows=79851 width=8) (actual time=5.931..21.062 rows=79851 loops=2) |                                 Hash Cond: (b.userid = u.id) |                                 ->  Seq Scan on badges b  (cost=0.00..1230.51 rows=79851 width=4) (actual time=0.005..3.865 rows=79851 loops=2) |                                 ->  Hash  (cost=801.06..801.06 rows=40325 width=4) (actual time=5.885..5.885 rows=40325 loops=2) |                                       Buckets: 65536  Batches: 1  Memory Usage: 1930kB |                                       ->  Seq Scan on users u  (cost=0.00..801.06 rows=40325 width=4) (actual time=0.004..2.538 rows=40325 loops=2) |                                             Filter: (reputation >= 1) | Planning Time: 0.220 ms | Execution Time: 918.965 ms
s29,98.096,Finalize Aggregate  (cost=14435.48..14435.49 rows=1 width=8) (actual time=96.445..98.045 rows=1 loops=1) |   ->  Gather  (cost=14435.36..14435.47 rows=1 width=8) (actual time=96.027..98.040 rows=2 loops=1) |         Workers Planned: 1 |         Workers Launched: 1 |         ->  Partial Aggregate  (cost=13435.36..13435.37 rows=1 width=8) (actual time=91.324..91.327 rows=1 loops=2) |               ->  Hash Join  (cost=7021.75..12401.74 rows=413451 width=0) (actual time=36.045..81.773 rows=297910 loops=2) |                     Hash Cond: (p.owneruserid = u.id) |                     ->  Hash Join  (cost=2756.36..7834.56 rows=12881 width=4) (actual time=6.713..31.403 rows=46500 loops=2) |                           Hash Cond: (v.postid = p.id) |                           ->  Parallel Seq Scan on votes v  (cost=0.00..4572.24 rows=192741 width=4) (actual time=0.006..10.169 rows=163944 loops=2) |                                 Filter: (creationdate <= '2014-09-12 00:00:00'::timestamp without time zone) |                                 Rows Removed by Filter: 88 |                           ->  Hash  (cost=2679.52..2679.52 rows=6147 width=8) (actual time=6.670..6.670 rows=13079 loops=2) |                                 Buckets: 16384 (originally 8192)  Batches: 1 (originally 1)  Memory Usage: 638kB |                                 ->  Seq Scan on posts p  (cost=0.00..2679.52 rows=6147 width=8) (actual time=0.004..5.479 rows=13079 loops=2) |                                       Filter: ((score >= '-1'::integer) AND (favoritecount >= 0) AND (favoritecount <= 20) AND (posttypeid = 1)) |                                       Rows Removed by Filter: 78897 |                     ->  Hash  (cost=3321.99..3321.99 rows=75472 width=8) (actual time=27.828..27.830 rows=60506 loops=2) |                           Buckets: 131072  Batches: 1  Memory Usage: 3388kB |                           ->  Hash Join  (cost=1485.28..3321.99 rows=75472 width=8) (actual time=6.777..21.202 rows=60506 loops=2) |                                 Hash Cond: (b.userid = u.id) |                                 ->  Seq Scan on badges b  (cost=0.00..1629.76 rows=78830 width=4) (actual time=0.029..5.028 rows=78564 loops=2) |                                       Filter: ((date >= '2010-07-20 19:02:22'::timestamp without time zone) AND (date <= '2014-09-03 23:36:09'::timestamp without time zone)) |                                       Rows Removed by Filter: 1287 |                                 ->  Hash  (cost=1002.69..1002.69 rows=38607 width=4) (actual time=6.348..6.348 rows=38651 loops=2) |                                       Buckets: 65536  Batches: 1  Memory Usage: 1871kB |                                       ->  Seq Scan on users u  (cost=0.00..1002.69 rows=38607 width=4) (actual time=0.081..3.131 rows=38651 loops=2) |                                             Filter: ((downvotes <= 2) AND (upvotes >= 0) AND (creationdate >= '2010-11-26 03:34:11'::timestamp without time zone)) |                                             Rows Removed by Filter: 1674 | Planning Time: 0.234 ms | Execution Time: 98.096 ms
s30,20832.66,Aggregate  (cost=15587.10..15587.11 rows=1 width=8) (actual time=20734.383..20734.386 rows=1 loops=1) |   ->  Hash Join  (cost=11184.18..15036.13 rows=220386 width=0) (actual time=232.919..13102.031 rows=232039659 loops=1) |         Hash Cond: (p.owneruserid = u.id) |         ->  Seq Scan on posts p  (cost=0.00..2909.46 rows=37078 width=4) (actual time=0.055..8.669 rows=37528 loops=1) |               Filter: ((score >= 0) AND (score <= 30) AND (creationdate >= '2010-07-27 15:30:31'::timestamp without time zone) AND (creationdate <= '2014-09-04 17:45:10'::timestamp without time zone) AND (commentcount = 0)) |               Rows Removed by Filter: 54448 |         ->  Hash  (cost=10138.91..10138.91 rows=83622 width=12) (actual time=232.650..232.653 rows=1056687 loops=1) |               Buckets: 262144 (originally 131072)  Batches: 4096 (originally 1)  Memory Usage: 7898kB |               ->  Hash Join  (cost=7932.89..10138.91 rows=83622 width=12) (actual time=43.176..122.392 rows=1056687 loops=1) |                     Hash Cond: (b.userid = u.id) |                     ->  Seq Scan on badges b  (cost=0.00..1230.51 rows=79851 width=4) (actual time=0.002..4.071 rows=79851 loops=1) |                     ->  Hash  (cost=7506.13..7506.13 rows=34141 width=8) (actual time=43.164..43.165 rows=34789 loops=1) |                           Buckets: 65536  Batches: 1  Memory Usage: 1871kB |                           ->  Hash Join  (cost=1204.31..7506.13 rows=34141 width=8) (actual time=5.503..39.470 rows=34789 loops=1) |                                 Hash Cond: (v.userid = u.id) |                                 ->  Seq Scan on votes v  (cost=0.00..5440.64 rows=328064 width=4) (actual time=0.002..15.804 rows=328064 loops=1) |                                 ->  Hash  (cost=700.25..700.25 rows=40325 width=4) (actual time=5.418..5.419 rows=40325 loops=1) |                                       Buckets: 65536  Batches: 1  Memory Usage: 1930kB |                                       ->  Seq Scan on users u  (cost=0.00..700.25 rows=40325 width=4) (actual time=0.002..2.129 rows=40325 loops=1) | Planning Time: 0.309 ms | Execution Time: 20735.087 ms
s31,763.168,Aggregate  (cost=16061.19..16061.20 rows=1 width=8) (actual time=762.883..762.887 rows=1 loops=1) |   ->  Hash Join  (cost=12273.11..15490.44 rows=228300 width=0) (actual time=136.929..546.466 rows=6672465 loops=1) |         Hash Cond: (p.owneruserid = u.id) |         ->  Seq Scan on posts p  (cost=0.00..2219.64 rows=42682 width=4) (actual time=0.005..5.786 rows=42797 loops=1) |               Filter: ((score <= 48) AND (answercount <= 8)) |               Rows Removed by Filter: 49179 |         ->  Hash  (cost=11332.47..11332.47 rows=75251 width=12) (actual time=136.497..136.501 rows=475290 loops=1) |               Buckets: 262144 (originally 131072)  Batches: 8 (originally 1)  Memory Usage: 6338kB |               ->  Hash Join  (cost=8813.63..11332.47 rows=75251 width=12) (actual time=43.304..84.042 rows=475290 loops=1) |                     Hash Cond: (b.userid = u.id) |                     ->  Seq Scan on badges b  (cost=0.00..1629.76 rows=74856 width=4) (actual time=0.130..5.001 rows=74827 loops=1) |                           Filter: ((date >= '2011-01-03 20:50:19'::timestamp without time zone) AND (date <= '2014-09-02 15:35:07'::timestamp without time zone)) |                           Rows Removed by Filter: 5024 |                     ->  Hash  (cost=8403.97..8403.97 rows=32773 width=8) (actual time=43.161..43.163 rows=28260 loops=1) |                           Buckets: 65536  Batches: 1  Memory Usage: 1616kB |                           ->  Hash Join  (cost=1288.79..8403.97 rows=32773 width=8) (actual time=7.146..40.121 rows=28260 loops=1) |                                 Hash Cond: (v.userid = u.id) |                                 ->  Seq Scan on votes v  (cost=0.00..6260.80 rows=325473 width=4) (actual time=0.002..19.517 rows=325944 loops=1) |                                       Filter: (creationdate <= '2014-09-06 00:00:00'::timestamp without time zone) |                                       Rows Removed by Filter: 2120 |                                 ->  Hash  (cost=801.06..801.06 rows=39018 width=4) (actual time=5.470..5.470 rows=38979 loops=1) |                                       Buckets: 65536  Batches: 1  Memory Usage: 1883kB |                                       ->  Seq Scan on users u  (cost=0.00..801.06 rows=39018 width=4) (actual time=0.045..2.463 rows=38979 loops=1) |                                             Filter: (creationdate >= '2010-11-16 06:03:04'::timestamp without time zone) |                                             Rows Removed by Filter: 1346 | Planning Time: 0.262 ms | Execution Time: 763.143 ms
s32,1216.542,"Finalize Aggregate  (cost=1426409.49..1426409.50 rows=1 width=8) (actual time=1182.815..1184.713 rows=1 loops=1) |   ->  Gather  (cost=1426409.38..1426409.49 rows=1 width=8) (actual time=1182.806..1184.706 rows=2 loops=1) |         Workers Planned: 1 |         Workers Launched: 1 |         ->  Partial Aggregate  (cost=1425409.38..1425409.39 rows=1 width=8) (actual time=1173.938..1173.942 rows=1 loops=2) |               ->  Parallel Hash Join  (cost=24952.33..50052.74 rows=550142655 width=0) (actual time=246.743..833.696 rows=9701284 loops=2) |                     Hash Cond: (c.userid = u.id) |                     ->  Parallel Seq Scan on comments c  (cost=0.00..2881.99 rows=101486 width=4) (actual time=0.048..6.505 rows=86370 loops=2) |                           Filter: ((creationdate >= '2010-08-12 20:33:46'::timestamp without time zone) AND (creationdate <= '2014-09-13 19:26:55'::timestamp without time zone)) |                           Rows Removed by Filter: 782 |                     ->  Parallel Hash  (cost=13728.45..13728.45 rows=645671 width=12) (actual time=230.298..230.301 rows=212799 loops=2) |                           Buckets: 262144  Batches: 16  Memory Usage: 4512kB |                           ->  Parallel Hash Join  (cost=7498.94..13728.45 rows=645671 width=12) (actual time=172.348..205.708 rows=212799 loops=2) |                                 Hash Cond: (ph.userid = u.id) |                                 ->  Parallel Seq Scan on posthistory ph  (cost=0.00..4915.18 rows=159308 width=4) (actual time=0.336..8.645 rows=135190 loops=2) |                                       Filter: ((creationdate >= '2011-04-11 14:46:09'::timestamp without time zone) AND (creationdate <= '2014-08-17 16:37:23'::timestamp without time zone)) |                                       Rows Removed by Filter: 16404 |                                 ->  Parallel Hash  (cost=7255.09..7255.09 rows=19508 width=8) (actual time=171.952..171.953 rows=10004 loops=2) |                                       Buckets: 65536  Batches: 1  Memory Usage: 1312kB |                                       ->  Hash Join  (cost=1698.46..7255.09 rows=19508 width=8) (actual time=151.031..170.526 rows=10004 loops=2) |                                             Hash Cond: (v.userid = u.id) |                                             ->  Parallel Seq Scan on votes v  (cost=0.00..5054.68 rows=191218 width=4) (actual time=144.463..153.721 rows=163081 loops=2) |                                                   Filter: ((creationdate >= '2010-07-26 00:00:00'::timestamp without time zone) AND (creationdate <= '2014-09-12 00:00:00'::timestamp without time zone)) |                                                   Rows Removed by Filter: 951 |                                             ->  Hash  (cost=1204.31..1204.31 rows=39532 width=4) (actual time=6.514..6.514 rows=39806 loops=2) |                                                   Buckets: 65536  Batches: 1  Memory Usage: 1912kB |                                                   ->  Seq Scan on users u  (cost=0.00..1204.31 rows=39532 width=4) (actual time=0.022..3.039 rows=39806 loops=2) |                                                         Filter: ((views >= 0) AND (views <= 783) AND (downvotes >= 0) AND (downvotes <= 1) AND (upvotes <= 123)) |                                                         Rows Removed by Filter: 519 | Planning Time: 0.297 ms | JIT: |   Functions: 76 |   Options: Inlining true, Optimization true, Expressions true, Deforming true |   Timing: Generation 1.759 ms, Inlining 39.027 ms, Optimization 134.535 ms, Emission 115.456 ms, Total 290.777 ms | Execution Time: 1185.693 ms"
s33,40.237,Finalize Aggregate  (cost=21282.35..21282.36 rows=1 width=8) (actual time=38.839..40.588 rows=1 loops=1) |   ->  Gather  (cost=21282.23..21282.34 rows=1 width=8) (actual time=38.735..40.582 rows=2 loops=1) |         Workers Planned: 1 |         Workers Launched: 1 |         ->  Partial Aggregate  (cost=20282.23..20282.24 rows=1 width=8) (actual time=33.930..33.934 rows=1 loops=2) |               ->  Parallel Hash Join  (cost=11544.50..14367.09 rows=2366057 width=0) (actual time=25.029..33.829 rows=3150 loops=2) |                     Hash Cond: (c.userid = u.id) |                     ->  Parallel Seq Scan on comments c  (cost=0.00..2369.32 rows=102532 width=4) (actual time=0.004..4.263 rows=87152 loops=2) |                     ->  Parallel Hash  (cost=11510.14..11510.14 rows=2749 width=12) (actual time=23.934..23.937 rows=220 loops=2) |                           Buckets: 8192  Batches: 1  Memory Usage: 128kB |                           ->  Parallel Hash Join  (cost=6814.85..11510.14 rows=2749 width=12) (actual time=8.500..23.868 rows=220 loops=2) |                                 Hash Cond: (ph.userid = u.id) |                                 ->  Parallel Seq Scan on posthistory ph  (cost=0.00..4023.45 rows=178345 width=4) (actual time=0.004..7.495 rows=151594 loops=2) |                                 ->  Parallel Hash  (cost=6813.93..6813.93 rows=74 width=8) (actual time=6.866..6.867 rows=20 loops=2) |                                       Buckets: 1024  Batches: 1  Memory Usage: 72kB |                                       ->  Nested Loop  (cost=0.29..6813.93 rows=74 width=8) (actual time=2.332..6.850 rows=20 loops=2) |                                             ->  Parallel Seq Scan on votes v  (cost=0.00..5537.13 rows=969 width=4) (actual time=0.046..6.034 rows=866 loops=2) |                                                   Filter: ((bountyamount >= 0) AND (creationdate >= '2010-07-26 00:00:00'::timestamp without time zone) AND (creationdate <= '2014-09-08 00:00:00'::timestamp without time zone)) |                                                   Rows Removed by Filter: 163166 |                                             ->  Index Scan using users_pkey on users u  (cost=0.29..1.32 rows=1 width=4) (actual time=0.001..0.001 rows=0 loops=1731) |                                                   Index Cond: (id = v.userid) |                                                   Filter: ((reputation >= 1) AND (views >= 0) AND (views <= 110) AND (creationdate >= '2010-07-28 19:29:11'::timestamp without time zone) AND (creationdate <= '2014-08-14 05:29:30'::timestamp without time zone) AND (upvotes = 0)) |                                                   Rows Removed by Filter: 1 | Planning Time: 0.312 ms | Execution Time: 40.615 ms
s34,37088.123,"Finalize Aggregate  (cost=175559.95..175559.96 rows=1 width=8) (actual time=37079.447..37087.152 rows=1 loops=1) |   ->  Gather  (cost=175559.84..175559.95 rows=1 width=8) (actual time=37079.425..37087.134 rows=2 loops=1) |         Workers Planned: 1 |         Workers Launched: 1 |         ->  Partial Aggregate  (cost=174559.84..174559.85 rows=1 width=8) (actual time=36623.161..36623.166 rows=1 loops=2) |               ->  Parallel Hash Join  (cost=9808.32..12914.54 rows=64658122 width=0) (actual time=253.193..22359.185 rows=296584646 loops=2) |                     Hash Cond: (c.userid = u.id) |                     ->  Parallel Seq Scan on comments c  (cost=0.00..2881.99 rows=14245 width=4) (actual time=0.035..6.945 rows=12488 loops=2) |                           Filter: ((creationdate >= '2010-07-20 23:17:28'::timestamp without time zone) AND (score = 1)) |                           Rows Removed by Filter: 74664 |                     ->  Parallel Hash  (cost=9194.02..9194.02 rows=49144 width=12) (actual time=242.609..242.612 rows=506418 loops=2) |                           Buckets: 262144 (originally 131072)  Batches: 32 (originally 1)  Memory Usage: 10208kB |                           ->  Hash Join  (cost=3742.03..9194.02 rows=49144 width=12) (actual time=53.590..119.227 rows=506418 loops=2) |                                 Hash Cond: (v.userid = u.id) |                                 ->  Parallel Seq Scan on votes v  (cost=0.00..4089.79 rows=192979 width=4) (actual time=0.012..9.833 rows=164032 loops=2) |                                 ->  Hash  (cost=2744.80..2744.80 rows=79778 width=8) (actual time=53.273..53.275 rows=77791 loops=2) |                                       Buckets: 131072  Batches: 1  Memory Usage: 4063kB |                                       ->  Hash Join  (cost=1304.66..2744.80 rows=79778 width=8) (actual time=20.842..41.784 rows=77791 loops=2) |                                             Hash Cond: (b.userid = u.id) |                                             ->  Seq Scan on badges b  (cost=0.00..1230.51 rows=79851 width=4) (actual time=0.008..4.459 rows=79851 loops=2) |                                             ->  Hash  (cost=801.06..801.06 rows=40288 width=4) (actual time=20.640..20.641 rows=40173 loops=2) |                                                   Buckets: 65536  Batches: 1  Memory Usage: 1925kB |                                                   ->  Seq Scan on users u  (cost=0.00..801.06 rows=40288 width=4) (actual time=12.334..15.928 rows=40173 loops=2) |                                                         Filter: (creationdate >= '2010-07-20 01:27:29'::timestamp without time zone) |                                                         Rows Removed by Filter: 152 | Planning Time: 0.314 ms | JIT: |   Functions: 68 |   Options: Inlining false, Optimization false, Expressions true, Deforming true |   Timing: Generation 1.736 ms, Inlining 0.000 ms, Optimization 1.042 ms, Emission 23.817 ms, Total 26.595 ms | Execution Time: 37088.123 ms"
s35,196.393,Finalize Aggregate  (cost=16838.14..16838.15 rows=1 width=8) (actual time=194.150..195.843 rows=1 loops=1) |   ->  Gather  (cost=16838.03..16838.14 rows=1 width=8) (actual time=193.704..195.837 rows=2 loops=1) |         Workers Planned: 1 |         Workers Launched: 1 |         ->  Partial Aggregate  (cost=15838.03..15838.04 rows=1 width=8) (actual time=189.001..189.005 rows=1 loops=2) |               ->  Parallel Hash Join  (cost=8611.56..11540.66 rows=1718948 width=0) (actual time=25.515..131.625 rows=1584862 loops=2) |                     Hash Cond: (c.userid = u.id) |                     ->  Parallel Seq Scan on comments c  (cost=0.00..2625.65 rows=79705 width=4) (actual time=0.004..5.248 rows=67444 loops=2) |                           Filter: (score = 0) |                           Rows Removed by Filter: 19709 |                     ->  Parallel Hash  (cost=8608.63..8608.63 rows=234 width=12) (actual time=25.312..25.314 rows=9173 loops=2) |                           Buckets: 32768 (originally 1024)  Batches: 1 (originally 1)  Memory Usage: 1400kB |                           ->  Hash Join  (cost=2228.94..8608.63 rows=234 width=12) (actual time=11.888..19.537 rows=9173 loops=2) |                                 Hash Cond: (u.id = b.userid) |                                 ->  Nested Loop  (cost=0.29..6328.23 rows=95 width=8) (actual time=0.249..6.974 rows=456 loops=2) |                                       ->  Parallel Seq Scan on votes v  (cost=0.00..5054.68 rows=981 width=4) (actual time=0.039..6.172 rows=870 loops=2) |                                             Filter: ((bountyamount >= 0) AND (creationdate <= '2014-09-11 00:00:00'::timestamp without time zone)) |                                             Rows Removed by Filter: 163162 |                                       ->  Index Scan using users_pkey on users u  (cost=0.29..1.30 rows=1 width=4) (actual time=0.001..0.001 rows=1 loops=1740) |                                             Index Cond: (id = v.userid) |                                             Filter: ((downvotes <= 57) AND (creationdate >= '2010-08-26 09:01:31'::timestamp without time zone) AND (creationdate <= '2014-08-10 11:01:39'::timestamp without time zone)) |                                             Rows Removed by Filter: 0 |                                 ->  Hash  (cost=1230.51..1230.51 rows=79851 width=4) (actual time=11.535..11.536 rows=79851 loops=2) |                                       Buckets: 131072  Batches: 1  Memory Usage: 3832kB |                                       ->  Seq Scan on badges b  (cost=0.00..1230.51 rows=79851 width=4) (actual time=0.003..4.476 rows=79851 loops=2) | Planning Time: 0.296 ms | Execution Time: 195.893 ms
s36,39.017,Finalize Aggregate  (cost=17397.51..17397.52 rows=1 width=8) (actual time=37.243..38.927 rows=1 loops=1) |   ->  Gather  (cost=17397.40..17397.51 rows=1 width=8) (actual time=36.790..38.922 rows=2 loops=1) |         Workers Planned: 1 |         Workers Launched: 1 |         ->  Partial Aggregate  (cost=16397.40..16397.41 rows=1 width=8) (actual time=32.104..32.107 rows=1 loops=2) |               ->  Parallel Hash Join  (cost=9088.02..12017.20 rows=1752078 width=0) (actual time=20.934..31.191 rows=26156 loops=2) |                     Hash Cond: (c.userid = u.id) |                     ->  Parallel Seq Scan on comments c  (cost=0.00..2625.65 rows=79705 width=4) (actual time=0.006..5.052 rows=67444 loops=2) |                           Filter: (score = 0) |                           Rows Removed by Filter: 19709 |                     ->  Parallel Hash  (cost=9085.05..9085.05 rows=238 width=12) (actual time=20.767..20.770 rows=1618 loops=2) |                           Buckets: 4096 (originally 1024)  Batches: 1 (originally 1)  Memory Usage: 248kB |                           ->  Hash Join  (cost=2228.94..9085.05 rows=238 width=12) (actual time=11.981..18.871 rows=1618 loops=2) |                                 Hash Cond: (u.id = b.userid) |                                 ->  Nested Loop  (cost=0.29..6803.56 rows=97 width=8) (actual time=0.185..6.845 rows=190 loops=2) |                                       ->  Parallel Seq Scan on votes v  (cost=0.00..5537.13 rows=964 width=4) (actual time=0.076..6.088 rows=867 loops=2) |                                             Filter: ((bountyamount >= 0) AND (bountyamount <= 300) AND (creationdate >= '2010-07-29 00:00:00'::timestamp without time zone)) |                                             Rows Removed by Filter: 163165 |                                       ->  Index Scan using users_pkey on users u  (cost=0.29..1.31 rows=1 width=4) (actual time=0.001..0.001 rows=0 loops=1734) |                                             Index Cond: (id = v.userid) |                                             Filter: ((upvotes >= 0) AND (upvotes <= 18)) |                                             Rows Removed by Filter: 0 |                                 ->  Hash  (cost=1230.51..1230.51 rows=79851 width=4) (actual time=11.694..11.694 rows=79851 loops=2) |                                       Buckets: 131072  Batches: 1  Memory Usage: 3832kB |                                       ->  Seq Scan on badges b  (cost=0.00..1230.51 rows=79851 width=4) (actual time=0.005..4.520 rows=79851 loops=2) | Planning Time: 0.298 ms | Execution Time: 38.988 ms
s37,179.834,Finalize Aggregate  (cost=34192.88..34192.89 rows=1 width=8) (actual time=189.312..191.870 rows=1 loops=1) |   ->  Gather  (cost=34192.77..34192.88 rows=1 width=8) (actual time=188.223..191.863 rows=2 loops=1) |         Workers Planned: 1 |         Workers Launched: 1 |         ->  Partial Aggregate  (cost=33192.77..33192.78 rows=1 width=8) (actual time=183.721..183.730 rows=1 loops=2) |               ->  Parallel Hash Join  (cost=10925.67..30580.70 rows=1044826 width=0) (actual time=44.135..154.099 rows=816840 loops=2) |                     Hash Cond: (pl.postid = ph.postid) |                     ->  Parallel Hash Join  (cost=3982.77..15977.01 rows=242359 width=12) (actual time=16.957..62.637 rows=141420 loops=2) |                           Hash Cond: (pl.postid = c.postid) |                           ->  Hash Join  (cost=331.80..8560.02 rows=52008 width=8) (actual time=1.591..29.843 rows=34850 loops=2) |                                 Hash Cond: (v.postid = pl.postid) |                                 ->  Parallel Seq Scan on votes v  (cost=0.00..4089.79 rows=192979 width=4) (actual time=0.003..9.288 rows=164032 loops=2) |                                 ->  Hash  (cost=193.02..193.02 rows=11102 width=4) (actual time=1.561..1.561 rows=11102 loops=2) |                                       Buckets: 16384  Batches: 1  Memory Usage: 519kB |                                       ->  Seq Scan on postlinks pl  (cost=0.00..193.02 rows=11102 width=4) (actual time=0.012..0.682 rows=11102 loops=2) |                           ->  Parallel Hash  (cost=2369.32..2369.32 rows=102532 width=4) (actual time=14.925..14.931 rows=87152 loops=2) |                                 Buckets: 262144  Batches: 1  Memory Usage: 8896kB |                                 ->  Parallel Seq Scan on comments c  (cost=0.00..2369.32 rows=102532 width=4) (actual time=0.005..5.423 rows=87152 loops=2) |                     ->  Parallel Hash  (cost=4915.18..4915.18 rows=162218 width=4) (actual time=26.503..26.503 rows=137746 loops=2) |                           Buckets: 524288  Batches: 1  Memory Usage: 14912kB |                           ->  Parallel Seq Scan on posthistory ph  (cost=0.00..4915.18 rows=162218 width=4) (actual time=0.492..10.643 rows=137746 loops=2) |                                 Filter: ((creationdate >= '2011-05-07 21:47:19'::timestamp without time zone) AND (creationdate <= '2014-09-10 13:19:54'::timestamp without time zone)) |                                 Rows Removed by Filter: 13847 | Planning Time: 0.211 ms | Execution Time: 191.907 ms
s38,5440.982,"Finalize Aggregate  (cost=3270379.61..3270379.62 rows=1 width=8) (actual time=5821.393..5823.514 rows=1 loops=1) |   ->  Gather  (cost=3270379.50..3270379.61 rows=1 width=8) (actual time=5821.383..5823.507 rows=2 loops=1) |         Workers Planned: 1 |         Workers Launched: 1 |         ->  Partial Aggregate  (cost=3269379.50..3269379.51 rows=1 width=8) (actual time=5746.299..5746.303 rows=1 loops=2) |               ->  Parallel Hash Join  (cost=29539.86..63492.48 rows=1282354807 width=0) (actual time=461.147..3771.750 rows=52871370 loops=2) |                     Hash Cond: (c.userid = u.id) |                     ->  Parallel Seq Scan on comments c  (cost=0.00..3138.32 rows=78234 width=4) (actual time=0.085..6.871 rows=66352 loops=2) |                           Filter: ((creationdate >= '2010-09-05 16:04:35'::timestamp without time zone) AND (creationdate <= '2014-09-11 04:35:36'::timestamp without time zone) AND (score = 0)) |                           Rows Removed by Filter: 20800 |                     ->  Parallel Hash  (cost=9765.89..9765.89 rows=1137518 width=12) (actual time=444.897..444.900 rows=221720 loops=2) |                           Buckets: 262144  Batches: 16  Memory Usage: 4160kB |                           ->  Hash Join  (cost=3829.73..9765.89 rows=1137518 width=12) (actual time=365.009..406.261 rows=221720 loops=2) |                                 Hash Cond: (ph.userid = u.id) |                                 ->  Parallel Seq Scan on posthistory ph  (cost=0.00..5361.04 rows=24758 width=4) (actual time=303.998..312.377 rows=21374 loops=2) |                                       Filter: ((creationdate >= '2010-07-26 20:01:58'::timestamp without time zone) AND (creationdate <= '2014-09-13 17:29:23'::timestamp without time zone) AND (posthistorytypeid = 1)) |                                       Rows Removed by Filter: 130220 |                                 ->  Hash  (cost=2841.91..2841.91 rows=79025 width=8) (actual time=60.808..60.809 rows=79006 loops=2) |                                       Buckets: 131072  Batches: 1  Memory Usage: 4111kB |                                       ->  Hash Join  (cost=1204.31..2841.91 rows=79025 width=8) (actual time=11.908..43.438 rows=79006 loops=2) |                                             Hash Cond: (b.userid = u.id) |                                             ->  Seq Scan on badges b  (cost=0.00..1430.14 rows=79025 width=4) (actual time=0.057..8.299 rows=79006 loops=2) |                                                   Filter: (date <= '2014-09-04 08:54:56'::timestamp without time zone) |                                                   Rows Removed by Filter: 845 |                                             ->  Hash  (cost=700.25..700.25 rows=40325 width=4) (actual time=11.716..11.717 rows=40325 loops=2) |                                                   Buckets: 65536  Batches: 1  Memory Usage: 1930kB |                                                   ->  Seq Scan on users u  (cost=0.00..700.25 rows=40325 width=4) (actual time=0.014..3.955 rows=40325 loops=2) | Planning Time: 0.342 ms | JIT: |   Functions: 72 |   Options: Inlining true, Optimization true, Expressions true, Deforming true |   Timing: Generation 1.939 ms, Inlining 74.867 ms, Optimization 290.501 ms, Emission 242.801 ms, Total 610.108 ms | Execution Time: 5824.555 ms"
s39,324.817,"Finalize Aggregate  (cost=4904910.98..4904910.99 rows=1 width=8) (actual time=343.135..345.392 rows=1 loops=1) |   ->  Gather  (cost=4904910.87..4904910.98 rows=1 width=8) (actual time=343.001..345.380 rows=2 loops=1) |         Workers Planned: 1 |         Workers Launched: 1 |         ->  Partial Aggregate  (cost=4903910.87..4903910.88 rows=1 width=8) (actual time=336.609..336.614 rows=1 loops=2) |               ->  Parallel Hash Join  (cost=39276.80..88201.39 rows=1926283794 width=0) (actual time=224.449..297.537 rows=1017305 loops=2) |                     Hash Cond: (c.userid = u.id) |                     ->  Parallel Seq Scan on comments c  (cost=0.00..2881.99 rows=78948 width=4) (actual time=0.019..5.942 rows=67395 loops=2) |                           Filter: ((creationdate >= '2010-07-20 10:52:57'::timestamp without time zone) AND (score = 0)) |                           Rows Removed by Filter: 19758 |                     ->  Parallel Hash  (cost=9842.86..9842.86 rows=1693275 width=12) (actual time=209.924..209.927 rows=51706 loops=2) |                           Buckets: 262144  Batches: 32  Memory Usage: 2304kB |                           ->  Hash Join  (cost=4062.65..9842.86 rows=1693275 width=12) (actual time=187.557..201.503 rows=51706 loops=2) |                                 Hash Cond: (ph.userid = u.id) |                                 ->  Parallel Seq Scan on posthistory ph  (cost=0.00..4915.18 rows=38634 width=4) (actual time=154.721..160.824 rows=33002 loops=2) |                                       Filter: ((creationdate >= '2011-01-31 15:35:37'::timestamp without time zone) AND (posthistorytypeid = 5)) |                                       Rows Removed by Filter: 118591 |                                 ->  Hash  (cost=3120.33..3120.33 rows=75386 width=8) (actual time=32.713..32.714 rows=58111 loops=2) |                                       Buckets: 131072  Batches: 1  Memory Usage: 3294kB |                                       ->  Hash Join  (cost=1680.19..3120.33 rows=75386 width=8) (actual time=7.257..25.022 rows=58111 loops=2) |                                             Hash Cond: (b.userid = u.id) |                                             ->  Seq Scan on badges b  (cost=0.00..1230.51 rows=79851 width=4) (actual time=0.017..4.023 rows=79851 loops=2) |                                             ->  Hash  (cost=1204.31..1204.31 rows=38070 width=4) (actual time=7.137..7.137 rows=38069 loops=2) |                                                   Buckets: 65536  Batches: 1  Memory Usage: 1851kB |                                                   ->  Seq Scan on users u  (cost=0.00..1204.31 rows=38070 width=4) (actual time=0.017..3.157 rows=38069 loops=2) |                                                         Filter: ((reputation >= 1) AND (reputation <= 356) AND (downvotes <= 34) AND (creationdate >= '2010-07-19 21:29:29'::timestamp without time zone) AND (creationdate <= '2014-08-20 14:31:46'::timestamp without time zone)) |                                                         Rows Removed by Filter: 2256 | Planning Time: 0.305 ms | JIT: |   Functions: 72 |   Options: Inlining true, Optimization true, Expressions true, Deforming true |   Timing: Generation 1.650 ms, Inlining 49.738 ms, Optimization 140.356 ms, Emission 118.987 ms, Total 310.731 ms | Execution Time: 346.310 ms"
s40,43.213,Aggregate  (cost=7404.64..7404.65 rows=1 width=8) (actual time=43.133..43.140 rows=1 loops=1) |   ->  Hash Join  (cost=5647.29..7359.16 rows=18192 width=0) (actual time=31.419..42.048 rows=28565 loops=1) |         Hash Cond: (b.userid = u.id) |         ->  Seq Scan on badges b  (cost=0.00..1230.51 rows=79851 width=4) (actual time=0.003..4.144 rows=79851 loops=1) |         ->  Hash  (cost=5532.45..5532.45 rows=9187 width=8) (actual time=31.335..31.340 rows=4543 loops=1) |               Buckets: 16384  Batches: 1  Memory Usage: 306kB |               ->  Hash Join  (cost=5259.57..5532.45 rows=9187 width=8) (actual time=26.626..30.861 rows=4543 loops=1) |                     Hash Cond: (p.owneruserid = u.id) |                     ->  Hash Join  (cost=3770.21..4017.72 rows=9663 width=4) (actual time=19.785..22.649 rows=9249 loops=1) |                           Hash Cond: (pl.relatedpostid = p.id) |                           ->  Seq Scan on postlinks pl  (cost=0.00..220.78 rows=10186 width=4) (actual time=0.012..0.727 rows=10186 loops=1) |                                 Filter: (linktypeid = 1) |                                 Rows Removed by Filter: 916 |                           ->  Hash  (cost=2679.52..2679.52 rows=87255 width=8) (actual time=19.728..19.730 rows=87833 loops=1) |                                 Buckets: 131072  Batches: 1  Memory Usage: 4450kB |                                 ->  Seq Scan on posts p  (cost=0.00..2679.52 rows=87255 width=8) (actual time=0.028..10.049 rows=87833 loops=1) |                                       Filter: ((score >= '-1'::integer) AND (commentcount <= 8) AND (creationdate >= '2010-07-21 12:30:43'::timestamp without time zone) AND (creationdate <= '2014-09-07 01:11:03'::timestamp without time zone)) |                                       Rows Removed by Filter: 4143 |                     ->  Hash  (cost=1002.69..1002.69 rows=38934 width=4) (actual time=6.825..6.825 rows=39139 loops=1) |                           Buckets: 65536  Batches: 1  Memory Usage: 1888kB |                           ->  Seq Scan on users u  (cost=0.00..1002.69 rows=38934 width=4) (actual time=0.013..3.237 rows=39139 loops=1) |                                 Filter: ((views <= 40) AND (creationdate >= '2010-07-26 19:11:25'::timestamp without time zone) AND (creationdate <= '2014-09-11 22:26:42'::timestamp without time zone)) |                                 Rows Removed by Filter: 1186 | Planning Time: 0.249 ms | Execution Time: 43.204 ms
s41,16.645,Aggregate  (cost=5350.07..5350.08 rows=1 width=8) (actual time=16.540..16.547 rows=1 loops=1) |   ->  Hash Join  (cost=3619.51..5349.67 rows=158 width=0) (actual time=8.285..16.476 rows=1717 loops=1) |         Hash Cond: (b.userid = u.id) |         ->  Seq Scan on badges b  (cost=0.00..1430.14 rows=79587 width=4) (actual time=0.004..4.744 rows=79571 loops=1) |               Filter: (date <= '2014-09-10 22:50:06'::timestamp without time zone) |               Rows Removed by Filter: 280 |         ->  Hash  (cost=3618.51..3618.51 rows=80 width=8) (actual time=8.116..8.121 rows=332 loops=1) |               Buckets: 1024  Batches: 1  Memory Usage: 21kB |               ->  Nested Loop  (cost=3149.30..3618.51 rows=80 width=8) (actual time=6.159..8.082 rows=332 loops=1) |                     ->  Hash Join  (cost=3149.01..3397.99 rows=90 width=4) (actual time=6.122..7.440 rows=560 loops=1) |                           Hash Cond: (pl.relatedpostid = p.id) |                           ->  Seq Scan on postlinks pl  (cost=0.00..220.78 rows=10745 width=4) (actual time=0.002..0.661 rows=10739 loops=1) |                                 Filter: (creationdate <= '2014-08-17 01:23:50'::timestamp without time zone) |                                 Rows Removed by Filter: 363 |                           ->  Hash  (cost=3139.40..3139.40 rows=769 width=8) (actual time=6.112..6.115 rows=1654 loops=1) |                                 Buckets: 2048 (originally 1024)  Batches: 1 (originally 1)  Memory Usage: 81kB |                                 ->  Seq Scan on posts p  (cost=0.00..3139.40 rows=769 width=8) (actual time=0.004..5.952 rows=1654 loops=1) |                                       Filter: ((score >= '-1'::integer) AND (score <= 10) AND (answercount <= 5) AND (favoritecount >= 0) AND (favoritecount <= 6) AND (commentcount = 2)) |                                       Rows Removed by Filter: 90322 |                     ->  Index Scan using users_pkey on users u  (cost=0.29..2.45 rows=1 width=4) (actual time=0.001..0.001 rows=1 loops=560) |                           Index Cond: (id = p.owneruserid) |                           Filter: ((views <= 33) AND (downvotes >= 0) AND (creationdate >= '2010-08-19 17:31:36'::timestamp without time zone) AND (creationdate <= '2014-08-06 07:23:12'::timestamp without time zone)) |                           Rows Removed by Filter: 0 | Planning Time: 0.224 ms | Execution Time: 16.580 ms
s42,165.601,Finalize Aggregate  (cost=18579.66..18579.67 rows=1 width=8) (actual time=154.842..156.550 rows=1 loops=1) |   ->  Gather  (cost=18579.55..18579.66 rows=1 width=8) (actual time=154.350..156.546 rows=2 loops=1) |         Workers Planned: 1 |         Workers Launched: 1 |         ->  Partial Aggregate  (cost=17579.55..17579.56 rows=1 width=8) (actual time=149.512..149.517 rows=1 loops=2) |               ->  Parallel Hash Join  (cost=10111.46..16859.76 rows=287916 width=0) (actual time=72.916..133.607 rows=448090 loops=2) |                     Hash Cond: (v.postid = p.id) |                     ->  Parallel Seq Scan on votes v  (cost=0.00..4089.79 rows=192979 width=4) (actual time=0.004..8.553 rows=164032 loops=2) |                     ->  Parallel Hash  (cost=9102.46..9102.46 rows=80720 width=8) (actual time=72.526..72.530 rows=104792 loops=2) |                           Buckets: 262144  Batches: 1  Memory Usage: 10304kB |                           ->  Parallel Hash Join  (cost=4395.62..9102.46 rows=80720 width=8) (actual time=15.190..59.715 rows=104792 loops=2) |                                 Hash Cond: (p.owneruserid = u.id) |                                 ->  Hash Join  (cost=3207.98..7699.61 rows=81977 width=12) (actual time=11.978..42.434 rows=106821 loops=2) |                                       Hash Cond: (ph.postid = p.id) |                                       ->  Parallel Seq Scan on posthistory ph  (cost=0.00..4023.45 rows=178345 width=4) (actual time=0.006..8.415 rows=151594 loops=2) |                                       ->  Hash  (cost=2679.52..2679.52 rows=42277 width=8) (actual time=11.914..11.914 rows=42291 loops=2) |                                             Buckets: 65536  Batches: 1  Memory Usage: 2162kB |                                             ->  Seq Scan on posts p  (cost=0.00..2679.52 rows=42277 width=8) (actual time=0.008..7.517 rows=42291 loops=2) |                                                   Filter: ((score >= '-1'::integer) AND (commentcount >= 0) AND (commentcount <= 11) AND (posttypeid = 1)) |                                                   Rows Removed by Filter: 49685 |                                 ->  Parallel Hash  (cost=891.12..891.12 rows=23721 width=4) (actual time=3.122..3.123 rows=20162 loops=2) |                                       Buckets: 65536  Batches: 1  Memory Usage: 2112kB |                                       ->  Parallel Index Only Scan using users_pkey on users u  (cost=0.29..891.12 rows=23721 width=4) (actual time=0.008..2.318 rows=40325 loops=1) |                                             Heap Fetches: 0 | Planning Time: 0.222 ms | Execution Time: 156.602 ms
s43,614.358,Finalize Aggregate  (cost=40464.53..40464.54 rows=1 width=8) (actual time=610.371..610.409 rows=1 loops=1) |   ->  Gather  (cost=40464.42..40464.53 rows=1 width=8) (actual time=610.364..610.405 rows=2 loops=1) |         Workers Planned: 1 |         Workers Launched: 1 |         ->  Partial Aggregate  (cost=39464.42..39464.43 rows=1 width=8) (actual time=542.211..542.215 rows=1 loops=2) |               ->  Hash Join  (cost=11259.61..18011.43 rows=8581194 width=0) (actual time=152.065..406.657 rows=3830906 loops=2) |                     Hash Cond: (ph.userid = u.id) |                     ->  Parallel Seq Scan on posthistory ph  (cost=0.00..4469.32 rows=25046 width=4) (actual time=0.007..6.303 rows=21460 loops=2) |                           Filter: (posthistorytypeid = 3) |                           Rows Removed by Filter: 130133 |                     ->  Hash  (cost=8164.12..8164.12 rows=178039 width=12) (actual time=151.767..151.770 rows=550289 loops=2) |                           Buckets: 262144 (originally 262144)  Batches: 8 (originally 2)  Memory Usage: 6357kB |                           ->  Hash Join  (cost=3934.15..8164.12 rows=178039 width=12) (actual time=30.385..88.651 rows=550289 loops=2) |                                 Hash Cond: (p.owneruserid = u.id) |                                 ->  Seq Scan on posts p  (cost=0.00..1989.70 rows=91976 width=4) (actual time=0.004..6.411 rows=91968 loops=2) |                                       Filter: (score >= '-7'::integer) |                                       Rows Removed by Filter: 8 |                                 ->  Hash  (cost=2943.24..2943.24 rows=79273 width=8) (actual time=30.283..30.285 rows=68676 loops=2) |                                       Buckets: 131072  Batches: 1  Memory Usage: 3707kB |                                       ->  Hash Join  (cost=1503.10..2943.24 rows=79273 width=8) (actual time=6.643..22.212 rows=68676 loops=2) |                                             Hash Cond: (b.userid = u.id) |                                             ->  Seq Scan on badges b  (cost=0.00..1230.51 rows=79851 width=4) (actual time=0.004..3.870 rows=79851 loops=2) |                                             ->  Hash  (cost=1002.69..1002.69 rows=40033 width=4) (actual time=6.583..6.584 rows=40047 loops=2) |                                                   Buckets: 65536  Batches: 1  Memory Usage: 1920kB |                                                   ->  Seq Scan on users u  (cost=0.00..1002.69 rows=40033 width=4) (actual time=0.004..3.011 rows=40047 loops=2) |                                                         Filter: ((reputation >= 1) AND (upvotes >= 0) AND (upvotes <= 117)) |                                                         Rows Removed by Filter: 278 | Planning Time: 0.270 ms | Execution Time: 610.824 ms
s44,156.107,Finalize Aggregate  (cost=18207.20..18207.21 rows=1 width=8) (actual time=154.919..156.577 rows=1 loops=1) |   ->  Gather  (cost=18207.09..18207.20 rows=1 width=8) (actual time=154.368..156.572 rows=2 loops=1) |         Workers Planned: 1 |         Workers Launched: 1 |         ->  Partial Aggregate  (cost=17207.09..17207.10 rows=1 width=8) (actual time=149.543..149.547 rows=1 loops=2) |               ->  Hash Join  (cost=7202.42..12970.49 rows=1694638 width=0) (actual time=34.266..115.288 rows=1050552 loops=2) |                     Hash Cond: (ph.userid = u.id) |                     ->  Parallel Seq Scan on posthistory ph  (cost=0.00..4915.18 rows=173262 width=4) (actual time=0.102..10.362 rows=147188 loops=2) |                           Filter: ((creationdate >= '2010-09-06 11:41:43'::timestamp without time zone) AND (creationdate <= '2014-09-03 16:41:18'::timestamp without time zone)) |                           Rows Removed by Filter: 4406 |                     ->  Hash  (cost=7138.88..7138.88 rows=5083 width=12) (actual time=34.124..34.127 rows=51156 loops=2) |                           Buckets: 65536 (originally 8192)  Batches: 1 (originally 1)  Memory Usage: 2711kB |                           ->  Hash Join  (cost=5558.10..7138.88 rows=5083 width=12) (actual time=16.239..29.196 rows=51156 loops=2) |                                 Hash Cond: (b.userid = u.id) |                                 ->  Seq Scan on badges b  (cost=0.00..1230.51 rows=79851 width=4) (actual time=0.004..4.073 rows=79851 loops=2) |                                 ->  Hash  (cost=5526.01..5526.01 rows=2567 width=8) (actual time=16.225..16.227 rows=8538 loops=2) |                                       Buckets: 16384 (originally 4096)  Batches: 1 (originally 1)  Memory Usage: 462kB |                                       ->  Hash Join  (cost=1689.69..5526.01 rows=2567 width=8) (actual time=7.087..15.405 rows=8538 loops=2) |                                             Hash Cond: (p.owneruserid = u.id) |                                             ->  Seq Scan on posts p  (cost=0.00..3829.22 rows=2707 width=4) (actual time=0.094..6.464 rows=12391 loops=2) |                                                   Filter: ((score >= '-1'::integer) AND (viewcount >= 0) AND (viewcount <= 39097) AND (answercount >= 0) AND (commentcount >= 0) AND (commentcount <= 11) AND (favoritecount <= 10) AND (creationdate >= '2010-08-13 02:18:09'::timestamp without time zone) AND (creationdate <= '2014-09-09 10:20:27'::timestamp without time zone)) |                                                   Rows Removed by Filter: 79585 |                                             ->  Hash  (cost=1204.31..1204.31 rows=38830 width=4) (actual time=6.927..6.927 rows=39266 loops=2) |                                                   Buckets: 65536  Batches: 1  Memory Usage: 1893kB |                                                   ->  Seq Scan on users u  (cost=0.00..1204.31 rows=38830 width=4) (actual time=0.003..3.415 rows=39266 loops=2) |                                                         Filter: ((views >= 0) AND (downvotes >= 0) AND (downvotes <= 0) AND (upvotes >= 0) AND (upvotes <= 37)) |                                                         Rows Removed by Filter: 1059 | Planning Time: 0.288 ms | Execution Time: 156.640 ms
s45,45.323,Finalize Aggregate  (cost=14056.94..14056.95 rows=1 width=8) (actual time=45.424..47.202 rows=1 loops=1) |   ->  Gather  (cost=14056.83..14056.94 rows=1 width=8) (actual time=45.253..47.189 rows=2 loops=1) |         Workers Planned: 1 |         Workers Launched: 1 |         ->  Partial Aggregate  (cost=13056.83..13056.84 rows=1 width=8) (actual time=40.553..40.558 rows=1 loops=2) |               ->  Parallel Hash Join  (cost=8150.07..12833.46 rows=89348 width=0) (actual time=29.072..40.427 rows=3136 loops=2) |                     Hash Cond: (ph.userid = u.id) |                     ->  Parallel Seq Scan on posthistory ph  (cost=0.00..4469.32 rows=54128 width=4) (actual time=0.006..8.174 rows=45988 loops=2) |                           Filter: (posthistorytypeid = 2) |                           Rows Removed by Filter: 105606 |                     ->  Parallel Hash  (cost=8138.97..8138.97 rows=888 width=12) (actual time=28.867..28.870 rows=1138 loops=2) |                           Buckets: 2048  Batches: 1  Memory Usage: 144kB |                           ->  Hash Join  (cost=3075.40..8138.97 rows=888 width=12) (actual time=11.983..28.721 rows=1138 loops=2) |                                 Hash Cond: (v.userid = u.id) |                                 ->  Parallel Seq Scan on votes v  (cost=0.00..4089.79 rows=192979 width=4) (actual time=0.005..8.592 rows=164032 loops=2) |                                 ->  Hash  (cost=3053.08..3053.08 rows=1785 width=8) (actual time=11.914..11.915 rows=2560 loops=2) |                                       Buckets: 4096 (originally 2048)  Batches: 1 (originally 1)  Memory Usage: 132kB |                                       ->  Hash Join  (cost=1215.69..3053.08 rows=1785 width=8) (actual time=2.524..11.652 rows=2560 loops=2) |                                             Hash Cond: (b.userid = u.id) |                                             ->  Seq Scan on badges b  (cost=0.00..1629.76 rows=79089 width=4) (actual time=0.006..4.930 rows=79095 loops=2) |                                                   Filter: ((date >= '2010-07-19 19:39:10'::timestamp without time zone) AND (date <= '2014-09-05 18:37:48'::timestamp without time zone)) |                                                   Rows Removed by Filter: 756 |                                             ->  Hash  (cost=1204.31..1204.31 rows=910 width=4) (actual time=2.503..2.504 rows=924 loops=2) |                                                   Buckets: 1024  Batches: 1  Memory Usage: 41kB |                                                   ->  Seq Scan on users u  (cost=0.00..1204.31 rows=910 width=4) (actual time=0.007..2.426 rows=924 loops=2) |                                                         Filter: ((downvotes >= 0) AND (upvotes >= 0) AND (upvotes <= 224) AND (creationdate <= '2014-09-04 04:41:22'::timestamp without time zone) AND (views = 5)) |                                                         Rows Removed by Filter: 39401 | Planning Time: 0.291 ms | Execution Time: 47.231 ms
s46,94.575,Finalize Aggregate  (cost=17992.86..17992.87 rows=1 width=8) (actual time=92.127..93.884 rows=1 loops=1) |   ->  Gather  (cost=17992.75..17992.86 rows=1 width=8) (actual time=91.803..93.879 rows=2 loops=1) |         Workers Planned: 1 |         Workers Launched: 1 |         ->  Partial Aggregate  (cost=16992.75..16992.76 rows=1 width=8) (actual time=87.103..87.109 rows=1 loops=2) |               ->  Parallel Hash Join  (cost=11573.85..16955.39 rows=14941 width=0) (actual time=46.135..79.681 rows=227047 loops=2) |                     Hash Cond: (v.postid = p.id) |                     ->  Parallel Seq Scan on votes v  (cost=0.00..4572.24 rows=192378 width=4) (actual time=0.004..10.036 rows=163784 loops=2) |                           Filter: (creationdate <= '2014-09-11 00:00:00'::timestamp without time zone) |                           Rows Removed by Filter: 248 |                     ->  Parallel Hash  (cost=11521.33..11521.33 rows=4202 width=16) (actual time=45.693..45.698 rows=34626 loops=2) |                           Buckets: 131072 (originally 8192)  Batches: 1 (originally 1)  Memory Usage: 5280kB |                           ->  Parallel Hash Join  (cost=6372.72..11521.33 rows=4202 width=16) (actual time=19.657..39.467 rows=34626 loops=2) |                                 Hash Cond: (ph.postid = p.id) |                                 ->  Parallel Seq Scan on posthistory ph  (cost=0.00..4469.32 rows=174556 width=4) (actual time=0.118..9.268 rows=148408 loops=2) |                                       Filter: (creationdate >= '2010-09-20 19:11:45'::timestamp without time zone) |                                       Rows Removed by Filter: 3186 |                                 ->  Parallel Hash  (cost=6356.44..6356.44 rows=1302 width=12) (actual time=19.501..19.504 rows=5297 loops=2) |                                       Buckets: 16384 (originally 4096)  Batches: 1 (originally 1)  Memory Usage: 736kB |                                       ->  Hash Join  (cost=3337.00..6356.44 rows=1302 width=12) (actual time=8.298..18.368 rows=5297 loops=2) |                                             Hash Cond: (c.postid = p.id) |                                             ->  Parallel Seq Scan on comments c  (cost=0.00..2625.65 rows=101536 width=4) (actual time=0.021..5.248 rows=86709 loops=2) |                                                   Filter: (creationdate >= '2010-08-01 12:12:41'::timestamp without time zone) |                                                   Rows Removed by Filter: 444 |                                             ->  Hash  (cost=3322.25..3322.25 rows=1180 width=8) (actual time=8.231..8.233 rows=3167 loops=2) |                                                   Buckets: 4096 (originally 2048)  Batches: 1 (originally 1)  Memory Usage: 156kB |                                                   ->  Hash Join  (cost=3048.02..3322.25 rows=1180 width=8) (actual time=6.378..7.942 rows=3167 loops=2) |                                                         Hash Cond: (pl.postid = p.id) |                                                         ->  Seq Scan on postlinks pl  (cost=0.00..248.53 rows=9788 width=4) (actual time=0.007..0.726 rows=9803 loops=2) |                                                               Filter: ((creationdate <= '2014-08-11 17:26:31'::timestamp without time zone) AND (linktypeid = 1)) |                                                               Rows Removed by Filter: 1299 |                                                         ->  Hash  (cost=2909.46..2909.46 rows=11085 width=4) (actual time=6.346..6.347 rows=11092 loops=2) |                                                               Buckets: 16384  Batches: 1  Memory Usage: 518kB |                                                               ->  Seq Scan on posts p  (cost=0.00..2909.46 rows=11085 width=4) (actual time=0.088..5.391 rows=11092 loops=2) |                                                                     Filter: ((score <= 44) AND (favoritecount >= 0) AND (favoritecount <= 3) AND (creationdate >= '2010-08-11 13:53:56'::timestamp without time zone) AND (creationdate <= '2014-09-03 11:52:36'::timestamp without time zone)) |                                                                     Rows Removed by Filter: 80884 | Planning Time: 0.524 ms | Execution Time: 93.919 ms
s47,4047.022,"Finalize Aggregate  (cost=189609.28..189609.29 rows=1 width=8) (actual time=4009.532..4010.849 rows=1 loops=1) |   ->  Gather  (cost=189609.17..189609.28 rows=1 width=8) (actual time=4009.525..4010.843 rows=2 loops=1) |         Workers Planned: 1 |         Workers Launched: 1 |         ->  Partial Aggregate  (cost=188609.17..188609.18 rows=1 width=8) (actual time=4003.396..4003.400 rows=1 loops=2) |               ->  Parallel Hash Join  (cost=12770.24..15982.82 rows=69050541 width=0) (actual time=67.040..2468.088 rows=30300780 loops=2) |                     Hash Cond: (c.userid = u.id) |                     ->  Parallel Seq Scan on comments c  (cost=0.00..2369.32 rows=102532 width=4) (actual time=0.005..6.391 rows=87152 loops=2) |                     ->  Parallel Hash  (cost=12541.02..12541.02 rows=18338 width=16) (actual time=66.894..66.897 rows=111074 loops=2) |                           Buckets: 262144 (originally 32768)  Batches: 1 (originally 1)  Memory Usage: 14304kB |                           ->  Parallel Hash Join  (cost=7976.49..12541.02 rows=18338 width=16) (actual time=32.235..49.327 rows=111074 loops=2) |                                 Hash Cond: (ph.userid = u.id) |                                 ->  Parallel Seq Scan on posthistory ph  (cost=0.00..4469.32 rows=25046 width=4) (actual time=0.018..6.354 rows=21460 loops=2) |                                       Filter: (posthistorytypeid = 3) |                                       Rows Removed by Filter: 130133 |                                 ->  Parallel Hash  (cost=7973.69..7973.69 rows=224 width=12) (actual time=32.176..32.178 rows=2318 loops=2) |                                       Buckets: 8192 (originally 1024)  Batches: 1 (originally 1)  Memory Usage: 376kB |                                       ->  Nested Loop  (cost=7797.67..7973.69 rows=224 width=12) (actual time=27.216..30.007 rows=2318 loops=2) |                                             ->  Merge Join  (cost=7797.38..7823.26 rows=227 width=8) (actual time=27.187..28.208 rows=2318 loops=2) |                                                   Merge Cond: (v.userid = p.owneruserid) |                                                   ->  Sort  (cost=4604.66..4606.38 rows=688 width=4) (actual time=19.333..19.348 rows=406 loops=2) |                                                         Sort Key: v.userid |                                                         Sort Method: quicksort  Memory: 49kB |                                                         Worker 0:  Sort Method: quicksort  Memory: 25kB |                                                         ->  Parallel Seq Scan on votes v  (cost=0.00..4572.24 rows=688 width=4) (actual time=13.063..19.276 rows=650 loops=2) |                                                               Filter: (bountyamount <= 50) |                                                               Rows Removed by Filter: 163382 |                                                   ->  Sort  (cost=3192.72..3204.34 rows=4650 width=4) (actual time=7.807..8.201 rows=11194 loops=2) |                                                         Sort Key: p.owneruserid |                                                         Sort Method: quicksort  Memory: 385kB |                                                         Worker 0:  Sort Method: quicksort  Memory: 385kB |                                                         ->  Seq Scan on posts p  (cost=0.00..2909.46 rows=4650 width=4) (actual time=0.020..6.856 rows=10076 loops=2) |                                                               Filter: ((score <= 13) AND (answercount >= 0) AND (answercount <= 4) AND (commentcount >= 0) AND (favoritecount <= 2)) |                                                               Rows Removed by Filter: 81900 |                                             ->  Index Scan using users_pkey on users u  (cost=0.29..0.66 rows=1 width=4) (actual time=0.001..0.001 rows=1 loops=4636) |                                                   Index Cond: (id = p.owneruserid) |                                                   Filter: (downvotes >= 0) | Planning Time: 0.558 ms | JIT: |   Functions: 86 |   Options: Inlining false, Optimization false, Expressions true, Deforming true |   Timing: Generation 1.926 ms, Inlining 0.000 ms, Optimization 1.036 ms, Emission 25.144 ms, Total 28.105 ms | Execution Time: 4011.926 ms"
s48,69.62,"Finalize Aggregate  (cost=250155.37..250155.38 rows=1 width=8) (actual time=66.441..68.429 rows=1 loops=1) |   ->  Gather  (cost=250155.26..250155.37 rows=1 width=8) (actual time=65.946..68.412 rows=2 loops=1) |         Workers Planned: 1 |         Workers Launched: 1 |         ->  Partial Aggregate  (cost=249155.26..249155.27 rows=1 width=8) (actual time=60.443..60.448 rows=1 loops=2) |               ->  Parallel Hash Join  (cost=14116.56..20040.33 rows=91645971 width=0) (actual time=54.437..60.427 rows=112 loops=2) |                     Hash Cond: (c.userid = u.id) |                     ->  Parallel Seq Scan on comments c  (cost=0.00..2625.65 rows=101557 width=4) (actual time=0.027..6.550 rows=87042 loops=2) |                           Filter: (creationdate >= '2010-07-20 21:37:31'::timestamp without time zone) |                           Rows Removed by Filter: 111 |                     ->  Parallel Hash  (cost=12772.99..12772.99 rows=107485 width=16) (actual time=47.854..47.859 rows=28 loops=2) |                           Buckets: 262144  Batches: 1  Memory Usage: 2112kB |                           ->  Parallel Hash Join  (cost=7906.35..12772.99 rows=107485 width=16) (actual time=40.972..47.801 rows=28 loops=2) |                                 Hash Cond: (v.userid = u.id) |                                 ->  Parallel Seq Scan on votes v  (cost=0.00..4089.79 rows=192979 width=4) (actual time=0.002..8.470 rows=164032 loops=2) |                                 ->  Parallel Hash  (cost=7772.83..7772.83 rows=10681 width=12) (actual time=30.621..30.624 rows=60 loops=2) |                                       Buckets: 32768  Batches: 1  Memory Usage: 320kB |                                       ->  Hash Join  (cost=2228.94..7772.83 rows=10681 width=12) (actual time=25.330..30.589 rows=60 loops=2) |                                             Hash Cond: (u.id = b.userid) |                                             ->  Nested Loop  (cost=0.29..5435.77 rows=199 width=8) (actual time=12.356..17.595 rows=26 loops=2) |                                                   ->  Parallel Seq Scan on posthistory ph  (cost=0.00..4469.32 rows=274 width=4) (actual time=10.873..17.189 rows=234 loops=2) |                                                         Filter: (posthistorytypeid = 12) |                                                         Rows Removed by Filter: 151360 |                                                   ->  Index Scan using users_pkey on users u  (cost=0.29..3.53 rows=1 width=4) (actual time=0.001..0.001 rows=0 loops=467) |                                                         Index Cond: (id = ph.userid) |                                                         Filter: (upvotes = 0) |                                                         Rows Removed by Filter: 1 |                                             ->  Hash  (cost=1230.51..1230.51 rows=79851 width=4) (actual time=12.818..12.819 rows=79851 loops=2) |                                                   Buckets: 131072  Batches: 1  Memory Usage: 3832kB |                                                   ->  Seq Scan on badges b  (cost=0.00..1230.51 rows=79851 width=4) (actual time=0.016..4.759 rows=79851 loops=2) | Planning Time: 0.559 ms | JIT: |   Functions: 78 |   Options: Inlining false, Optimization false, Expressions true, Deforming true |   Timing: Generation 1.607 ms, Inlining 0.000 ms, Optimization 0.873 ms, Emission 20.928 ms, Total 23.407 ms | Execution Time: 69.357 ms"
s49,1376.264,"Finalize Aggregate  (cost=190862.05..190862.06 rows=1 width=8) (actual time=1378.745..1381.442 rows=1 loops=1) |   ->  Gather  (cost=190861.94..190862.05 rows=1 width=8) (actual time=1310.493..1381.418 rows=2 loops=1) |         Workers Planned: 1 |         Workers Launched: 1 |         ->  Partial Aggregate  (cost=189861.94..189861.95 rows=1 width=8) (actual time=1338.436..1338.497 rows=1 loops=2) |               ->  Parallel Hash Join  (cost=13896.81..17132.00 rows=69091976 width=0) (actual time=157.261..890.214 rows=9298986 loops=2) |                     Hash Cond: (c.userid = u.id) |                     ->  Parallel Seq Scan on comments c  (cost=0.00..2625.65 rows=14382 width=4) (actual time=0.025..4.638 rows=12502 loops=2) |                           Filter: (score = 1) |                           Rows Removed by Filter: 74651 |                     ->  Parallel Hash  (cost=12109.77..12109.77 rows=142963 width=16) (actual time=149.065..149.069 rows=276984 loops=2) |                           Buckets: 262144 (originally 262144)  Batches: 8 (originally 1)  Memory Usage: 8480kB |                           ->  Hash Join  (cost=6212.34..12109.77 rows=142963 width=16) (actual time=49.443..92.568 rows=276984 loops=2) |                                 Hash Cond: (u.id = p.owneruserid) |                                 ->  Nested Loop  (cost=2407.38..7931.31 rows=168 width=12) (actual time=28.112..48.584 rows=4994 loops=2) |                                       Join Filter: (u.id = v.userid) |                                       ->  Hash Join  (cost=2407.09..7357.01 rows=1648 width=8) (actual time=27.712..36.484 rows=14218 loops=2) |                                             Hash Cond: (v.userid = b.userid) |                                             ->  Parallel Seq Scan on votes v  (cost=0.00..4572.24 rows=688 width=4) (actual time=13.024..19.919 rows=650 loops=2) |                                                   Filter: (bountyamount <= 50) |                                                   Rows Removed by Filter: 163382 |                                             ->  Hash  (cost=1430.14..1430.14 rows=78156 width=4) (actual time=14.536..14.536 rows=78106 loops=2) |                                                   Buckets: 131072  Batches: 1  Memory Usage: 3770kB |                                                   ->  Seq Scan on badges b  (cost=0.00..1430.14 rows=78156 width=4) (actual time=0.026..6.667 rows=78106 loops=2) |                                                         Filter: (date <= '2014-08-25 19:05:46'::timestamp without time zone) |                                                         Rows Removed by Filter: 1745 |                                       ->  Index Scan using users_pkey on users u  (cost=0.29..0.34 rows=1 width=4) (actual time=0.001..0.001 rows=0 loops=28435) |                                             Index Cond: (id = b.userid) |                                             Filter: ((downvotes <= 11) AND (creationdate >= '2010-07-31 17:32:56'::timestamp without time zone) AND (creationdate <= '2014-09-07 16:06:26'::timestamp without time zone)) |                                             Rows Removed by Filter: 1 |                                 ->  Hash  (cost=2679.52..2679.52 rows=90035 width=4) (actual time=21.115..21.116 rows=89427 loops=2) |                                       Buckets: 131072  Batches: 1  Memory Usage: 4168kB |                                       ->  Seq Scan on posts p  (cost=0.00..2679.52 rows=90035 width=4) (actual time=0.026..11.668 rows=90780 loops=2) |                                             Filter: ((score >= '-1'::integer) AND (score <= 29) AND (creationdate >= '2010-07-19 20:40:36'::timestamp without time zone) AND (creationdate <= '2014-09-10 20:52:30'::timestamp without time zone)) |                                             Rows Removed by Filter: 1196 | Planning Time: 0.575 ms | JIT: |   Functions: 92 |   Options: Inlining false, Optimization false, Expressions true, Deforming true |   Timing: Generation 1.963 ms, Inlining 0.000 ms, Optimization 1.000 ms, Emission 25.204 ms, Total 28.167 ms | Execution Time: 1382.728 ms"
s50,226.853,"Finalize Aggregate  (cost=1247600.23..1247600.24 rows=1 width=8) (actual time=222.808..225.118 rows=1 loops=1) |   ->  Gather  (cost=1247600.12..1247600.23 rows=1 width=8) (actual time=222.802..225.112 rows=2 loops=1) |         Workers Planned: 1 |         Workers Launched: 1 |         ->  Partial Aggregate  (cost=1246600.12..1246600.13 rows=1 width=8) (actual time=216.856..216.860 rows=1 loops=2) |               ->  Parallel Hash Join  (cost=16479.32..20146.25 rows=490581548 width=0) (actual time=213.970..216.674 rows=4906 loops=2) |                     Hash Cond: (c.userid = u.id) |                     ->  Merge Join  (cost=6668.60..8579.25 rows=122741 width=8) (actual time=8.043..11.438 rows=16374 loops=2) |                           Merge Cond: (c.userid = p.owneruserid) |                           ->  Sort  (cost=3618.87..3654.83 rows=14382 width=4) (actual time=4.001..4.438 rows=12310 loops=2) |                                 Sort Key: c.userid |                                 Sort Method: quicksort  Memory: 385kB |                                 Worker 0:  Sort Method: quicksort  Memory: 385kB |                                 ->  Parallel Seq Scan on comments c  (cost=0.00..2625.65 rows=14382 width=4) (actual time=0.017..3.110 rows=12502 loops=2) |                                       Filter: (score = 1) |                                       Rows Removed by Filter: 74651 |                           ->  Sort  (cost=3049.09..3055.29 rows=2477 width=4) (actual time=4.009..4.718 rows=19034 loops=2) |                                 Sort Key: p.owneruserid |                                 Sort Method: quicksort  Memory: 193kB |                                 Worker 0:  Sort Method: quicksort  Memory: 193kB |                                 ->  Seq Scan on posts p  (cost=0.00..2909.46 rows=2477 width=4) (actual time=0.026..3.633 rows=4170 loops=2) |                                       Filter: ((score >= '-2'::integer) AND (score <= 23) AND (viewcount <= 2432) AND (favoritecount >= 0) AND (commentcount = 0)) |                                       Rows Removed by Filter: 87806 |                     ->  Parallel Hash  (cost=9269.78..9269.78 rows=43275 width=12) (actual time=203.736..203.739 rows=14624 loops=2) |                           Buckets: 131072  Batches: 1  Memory Usage: 2432kB |                           ->  Hash Join  (cost=3865.24..9269.78 rows=43275 width=12) (actual time=182.786..200.566 rows=14624 loops=2) |                                 Hash Cond: (v.userid = u.id) |                                 ->  Parallel Seq Scan on votes v  (cost=0.00..4089.79 rows=192979 width=4) (actual time=0.011..8.889 rows=164032 loops=2) |                                 ->  Hash  (cost=2987.10..2987.10 rows=70251 width=8) (actual time=182.619..182.621 rows=40625 loops=2) |                                       Buckets: 131072  Batches: 1  Memory Usage: 2611kB |                                       ->  Hash Join  (cost=1546.96..2987.10 rows=70251 width=8) (actual time=161.203..177.158 rows=40625 loops=2) |                                             Hash Cond: (b.userid = u.id) |                                             ->  Seq Scan on badges b  (cost=0.00..1230.51 rows=79851 width=4) (actual time=0.006..4.145 rows=79851 loops=2) |                                             ->  Hash  (cost=1103.50..1103.50 rows=35477 width=4) (actual time=161.119..161.120 rows=36148 loops=2) |                                                   Buckets: 65536  Batches: 1  Memory Usage: 1783kB |                                                   ->  Seq Scan on users u  (cost=0.00..1103.50 rows=35477 width=4) (actual time=154.949..157.795 rows=36148 loops=2) |                                                         Filter: ((reputation >= 1) AND (reputation <= 113) AND (views >= 0) AND (views <= 51)) |                                                         Rows Removed by Filter: 4177 | Planning Time: 0.548 ms | JIT: |   Functions: 90 |   Options: Inlining true, Optimization true, Expressions true, Deforming true |   Timing: Generation 1.869 ms, Inlining 40.717 ms, Optimization 145.322 ms, Emission 124.025 ms, Total 311.933 ms | Execution Time: 226.210 ms"
s51,9473.559,"Finalize Aggregate  (cost=1293215729.78..1293215729.79 rows=1 width=8) (actual time=9454.594..9456.987 rows=1 loops=1) |   ->  Gather  (cost=1293215729.67..1293215729.78 rows=1 width=8) (actual time=9288.567..9456.957 rows=2 loops=1) |         Workers Planned: 1 |         Workers Launched: 1 |         ->  Partial Aggregate  (cost=1293214729.67..1293214729.68 rows=1 width=8) (actual time=9365.537..9365.545 rows=1 loops=2) |               ->  Parallel Hash Join  (cost=27960.72..6572638.40 rows=514656836509 width=0) (actual time=229.401..7822.061 rows=43457087 loops=2) |                     Hash Cond: (p.owneruserid = u.id) |                     ->  Merge Join  (cost=22182.76..2265840.48 rows=148125281 width=12) (actual time=32.966..3687.557 rows=27219866 loops=2) |                           Merge Cond: (ph.userid = p.owneruserid) |                           ->  Sort  (cost=8724.88..8860.20 rows=54128 width=4) (actual time=10.806..13.573 rows=45282 loops=2) |                                 Sort Key: ph.userid |                                 Sort Method: quicksort  Memory: 1537kB |                                 Worker 0:  Sort Method: quicksort  Memory: 1537kB |                                 ->  Parallel Seq Scan on posthistory ph  (cost=0.00..4469.32 rows=54128 width=4) (actual time=0.018..6.775 rows=45988 loops=2) |                                       Filter: (posthistorytypeid = 2) |                                       Rows Removed by Filter: 105606 |                           ->  Materialize  (cost=13430.32..38525.35 rows=1422041 width=8) (actual time=22.095..1051.031 rows=27235644 loops=2) |                                 ->  Merge Join  (cost=13430.32..34970.24 rows=1422041 width=8) (actual time=22.091..84.550 rows=430601 loops=2) |                                       Merge Cond: (p.owneruserid = b.userid) |                                       ->  Sort  (cost=5725.64..5832.15 rows=42605 width=4) (actual time=9.095..10.966 rows=42006 loops=2) |                                             Sort Key: p.owneruserid |                                             Sort Method: quicksort  Memory: 1537kB |                                             Worker 0:  Sort Method: quicksort  Memory: 1537kB |                                             ->  Seq Scan on posts p  (cost=0.00..2449.58 rows=42605 width=4) (actual time=0.020..5.121 rows=42735 loops=2) |                                                   Filter: ((score >= '-2'::integer) AND (viewcount >= 0) AND (viewcount <= 18281)) |                                                   Rows Removed by Filter: 49241 |                                       ->  Sort  (cost=7704.25..7897.44 rows=77278 width=4) (actual time=12.950..30.290 rows=444530 loops=2) |                                             Sort Key: b.userid |                                             Sort Method: quicksort  Memory: 3073kB |                                             Worker 0:  Sort Method: quicksort  Memory: 3073kB |                                             ->  Seq Scan on badges b  (cost=0.00..1430.14 rows=77278 width=4) (actual time=0.093..5.347 rows=77332 loops=2) |                                                   Filter: (date >= '2010-10-20 08:33:44'::timestamp without time zone) |                                                   Rows Removed by Filter: 2519 |                     ->  Parallel Hash  (cost=4547.51..4547.51 rows=98436 width=8) (actual time=177.032..177.034 rows=31090 loops=2) |                           Buckets: 262144  Batches: 1  Memory Usage: 4512kB |                           ->  Hash Join  (cost=1399.46..4547.51 rows=98436 width=8) (actual time=156.690..172.324 rows=31090 loops=2) |                                 Hash Cond: (c.userid = u.id) |                                 ->  Parallel Seq Scan on comments c  (cost=0.00..2881.99 rows=101349 width=4) (actual time=150.228..155.723 rows=86592 loops=2) |                                       Filter: ((creationdate >= '2010-07-31 05:18:59'::timestamp without time zone) AND (creationdate <= '2014-09-12 07:59:13'::timestamp without time zone)) |                                       Rows Removed by Filter: 561 |                                 ->  Hash  (cost=901.88..901.88 rows=39807 width=4) (actual time=6.398..6.398 rows=39819 loops=2) |                                       Buckets: 65536  Batches: 1  Memory Usage: 1912kB |                                       ->  Seq Scan on users u  (cost=0.00..901.88 rows=39807 width=4) (actual time=0.021..2.863 rows=39819 loops=2) |                                             Filter: ((views >= 0) AND (views <= 75)) |                                             Rows Removed by Filter: 506 | Planning Time: 0.552 ms | JIT: |   Functions: 98 |   Options: Inlining true, Optimization true, Expressions true, Deforming true |   Timing: Generation 1.862 ms, Inlining 42.810 ms, Optimization 139.859 ms, Emission 118.001 ms, Total 302.534 ms | Execution Time: 9458.198 ms"
s52,15200.785,"Finalize Aggregate  (cost=117663820.74..117663820.75 rows=1 width=8) (actual time=15206.042..15206.360 rows=1 loops=1) |   ->  Gather  (cost=117663820.63..117663820.74 rows=1 width=8) (actual time=15206.034..15206.354 rows=2 loops=1) |         Workers Planned: 1 |         Workers Launched: 1 |         ->  Partial Aggregate  (cost=117662820.63..117662820.64 rows=1 width=8) (actual time=14891.885..14891.889 rows=1 loops=2) |               ->  Parallel Hash Join  (cost=37106.03..659446.29 rows=46801349734 width=0) (actual time=2267.829..10780.343 rows=114374154 loops=2) |                     Hash Cond: (p.owneruserid = u.id) |                     ->  Merge Join  (cost=31708.29..242705.30 rows=14011524 width=12) (actual time=52.596..2691.841 rows=19602648 loops=2) |                           Merge Cond: (ph.userid = p.owneruserid) |                           ->  Sort  (cost=22018.48..22464.34 rows=178345 width=4) (actual time=20.617..26.801 rows=140475 loops=2) |                                 Sort Key: ph.userid |                                 Sort Method: quicksort  Memory: 4096kB |                                 Worker 0:  Sort Method: quicksort  Memory: 4096kB |                                 ->  Parallel Seq Scan on posthistory ph  (cost=0.00..4023.45 rows=178345 width=4) (actual time=0.017..8.446 rows=151594 loops=2) |                           ->  Sort  (cost=9687.23..9789.29 rows=40825 width=8) (actual time=31.766..685.728 rows=19604208 loops=2) |                                 Sort Key: p.owneruserid |                                 Sort Method: quicksort  Memory: 4061kB |                                 Worker 0:  Sort Method: quicksort  Memory: 4061kB |                                 ->  Hash Join  (cost=2610.28..6560.61 rows=40825 width=8) (actual time=13.274..24.022 rows=73766 loops=2) |                                       Hash Cond: (p.owneruserid = b.userid) |                                       ->  Seq Scan on posts p  (cost=0.00..2909.46 rows=1205 width=4) (actual time=0.025..3.856 rows=5209 loops=2) |                                             Filter: ((score <= 35) AND (commentcount <= 17) AND (favoritecount >= 0) AND (posttypeid = 1) AND (answercount = 1)) |                                             Rows Removed by Filter: 86767 |                                       ->  Hash  (cost=1629.76..1629.76 rows=78441 width=4) (actual time=13.206..13.206 rows=78392 loops=2) |                                             Buckets: 131072  Batches: 1  Memory Usage: 3780kB |                                             ->  Seq Scan on badges b  (cost=0.00..1629.76 rows=78441 width=4) (actual time=0.034..5.588 rows=78392 loops=2) |                                                   Filter: ((date >= '2010-07-27 17:58:45'::timestamp without time zone) AND (date <= '2014-09-06 17:33:22'::timestamp without time zone)) |                                                   Rows Removed by Filter: 1459 |                     ->  Parallel Hash  (cost=4214.84..4214.84 rows=94632 width=8) (actual time=187.691..187.693 rows=33240 loops=2) |                           Buckets: 262144  Batches: 1  Memory Usage: 4672kB |                           ->  Hash Join  (cost=1576.34..4214.84 rows=94632 width=8) (actual time=167.759..181.088 rows=33240 loops=2) |                                 Hash Cond: (c.userid = u.id) |                                 ->  Parallel Seq Scan on comments c  (cost=0.00..2369.32 rows=102532 width=4) (actual time=0.003..4.532 rows=87152 loops=2) |                                 ->  Hash  (cost=1103.50..1103.50 rows=37827 width=4) (actual time=167.519..167.520 rows=37972 loops=2) |                                       Buckets: 65536  Batches: 1  Memory Usage: 1847kB |                                       ->  Seq Scan on users u  (cost=0.00..1103.50 rows=37827 width=4) (actual time=160.993..163.918 rows=37972 loops=2) |                                             Filter: ((views <= 233) AND (downvotes <= 2) AND (creationdate >= '2010-09-16 16:00:55'::timestamp without time zone) AND (creationdate <= '2014-08-24 21:12:02'::timestamp without time zone)) |                                             Rows Removed by Filter: 2353 | Planning Time: 0.549 ms | JIT: |   Functions: 90 |   Options: Inlining true, Optimization true, Expressions true, Deforming true |   Timing: Generation 1.823 ms, Inlining 44.173 ms, Optimization 150.324 ms, Emission 127.625 ms, Total 323.945 ms | Execution Time: 15207.564 ms"
s53,160.109,Finalize Aggregate  (cost=10075.97..10075.98 rows=1 width=8) (actual time=160.092..160.128 rows=1 loops=1) |   ->  Gather  (cost=10075.86..10075.97 rows=1 width=8) (actual time=160.085..160.125 rows=2 loops=1) |         Workers Planned: 1 |         Workers Launched: 1 |         ->  Partial Aggregate  (cost=9075.86..9075.87 rows=1 width=8) (actual time=151.529..151.533 rows=1 loops=2) |               ->  Hash Join  (cost=5887.37..9007.18 rows=27469 width=0) (actual time=81.197..135.896 rows=456720 loops=2) |                     Hash Cond: (c.postid = p.id) |                     ->  Parallel Seq Scan on comments c  (cost=0.00..2625.65 rows=101944 width=4) (actual time=0.004..5.449 rows=86620 loops=2) |                           Filter: (creationdate <= '2014-09-08 15:58:08'::timestamp without time zone) |                           Rows Removed by Filter: 532 |                     ->  Hash  (cost=5761.21..5761.21 rows=10093 width=8) (actual time=81.136..81.139 rows=293006 loops=2) |                           Buckets: 262144 (originally 16384)  Batches: 2 (originally 1)  Memory Usage: 7414kB |                           ->  Hash Join  (cost=4130.32..5761.21 rows=10093 width=8) (actual time=22.438..51.129 rows=293006 loops=2) |                                 Hash Cond: (b.userid = u.id) |                                 ->  Seq Scan on badges b  (cost=0.00..1230.51 rows=79851 width=4) (actual time=0.004..4.281 rows=79851 loops=2) |                                 ->  Hash  (cost=4066.61..4066.61 rows=5097 width=16) (actual time=22.424..22.427 rows=10828 loops=2) |                                       Buckets: 16384 (originally 8192)  Batches: 1 (originally 1)  Memory Usage: 636kB |                                       ->  Hash Join  (cost=3830.86..4066.61 rows=5097 width=16) (actual time=16.544..21.252 rows=10828 loops=2) |                                             Hash Cond: (p.owneruserid = u.id) |                                             ->  Hash Join  (cost=2525.74..2747.90 rows=5176 width=12) (actual time=10.038..12.902 rows=11097 loops=2) |                                                   Hash Cond: (pl.relatedpostid = p.id) |                                                   ->  Seq Scan on postlinks pl  (cost=0.00..193.02 rows=11102 width=4) (actual time=0.020..0.611 rows=11102 loops=2) |                                                   ->  Hash  (cost=1989.70..1989.70 rows=42883 width=8) (actual time=9.953..9.954 rows=42921 loops=2) |                                                         Buckets: 65536  Batches: 1  Memory Usage: 2186kB |                                                         ->  Seq Scan on posts p  (cost=0.00..1989.70 rows=42883 width=8) (actual time=0.005..5.780 rows=42921 loops=2) |                                                               Filter: (viewcount >= 0) |                                                               Rows Removed by Filter: 49055 |                                             ->  Hash  (cost=801.06..801.06 rows=40325 width=4) (actual time=6.449..6.450 rows=40325 loops=2) |                                                   Buckets: 65536  Batches: 1  Memory Usage: 1930kB |                                                   ->  Seq Scan on users u  (cost=0.00..801.06 rows=40325 width=4) (actual time=0.003..2.837 rows=40325 loops=2) |                                                         Filter: (reputation >= 1) | Planning Time: 0.308 ms | Execution Time: 160.473 ms
s54,32.539,Aggregate  (cost=8257.86..8257.87 rows=1 width=8) (actual time=33.050..33.054 rows=1 loops=1) |   ->  Hash Join  (cost=4507.70..8254.25 rows=1442 width=0) (actual time=16.021..32.876 rows=4801 loops=1) |         Hash Cond: (c.postid = p.id) |         ->  Seq Scan on comments c  (cost=0.00..3087.05 rows=174305 width=4) (actual time=0.003..8.579 rows=174305 loops=1) |         ->  Hash  (cost=4503.84..4503.84 rows=309 width=8) (actual time=14.699..14.702 rows=1651 loops=1) |               Buckets: 2048 (originally 1024)  Batches: 1 (originally 1)  Memory Usage: 81kB |               ->  Hash Join  (cost=2970.80..4503.84 rows=309 width=8) (actual time=7.041..14.551 rows=1651 loops=1) |                     Hash Cond: (b.userid = u.id) |                     ->  Seq Scan on badges b  (cost=0.00..1230.51 rows=79851 width=4) (actual time=0.001..3.997 rows=79851 loops=1) |                     ->  Hash  (cost=2968.85..2968.85 rows=156 width=16) (actual time=6.531..6.534 rows=192 loops=1) |                           Buckets: 1024  Batches: 1  Memory Usage: 17kB |                           ->  Nested Loop  (cost=2469.58..2968.85 rows=156 width=16) (actual time=4.940..6.507 rows=192 loops=1) |                                 ->  Hash Join  (cost=2469.29..2743.41 rows=167 width=12) (actual time=4.883..6.106 rows=229 loops=1) |                                       Hash Cond: (pl.relatedpostid = p.id) |                                       ->  Seq Scan on postlinks pl  (cost=0.00..248.53 rows=9746 width=4) (actual time=0.021..0.698 rows=9704 loops=1) |                                             Filter: ((creationdate >= '2011-04-12 15:23:59'::timestamp without time zone) AND (linktypeid = 1)) |                                             Rows Removed by Filter: 1398 |                                       ->  Hash  (cost=2449.58..2449.58 rows=1577 width=8) (actual time=4.846..4.847 rows=1961 loops=1) |                                             Buckets: 2048  Batches: 1  Memory Usage: 93kB |                                             ->  Seq Scan on posts p  (cost=0.00..2449.58 rows=1577 width=8) (actual time=0.005..4.682 rows=1961 loops=1) |                                                   Filter: ((viewcount >= 0) AND (favoritecount >= 0) AND (score = 1)) |                                                   Rows Removed by Filter: 90015 |                                 ->  Index Scan using users_pkey on users u  (cost=0.29..1.35 rows=1 width=4) (actual time=0.001..0.001 rows=1 loops=229) |                                       Index Cond: (id = p.owneruserid) |                                       Filter: (creationdate >= '2011-02-08 18:11:37'::timestamp without time zone) |                                       Rows Removed by Filter: 0 | Planning Time: 0.314 ms | Execution Time: 33.095 ms
s55,34.345,Finalize Aggregate  (cost=9994.28..9994.29 rows=1 width=8) (actual time=32.728..34.419 rows=1 loops=1) |   ->  Gather  (cost=9994.16..9994.27 rows=1 width=8) (actual time=32.587..34.415 rows=2 loops=1) |         Workers Planned: 1 |         Workers Launched: 1 |         ->  Partial Aggregate  (cost=8994.16..8994.17 rows=1 width=8) (actual time=27.679..27.683 rows=1 loops=2) |               ->  Hash Join  (cost=4244.73..8982.73 rows=4574 width=0) (actual time=10.025..27.449 rows=7206 loops=2) |                     Hash Cond: (ph.userid = u.id) |                     ->  Parallel Seq Scan on posthistory ph  (cost=0.00..4023.45 rows=178345 width=4) (actual time=0.005..7.731 rows=151594 loops=2) |                     ->  Hash  (cost=4230.83..4230.83 rows=1112 width=12) (actual time=9.940..9.943 rows=269 loops=2) |                           Buckets: 2048  Batches: 1  Memory Usage: 28kB |                           ->  Hash Join  (cost=2497.76..4230.83 rows=1112 width=12) (actual time=1.823..9.911 rows=269 loops=2) |                                 Hash Cond: (b.userid = u.id) |                                 ->  Seq Scan on badges b  (cost=0.00..1430.14 rows=77818 width=4) (actual time=0.005..4.786 rows=77851 loops=2) |                                       Filter: (date <= '2014-08-22 02:21:55'::timestamp without time zone) |                                       Rows Removed by Filter: 2000 |                                 ->  Hash  (cost=2490.56..2490.56 rows=576 width=8) (actual time=1.774..1.776 rows=26 loops=2) |                                       Buckets: 1024  Batches: 1  Memory Usage: 10kB |                                       ->  Nested Loop  (cost=0.59..2490.56 rows=576 width=8) (actual time=0.170..1.770 rows=26 loops=2) |                                             ->  Nested Loop  (cost=0.30..2295.17 rows=596 width=4) (actual time=0.017..1.209 rows=596 loops=2) |                                                   ->  Seq Scan on tags t  (cost=0.00..16.32 rows=1032 width=4) (actual time=0.005..0.070 rows=1032 loops=2) |                                                   ->  Memoize  (cost=0.30..3.79 rows=1 width=8) (actual time=0.001..0.001 rows=1 loops=2064) |                                                         Cache Key: t.excerptpostid |                                                         Cache Mode: logical |                                                         Hits: 435  Misses: 597  Evictions: 0  Overflows: 0  Memory Usage: 63kB |                                                         Worker 0:  Hits: 435  Misses: 597  Evictions: 0  Overflows: 0  Memory Usage: 63kB |                                                         ->  Index Scan using posts_pkey on posts p  (cost=0.29..3.78 rows=1 width=8) (actual time=0.001..0.001 rows=1 loops=1194) |                                                               Index Cond: (id = t.excerptpostid) |                                                               Filter: (commentcount >= 0) |                                             ->  Index Scan using users_pkey on users u  (cost=0.29..0.33 rows=1 width=4) (actual time=0.001..0.001 rows=0 loops=1192) |                                                   Index Cond: (id = p.owneruserid) |                                                   Filter: (downvotes <= 0) |                                                   Rows Removed by Filter: 1 | Planning Time: 0.355 ms | Execution Time: 34.456 ms
s56,745.623,Finalize Aggregate  (cost=9834.45..9834.46 rows=1 width=8) (actual time=743.254..744.892 rows=1 loops=1) |   ->  Gather  (cost=9834.34..9834.45 rows=1 width=8) (actual time=742.701..744.885 rows=2 loops=1) |         Workers Planned: 1 |         Workers Launched: 1 |         ->  Partial Aggregate  (cost=8834.34..8834.35 rows=1 width=8) (actual time=738.018..738.022 rows=1 loops=2) |               ->  Hash Join  (cost=4013.64..8832.89 rows=579 width=0) (actual time=31.588..470.332 rows=7943685 loops=2) |                     Hash Cond: (v.userid = u.id) |                     ->  Parallel Seq Scan on votes v  (cost=0.00..4089.79 rows=192979 width=4) (actual time=0.005..8.954 rows=164032 loops=2) |                     ->  Hash  (cost=3999.12..3999.12 rows=1162 width=12) (actual time=31.498..31.502 rows=78986 loops=2) |                           Buckets: 131072 (originally 2048)  Batches: 1 (originally 1)  Memory Usage: 4418kB |                           ->  Hash Join  (cost=2457.54..3999.12 rows=1162 width=12) (actual time=10.869..24.026 rows=78986 loops=2) |                                 Hash Cond: (b.userid = u.id) |                                 ->  Seq Scan on badges b  (cost=0.00..1230.51 rows=79851 width=4) (actual time=0.004..4.261 rows=79851 loops=2) |                                 ->  Hash  (cost=2450.21..2450.21 rows=587 width=8) (actual time=10.855..10.858 rows=593 loops=2) |                                       Buckets: 1024  Batches: 1  Memory Usage: 32kB |                                       ->  Nested Loop  (cost=29.51..2450.21 rows=587 width=8) (actual time=0.399..10.790 rows=593 loops=2) |                                             ->  Hash Join  (cost=29.22..2254.82 rows=596 width=4) (actual time=0.393..10.200 rows=596 loops=2) |                                                   Hash Cond: (p.id = t.excerptpostid) |                                                   ->  Seq Scan on posts p  (cost=0.00..1759.76 rows=91976 width=8) (actual time=0.003..4.950 rows=91976 loops=2) |                                                   ->  Hash  (cost=16.32..16.32 rows=1032 width=4) (actual time=0.141..0.142 rows=596 loops=2) |                                                         Buckets: 2048  Batches: 1  Memory Usage: 37kB |                                                         ->  Seq Scan on tags t  (cost=0.00..16.32 rows=1032 width=4) (actual time=0.006..0.079 rows=1032 loops=2) |                                             ->  Index Scan using users_pkey on users u  (cost=0.29..0.33 rows=1 width=4) (actual time=0.001..0.001 rows=1 loops=1192) |                                                   Index Cond: (id = p.owneruserid) |                                                   Filter: (downvotes >= 0) | Planning Time: 0.364 ms | Execution Time: 744.942 ms
s57,31.456,Aggregate  (cost=10132.14..10132.15 rows=1 width=8) (actual time=31.298..31.376 rows=1 loops=1) |   ->  Hash Join  (cost=8403.00..10132.13 rows=4 width=0) (actual time=23.110..31.202 rows=5091 loops=1) |         Hash Cond: (b.userid = u.id) |         ->  Seq Scan on badges b  (cost=0.00..1430.14 rows=79722 width=4) (actual time=0.004..4.454 rows=79736 loops=1) |               Filter: (date <= '2014-09-12 12:56:22'::timestamp without time zone) |               Rows Removed by Filter: 115 |         ->  Hash  (cost=8402.97..8402.97 rows=2 width=12) (actual time=23.076..23.152 rows=312 loops=1) |               Buckets: 1024  Batches: 1  Memory Usage: 22kB |               ->  Gather Merge  (cost=8384.89..8402.97 rows=2 width=12) (actual time=21.351..23.121 rows=312 loops=1) |                     Workers Planned: 1 |                     Workers Launched: 1 |                     ->  Nested Loop  (cost=7384.88..7402.74 rows=1 width=12) (actual time=16.200..17.339 rows=156 loops=2) |                           Join Filter: (u.id = v.userid) |                           ->  Merge Join  (cost=7384.59..7388.48 rows=41 width=8) (actual time=16.175..16.397 rows=1321 loops=2) |                                 Merge Cond: (v.userid = p.owneruserid) |                                 ->  Sort  (cost=5102.29..5104.69 rows=961 width=4) (actual time=6.315..6.333 rows=524 loops=2) |                                       Sort Key: v.userid |                                       Sort Method: quicksort  Memory: 49kB |                                       Worker 0:  Sort Method: quicksort  Memory: 25kB |                                       ->  Parallel Seq Scan on votes v  (cost=0.00..5054.68 rows=961 width=4) (actual time=0.038..6.238 rows=862 loops=2) |                                             Filter: ((bountyamount >= 0) AND (bountyamount <= 200)) |                                             Rows Removed by Filter: 163170 |                                 ->  Sort  (cost=2282.29..2283.78 rows=596 width=4) (actual time=9.855..9.919 rows=1618 loops=2) |                                       Sort Key: p.owneruserid |                                       Sort Method: quicksort  Memory: 25kB |                                       Worker 0:  Sort Method: quicksort  Memory: 25kB |                                       ->  Hash Join  (cost=29.22..2254.82 rows=596 width=4) (actual time=0.413..9.812 rows=596 loops=2) |                                             Hash Cond: (p.id = t.excerptpostid) |                                             ->  Seq Scan on posts p  (cost=0.00..1759.76 rows=91976 width=8) (actual time=0.008..4.853 rows=91976 loops=2) |                                             ->  Hash  (cost=16.32..16.32 rows=1032 width=4) (actual time=0.140..0.141 rows=596 loops=2) |                                                   Buckets: 2048  Batches: 1  Memory Usage: 37kB |                                                   ->  Seq Scan on tags t  (cost=0.00..16.32 rows=1032 width=4) (actual time=0.006..0.080 rows=1032 loops=2) |                           ->  Index Scan using users_pkey on users u  (cost=0.29..0.34 rows=1 width=4) (actual time=0.001..0.001 rows=0 loops=2642) |                                 Index Cond: (id = p.owneruserid) |                                 Filter: ((views >= 0) AND (views <= 515) AND (upvotes >= 0) AND (creationdate <= '2014-09-07 13:46:41'::timestamp without time zone)) |                                 Rows Removed by Filter: 1 | Planning Time: 0.384 ms | Execution Time: 31.413 ms
s58,883909.657,"Finalize Aggregate  (cost=1628259.54..1628259.55 rows=1 width=8) (actual time=928616.430..928624.656 rows=1 loops=1) |   ->  Gather  (cost=1628259.43..1628259.54 rows=1 width=8) (actual time=835564.681..928624.575 rows=2 loops=1) |         Workers Planned: 1 |         Workers Launched: 1 |         ->  Partial Aggregate  (cost=1627259.43..1627259.44 rows=1 width=8) (actual time=882071.587..882071.643 rows=1 loops=2) |               ->  Parallel Hash Join  (cost=28145.32..137683.52 rows=595830365 width=0) (actual time=426.394..552690.497 rows=8924616985 loops=2) |                     Hash Cond: (b.userid = u.id) |                     ->  Merge Join  (cost=15821.05..45335.46 rows=1955641 width=8) (actual time=34.127..783.331 rows=3083576 loops=2) |                           Merge Cond: (ph.userid = b.userid) |                           ->  Sort  (cost=7920.81..8019.26 rows=39379 width=4) (actual time=15.820..22.281 rows=33124 loops=2) |                                 Sort Key: ph.userid |                                 Sort Method: quicksort  Memory: 1537kB |                                 Worker 0:  Sort Method: quicksort  Memory: 1537kB |                                 ->  Parallel Seq Scan on posthistory ph  (cost=0.00..4915.18 rows=39379 width=4) (actual time=0.044..12.742 rows=33486 loops=2) |                                       Filter: ((creationdate <= '2014-08-13 09:20:10'::timestamp without time zone) AND (posthistorytypeid = 5)) |                                       Rows Removed by Filter: 118107 |                           ->  Sort  (cost=7897.19..8095.83 rows=79458 width=4) (actual time=18.219..277.260 rows=3123027 loops=2) |                                 Sort Key: b.userid |                                 Sort Method: quicksort  Memory: 3073kB |                                 Worker 0:  Sort Method: quicksort  Memory: 3073kB |                                 ->  Seq Scan on badges b  (cost=0.00..1430.14 rows=79458 width=4) (actual time=0.029..7.717 rows=79400 loops=2) |                                       Filter: (date <= '2014-09-09 10:24:35'::timestamp without time zone) |                                       Rows Removed by Filter: 451 |                     ->  Parallel Hash  (cost=10639.72..10639.72 rows=134764 width=12) (actual time=314.732..314.759 rows=65096 loops=2) |                           Buckets: 262144  Batches: 1  Memory Usage: 8192kB |                           ->  Hash Join  (cost=5300.52..10639.72 rows=134764 width=12) (actual time=274.876..304.831 rows=65096 loops=2) |                                 Hash Cond: (v.userid = u.id) |                                 ->  Parallel Seq Scan on votes v  (cost=0.00..4572.24 rows=191476 width=4) (actual time=233.981..247.810 rows=163991 loops=2) |                                       Filter: (creationdate >= '2010-07-19 00:00:00'::timestamp without time zone) |                                       Rows Removed by Filter: 41 |                                 ->  Hash  (cost=5176.75..5176.75 rows=9902 width=8) (actual time=40.576..40.593 rows=8909 loops=2) |                                       Buckets: 16384  Batches: 1  Memory Usage: 477kB |                                       ->  Hash Join  (cost=4925.60..5176.75 rows=9902 width=8) (actual time=34.009..39.414 rows=8909 loops=2) |                                             Hash Cond: (p.owneruserid = u.id) |                                             ->  Hash Join  (cost=3363.01..3585.18 rows=11041 width=4) (actual time=25.907..29.371 rows=10959 loops=2) |                                                   Hash Cond: (pl.relatedpostid = p.id) |                                                   ->  Seq Scan on postlinks pl  (cost=0.00..193.02 rows=11102 width=4) (actual time=0.044..0.735 rows=11102 loops=2) |                                                   ->  Hash  (cost=2219.64..2219.64 rows=91470 width=8) (actual time=25.343..25.344 rows=91489 loops=2) |                                                         Buckets: 131072  Batches: 1  Memory Usage: 4593kB |                                                         ->  Seq Scan on posts p  (cost=0.00..2219.64 rows=91470 width=8) (actual time=0.036..10.571 rows=91489 loops=2) |                                                               Filter: ((commentcount >= 0) AND (commentcount <= 13)) |                                                               Rows Removed by Filter: 487 |                                             ->  Hash  (cost=1103.50..1103.50 rows=36727 width=4) (actual time=8.030..8.031 rows=36624 loops=2) |                                                   Buckets: 65536  Batches: 1  Memory Usage: 1800kB |                                                   ->  Seq Scan on users u  (cost=0.00..1103.50 rows=36727 width=4) (actual time=0.063..3.911 rows=36624 loops=2) |                                                         Filter: ((views >= 0) AND (downvotes >= 0) AND (creationdate >= '2010-08-04 16:59:53'::timestamp without time zone) AND (creationdate <= '2014-07-22 15:15:22'::timestamp without time zone)) |                                                         Rows Removed by Filter: 3701 | Planning Time: 1.274 ms | JIT: |   Functions: 112 |   Options: Inlining true, Optimization true, Expressions true, Deforming true |   Timing: Generation 4.769 ms, Inlining 60.971 ms, Optimization 224.801 ms, Emission 183.040 ms, Total 473.581 ms | Execution Time: 928630.083 ms"
s59,6677.297,"Finalize Aggregate  (cost=158501.82..158501.83 rows=1 width=8) (actual time=7330.430..7354.834 rows=1 loops=1) |   ->  Gather  (cost=158501.71..158501.82 rows=1 width=8) (actual time=7330.412..7354.817 rows=2 loops=1) |         Workers Planned: 1 |         Workers Launched: 1 |         ->  Partial Aggregate  (cost=157501.71..157501.72 rows=1 width=8) (actual time=6983.696..6983.723 rows=1 loops=2) |               ->  Parallel Hash Join  (cost=15330.93..26058.31 rows=52577359 width=0) (actual time=567.486..4586.687 rows=44481486 loops=2) |                     Hash Cond: (ph.userid = u.id) |                     ->  Parallel Seq Scan on posthistory ph  (cost=0.00..4469.32 rows=54128 width=4) (actual time=0.133..27.253 rows=45988 loops=2) |                           Filter: (posthistorytypeid = 2) |                           Rows Removed by Filter: 105606 |                     ->  Parallel Hash  (cost=10169.44..10169.44 rows=296919 width=16) (actual time=501.281..501.297 rows=463828 loops=2) |                           Buckets: 262144 (originally 262144)  Batches: 256 (originally 4)  Memory Usage: 13600kB |                           ->  Hash Join  (cost=4771.38..10169.44 rows=296919 width=16) (actual time=105.482..203.679 rows=463828 loops=2) |                                 Hash Cond: (v.userid = u.id) |                                 ->  Parallel Seq Scan on votes v  (cost=0.00..4572.24 rows=191474 width=4) (actual time=22.270..48.851 rows=163825 loops=2) |                                       Filter: (creationdate >= '2010-07-20 00:00:00'::timestamp without time zone) |                                       Rows Removed by Filter: 207 |                                 ->  Hash  (cost=4498.68..4498.68 rows=21816 width=12) (actual time=83.101..83.114 rows=58593 loops=2) |                                       Buckets: 65536 (originally 32768)  Batches: 1 (originally 1)  Memory Usage: 3030kB |                                       ->  Hash Join  (cost=2956.20..4498.68 rows=21816 width=12) (actual time=34.257..70.187 rows=58593 loops=2) |                                             Hash Cond: (b.userid = u.id) |                                             ->  Seq Scan on badges b  (cost=0.00..1230.51 rows=79851 width=4) (actual time=0.028..8.575 rows=79851 loops=2) |                                             ->  Hash  (cost=2948.28..2948.28 rows=633 width=8) (actual time=34.182..34.189 rows=4846 loops=2) |                                                   Buckets: 8192 (originally 1024)  Batches: 1 (originally 1)  Memory Usage: 254kB |                                                   ->  Nested Loop  (cost=2298.07..2948.28 rows=633 width=8) (actual time=12.724..32.337 rows=4846 loops=2) |                                                         ->  Hash Join  (cost=2297.78..2545.29 rows=692 width=4) (actual time=12.654..17.739 rows=7972 loops=2) |                                                               Hash Cond: (pl.relatedpostid = p.id) |                                                               ->  Seq Scan on postlinks pl  (cost=0.00..220.78 rows=10186 width=4) (actual time=0.022..1.742 rows=10186 loops=2) |                                                                     Filter: (linktypeid = 1) |                                                                     Rows Removed by Filter: 916 |                                                               ->  Hash  (cost=2219.64..2219.64 rows=6251 width=8) (actual time=12.582..12.584 rows=13246 loops=2) |                                                                     Buckets: 16384 (originally 8192)  Batches: 1 (originally 1)  Memory Usage: 645kB |                                                                     ->  Seq Scan on posts p  (cost=0.00..2219.64 rows=6251 width=8) (actual time=0.016..10.558 rows=13246 loops=2) |                                                                           Filter: ((answercount >= 0) AND (favoritecount >= 0)) |                                                                           Rows Removed by Filter: 78730 |                                                         ->  Index Scan using users_pkey on users u  (cost=0.29..0.58 rows=1 width=4) (actual time=0.002..0.002 rows=1 loops=15944) |                                                               Index Cond: (id = p.owneruserid) |                                                               Filter: ((reputation >= 1) AND (downvotes >= 0) AND (downvotes <= 0) AND (upvotes <= 439) AND (creationdate <= '2014-08-07 11:18:45'::timestamp without time zone)) |                                                               Rows Removed by Filter: 0 | Planning Time: 4.028 ms | JIT: |   Functions: 106 |   Options: Inlining false, Optimization false, Expressions true, Deforming true |   Timing: Generation 4.104 ms, Inlining 0.000 ms, Optimization 2.499 ms, Emission 42.507 ms, Total 49.110 ms | Execution Time: 7358.052 ms"
s60,742.038,Finalize Aggregate  (cost=20965.56..20965.57 rows=1 width=8) (actual time=790.793..792.789 rows=1 loops=1) |   ->  Gather  (cost=20965.45..20965.56 rows=1 width=8) (actual time=790.784..792.781 rows=2 loops=1) |         Workers Planned: 1 |         Workers Launched: 1 |         ->  Partial Aggregate  (cost=19965.45..19965.46 rows=1 width=8) (actual time=785.468..785.474 rows=1 loops=2) |               ->  Hash Join  (cost=10202.29..16330.88 rows=1453828 width=0) (actual time=129.190..575.208 rows=5973988 loops=2) |                     Hash Cond: (p.owneruserid = u.id) |                     ->  Parallel Hash Join  (cost=6302.68..11375.81 rows=44145 width=4) (actual time=88.974..161.456 rows=622676 loops=2) |                           Hash Cond: (v.postid = p.id) |                           ->  Parallel Seq Scan on votes v  (cost=0.00..4089.79 rows=192979 width=4) (actual time=0.019..9.520 rows=164032 loops=2) |                           ->  Parallel Hash  (cost=6147.98..6147.98 rows=12376 width=16) (actual time=88.824..88.827 rows=16663 loops=2) |                                 Buckets: 32768  Batches: 1  Memory Usage: 1856kB |                                 ->  Hash Join  (cost=3270.40..6147.98 rows=12376 width=16) (actual time=63.706..84.910 rows=16663 loops=2) |                                       Hash Cond: (c.postid = p.id) |                                       ->  Parallel Seq Scan on comments c  (cost=0.00..2369.32 rows=102532 width=4) (actual time=0.004..7.520 rows=87152 loops=2) |                                       ->  Hash  (cost=3131.62..3131.62 rows=11102 width=12) (actual time=63.655..63.657 rows=11102 loops=2) |                                             Buckets: 16384  Batches: 1  Memory Usage: 604kB |                                             ->  Hash Join  (cost=2909.46..3131.62 rows=11102 width=12) (actual time=53.606..60.867 rows=11102 loops=2) |                                                   Hash Cond: (pl.relatedpostid = p.id) |                                                   ->  Seq Scan on postlinks pl  (cost=0.00..193.02 rows=11102 width=4) (actual time=0.044..1.270 rows=11102 loops=2) |                                                   ->  Hash  (cost=1759.76..1759.76 rows=91976 width=8) (actual time=53.361..53.362 rows=91976 loops=2) |                                                         Buckets: 131072  Batches: 1  Memory Usage: 4612kB |                                                         ->  Seq Scan on posts p  (cost=0.00..1759.76 rows=91976 width=8) (actual time=0.011..18.670 rows=91976 loops=2) |                     ->  Hash  (cost=2931.65..2931.65 rows=77437 width=8) (actual time=39.524..39.525 rows=67286 loops=2) |                           Buckets: 131072  Batches: 1  Memory Usage: 3653kB |                           ->  Hash Join  (cost=1491.51..2931.65 rows=77437 width=8) (actual time=7.263..28.856 rows=67286 loops=2) |                                 Hash Cond: (b.userid = u.id) |                                 ->  Seq Scan on badges b  (cost=0.00..1230.51 rows=79851 width=4) (actual time=0.007..5.207 rows=79851 loops=2) |                                 ->  Hash  (cost=1002.69..1002.69 rows=39106 width=4) (actual time=7.153..7.154 rows=38978 loops=2) |                                       Buckets: 65536  Batches: 1  Memory Usage: 1883kB |                                       ->  Seq Scan on users u  (cost=0.00..1002.69 rows=39106 width=4) (actual time=0.014..3.306 rows=38978 loops=2) |                                             Filter: ((views <= 190) AND (creationdate >= '2010-07-20 08:05:39'::timestamp without time zone) AND (creationdate <= '2014-08-27 09:31:28'::timestamp without time zone)) |                                             Rows Removed by Filter: 1347 | Planning Time: 0.609 ms | Execution Time: 792.891 ms
s61,160.967,Aggregate  (cost=16475.60..16475.61 rows=1 width=8) (actual time=153.097..153.271 rows=1 loops=1) |   ->  Hash Join  (cost=14226.34..15890.63 rows=233986 width=0) (actual time=57.268..120.695 rows=868310 loops=1) |         Hash Cond: (b.userid = u.id) |         ->  Seq Scan on badges b  (cost=0.00..1230.51 rows=79851 width=4) (actual time=0.004..4.256 rows=79851 loops=1) |         ->  Hash  (cost=14141.54..14141.54 rows=6784 width=8) (actual time=56.680..56.853 rows=57739 loops=1) |               Buckets: 65536 (originally 8192)  Batches: 1 (originally 1)  Memory Usage: 2768kB |               ->  Gather  (cost=7805.68..14141.54 rows=6784 width=8) (actual time=32.415..52.815 rows=57739 loops=1) |                     Workers Planned: 1 |                     Workers Launched: 1 |                     ->  Parallel Hash Join  (cost=6805.68..12463.14 rows=3991 width=8) (actual time=27.194..46.167 rows=28870 loops=2) |                           Hash Cond: (v.postid = p.id) |                           ->  Parallel Seq Scan on votes v  (cost=0.00..5054.68 rows=154479 width=4) (actual time=0.005..10.835 rows=130868 loops=2) |                                 Filter: ((creationdate <= '2014-09-11 00:00:00'::timestamp without time zone) AND (votetypeid = 2)) |                                 Rows Removed by Filter: 33164 |                           ->  Parallel Hash  (cost=6788.21..6788.21 rows=1398 width=20) (actual time=25.453..25.458 rows=4610 loops=2) |                                 Buckets: 8192 (originally 4096)  Batches: 1 (originally 1)  Memory Usage: 608kB |                                 ->  Hash Join  (cost=3512.43..6788.21 rows=1398 width=20) (actual time=14.513..24.739 rows=4610 loops=2) |                                       Hash Cond: (c.postid = p.id) |                                       ->  Parallel Seq Scan on comments c  (cost=0.00..2881.99 rows=101287 width=4) (actual time=0.039..5.878 rows=86376 loops=2) |                                             Filter: ((creationdate >= '2010-08-06 12:21:39'::timestamp without time zone) AND (creationdate <= '2014-09-11 20:55:34'::timestamp without time zone)) |                                             Rows Removed by Filter: 776 |                                       ->  Hash  (cost=3496.56..3496.56 rows=1269 width=16) (actual time=13.916..13.919 rows=3268 loops=2) |                                             Buckets: 4096 (originally 2048)  Batches: 1 (originally 1)  Memory Usage: 186kB |                                             ->  Nested Loop  (cost=2611.71..3496.56 rows=1269 width=16) (actual time=7.370..13.532 rows=3268 loops=2) |                                                   ->  Hash Join  (cost=2611.42..2885.73 rows=1383 width=12) (actual time=7.338..9.357 rows=4556 loops=2) |                                                         Hash Cond: (pl.relatedpostid = p.id) |                                                         ->  Seq Scan on postlinks pl  (cost=0.00..248.53 rows=9823 width=4) (actual time=0.025..0.766 rows=9802 loops=2) |                                                               Filter: ((creationdate >= '2011-03-11 18:50:29'::timestamp without time zone) AND (linktypeid = 1)) |                                                               Rows Removed by Filter: 1300 |                                                         ->  Hash  (cost=2449.58..2449.58 rows=12947 width=8) (actual time=7.286..7.288 rows=12355 loops=2) |                                                               Buckets: 16384  Batches: 1  Memory Usage: 610kB |                                                               ->  Seq Scan on posts p  (cost=0.00..2449.58 rows=12947 width=8) (actual time=0.006..6.080 rows=12355 loops=2) |                                                                     Filter: ((score >= 0) AND (score <= 13) AND (favoritecount >= 0)) |                                                                     Rows Removed by Filter: 79621 |                                                   ->  Index Scan using users_pkey on users u  (cost=0.29..0.44 rows=1 width=4) (actual time=0.001..0.001 rows=1 loops=9112) |                                                         Index Cond: (id = p.owneruserid) |                                                         Filter: ((reputation >= 1) AND (creationdate >= '2011-02-17 03:42:02'::timestamp without time zone) AND (creationdate <= '2014-09-01 10:54:39'::timestamp without time zone)) |                                                         Rows Removed by Filter: 0 | Planning Time: 0.647 ms | Execution Time: 153.321 ms
s62,52.242,Aggregate  (cost=12033.77..12033.78 rows=1 width=8) (actual time=50.666..50.801 rows=1 loops=1) |   ->  Hash Join  (cost=10481.89..12015.94 rows=7132 width=0) (actual time=31.561..46.584 rows=109961 loops=1) |         Hash Cond: (b.userid = u.id) |         ->  Seq Scan on badges b  (cost=0.00..1230.51 rows=79851 width=4) (actual time=0.003..4.179 rows=79851 loops=1) |         ->  Hash  (cost=10479.30..10479.30 rows=207 width=8) (actual time=31.551..31.684 rows=5706 loops=1) |               Buckets: 8192 (originally 1024)  Batches: 1 (originally 1)  Memory Usage: 287kB |               ->  Gather  (cost=5644.43..10479.30 rows=207 width=8) (actual time=13.013..31.250 rows=5706 loops=1) |                     Workers Planned: 1 |                     Workers Launched: 1 |                     ->  Parallel Hash Join  (cost=4644.43..9458.60 rows=122 width=8) (actual time=8.120..26.025 rows=2853 loops=2) |                           Hash Cond: (v.postid = p.id) |                           ->  Parallel Seq Scan on votes v  (cost=0.00..4089.79 rows=192979 width=4) (actual time=0.004..8.435 rows=164032 loops=2) |                           ->  Parallel Hash  (cost=4644.01..4644.01 rows=34 width=20) (actual time=7.898..7.903 rows=313 loops=2) |                                 Buckets: 1024  Batches: 1  Memory Usage: 72kB |                                 ->  Nested Loop  (cost=332.38..4644.01 rows=34 width=20) (actual time=1.747..7.838 rows=313 loops=2) |                                       ->  Nested Loop  (cost=332.09..4622.61 rows=35 width=16) (actual time=1.739..7.425 rows=320 loops=2) |                                             Join Filter: (p.id = c.postid) |                                             ->  Hash Join  (cost=331.80..3568.96 rows=1445 width=8) (actual time=1.645..5.934 rows=1478 loops=2) |                                                   Hash Cond: (c.postid = pl.relatedpostid) |                                                   ->  Parallel Seq Scan on comments c  (cost=0.00..2625.65 rows=4874 width=4) (actual time=0.006..3.664 rows=4181 loops=2) |                                                         Filter: (score = 2) |                                                         Rows Removed by Filter: 82972 |                                                   ->  Hash  (cost=193.02..193.02 rows=11102 width=4) (actual time=1.610..1.611 rows=11102 loops=2) |                                                         Buckets: 16384  Batches: 1  Memory Usage: 519kB |                                                         ->  Seq Scan on postlinks pl  (cost=0.00..193.02 rows=11102 width=4) (actual time=0.005..0.723 rows=11102 loops=2) |                                             ->  Index Scan using posts_pkey on posts p  (cost=0.29..0.72 rows=1 width=8) (actual time=0.001..0.001 rows=0 loops=2957) |                                                   Index Cond: (id = pl.relatedpostid) |                                                   Filter: ((viewcount <= 7710) AND (commentcount <= 12) AND (favoritecount >= 0) AND (favoritecount <= 4) AND (creationdate >= '2010-07-27 03:58:22'::timestamp without time zone)) |                                                   Rows Removed by Filter: 1 |                                       ->  Index Scan using users_pkey on users u  (cost=0.29..0.61 rows=1 width=4) (actual time=0.001..0.001 rows=1 loops=640) |                                             Index Cond: (id = p.owneruserid) |                                             Filter: (upvotes >= 0) | Planning Time: 0.609 ms | Execution Time: 50.842 ms
s63,31.515,Aggregate  (cost=11943.92..11943.93 rows=1 width=8) (actual time=32.691..32.813 rows=1 loops=1) |   ->  Hash Join  (cost=10403.35..11935.28 rows=3457 width=0) (actual time=23.922..32.470 rows=8893 loops=1) |         Hash Cond: (b.userid = u.id) |         ->  Seq Scan on badges b  (cost=0.00..1230.51 rows=79851 width=4) (actual time=0.004..4.111 rows=79851 loops=1) |         ->  Hash  (cost=10402.10..10402.10 rows=100 width=8) (actual time=23.731..23.852 rows=713 loops=1) |               Buckets: 1024  Batches: 1  Memory Usage: 36kB |               ->  Gather  (cost=7467.20..10402.10 rows=100 width=8) (actual time=15.157..23.793 rows=713 loops=1) |                     Workers Planned: 1 |                     Workers Launched: 1 |                     ->  Parallel Hash Join  (cost=6467.20..9392.10 rows=59 width=8) (actual time=9.747..18.292 rows=356 loops=2) |                           Hash Cond: (c.postid = p.id) |                           ->  Parallel Seq Scan on comments c  (cost=0.00..2625.65 rows=79705 width=4) (actual time=0.003..5.467 rows=67444 loops=2) |                                 Filter: (score = 0) |                                 Rows Removed by Filter: 19709 |                           ->  Parallel Hash  (cost=6466.70..6466.70 rows=40 width=20) (actual time=9.409..9.413 rows=125 loops=2) |                                 Buckets: 1024  Batches: 1  Memory Usage: 72kB |                                 ->  Nested Loop  (cost=372.03..6466.70 rows=40 width=20) (actual time=1.932..9.367 rows=125 loops=2) |                                       ->  Nested Loop  (cost=371.74..6450.77 rows=45 width=16) (actual time=1.892..9.083 rows=191 loops=2) |                                             ->  Hash Join  (cost=371.44..6027.57 rows=555 width=8) (actual time=1.796..8.665 rows=280 loops=2) |                                                   Hash Cond: (v.postid = pl.relatedpostid) |                                                   ->  Parallel Seq Scan on votes v  (cost=0.00..5537.13 rows=926 width=4) (actual time=0.037..6.727 rows=825 loops=2) |                                                         Filter: ((bountyamount <= 100) AND (creationdate >= '2009-02-03 00:00:00'::timestamp without time zone) AND (creationdate <= '2014-09-11 00:00:00'::timestamp without time zone)) |                                                         Rows Removed by Filter: 163207 |                                                   ->  Hash  (cost=248.53..248.53 rows=9833 width=4) (actual time=1.722..1.723 rows=9811 loops=2) |                                                         Buckets: 16384  Batches: 1  Memory Usage: 473kB |                                                         ->  Seq Scan on postlinks pl  (cost=0.00..248.53 rows=9833 width=4) (actual time=0.020..0.857 rows=9811 loops=2) |                                                               Filter: ((creationdate >= '2011-03-07 16:05:24'::timestamp without time zone) AND (linktypeid = 1)) |                                                               Rows Removed by Filter: 1291 |                                             ->  Index Scan using posts_pkey on posts p  (cost=0.29..0.76 rows=1 width=8) (actual time=0.001..0.001 rows=1 loops=559) |                                                   Index Cond: (id = pl.relatedpostid) |                                                   Filter: ((answercount >= 0) AND (answercount <= 4) AND (creationdate <= '2014-09-12 15:56:19'::timestamp without time zone)) |                                                   Rows Removed by Filter: 0 |                                       ->  Index Scan using users_pkey on users u  (cost=0.29..0.35 rows=1 width=4) (actual time=0.001..0.001 rows=1 loops=382) |                                             Index Cond: (id = p.owneruserid) |                                             Filter: ((views <= 160) AND (creationdate >= '2010-07-27 12:58:30'::timestamp without time zone) AND (creationdate <= '2014-07-12 20:08:07'::timestamp without time zone)) |                                             Rows Removed by Filter: 0 | Planning Time: 0.645 ms | Execution Time: 32.854 ms
s64,97.202,Finalize Aggregate  (cost=17705.30..17705.31 rows=1 width=8) (actual time=94.076..95.890 rows=1 loops=1) |   ->  Gather  (cost=17705.19..17705.30 rows=1 width=8) (actual time=93.940..95.886 rows=2 loops=1) |         Workers Planned: 1 |         Workers Launched: 1 |         ->  Partial Aggregate  (cost=16705.19..16705.20 rows=1 width=8) (actual time=89.166..89.172 rows=1 loops=2) |               ->  Parallel Hash Join  (cost=11353.84..16646.10 rows=23637 width=0) (actual time=39.788..77.161 rows=346304 loops=2) |                     Hash Cond: (v.userid = u.id) |                     ->  Parallel Seq Scan on votes v  (cost=0.00..4572.24 rows=191454 width=4) (actual time=0.047..10.423 rows=163062 loops=2) |                           Filter: (creationdate >= '2010-07-27 00:00:00'::timestamp without time zone) |                           Rows Removed by Filter: 970 |                     ->  Parallel Hash  (cost=11348.61..11348.61 rows=418 width=8) (actual time=39.660..39.665 rows=4565 loops=2) |                           Buckets: 16384 (originally 1024)  Batches: 1 (originally 1)  Memory Usage: 664kB |                           ->  Parallel Hash Join  (cost=5797.05..11348.61 rows=418 width=8) (actual time=17.714..36.162 rows=4565 loops=2) |                                 Hash Cond: (ph.postid = p.id) |                                 ->  Parallel Seq Scan on posthistory ph  (cost=0.00..4915.18 rows=169046 width=4) (actual time=0.270..9.972 rows=143653 loops=2) |                                       Filter: ((creationdate >= '2011-01-03 23:47:35'::timestamp without time zone) AND (creationdate <= '2014-09-08 12:48:36'::timestamp without time zone)) |                                       Rows Removed by Filter: 7940 |                                 ->  Parallel Hash  (cost=5795.38..5795.38 rows=134 width=20) (actual time=17.313..17.316 rows=796 loops=2) |                                       Buckets: 1024  Batches: 1  Memory Usage: 104kB |                                       ->  Nested Loop  (cost=2741.40..5795.38 rows=134 width=20) (actual time=6.725..17.193 rows=796 loops=2) |                                             ->  Hash Join  (cost=2741.11..5751.59 rows=136 width=16) (actual time=6.707..16.372 rows=806 loops=2) |                                                   Hash Cond: (c.postid = p.id) |                                                   ->  Parallel Seq Scan on comments c  (cost=0.00..2625.65 rows=102259 width=8) (actual time=0.004..5.615 rows=86942 loops=2) |                                                         Filter: (creationdate <= '2014-09-11 13:24:22'::timestamp without time zone) |                                                         Rows Removed by Filter: 211 |                                                   ->  Hash  (cost=2739.58..2739.58 rows=122 width=8) (actual time=6.442..6.444 rows=529 loops=2) |                                                         Buckets: 1024  Batches: 1  Memory Usage: 29kB |                                                         ->  Hash Join  (cost=2462.48..2739.58 rows=122 width=8) (actual time=5.017..6.393 rows=529 loops=2) |                                                               Hash Cond: (pl.postid = p.id) |                                                               ->  Seq Scan on postlinks pl  (cost=0.00..248.53 rows=10885 width=4) (actual time=0.006..0.722 rows=10894 loops=2) |                                                                     Filter: ((creationdate >= '2010-08-13 11:42:08'::timestamp without time zone) AND (creationdate <= '2014-08-29 00:27:05'::timestamp without time zone)) |                                                                     Rows Removed by Filter: 208 |                                                               ->  Hash  (cost=2449.58..2449.58 rows=1032 width=4) (actual time=4.994..4.994 rows=2038 loops=2) |                                                                     Buckets: 2048  Batches: 1  Memory Usage: 88kB |                                                                     ->  Seq Scan on posts p  (cost=0.00..2449.58 rows=1032 width=4) (actual time=0.004..4.819 rows=2038 loops=2) |                                                                           Filter: ((favoritecount <= 12) AND (posttypeid = 1) AND (score = 2)) |                                                                           Rows Removed by Filter: 89938 |                                             ->  Index Scan using users_pkey on users u  (cost=0.29..0.32 rows=1 width=4) (actual time=0.001..0.001 rows=1 loops=1613) |                                                   Index Cond: (id = c.userid) |                                                   Filter: ((reputation >= 1) AND (downvotes >= 0)) | Planning Time: 0.674 ms | Execution Time: 95.924 ms
s65,64.084,Finalize Aggregate  (cost=16797.36..16797.37 rows=1 width=8) (actual time=65.714..67.518 rows=1 loops=1) |   ->  Gather  (cost=16797.25..16797.36 rows=1 width=8) (actual time=65.529..67.514 rows=2 loops=1) |         Workers Planned: 1 |         Workers Launched: 1 |         ->  Partial Aggregate  (cost=15797.25..15797.26 rows=1 width=8) (actual time=60.651..60.657 rows=1 loops=2) |               ->  Parallel Hash Join  (cost=10931.31..15746.54 rows=20282 width=0) (actual time=43.595..60.055 rows=16978 loops=2) |                     Hash Cond: (v.userid = u.id) |                     ->  Parallel Seq Scan on votes v  (cost=0.00..4089.79 rows=192979 width=4) (actual time=0.004..8.485 rows=164032 loops=2) |                     ->  Parallel Hash  (cost=10926.86..10926.86 rows=356 width=8) (actual time=42.730..42.735 rows=2526 loops=2) |                           Buckets: 4096 (originally 1024)  Batches: 1 (originally 1)  Memory Usage: 280kB |                           ->  Nested Loop  (cost=7367.92..10926.86 rows=356 width=8) (actual time=21.736..38.508 rows=2526 loops=2) |                                 ->  Parallel Hash Join  (cost=7367.63..10803.49 rows=377 width=4) (actual time=21.460..32.888 rows=6486 loops=2) |                                       Hash Cond: (c.postid = p.id) |                                       ->  Parallel Seq Scan on comments c  (cost=0.00..3138.32 rows=78754 width=8) (actual time=0.006..6.640 rows=67244 loops=2) |                                             Filter: ((creationdate >= '2010-07-20 06:26:28'::timestamp without time zone) AND (creationdate <= '2014-09-11 18:45:09'::timestamp without time zone) AND (score = 0)) |                                             Rows Removed by Filter: 19909 |                                       ->  Parallel Hash  (cost=7364.39..7364.39 rows=259 width=12) (actual time=21.397..21.400 rows=1998 loops=2) |                                             Buckets: 4096 (originally 1024)  Batches: 1 (originally 1)  Memory Usage: 280kB |                                             ->  Hash Join  (cost=2739.51..7364.39 rows=259 width=12) (actual time=8.087..18.476 rows=1998 loops=2) |                                                   Hash Cond: (ph.postid = p.id) |                                                   ->  Parallel Seq Scan on posthistory ph  (cost=0.00..4469.32 rows=40794 width=4) (actual time=0.007..7.716 rows=34714 loops=2) |                                                         Filter: (posthistorytypeid = 5) |                                                         Rows Removed by Filter: 116880 |                                                   ->  Hash  (cost=2732.21..2732.21 rows=584 width=8) (actual time=8.066..8.068 rows=3043 loops=2) |                                                         Buckets: 4096 (originally 1024)  Batches: 1 (originally 1)  Memory Usage: 151kB |                                                         ->  Hash Join  (cost=2510.04..2732.21 rows=584 width=8) (actual time=6.204..7.770 rows=3043 loops=2) |                                                               Hash Cond: (pl.postid = p.id) |                                                               ->  Seq Scan on postlinks pl  (cost=0.00..193.02 rows=11102 width=4) (actual time=0.005..0.616 rows=11102 loops=2) |                                                               ->  Hash  (cost=2449.58..2449.58 rows=4837 width=4) (actual time=6.188..6.189 rows=10286 loops=2) |                                                                     Buckets: 16384 (originally 8192)  Batches: 1 (originally 1)  Memory Usage: 490kB |                                                                     ->  Seq Scan on posts p  (cost=0.00..2449.58 rows=4837 width=4) (actual time=0.004..5.237 rows=10286 loops=2) |                                                                           Filter: ((favoritecount >= 0) AND (favoritecount <= 2) AND (posttypeid = 1)) |                                                                           Rows Removed by Filter: 81690 |                                 ->  Index Scan using users_pkey on users u  (cost=0.29..0.33 rows=1 width=4) (actual time=0.001..0.001 rows=0 loops=12972) |                                       Index Cond: (id = c.userid) |                                       Filter: ((downvotes <= 0) AND (upvotes >= 0) AND (creationdate >= '2010-09-18 01:58:41'::timestamp without time zone)) |                                       Rows Removed by Filter: 1 | Planning Time: 0.644 ms | Execution Time: 67.556 ms
s66,121.389,Finalize Aggregate  (cost=18941.96..18941.97 rows=1 width=8) (actual time=121.581..123.612 rows=1 loops=1) |   ->  Gather  (cost=18941.85..18941.96 rows=1 width=8) (actual time=121.069..123.605 rows=2 loops=1) |         Workers Planned: 1 |         Workers Launched: 1 |         ->  Partial Aggregate  (cost=17941.85..17941.86 rows=1 width=8) (actual time=115.777..115.785 rows=1 loops=2) |               ->  Parallel Hash Join  (cost=12813.57..17936.33 rows=2208 width=0) (actual time=97.749..114.144 rows=41106 loops=2) |                     Hash Cond: (ph.postid = p.id) |                     ->  Parallel Seq Scan on posthistory ph  (cost=0.00..4915.18 rows=51894 width=4) (actual time=0.008..8.776 rows=44038 loops=2) |                           Filter: ((creationdate <= '2014-08-07 12:06:00'::timestamp without time zone) AND (posthistorytypeid = 2)) |                           Rows Removed by Filter: 107556 |                     ->  Parallel Hash  (cost=12784.80..12784.80 rows=2301 width=12) (actual time=97.639..97.645 rows=43428 loops=2) |                           Buckets: 131072 (originally 4096)  Batches: 1 (originally 1)  Memory Usage: 6112kB |                           ->  Nested Loop  (cost=7047.41..12784.80 rows=2301 width=12) (actual time=9.430..87.646 rows=43428 loops=2) |                                 Join Filter: (p.id = pl.postid) |                                 ->  Hash Join  (cost=7047.12..10733.57 rows=5772 width=8) (actual time=9.412..47.436 rows=49042 loops=2) |                                       Hash Cond: (c.postid = pl.postid) |                                       ->  Parallel Hash Join  (cost=6715.32..9979.40 rows=19448 width=4) (actual time=7.749..31.668 rows=178017 loops=2) |                                             Hash Cond: (c.userid = u.id) |                                             ->  Parallel Seq Scan on comments c  (cost=0.00..2881.99 rows=101436 width=8) (actual time=0.013..6.322 rows=86826 loops=2) |                                                   Filter: ((creationdate >= '2010-07-26 20:21:15'::timestamp without time zone) AND (creationdate <= '2014-09-13 01:26:16'::timestamp without time zone)) |                                                   Rows Removed by Filter: 326 |                                             ->  Parallel Hash  (cost=6714.46..6714.46 rows=69 width=8) (actual time=7.710..7.712 rows=404 loops=2) |                                                   Buckets: 1024  Batches: 1  Memory Usage: 72kB |                                                   ->  Nested Loop  (cost=0.29..6714.46 rows=69 width=8) (actual time=0.053..7.602 rows=404 loops=2) |                                                         ->  Parallel Seq Scan on votes v  (cost=0.00..5537.13 rows=682 width=4) (actual time=0.042..6.884 rows=650 loops=2) |                                                               Filter: ((bountyamount <= 50) AND (creationdate >= '2010-07-21 00:00:00'::timestamp without time zone) AND (creationdate <= '2014-09-14 00:00:00'::timestamp without time zone)) |                                                               Rows Removed by Filter: 163382 |                                                         ->  Index Scan using users_pkey on users u  (cost=0.29..1.73 rows=1 width=4) (actual time=0.001..0.001 rows=1 loops=1301) |                                                               Index Cond: (id = v.userid) |                                                               Filter: ((views >= 0) AND (creationdate <= '2014-08-19 21:33:14'::timestamp without time zone)) |                                                               Rows Removed by Filter: 0 |                                       ->  Hash  (cost=193.02..193.02 rows=11102 width=4) (actual time=1.642..1.642 rows=11102 loops=2) |                                             Buckets: 16384  Batches: 1  Memory Usage: 519kB |                                             ->  Seq Scan on postlinks pl  (cost=0.00..193.02 rows=11102 width=4) (actual time=0.013..0.739 rows=11102 loops=2) |                                 ->  Index Scan using posts_pkey on posts p  (cost=0.29..0.34 rows=1 width=4) (actual time=0.001..0.001 rows=1 loops=98084) |                                       Index Cond: (id = c.postid) |                                       Filter: ((score >= '-1'::integer) AND (score <= 19) AND (commentcount <= 13)) |                                       Rows Removed by Filter: 0 | Planning Time: 0.728 ms | Execution Time: 123.658 ms
s67,50.544,Finalize Aggregate  (cost=16293.25..16293.26 rows=1 width=8) (actual time=47.599..49.613 rows=1 loops=1) |   ->  Gather  (cost=16293.14..16293.25 rows=1 width=8) (actual time=47.465..49.607 rows=2 loops=1) |         Workers Planned: 1 |         Workers Launched: 1 |         ->  Partial Aggregate  (cost=15293.14..15293.15 rows=1 width=8) (actual time=42.524..42.530 rows=1 loops=2) |               ->  Parallel Hash Join  (cost=10471.38..15285.12 rows=3207 width=0) (actual time=28.227..42.515 rows=234 loops=2) |                     Hash Cond: (v.userid = u.id) |                     ->  Parallel Seq Scan on votes v  (cost=0.00..4089.79 rows=192979 width=4) (actual time=0.008..8.531 rows=164032 loops=2) |                     ->  Parallel Hash  (cost=10470.68..10470.68 rows=56 width=8) (actual time=26.257..26.262 rows=182 loops=2) |                           Buckets: 1024  Batches: 1  Memory Usage: 72kB |                           ->  Nested Loop  (cost=7017.62..10470.68 rows=56 width=8) (actual time=16.345..26.206 rows=182 loops=2) |                                 ->  Parallel Hash Join  (cost=7017.33..10450.90 rows=60 width=4) (actual time=15.998..25.418 rows=722 loops=2) |                                       Hash Cond: (c.postid = p.id) |                                       ->  Parallel Seq Scan on comments c  (cost=0.00..3138.32 rows=78641 width=8) (actual time=0.021..6.059 rows=66858 loops=2) |                                             Filter: ((creationdate >= '2010-08-02 20:27:48'::timestamp without time zone) AND (creationdate <= '2014-09-10 16:09:23'::timestamp without time zone) AND (score = 0)) |                                             Rows Removed by Filter: 20295 |                                       ->  Parallel Hash  (cost=7016.82..7016.82 rows=41 width=12) (actual time=15.676..15.678 rows=335 loops=2) |                                             Buckets: 1024  Batches: 1  Memory Usage: 72kB |                                             ->  Nested Loop  (cost=346.16..7016.82 rows=41 width=12) (actual time=1.733..15.606 rows=335 loops=2) |                                                   Join Filter: (p.id = pl.postid) |                                                   ->  Hash Join  (cost=345.86..5323.12 rows=3912 width=8) (actual time=1.632..10.747 rows=5003 loops=2) |                                                         Hash Cond: (ph.postid = pl.postid) |                                                         ->  Parallel Seq Scan on posthistory ph  (cost=0.00..4469.32 rows=25004 width=4) (actual time=0.006..6.650 rows=21460 loops=2) |                                                               Filter: (posthistorytypeid = 1) |                                                               Rows Removed by Filter: 130133 |                                                         ->  Hash  (cost=220.78..220.78 rows=10007 width=4) (actual time=1.606..1.607 rows=10006 loops=2) |                                                               Buckets: 16384  Batches: 1  Memory Usage: 480kB |                                                               ->  Seq Scan on postlinks pl  (cost=0.00..220.78 rows=10007 width=4) (actual time=0.048..0.796 rows=10006 loops=2) |                                                                     Filter: (creationdate >= '2011-11-03 05:09:35'::timestamp without time zone) |                                                                     Rows Removed by Filter: 1096 |                                                   ->  Index Scan using posts_pkey on posts p  (cost=0.29..0.42 rows=1 width=4) (actual time=0.001..0.001 rows=0 loops=10006) |                                                         Index Cond: (id = ph.postid) |                                                         Filter: ((viewcount <= 4937) AND (posttypeid = 1) AND (score = 4)) |                                                         Rows Removed by Filter: 1 |                                 ->  Index Scan using users_pkey on users u  (cost=0.29..0.33 rows=1 width=4) (actual time=0.001..0.001 rows=0 loops=1444) |                                       Index Cond: (id = c.userid) |                                       Filter: ((reputation <= 270) AND (views >= 0) AND (views <= 51) AND (downvotes >= 0)) |                                       Rows Removed by Filter: 1 | Planning Time: 0.690 ms | Execution Time: 49.654 ms
s68,76860.35,"Finalize Aggregate  (cost=199261.44..199261.45 rows=1 width=8) (actual time=76168.634..76169.914 rows=1 loops=1) |   ->  Gather  (cost=199261.33..199261.44 rows=1 width=8) (actual time=76168.621..76169.906 rows=2 loops=1) |         Workers Planned: 1 |         Workers Launched: 1 |         ->  Partial Aggregate  (cost=198261.33..198261.34 rows=1 width=8) (actual time=76094.909..76094.917 rows=1 loops=2) |               ->  Parallel Hash Join  (cost=14255.99..169139.04 rows=11648915 width=0) (actual time=79.270..49208.976 rows=556373641 loops=2) |                     Hash Cond: (p.id = ph.postid) |                     ->  Hash Join  (cost=8003.22..72276.95 rows=3533852 width=16) (actual time=36.953..5922.298 rows=70656976 loops=2) |                           Hash Cond: (c.userid = b.userid) |                           ->  Parallel Hash Join  (cost=5774.57..11801.27 rows=43636 width=20) (actual time=23.641..184.757 rows=621488 loops=2) |                                 Hash Cond: (v.postid = p.id) |                                 ->  Parallel Seq Scan on votes v  (cost=0.00..5054.68 rows=190756 width=4) (actual time=0.027..34.722 rows=163576 loops=2) |                                       Filter: ((creationdate >= '2010-07-19 00:00:00'::timestamp without time zone) AND (creationdate <= '2014-09-10 00:00:00'::timestamp without time zone)) |                                       Rows Removed by Filter: 456 |                                 ->  Parallel Hash  (cost=5619.87..5619.87 rows=12376 width=16) (actual time=23.569..23.575 rows=16663 loops=2) |                                       Buckets: 32768  Batches: 1  Memory Usage: 1856kB |                                       ->  Hash Join  (cost=2742.30..5619.87 rows=12376 width=16) (actual time=9.340..21.547 rows=16663 loops=2) |                                             Hash Cond: (c.postid = p.id) |                                             ->  Parallel Seq Scan on comments c  (cost=0.00..2369.32 rows=102532 width=8) (actual time=0.003..4.748 rows=87152 loops=2) |                                             ->  Hash  (cost=2603.52..2603.52 rows=11102 width=8) (actual time=9.292..9.295 rows=11102 loops=2) |                                                   Buckets: 16384  Batches: 1  Memory Usage: 562kB |                                                   ->  Nested Loop  (cost=0.30..2603.52 rows=11102 width=8) (actual time=0.066..8.178 rows=11102 loops=2) |                                                         ->  Seq Scan on postlinks pl  (cost=0.00..193.02 rows=11102 width=4) (actual time=0.025..0.631 rows=11102 loops=2) |                                                         ->  Memoize  (cost=0.30..0.42 rows=1 width=4) (actual time=0.001..0.001 rows=1 loops=22204) |                                                               Cache Key: pl.relatedpostid |                                                               Cache Mode: logical |                                                               Hits: 5925  Misses: 5177  Evictions: 0  Overflows: 0  Memory Usage: 526kB |                                                               Worker 0:  Hits: 5925  Misses: 5177  Evictions: 0  Overflows: 0  Memory Usage: 526kB |                                                               ->  Index Only Scan using posts_pkey on posts p  (cost=0.29..0.41 rows=1 width=4) (actual time=0.001..0.001 rows=1 loops=10354) |                                                                     Index Cond: (id = pl.relatedpostid) |                                                                     Heap Fetches: 0 |                           ->  Hash  (cost=1230.51..1230.51 rows=79851 width=4) (actual time=13.143..13.143 rows=79851 loops=2) |                                 Buckets: 131072  Batches: 1  Memory Usage: 3832kB |                                 ->  Seq Scan on badges b  (cost=0.00..1230.51 rows=79851 width=4) (actual time=0.030..5.287 rows=79851 loops=2) |                     ->  Parallel Hash  (cost=4023.45..4023.45 rows=178345 width=4) (actual time=41.576..41.577 rows=151594 loops=2) |                           Buckets: 524288  Batches: 1  Memory Usage: 15968kB |                           ->  Parallel Seq Scan on posthistory ph  (cost=0.00..4023.45 rows=178345 width=4) (actual time=10.761..21.832 rows=151594 loops=2) | Planning Time: 0.715 ms | JIT: |   Functions: 90 |   Options: Inlining false, Optimization false, Expressions true, Deforming true |   Timing: Generation 1.567 ms, Inlining 0.000 ms, Optimization 0.902 ms, Emission 20.895 ms, Total 23.365 ms | Execution Time: 76170.802 ms"
s69,6253.021,Finalize Aggregate  (cost=79038.99..79039.00 rows=1 width=8) (actual time=6213.967..6215.408 rows=1 loops=1) |   ->  Gather  (cost=79038.88..79038.99 rows=1 width=8) (actual time=6213.963..6215.406 rows=2 loops=1) |         Workers Planned: 1 |         Workers Launched: 1 |         ->  Partial Aggregate  (cost=78038.88..78038.89 rows=1 width=8) (actual time=6208.370..6208.375 rows=1 loops=2) |               ->  Parallel Hash Join  (cost=14543.52..68528.99 rows=3803956 width=0) (actual time=65.773..4278.977 rows=53827376 loops=2) |                     Hash Cond: (p.id = ph.postid) |                     ->  Hash Join  (cost=8290.76..32687.91 rows=1153973 width=16) (actual time=35.513..627.230 rows=7487290 loops=2) |                           Hash Cond: (c.userid = b.userid) |                           ->  Parallel Hash Join  (cost=6062.11..11439.14 rows=14249 width=20) (actual time=23.340..69.238 rows=81342 loops=2) |                                 Hash Cond: (v.postid = p.id) |                                 ->  Parallel Seq Scan on votes v  (cost=0.00..4572.24 rows=192259 width=4) (actual time=0.004..15.515 rows=163617 loops=2) |                                       Filter: (creationdate <= '2014-09-10 00:00:00'::timestamp without time zone) |                                       Rows Removed by Filter: 415 |                                 ->  Parallel Hash  (cost=6011.99..6011.99 rows=4010 width=16) (actual time=23.294..23.296 rows=7252 loops=2) |                                       Buckets: 16384 (originally 8192)  Batches: 1 (originally 1)  Memory Usage: 896kB |                                       ->  Hash Join  (cost=3047.33..6011.99 rows=4010 width=16) (actual time=12.299..21.751 rows=7252 loops=2) |                                             Hash Cond: (c.postid = p.id) |                                             ->  Parallel Seq Scan on comments c  (cost=0.00..2625.65 rows=79705 width=8) (actual time=0.004..5.099 rows=67444 loops=2) |                                                   Filter: (score = 0) |                                                   Rows Removed by Filter: 19709 |                                             ->  Hash  (cost=2989.48..2989.48 rows=4628 width=8) (actual time=12.278..12.280 rows=7258 loops=2) |                                                   Buckets: 8192  Batches: 1  Memory Usage: 348kB |                                                   ->  Hash Join  (cost=2741.96..2989.48 rows=4628 width=8) (actual time=9.561..11.646 rows=7258 loops=2) |                                                         Hash Cond: (pl.relatedpostid = p.id) |                                                         ->  Seq Scan on postlinks pl  (cost=0.00..220.78 rows=10186 width=4) (actual time=0.020..0.693 rows=10186 loops=2) |                                                               Filter: (linktypeid = 1) |                                                               Rows Removed by Filter: 916 |                                                         ->  Hash  (cost=2219.64..2219.64 rows=41786 width=4) (actual time=9.481..9.481 rows=41984 loops=2) |                                                               Buckets: 65536  Batches: 1  Memory Usage: 1988kB |                                                               ->  Seq Scan on posts p  (cost=0.00..2219.64 rows=41786 width=4) (actual time=0.004..5.701 rows=41984 loops=2) |                                                                     Filter: ((score <= 32) AND (viewcount <= 4146)) |                                                                     Rows Removed by Filter: 49992 |                           ->  Hash  (cost=1230.51..1230.51 rows=79851 width=4) (actual time=12.039..12.039 rows=79851 loops=2) |                                 Buckets: 131072  Batches: 1  Memory Usage: 3832kB |                                 ->  Seq Scan on badges b  (cost=0.00..1230.51 rows=79851 width=4) (actual time=0.014..4.800 rows=79851 loops=2) |                     ->  Parallel Hash  (cost=4023.45..4023.45 rows=178345 width=4) (actual time=29.153..29.153 rows=151594 loops=2) |                           Buckets: 524288  Batches: 1  Memory Usage: 15968kB |                           ->  Parallel Seq Scan on posthistory ph  (cost=0.00..4023.45 rows=178345 width=4) (actual time=0.010..10.160 rows=151594 loops=2) | Planning Time: 0.715 ms | Execution Time: 6215.461 ms
s70,3731.221,Finalize Aggregate  (cost=25629.07..25629.08 rows=1 width=8) (actual time=3722.059..3724.050 rows=1 loops=1) |   ->  Gather  (cost=25628.96..25629.07 rows=1 width=8) (actual time=3720.466..3724.043 rows=2 loops=1) |         Workers Planned: 1 |         Workers Launched: 1 |         ->  Partial Aggregate  (cost=24628.96..24628.97 rows=1 width=8) (actual time=3715.237..3715.242 rows=1 loops=2) |               ->  Hash Join  (cost=14737.37..23949.60 rows=271742 width=0) (actual time=74.391..2321.364 rows=40026264 loops=2) |                     Hash Cond: (c.userid = b.userid) |                     ->  Parallel Hash Join  (cost=12320.62..17032.82 rows=3395 width=4) (actual time=59.801..113.159 rows=341126 loops=2) |                           Hash Cond: (ph.postid = p.id) |                           ->  Parallel Seq Scan on posthistory ph  (cost=0.00..4023.45 rows=178345 width=4) (actual time=0.004..9.550 rows=151594 loops=2) |                           ->  Parallel Hash  (cost=12307.76..12307.76 rows=1029 width=20) (actual time=59.681..59.684 rows=48901 loops=2) |                                 Buckets: 131072 (originally 2048)  Batches: 1 (originally 1)  Memory Usage: 7408kB |                                 ->  Parallel Hash Join  (cost=6670.51..12307.76 rows=1029 width=20) (actual time=26.749..50.073 rows=48901 loops=2) |                                       Hash Cond: (v.postid = p.id) |                                       ->  Parallel Seq Scan on votes v  (cost=0.00..5054.68 rows=153737 width=4) (actual time=0.042..11.643 rows=130218 loops=2) |                                             Filter: ((creationdate >= '2010-07-27 00:00:00'::timestamp without time zone) AND (votetypeid = 2)) |                                             Rows Removed by Filter: 33814 |                                       ->  Parallel Hash  (cost=6665.99..6665.99 rows=362 width=16) (actual time=26.655..26.657 rows=5567 loops=2) |                                             Buckets: 16384 (originally 1024)  Batches: 1 (originally 1)  Memory Usage: 824kB |                                             ->  Hash Join  (cost=3399.70..6665.99 rows=362 width=16) (actual time=9.766..21.006 rows=5567 loops=2) |                                                   Hash Cond: (c.postid = p.id) |                                                   ->  Parallel Seq Scan on comments c  (cost=0.00..2881.99 rows=101512 width=8) (actual time=0.017..6.118 rows=86860 loops=2) |                                                         Filter: ((creationdate >= '2010-07-26 20:21:15'::timestamp without time zone) AND (creationdate <= '2014-09-13 18:12:10'::timestamp without time zone)) |                                                         Rows Removed by Filter: 293 |                                                   ->  Hash  (cost=3395.59..3395.59 rows=329 width=8) (actual time=9.738..9.740 rows=4664 loops=2) |                                                         Buckets: 8192 (originally 1024)  Batches: 1 (originally 1)  Memory Usage: 247kB |                                                         ->  Hash Join  (cost=3173.43..3395.59 rows=329 width=8) (actual time=7.575..9.315 rows=4664 loops=2) |                                                               Hash Cond: (pl.relatedpostid = p.id) |                                                               ->  Seq Scan on postlinks pl  (cost=0.00..193.02 rows=11102 width=4) (actual time=0.014..0.614 rows=11102 loops=2) |                                                               ->  Hash  (cost=3139.40..3139.40 rows=2722 width=4) (actual time=7.550..7.550 rows=11552 loops=2) |                                                                     Buckets: 16384 (originally 4096)  Batches: 1 (originally 1)  Memory Usage: 535kB |                                                                     ->  Seq Scan on posts p  (cost=0.00..3139.40 rows=2722 width=4) (actual time=0.005..6.507 rows=11552 loops=2) |                                                                           Filter: ((score <= 61) AND (viewcount <= 3627) AND (answercount >= 0) AND (answercount <= 5) AND (commentcount <= 8) AND (favoritecount >= 0)) |                                                                           Rows Removed by Filter: 80424 |                     ->  Hash  (cost=1430.14..1430.14 rows=78929 width=4) (actual time=14.465..14.466 rows=78900 loops=2) |                           Buckets: 131072  Batches: 1  Memory Usage: 3798kB |                           ->  Seq Scan on badges b  (cost=0.00..1430.14 rows=78929 width=4) (actual time=0.046..5.843 rows=78900 loops=2) |                                 Filter: (date >= '2010-07-30 03:49:24'::timestamp without time zone) |                                 Rows Removed by Filter: 951 | Planning Time: 0.761 ms | Execution Time: 3724.113 ms
s71,2836.481,Finalize Aggregate  (cost=25771.32..25771.33 rows=1 width=8) (actual time=2851.001..2854.936 rows=1 loops=1) |   ->  Gather  (cost=25771.21..25771.32 rows=1 width=8) (actual time=2850.262..2854.929 rows=2 loops=1) |         Workers Planned: 1 |         Workers Launched: 1 |         ->  Partial Aggregate  (cost=24771.21..24771.22 rows=1 width=8) (actual time=2844.426..2844.596 rows=1 loops=2) |               ->  Hash Join  (cost=15142.58..23869.31 rows=360759 width=0) (actual time=107.148..1806.933 rows=29311796 loops=2) |                     Hash Cond: (c.userid = b.userid) |                     ->  Parallel Hash Join  (cost=12913.93..15693.96 rows=4455 width=4) (actual time=92.689..130.931 rows=260352 loops=2) |                           Hash Cond: (c.postid = p.id) |                           ->  Parallel Seq Scan on comments c  (cost=0.00..2369.32 rows=102532 width=8) (actual time=0.005..6.466 rows=87152 loops=2) |                           ->  Parallel Hash  (cost=12884.55..12884.55 rows=2351 width=16) (actual time=92.564..92.732 rows=65074 loops=2) |                                 Buckets: 131072 (originally 4096)  Batches: 1 (originally 1)  Memory Usage: 8160kB |                                 ->  Parallel Hash Join  (cost=8198.43..12884.55 rows=2351 width=16) (actual time=60.180..81.880 rows=65074 loops=2) |                                       Hash Cond: (ph.postid = p.id) |                                       ->  Parallel Seq Scan on posthistory ph  (cost=0.00..4469.32 rows=54128 width=4) (actual time=0.007..8.235 rows=45988 loops=2) |                                             Filter: (posthistorytypeid = 2) |                                             Rows Removed by Filter: 105606 |                                       ->  Parallel Hash  (cost=8169.07..8169.07 rows=2349 width=12) (actual time=60.131..60.134 rows=65074 loops=2) |                                             Buckets: 131072 (originally 4096)  Batches: 1 (originally 1)  Memory Usage: 8160kB |                                             ->  Hash Join  (cost=3500.34..8169.07 rows=2349 width=12) (actual time=24.542..42.288 rows=65074 loops=2) |                                                   Hash Cond: (v.postid = p.id) |                                                   ->  Parallel Seq Scan on votes v  (cost=0.00..4572.24 rows=19465 width=4) (actual time=0.007..8.539 rows=16846 loops=2) |                                                         Filter: (votetypeid = 5) |                                                         Rows Removed by Filter: 147186 |                                                   ->  Hash  (cost=3361.56..3361.56 rows=11102 width=8) (actual time=24.518..24.520 rows=11102 loops=2) |                                                         Buckets: 16384  Batches: 1  Memory Usage: 562kB |                                                         ->  Hash Join  (cost=3139.40..3361.56 rows=11102 width=8) (actual time=19.655..23.308 rows=11102 loops=2) |                                                               Hash Cond: (pl.relatedpostid = p.id) |                                                               ->  Seq Scan on postlinks pl  (cost=0.00..193.02 rows=11102 width=4) (actual time=0.013..0.655 rows=11102 loops=2) |                                                               ->  Hash  (cost=1989.70..1989.70 rows=91976 width=4) (actual time=19.551..19.552 rows=91976 loops=2) |                                                                     Buckets: 131072  Batches: 1  Memory Usage: 4258kB |                                                                     ->  Seq Scan on posts p  (cost=0.00..1989.70 rows=91976 width=4) (actual time=0.004..8.439 rows=91976 loops=2) |                                                                           Filter: (commentcount >= 0) |                     ->  Hash  (cost=1230.51..1230.51 rows=79851 width=4) (actual time=14.333..14.333 rows=79851 loops=2) |                           Buckets: 131072  Batches: 1  Memory Usage: 3832kB |                           ->  Seq Scan on badges b  (cost=0.00..1230.51 rows=79851 width=4) (actual time=0.006..5.313 rows=79851 loops=2) | Planning Time: 0.719 ms | Execution Time: 2855.025 ms
s72,159.461,Finalize Aggregate  (cost=16574.60..16574.61 rows=1 width=8) (actual time=156.029..159.387 rows=1 loops=1) |   ->  Gather  (cost=16574.49..16574.60 rows=1 width=8) (actual time=155.730..159.383 rows=2 loops=1) |         Workers Planned: 1 |         Workers Launched: 1 |         ->  Partial Aggregate  (cost=15574.49..15574.50 rows=1 width=8) (actual time=149.568..149.574 rows=1 loops=2) |               ->  Parallel Hash Join  (cost=10514.40..15500.92 rows=29425 width=0) (actual time=44.352..119.480 rows=791030 loops=2) |                     Hash Cond: (v.postid = p.id) |                     ->  Parallel Seq Scan on votes v  (cost=0.00..4089.79 rows=192979 width=4) (actual time=0.005..9.196 rows=164032 loops=2) |                     ->  Parallel Hash  (cost=10411.30..10411.30 rows=8248 width=16) (actual time=43.450..43.455 rows=38544 loops=2) |                           Buckets: 131072 (originally 16384)  Batches: 1 (originally 1)  Memory Usage: 5568kB |                           ->  Hash Join  (cost=7348.30..10411.30 rows=8248 width=16) (actual time=25.162..37.019 rows=38544 loops=2) |                                 Hash Cond: (c.userid = b.userid) |                                 ->  Parallel Hash Join  (cost=4947.25..7872.42 rows=105 width=20) (actual time=9.449..18.208 rows=520 loops=2) |                                       Hash Cond: (c.postid = p.id) |                                       ->  Parallel Seq Scan on comments c  (cost=0.00..2625.65 rows=79705 width=8) (actual time=0.005..5.507 rows=67444 loops=2) |                                             Filter: (score = 0) |                                             Rows Removed by Filter: 19709 |                                       ->  Parallel Hash  (cost=4946.36..4946.36 rows=71 width=12) (actual time=9.185..9.187 rows=206 loops=2) |                                             Buckets: 1024  Batches: 1  Memory Usage: 72kB |                                             ->  Nested Loop  (cost=332.09..4946.36 rows=71 width=12) (actual time=2.519..9.105 rows=206 loops=2) |                                                   ->  Hash Join  (cost=331.80..4874.28 rows=102 width=8) (actual time=2.498..8.618 rows=268 loops=2) |                                                         Hash Cond: (ph.postid = pl.relatedpostid) |                                                         ->  Parallel Seq Scan on posthistory ph  (cost=0.00..4469.32 rows=589 width=4) (actual time=0.833..6.659 rows=522 loops=2) |                                                               Filter: (posthistorytypeid = 34) |                                                               Rows Removed by Filter: 151072 |                                                         ->  Hash  (cost=193.02..193.02 rows=11102 width=4) (actual time=1.623..1.624 rows=11102 loops=2) |                                                               Buckets: 16384  Batches: 1  Memory Usage: 519kB |                                                               ->  Seq Scan on postlinks pl  (cost=0.00..193.02 rows=11102 width=4) (actual time=0.023..0.728 rows=11102 loops=2) |                                                   ->  Index Scan using posts_pkey on posts p  (cost=0.29..0.71 rows=1 width=4) (actual time=0.001..0.001 rows=1 loops=537) |                                                         Index Cond: (id = pl.relatedpostid) |                                                         Filter: (score <= 67) |                                                         Rows Removed by Filter: 0 |                                 ->  Hash  (cost=1430.14..1430.14 rows=77673 width=4) (actual time=15.621..15.621 rows=77656 loops=2) |                                       Buckets: 131072  Batches: 1  Memory Usage: 3755kB |                                       ->  Seq Scan on badges b  (cost=0.00..1430.14 rows=77673 width=4) (actual time=0.009..6.168 rows=77656 loops=2) |                                             Filter: (date <= '2014-08-20 12:16:56'::timestamp without time zone) |                                             Rows Removed by Filter: 2195 | Planning Time: 0.727 ms | Execution Time: 159.461 ms
s73,173.064,Finalize Aggregate  (cost=17941.06..17941.07 rows=1 width=8) (actual time=167.722..169.537 rows=1 loops=1) |   ->  Gather  (cost=17940.95..17941.06 rows=1 width=8) (actual time=167.234..169.532 rows=2 loops=1) |         Workers Planned: 1 |         Workers Launched: 1 |         ->  Partial Aggregate  (cost=16940.95..16940.96 rows=1 width=8) (actual time=162.095..162.152 rows=1 loops=2) |               ->  Parallel Hash Join  (cost=11144.95..16865.08 rows=30345 width=0) (actual time=56.929..131.916 rows=819710 loops=2) |                     Hash Cond: (ph.postid = p.id) |                     ->  Parallel Seq Scan on posthistory ph  (cost=0.00..4915.18 rows=167106 width=4) (actual time=0.131..10.980 rows=141880 loops=2) |                           Filter: ((creationdate >= '2010-09-20 17:45:15'::timestamp without time zone) AND (creationdate <= '2014-08-07 01:00:45'::timestamp without time zone)) |                           Rows Removed by Filter: 9714 |                     ->  Parallel Hash  (cost=11022.27..11022.27 rows=9814 width=16) (actual time=56.261..56.317 rows=105796 loops=2) |                           Buckets: 262144 (originally 32768)  Batches: 1 (originally 1)  Memory Usage: 13792kB |                           ->  Hash Join  (cost=7853.55..11022.27 rows=9814 width=16) (actual time=22.228..40.141 rows=105796 loops=2) |                                 Hash Cond: (c.userid = b.userid) |                                 ->  Parallel Hash Join  (cost=5624.90..8632.11 rows=121 width=20) (actual time=9.313..19.750 rows=983 loops=2) |                                       Hash Cond: (c.postid = p.id) |                                       ->  Parallel Seq Scan on comments c  (cost=0.00..2625.65 rows=101555 width=8) (actual time=0.021..5.866 rows=87002 loops=2) |                                             Filter: (creationdate >= '2010-07-22 01:19:43'::timestamp without time zone) |                                             Rows Removed by Filter: 150 |                                       ->  Parallel Hash  (cost=5624.09..5624.09 rows=65 width=12) (actual time=9.266..9.268 rows=272 loops=2) |                                             Buckets: 1024  Batches: 1  Memory Usage: 72kB |                                             ->  Nested Loop  (cost=332.09..5624.09 rows=65 width=12) (actual time=2.124..9.189 rows=272 loops=2) |                                                   ->  Hash Join  (cost=331.80..5056.18 rows=798 width=8) (actual time=2.102..8.709 rows=298 loops=2) |                                                         Hash Cond: (v.postid = pl.relatedpostid) |                                                         ->  Parallel Seq Scan on votes v  (cost=0.00..4572.24 rows=1177 width=4) (actual time=0.420..6.843 rows=1083 loops=2) |                                                               Filter: (votetypeid = 15) |                                                               Rows Removed by Filter: 162949 |                                                         ->  Hash  (cost=193.02..193.02 rows=11102 width=4) (actual time=1.607..1.607 rows=11102 loops=2) |                                                               Buckets: 16384  Batches: 1  Memory Usage: 519kB |                                                               ->  Seq Scan on postlinks pl  (cost=0.00..193.02 rows=11102 width=4) (actual time=0.019..0.717 rows=11102 loops=2) |                                                   ->  Index Scan using posts_pkey on posts p  (cost=0.29..0.71 rows=1 width=4) (actual time=0.001..0.001 rows=1 loops=597) |                                                         Index Cond: (id = pl.relatedpostid) |                                                         Filter: ((score >= '-1'::integer) AND (viewcount >= 0) AND (commentcount <= 9)) |                                                         Rows Removed by Filter: 0 |                                 ->  Hash  (cost=1230.51..1230.51 rows=79851 width=4) (actual time=12.825..12.825 rows=79851 loops=2) |                                       Buckets: 131072  Batches: 1  Memory Usage: 3832kB |                                       ->  Seq Scan on badges b  (cost=0.00..1230.51 rows=79851 width=4) (actual time=0.008..5.005 rows=79851 loops=2) | Planning Time: 0.770 ms | Execution Time: 169.595 ms
s74,2148.332,Finalize Aggregate  (cost=34800.75..34800.76 rows=1 width=8) (actual time=2145.759..2148.255 rows=1 loops=1) |   ->  Gather  (cost=34800.64..34800.75 rows=1 width=8) (actual time=2145.752..2148.251 rows=2 loops=1) |         Workers Planned: 1 |         Workers Launched: 1 |         ->  Partial Aggregate  (cost=33800.64..33800.65 rows=1 width=8) (actual time=2132.891..2132.899 rows=1 loops=2) |               ->  Hash Join  (cost=14990.67..23896.01 rows=3961852 width=0) (actual time=189.266..1449.111 rows=19343164 loops=2) |                     Hash Cond: (p.owneruserid = u.id) |                     ->  Parallel Hash Join  (cost=11247.27..17294.57 rows=116663 width=4) (actual time=144.596..243.544 rows=1006922 loops=2) |                           Hash Cond: (ph.postid = p.id) |                           ->  Parallel Seq Scan on posthistory ph  (cost=0.00..4023.45 rows=178345 width=4) (actual time=0.005..8.611 rows=151594 loops=2) |                           ->  Parallel Hash  (cost=10804.87..10804.87 rows=35392 width=16) (actual time=115.277..115.282 rows=151490 loops=2) |                                 Buckets: 262144 (originally 65536)  Batches: 4 (originally 1)  Memory Usage: 5728kB |                                 ->  Parallel Hash Join  (cost=5783.23..10804.87 rows=35392 width=16) (actual time=37.385..84.571 rows=151490 loops=2) |                                       Hash Cond: (v.postid = p.id) |                                       ->  Parallel Seq Scan on votes v  (cost=0.00..4089.79 rows=192979 width=4) (actual time=0.005..9.888 rows=164032 loops=2) |                                       ->  Parallel Hash  (cost=5659.20..5659.20 rows=9922 width=12) (actual time=37.322..37.325 rows=43026 loops=2) |                                             Buckets: 131072 (originally 32768)  Batches: 1 (originally 1)  Memory Usage: 5856kB |                                             ->  Hash Join  (cost=3020.72..5659.20 rows=9922 width=12) (actual time=11.517..29.136 rows=43026 loops=2) |                                                   Hash Cond: (c.postid = p.id) |                                                   ->  Parallel Seq Scan on comments c  (cost=0.00..2369.32 rows=102532 width=4) (actual time=0.005..5.252 rows=87152 loops=2) |                                                   ->  Hash  (cost=2909.46..2909.46 rows=8901 width=8) (actual time=11.486..11.488 rows=41177 loops=2) |                                                         Buckets: 65536 (originally 16384)  Batches: 1 (originally 1)  Memory Usage: 2118kB |                                                         ->  Seq Scan on posts p  (cost=0.00..2909.46 rows=8901 width=8) (actual time=0.016..7.364 rows=41177 loops=2) |                                                               Filter: ((score <= 192) AND (viewcount >= 0) AND (viewcount <= 2772) AND (answercount <= 5) AND (posttypeid = 1)) |                                                               Rows Removed by Filter: 50799 |                     ->  Hash  (cost=2745.27..2745.27 rows=79851 width=8) (actual time=44.473..44.475 rows=79851 loops=2) |                           Buckets: 131072  Batches: 1  Memory Usage: 4144kB |                           ->  Hash Join  (cost=1305.12..2745.27 rows=79851 width=8) (actual time=10.469..32.443 rows=79851 loops=2) |                                 Hash Cond: (b.userid = u.id) |                                 ->  Seq Scan on badges b  (cost=0.00..1230.51 rows=79851 width=4) (actual time=0.035..4.767 rows=79851 loops=2) |                                 ->  Hash  (cost=801.06..801.06 rows=40325 width=4) (actual time=10.337..10.338 rows=40325 loops=2) |                                       Buckets: 65536  Batches: 1  Memory Usage: 1930kB |                                       ->  Seq Scan on users u  (cost=0.00..801.06 rows=40325 width=4) (actual time=0.033..4.004 rows=40325 loops=2) |                                             Filter: (downvotes >= 0) | Planning Time: 0.719 ms | Execution Time: 2148.332 ms
s75,417.017,Finalize Aggregate  (cost=42714.72..42714.73 rows=1 width=8) (actual time=414.530..417.282 rows=1 loops=1) |   ->  Gather  (cost=42714.61..42714.72 rows=1 width=8) (actual time=413.166..417.276 rows=2 loops=1) |         Workers Planned: 1 |         Workers Launched: 1 |         ->  Partial Aggregate  (cost=41714.61..41714.62 rows=1 width=8) (actual time=408.921..408.927 rows=1 loops=2) |               ->  Hash Join  (cost=16285.12..26950.22 rows=5905753 width=0) (actual time=145.371..342.769 rows=1906294 loops=2) |                     Hash Cond: (p.owneruserid = u.id) |                     ->  Parallel Hash Join  (cost=12506.09..18871.38 rows=181794 width=4) (actual time=117.305..177.622 rows=591258 loops=2) |                           Hash Cond: (v.postid = p.id) |                           ->  Parallel Seq Scan on votes v  (cost=0.00..4089.79 rows=192979 width=4) (actual time=0.003..8.356 rows=164032 loops=2) |                           ->  Parallel Hash  (cost=11868.99..11868.99 rows=50968 width=16) (actual time=90.248..90.251 rows=160850 loops=2) |                                 Buckets: 262144 (originally 131072)  Batches: 4 (originally 1)  Memory Usage: 5920kB |                                 ->  Parallel Hash Join  (cost=6876.93..11868.99 rows=50968 width=16) (actual time=28.641..62.401 rows=160850 loops=2) |                                       Hash Cond: (ph.postid = p.id) |                                       ->  Parallel Seq Scan on posthistory ph  (cost=0.00..4023.45 rows=178345 width=4) (actual time=0.002..8.215 rows=151594 loops=2) |                                       ->  Parallel Hash  (cost=6683.66..6683.66 rows=15462 width=12) (actual time=27.507..27.508 rows=29035 loops=2) |                                             Buckets: 65536 (originally 32768)  Batches: 1 (originally 1)  Memory Usage: 3520kB |                                             ->  Hash Join  (cost=3593.38..6683.66 rows=15462 width=12) (actual time=11.795..23.748 rows=29035 loops=2) |                                                   Hash Cond: (c.postid = p.id) |                                                   ->  Parallel Seq Scan on comments c  (cost=0.00..2881.99 rows=79346 width=4) (actual time=0.004..5.567 rows=67102 loops=2) |                                                         Filter: ((creationdate <= '2014-09-09 19:58:29'::timestamp without time zone) AND (score = 0)) |                                                         Rows Removed by Filter: 20050 |                                                   ->  Hash  (cost=3369.34..3369.34 rows=17923 width=8) (actual time=11.302..11.302 rows=40093 loops=2) |                                                         Buckets: 65536 (originally 32768)  Batches: 1 (originally 1)  Memory Usage: 2076kB |                                                         ->  Seq Scan on posts p  (cost=0.00..3369.34 rows=17923 width=8) (actual time=0.362..7.506 rows=40093 loops=2) |                                                               Filter: ((score >= '-4'::integer) AND (viewcount >= 0) AND (viewcount <= 5977) AND (answercount <= 4) AND (commentcount >= 0) AND (commentcount <= 11) AND (creationdate >= '2011-01-25 08:31:41'::timestamp without time zone)) |                                                               Rows Removed by Filter: 51883 |                     ->  Hash  (cost=2824.20..2824.20 rows=76386 width=8) (actual time=27.942..27.943 rows=55970 loops=2) |                           Buckets: 131072  Batches: 1  Memory Usage: 3211kB |                           ->  Hash Join  (cost=1384.06..2824.20 rows=76386 width=8) (actual time=6.459..21.561 rows=55970 loops=2) |                                 Hash Cond: (b.userid = u.id) |                                 ->  Seq Scan on badges b  (cost=0.00..1230.51 rows=79851 width=4) (actual time=0.005..4.540 rows=79851 loops=2) |                                 ->  Hash  (cost=901.88..901.88 rows=38575 width=4) (actual time=6.404..6.405 rows=39111 loops=2) |                                       Buckets: 65536  Batches: 1  Memory Usage: 1887kB |                                       ->  Seq Scan on users u  (cost=0.00..901.88 rows=38575 width=4) (actual time=0.004..3.010 rows=39111 loops=2) |                                             Filter: ((reputation <= 312) AND (downvotes <= 0)) |                                             Rows Removed by Filter: 1214 | Planning Time: 0.612 ms | Execution Time: 417.341 ms
s76,141.58,Finalize Aggregate  (cost=27493.73..27493.74 rows=1 width=8) (actual time=138.986..140.809 rows=1 loops=1) |   ->  Gather  (cost=27493.62..27493.73 rows=1 width=8) (actual time=138.558..140.803 rows=2 loops=1) |         Workers Planned: 1 |         Workers Launched: 1 |         ->  Partial Aggregate  (cost=26493.62..26493.63 rows=1 width=8) (actual time=133.861..133.918 rows=1 loops=2) |               ->  Hash Join  (cost=14745.61..21679.35 rows=1925709 width=0) (actual time=75.110..126.405 rows=217484 loops=2) |                     Hash Cond: (p.owneruserid = u.id) |                     ->  Parallel Hash Join  (cost=10828.14..16346.21 rows=62004 width=4) (actual time=48.608..79.326 rows=112114 loops=2) |                           Hash Cond: (v.postid = p.id) |                           ->  Parallel Seq Scan on votes v  (cost=0.00..4572.24 rows=154962 width=4) (actual time=0.005..9.657 rows=131058 loops=2) |                                 Filter: (votetypeid = 2) |                                 Rows Removed by Filter: 32974 |                           ->  Parallel Hash  (cost=10557.54..10557.54 rows=21648 width=16) (actual time=48.458..48.513 rows=41714 loops=2) |                                 Buckets: 131072 (originally 65536)  Batches: 1 (originally 1)  Memory Usage: 5472kB |                                 ->  Parallel Hash Join  (cost=7676.37..10557.54 rows=21648 width=16) (actual time=26.898..42.613 rows=41714 loops=2) |                                       Hash Cond: (c.postid = p.id) |                                       ->  Parallel Seq Scan on comments c  (cost=0.00..2369.32 rows=102532 width=4) (actual time=0.003..4.762 rows=87152 loops=2) |                                       ->  Parallel Hash  (cost=7533.57..7533.57 rows=11424 width=12) (actual time=26.859..26.861 rows=20855 loops=2) |                                             Buckets: 65536 (originally 32768)  Batches: 1 (originally 1)  Memory Usage: 2752kB |                                             ->  Hash Join  (cost=2922.16..7533.57 rows=11424 width=12) (actual time=10.648..23.896 rows=20855 loops=2) |                                                   Hash Cond: (ph.postid = p.id) |                                                   ->  Parallel Seq Scan on posthistory ph  (cost=0.00..4469.32 rows=54128 width=4) (actual time=0.007..7.162 rows=45988 loops=2) |                                                         Filter: (posthistorytypeid = 2) |                                                         Rows Removed by Filter: 105606 |                                                   ->  Hash  (cost=2679.52..2679.52 rows=19411 width=8) (actual time=10.605..10.605 rows=41710 loops=2) |                                                         Buckets: 65536 (originally 32768)  Batches: 1 (originally 1)  Memory Usage: 2139kB |                                                         ->  Seq Scan on posts p  (cost=0.00..2679.52 rows=19411 width=8) (actual time=0.010..6.648 rows=41710 loops=2) |                                                               Filter: ((viewcount <= 4159) AND (commentcount >= 0) AND (commentcount <= 12) AND (posttypeid = 1)) |                                                               Rows Removed by Filter: 50266 |                     ->  Hash  (cost=3004.63..3004.63 rows=73027 width=8) (actual time=26.343..26.344 rows=48141 loops=2) |                           Buckets: 131072  Batches: 1  Memory Usage: 2905kB |                           ->  Hash Join  (cost=1564.49..3004.63 rows=73027 width=8) (actual time=6.733..20.816 rows=48141 loops=2) |                                 Hash Cond: (b.userid = u.id) |                                 ->  Seq Scan on badges b  (cost=0.00..1230.51 rows=79851 width=4) (actual time=0.004..4.228 rows=79851 loops=2) |                                 ->  Hash  (cost=1103.50..1103.50 rows=36879 width=4) (actual time=6.680..6.680 rows=37698 loops=2) |                                       Buckets: 65536  Batches: 1  Memory Usage: 1838kB |                                       ->  Seq Scan on users u  (cost=0.00..1103.50 rows=36879 width=4) (actual time=0.004..3.354 rows=37698 loops=2) |                                             Filter: ((views <= 86) AND (downvotes >= 0) AND (downvotes <= 1) AND (upvotes <= 6)) |                                             Rows Removed by Filter: 2627 | Planning Time: 0.607 ms | Execution Time: 140.868 ms
s77,740.181,Aggregate  (cost=19672.02..19672.03 rows=1 width=8) (actual time=741.836..742.318 rows=1 loops=1) |   ->  Hash Join  (cost=17298.28..19145.21 rows=210723 width=0) (actual time=130.879..519.527 rows=5982882 loops=1) |         Hash Cond: (b.userid = u.id) |         ->  Seq Scan on badges b  (cost=0.00..1430.14 rows=78882 width=4) (actual time=0.037..4.887 rows=78870 loops=1) |               Filter: (date >= '2010-08-01 02:54:53'::timestamp without time zone) |               Rows Removed by Filter: 981 |         ->  Hash  (cost=17220.96..17220.96 rows=6185 width=8) (actual time=130.723..131.203 rows=375085 loops=1) |               Buckets: 262144 (originally 8192)  Batches: 4 (originally 1)  Memory Usage: 6145kB |               ->  Gather  (cost=11888.81..17220.96 rows=6185 width=8) (actual time=57.697..100.773 rows=375085 loops=1) |                     Workers Planned: 1 |                     Workers Launched: 1 |                     ->  Parallel Hash Join  (cost=10888.81..15602.46 rows=3638 width=8) (actual time=53.056..87.259 rows=187542 loops=2) |                           Hash Cond: (ph.postid = p.id) |                           ->  Parallel Seq Scan on posthistory ph  (cost=0.00..4023.45 rows=178345 width=4) (actual time=0.003..8.076 rows=151594 loops=2) |                           ->  Parallel Hash  (cost=10875.01..10875.01 rows=1104 width=20) (actual time=52.655..52.660 rows=27898 loops=2) |                                 Buckets: 65536 (originally 2048)  Batches: 1 (originally 1)  Memory Usage: 4112kB |                                 ->  Parallel Hash Join  (cost=8114.70..10875.01 rows=1104 width=20) (actual time=33.864..47.769 rows=27898 loops=2) |                                       Hash Cond: (c.postid = p.id) |                                       ->  Parallel Seq Scan on comments c  (cost=0.00..2369.32 rows=102532 width=4) (actual time=0.003..4.846 rows=87152 loops=2) |                                       ->  Parallel Hash  (cost=8107.42..8107.42 rows=582 width=16) (actual time=33.712..33.715 rows=10816 loops=2) |                                             Buckets: 32768 (originally 1024)  Batches: 1 (originally 1)  Memory Usage: 1528kB |                                             ->  Nested Loop  (cost=2945.41..8107.42 rows=582 width=16) (actual time=7.264..28.067 rows=10816 loops=2) |                                                   ->  Hash Join  (cost=2945.12..7568.45 rows=604 width=12) (actual time=6.995..16.259 rows=12966 loops=2) |                                                         Hash Cond: (v.postid = p.id) |                                                         ->  Parallel Seq Scan on votes v  (cost=0.00..4572.24 rows=19465 width=4) (actual time=0.005..6.821 rows=16846 loops=2) |                                                               Filter: (votetypeid = 5) |                                                               Rows Removed by Filter: 147186 |                                                         ->  Hash  (cost=2909.46..2909.46 rows=2853 width=8) (actual time=6.981..6.982 rows=12978 loops=2) |                                                               Buckets: 16384 (originally 4096)  Batches: 1 (originally 1)  Memory Usage: 634kB |                                                               ->  Seq Scan on posts p  (cost=0.00..2909.46 rows=2853 width=8) (actual time=0.003..5.781 rows=12978 loops=2) |                                                                     Filter: ((viewcount >= 0) AND (answercount >= 0) AND (answercount <= 7) AND (favoritecount >= 0) AND (favoritecount <= 17)) |                                                                     Rows Removed by Filter: 78998 |                                                   ->  Index Scan using users_pkey on users u  (cost=0.29..0.89 rows=1 width=4) (actual time=0.001..0.001 rows=1 loops=25932) |                                                         Index Cond: (id = p.owneruserid) |                                                         Filter: ((reputation >= 1) AND (views >= 0) AND (creationdate >= '2010-08-19 06:26:34'::timestamp without time zone) AND (creationdate <= '2014-09-11 05:22:26'::timestamp without time zone)) |                                                         Rows Removed by Filter: 0 | Planning Time: 0.618 ms | Execution Time: 742.376 ms
s78,103.637,Aggregate  (cost=16629.94..16629.95 rows=1 width=8) (actual time=103.296..104.017 rows=1 loops=1) |   ->  Hash Join  (cost=15048.64..16588.17 rows=16708 width=0) (actual time=53.175..87.802 rows=426751 loops=1) |         Hash Cond: (b.userid = u.id) |         ->  Seq Scan on badges b  (cost=0.00..1230.51 rows=79851 width=4) (actual time=0.003..4.220 rows=79851 loops=1) |         ->  Hash  (cost=15042.59..15042.59 rows=484 width=8) (actual time=53.166..53.885 rows=14071 loops=1) |               Buckets: 16384 (originally 1024)  Batches: 1 (originally 1)  Memory Usage: 678kB |               ->  Gather  (cost=10300.27..15042.59 rows=484 width=8) (actual time=33.880..52.854 rows=14071 loops=1) |                     Workers Planned: 1 |                     Workers Launched: 1 |                     ->  Parallel Hash Join  (cost=9300.27..13994.19 rows=285 width=8) (actual time=29.073..46.852 rows=7036 loops=2) |                           Hash Cond: (ph.postid = p.id) |                           ->  Parallel Seq Scan on posthistory ph  (cost=0.00..4023.45 rows=178345 width=4) (actual time=0.003..7.983 rows=151594 loops=2) |                           ->  Parallel Hash  (cost=9299.20..9299.20 rows=86 width=20) (actual time=28.935..28.941 rows=774 loops=2) |                                 Buckets: 2048 (originally 1024)  Batches: 1 (originally 1)  Memory Usage: 152kB |                                 ->  Nested Loop  (cost=3651.56..9299.20 rows=86 width=20) (actual time=15.335..26.160 rows=774 loops=2) |                                       ->  Nested Loop  (cost=3651.27..9265.72 rows=88 width=16) (actual time=15.318..25.452 rows=778 loops=2) |                                             ->  Parallel Hash Join  (cost=3650.97..8271.13 rows=2882 width=8) (actual time=15.295..23.269 rows=2005 loops=2) |                                                   Hash Cond: (v.postid = c.postid) |                                                   ->  Parallel Seq Scan on votes v  (cost=0.00..4572.24 rows=688 width=4) (actual time=0.043..6.975 rows=650 loops=2) |                                                         Filter: (bountyamount <= 50) |                                                         Rows Removed by Filter: 163382 |                                                   ->  Parallel Hash  (cost=2369.32..2369.32 rows=102532 width=4) (actual time=14.985..14.986 rows=87152 loops=2) |                                                         Buckets: 262144  Batches: 1  Memory Usage: 8928kB |                                                         ->  Parallel Seq Scan on comments c  (cost=0.00..2369.32 rows=102532 width=4) (actual time=0.004..5.593 rows=87152 loops=2) |                                             ->  Index Scan using posts_pkey on posts p  (cost=0.29..0.35 rows=1 width=8) (actual time=0.001..0.001 rows=0 loops=4010) |                                                   Index Cond: (id = c.postid) |                                                   Filter: ((commentcount >= 0) AND (commentcount <= 12) AND (favoritecount >= 0) AND (posttypeid = 1)) |                                                   Rows Removed by Filter: 1 |                                       ->  Index Only Scan using users_pkey on users u  (cost=0.29..0.38 rows=1 width=4) (actual time=0.001..0.001 rows=1 loops=1557) |                                             Index Cond: (id = p.owneruserid) |                                             Heap Fetches: 0 | Planning Time: 0.642 ms | Execution Time: 104.055 ms
s79,292.175,Finalize Aggregate  (cost=27828.66..27828.67 rows=1 width=8) (actual time=290.560..292.396 rows=1 loops=1) |   ->  Gather  (cost=27828.55..27828.66 rows=1 width=8) (actual time=290.205..292.393 rows=2 loops=1) |         Workers Planned: 1 |         Workers Launched: 1 |         ->  Partial Aggregate  (cost=26828.55..26828.56 rows=1 width=8) (actual time=285.399..285.404 rows=1 loops=2) |               ->  Hash Join  (cost=14943.35..21876.09 rows=1980983 width=0) (actual time=80.417..234.908 rows=1435188 loops=2) |                     Hash Cond: (p.owneruserid = u.id) |                     ->  Parallel Hash Join  (cost=11050.92..16544.30 rows=60395 width=4) (actual time=53.326..107.050 rows=446858 loops=2) |                           Hash Cond: (ph.postid = p.id) |                           ->  Parallel Seq Scan on posthistory ph  (cost=0.00..4023.45 rows=178345 width=4) (actual time=0.005..7.992 rows=151594 loops=2) |                           ->  Parallel Hash  (cost=10821.90..10821.90 rows=18322 width=16) (actual time=53.174..53.177 rows=65221 loops=2) |                                 Buckets: 131072 (originally 32768)  Batches: 1 (originally 1)  Memory Usage: 7968kB |                                 ->  Parallel Hash Join  (cost=5423.86..10821.90 rows=18322 width=16) (actual time=18.325..44.061 rows=65221 loops=2) |                                       Hash Cond: (v.postid = p.id) |                                       ->  Parallel Seq Scan on votes v  (cost=0.00..4572.24 rows=191476 width=4) (actual time=0.007..10.500 rows=163991 loops=2) |                                             Filter: (creationdate >= '2010-07-19 00:00:00'::timestamp without time zone) |                                             Rows Removed by Filter: 41 |                                       ->  Parallel Hash  (cost=5359.15..5359.15 rows=5177 width=12) (actual time=18.273..18.275 rows=10030 loops=2) |                                             Buckets: 32768 (originally 16384)  Batches: 1 (originally 1)  Memory Usage: 1376kB |                                             ->  Hash Join  (cost=2524.26..5359.15 rows=5177 width=12) (actual time=6.786..16.651 rows=10030 loops=2) |                                                   Hash Cond: (c.postid = p.id) |                                                   ->  Parallel Seq Scan on comments c  (cost=0.00..2625.65 rows=79705 width=4) (actual time=0.006..5.168 rows=67444 loops=2) |                                                         Filter: (score = 0) |                                                         Rows Removed by Filter: 19709 |                                                   ->  Hash  (cost=2449.58..2449.58 rows=5974 width=8) (actual time=6.761..6.762 rows=11912 loops=2) |                                                         Buckets: 16384 (originally 8192)  Batches: 1 (originally 1)  Memory Usage: 593kB |                                                         ->  Seq Scan on posts p  (cost=0.00..2449.58 rows=5974 width=8) (actual time=0.011..5.658 rows=11912 loops=2) |                                                               Filter: ((score <= 21) AND (answercount <= 3) AND (favoritecount >= 0)) |                                                               Rows Removed by Filter: 80064 |                     ->  Hash  (cost=2928.36..2928.36 rows=77125 width=8) (actual time=26.928..26.929 rows=55147 loops=2) |                           Buckets: 131072  Batches: 1  Memory Usage: 3179kB |                           ->  Hash Join  (cost=1289.10..2928.36 rows=77125 width=8) (actual time=6.198..20.792 rows=55147 loops=2) |                                 Hash Cond: (b.userid = u.id) |                                 ->  Seq Scan on badges b  (cost=0.00..1430.14 rows=79657 width=4) (actual time=0.009..4.879 rows=79663 loops=2) |                                       Filter: (date <= '2014-09-11 18:35:08'::timestamp without time zone) |                                       Rows Removed by Filter: 188 |                                 ->  Hash  (cost=801.06..801.06 rows=39043 width=4) (actual time=6.137..6.138 rows=39061 loops=2) |                                       Buckets: 65536  Batches: 1  Memory Usage: 1886kB |                                       ->  Seq Scan on users u  (cost=0.00..801.06 rows=39043 width=4) (actual time=0.003..2.791 rows=39061 loops=2) |                                             Filter: (reputation <= 240) |                                             Rows Removed by Filter: 1264 | Planning Time: 0.605 ms | Execution Time: 292.449 ms
s80,113.427,Finalize Aggregate  (cost=45293.51..45293.52 rows=1 width=8) (actual time=111.244..113.014 rows=1 loops=1) |   ->  Gather  (cost=45293.40..45293.51 rows=1 width=8) (actual time=110.874..113.009 rows=2 loops=1) |         Workers Planned: 1 |         Workers Launched: 1 |         ->  Partial Aggregate  (cost=44293.40..44293.41 rows=1 width=8) (actual time=106.340..106.343 rows=1 loops=2) |               ->  Hash Join  (cost=5248.03..9247.19 rows=14018481 width=0) (actual time=24.625..80.442 rows=729672 loops=2) |                     Hash Cond: (c.userid = u.id) |                     ->  Parallel Seq Scan on comments c  (cost=0.00..2625.65 rows=101544 width=4) (actual time=0.015..5.868 rows=86838 loops=2) |                           Filter: (creationdate >= '2010-07-27 17:46:38'::timestamp without time zone) |                           Rows Removed by Filter: 314 |                     ->  Hash  (cost=4747.18..4747.18 rows=40068 width=8) (actual time=24.503..24.505 rows=39797 loops=2) |                           Buckets: 65536  Batches: 1  Memory Usage: 2067kB |                           ->  Hash Join  (cost=1499.36..4747.18 rows=40068 width=8) (actual time=6.873..20.139 rows=39797 loops=2) |                                 Hash Cond: (p.owneruserid = u.id) |                                 ->  Seq Scan on posts p  (cost=0.00..3139.40 rows=41297 width=4) (actual time=0.038..7.016 rows=41703 loops=2) |                                       Filter: ((answercount >= 0) AND (answercount <= 4) AND (commentcount >= 0) AND (commentcount <= 11) AND (creationdate >= '2010-07-26 09:46:48'::timestamp without time zone) AND (creationdate <= '2014-09-13 10:09:50'::timestamp without time zone)) |                                       Rows Removed by Filter: 50273 |                                 ->  Hash  (cost=1002.69..1002.69 rows=39734 width=4) (actual time=6.755..6.755 rows=39730 loops=2) |                                       Buckets: 65536  Batches: 1  Memory Usage: 1909kB |                                       ->  Seq Scan on users u  (cost=0.00..1002.69 rows=39734 width=4) (actual time=0.023..3.282 rows=39730 loops=2) |                                             Filter: ((reputation >= 1) AND (creationdate >= '2010-08-03 19:42:40'::timestamp without time zone) AND (creationdate <= '2014-09-12 02:20:03'::timestamp without time zone)) |                                             Rows Removed by Filter: 595 | Planning Time: 0.175 ms | Execution Time: 113.054 ms
s81,62.575,Finalize Aggregate  (cost=12218.28..12218.29 rows=1 width=8) (actual time=61.109..62.684 rows=1 loops=1) |   ->  Gather  (cost=12218.17..12218.28 rows=1 width=8) (actual time=60.829..62.679 rows=2 loops=1) |         Workers Planned: 1 |         Workers Launched: 1 |         ->  Partial Aggregate  (cost=11218.17..11218.18 rows=1 width=8) (actual time=55.848..55.850 rows=1 loops=2) |               ->  Hash Join  (cost=4075.26..7116.01 rows=1640864 width=0) (actual time=15.468..44.209 rows=328796 loops=2) |                     Hash Cond: (c.userid = u.id) |                     ->  Parallel Seq Scan on comments c  (cost=0.00..2625.65 rows=79705 width=4) (actual time=0.004..5.422 rows=67444 loops=2) |                           Filter: (score = 0) |                           Rows Removed by Filter: 19709 |                     ->  Hash  (cost=4000.57..4000.57 rows=5975 width=8) (actual time=15.429..15.431 rows=12426 loops=2) |                           Buckets: 16384 (originally 8192)  Batches: 1 (originally 1)  Memory Usage: 614kB |                           ->  Hash Join  (cost=1305.12..4000.57 rows=5975 width=8) (actual time=6.540..14.176 rows=12426 loops=2) |                                 Hash Cond: (p.owneruserid = u.id) |                                 ->  Seq Scan on posts p  (cost=0.00..2679.52 rows=6068 width=4) (actual time=0.004..5.540 rows=12671 loops=2) |                                       Filter: ((answercount <= 5) AND (commentcount >= 0) AND (commentcount <= 11) AND (favoritecount <= 27)) |                                       Rows Removed by Filter: 79305 |                                 ->  Hash  (cost=801.06..801.06 rows=40325 width=4) (actual time=6.483..6.483 rows=40325 loops=2) |                                       Buckets: 65536  Batches: 1  Memory Usage: 1930kB |                                       ->  Seq Scan on users u  (cost=0.00..801.06 rows=40325 width=4) (actual time=0.004..2.899 rows=40325 loops=2) |                                             Filter: (reputation >= 1) | Planning Time: 0.178 ms | Execution Time: 62.719 ms
s82,191.806,"Finalize Aggregate  (cost=380243.41..380243.42 rows=1 width=8) (actual time=185.835..187.670 rows=1 loops=1) |   ->  Gather  (cost=380243.30..380243.41 rows=1 width=8) (actual time=185.418..187.662 rows=2 loops=1) |         Workers Planned: 1 |         Workers Launched: 1 |         ->  Partial Aggregate  (cost=379243.30..379243.31 rows=1 width=8) (actual time=180.018..180.020 rows=1 loops=2) |               ->  Parallel Hash Join  (cost=8111.75..15746.95 rows=145398539 width=0) (actual time=53.592..137.717 rows=885792 loops=2) |                     Hash Cond: (c.userid = u.id) |                     ->  Parallel Seq Scan on comments c  (cost=0.00..2881.99 rows=101095 width=4) (actual time=0.055..7.814 rows=86146 loops=2) |                           Filter: ((creationdate >= '2010-08-09 07:24:50'::timestamp without time zone) AND (creationdate <= '2014-09-10 03:46:02'::timestamp without time zone)) |                           Rows Removed by Filter: 1006 |                     ->  Parallel Hash  (cost=6087.24..6087.24 rows=161961 width=8) (actual time=52.882..52.883 rows=74512 loops=2) |                           Buckets: 524288  Batches: 1  Memory Usage: 9984kB |                           ->  Hash Join  (cost=1595.59..6087.24 rows=161961 width=8) (actual time=16.625..43.438 rows=74512 loops=2) |                                 Hash Cond: (ph.userid = u.id) |                                 ->  Parallel Seq Scan on posthistory ph  (cost=0.00..4023.45 rows=178345 width=4) (actual time=0.005..8.290 rows=151594 loops=2) |                                 ->  Hash  (cost=1103.50..1103.50 rows=39367 width=4) (actual time=16.434..16.434 rows=39444 loops=2) |                                       Buckets: 65536  Batches: 1  Memory Usage: 1899kB |                                       ->  Seq Scan on users u  (cost=0.00..1103.50 rows=39367 width=4) (actual time=7.992..12.627 rows=39444 loops=2) |                                             Filter: ((reputation >= 1) AND (views <= 80) AND (upvotes >= 0) AND (creationdate >= '2010-08-02 20:31:12'::timestamp without time zone)) |                                             Rows Removed by Filter: 881 | Planning Time: 0.180 ms | JIT: |   Functions: 50 |   Options: Inlining false, Optimization false, Expressions true, Deforming true |   Timing: Generation 1.183 ms, Inlining 0.000 ms, Optimization 0.680 ms, Emission 15.315 ms, Total 17.178 ms | Execution Time: 188.344 ms"
s83,222.179,"Finalize Aggregate  (cost=389431.70..389431.71 rows=1 width=8) (actual time=227.473..230.550 rows=1 loops=1) |   ->  Gather  (cost=389431.58..389431.69 rows=1 width=8) (actual time=226.768..230.518 rows=2 loops=1) |         Workers Planned: 1 |         Workers Launched: 1 |         ->  Partial Aggregate  (cost=388431.58..388431.59 rows=1 width=8) (actual time=221.314..221.321 rows=1 loops=2) |               ->  Parallel Hash Join  (cost=8241.85..15479.11 rows=149180991 width=0) (actual time=54.312..164.252 rows=1161726 loops=2) |                     Hash Cond: (c.userid = u.id) |                     ->  Parallel Seq Scan on comments c  (cost=0.00..2369.32 rows=102532 width=4) (actual time=0.005..4.811 rows=87152 loops=2) |                     ->  Parallel Hash  (cost=6193.78..6193.78 rows=163846 width=8) (actual time=53.681..53.684 rows=81756 loops=2) |                           Buckets: 524288  Batches: 1  Memory Usage: 10528kB |                           ->  Hash Join  (cost=1702.12..6193.78 rows=163846 width=8) (actual time=16.394..43.306 rows=81756 loops=2) |                                 Hash Cond: (ph.userid = u.id) |                                 ->  Parallel Seq Scan on posthistory ph  (cost=0.00..4023.45 rows=178345 width=4) (actual time=0.009..7.790 rows=151594 loops=2) |                                 ->  Hash  (cost=1204.31..1204.31 rows=39825 width=4) (actual time=16.307..16.309 rows=39903 loops=2) |                                       Buckets: 65536  Batches: 1  Memory Usage: 1915kB |                                       ->  Seq Scan on users u  (cost=0.00..1204.31 rows=39825 width=4) (actual time=7.613..12.358 rows=39903 loops=2) |                                             Filter: ((reputation >= 1) AND (reputation <= 7931) AND (views <= 109) AND (downvotes >= 0) AND (creationdate <= '2014-09-12 13:12:56'::timestamp without time zone)) |                                             Rows Removed by Filter: 422 | Planning Time: 0.179 ms | JIT: |   Functions: 46 |   Options: Inlining false, Optimization false, Expressions true, Deforming true |   Timing: Generation 1.079 ms, Inlining 0.000 ms, Optimization 0.683 ms, Emission 14.678 ms, Total 16.440 ms | Execution Time: 231.204 ms"
s84,607.952,Finalize Aggregate  (cost=25691.08..25691.09 rows=1 width=8) (actual time=630.764..632.628 rows=1 loops=1) |   ->  Gather  (cost=25690.97..25691.08 rows=1 width=8) (actual time=630.357..632.624 rows=2 loops=1) |         Workers Planned: 1 |         Workers Launched: 1 |         ->  Partial Aggregate  (cost=24690.97..24690.98 rows=1 width=8) (actual time=625.026..625.029 rows=1 loops=2) |               ->  Parallel Hash Join  (cost=7097.78..10843.67 rows=5538919 width=0) (actual time=29.998..423.783 rows=5496976 loops=2) |                     Hash Cond: (c.userid = u.id) |                     ->  Parallel Seq Scan on comments c  (cost=0.00..2881.99 rows=101356 width=4) (actual time=0.013..9.082 rows=86714 loops=2) |                           Filter: ((creationdate >= '2010-07-27 15:46:34'::timestamp without time zone) AND (creationdate <= '2014-09-12 08:15:14'::timestamp without time zone)) |                           Rows Removed by Filter: 438 |                     ->  Parallel Hash  (cost=6853.23..6853.23 rows=19564 width=8) (actual time=29.844..29.846 rows=17332 loops=2) |                           Buckets: 65536  Batches: 1  Memory Usage: 1888kB |                           ->  Hash Join  (cost=1297.81..6853.23 rows=19564 width=8) (actual time=6.880..27.421 rows=17332 loops=2) |                                 Hash Cond: (v.userid = u.id) |                                 ->  Parallel Seq Scan on votes v  (cost=0.00..5054.68 rows=190756 width=4) (actual time=0.008..11.905 rows=163576 loops=2) |                                       Filter: ((creationdate >= '2010-07-19 00:00:00'::timestamp without time zone) AND (creationdate <= '2014-09-10 00:00:00'::timestamp without time zone)) |                                       Rows Removed by Filter: 456 |                                 ->  Hash  (cost=801.06..801.06 rows=39740 width=4) (actual time=6.805..6.806 rows=39728 loops=2) |                                       Buckets: 65536  Batches: 1  Memory Usage: 1909kB |                                       ->  Seq Scan on users u  (cost=0.00..801.06 rows=39740 width=4) (actual time=0.006..2.998 rows=39728 loops=2) |                                             Filter: (creationdate <= '2014-09-03 01:06:41'::timestamp without time zone) |                                             Rows Removed by Filter: 597 | Planning Time: 0.187 ms | Execution Time: 632.665 ms
s85,582.042,Finalize Aggregate  (cost=23822.77..23822.78 rows=1 width=8) (actual time=619.070..620.806 rows=1 loops=1) |   ->  Gather  (cost=23822.66..23822.77 rows=1 width=8) (actual time=618.592..620.800 rows=2 loops=1) |         Workers Planned: 1 |         Workers Launched: 1 |         ->  Partial Aggregate  (cost=22822.66..22822.67 rows=1 width=8) (actual time=613.485..613.488 rows=1 loops=2) |               ->  Parallel Hash Join  (cost=6660.83..9867.31 rows=5182142 width=0) (actual time=27.368..414.486 rows=5431421 loops=2) |                     Hash Cond: (c.userid = u.id) |                     ->  Parallel Seq Scan on comments c  (cost=0.00..2369.32 rows=102532 width=4) (actual time=0.004..6.024 rows=87152 loops=2) |                     ->  Parallel Hash  (cost=6434.65..6434.65 rows=18094 width=8) (actual time=27.238..27.240 rows=16766 loops=2) |                           Buckets: 32768  Batches: 1  Memory Usage: 1600kB |                           ->  Hash Join  (cost=1357.42..6434.65 rows=18094 width=8) (actual time=6.542..25.237 rows=16766 loops=2) |                                 Hash Cond: (v.userid = u.id) |                                 ->  Parallel Seq Scan on votes v  (cost=0.00..4572.24 rows=192378 width=4) (actual time=0.007..10.480 rows=163784 loops=2) |                                       Filter: (creationdate <= '2014-09-11 00:00:00'::timestamp without time zone) |                                       Rows Removed by Filter: 248 |                                 ->  Hash  (cost=901.88..901.88 rows=36444 width=4) (actual time=6.447..6.448 rows=36356 loops=2) |                                       Buckets: 65536  Batches: 1  Memory Usage: 1791kB |                                       ->  Seq Scan on users u  (cost=0.00..901.88 rows=36444 width=4) (actual time=0.007..2.897 rows=36356 loops=2) |                                             Filter: ((creationdate >= '2010-07-19 20:11:48'::timestamp without time zone) AND (creationdate <= '2014-07-09 20:37:10'::timestamp without time zone)) |                                             Rows Removed by Filter: 3969 | Planning Time: 0.171 ms | Execution Time: 620.841 ms
s86,128.775,Finalize Aggregate  (cost=20264.28..20264.29 rows=1 width=8) (actual time=135.976..137.652 rows=1 loops=1) |   ->  Gather  (cost=20264.17..20264.28 rows=1 width=8) (actual time=135.491..137.647 rows=2 loops=1) |         Workers Planned: 1 |         Workers Launched: 1 |         ->  Partial Aggregate  (cost=19264.17..19264.18 rows=1 width=8) (actual time=129.850..129.906 rows=1 loops=2) |               ->  Parallel Hash Join  (cost=11532.41..17738.15 rows=610409 width=0) (actual time=107.216..126.068 rows=104591 loops=2) |                     Hash Cond: (c.postid = p.id) |                     ->  Hash Join  (cost=1399.34..4234.24 rows=77395 width=4) (actual time=7.035..20.200 rows=28266 loops=2) |                           Hash Cond: (c.userid = u.id) |                           ->  Parallel Seq Scan on comments c  (cost=0.00..2625.65 rows=79705 width=8) (actual time=0.006..5.565 rows=67444 loops=2) |                                 Filter: (score = 0) |                                 Rows Removed by Filter: 19709 |                           ->  Hash  (cost=901.88..901.88 rows=39797 width=4) (actual time=6.945..6.945 rows=39808 loops=2) |                                 Buckets: 65536  Batches: 1  Memory Usage: 1912kB |                                 ->  Seq Scan on users u  (cost=0.00..901.88 rows=39797 width=4) (actual time=0.014..3.083 rows=39808 loops=2) |                                       Filter: ((views >= 0) AND (views <= 74)) |                                       Rows Removed by Filter: 517 |                     ->  Parallel Hash  (cost=6966.84..6966.84 rows=192979 width=8) (actual time=79.630..79.683 rows=164032 loops=2) |                           Buckets: 262144  Batches: 4  Memory Usage: 5280kB |                           ->  Parallel Hash Join  (cost=2370.46..6966.84 rows=192979 width=8) (actual time=9.936..57.301 rows=164032 loops=2) |                                 Hash Cond: (v.postid = p.id) |                                 ->  Parallel Seq Scan on votes v  (cost=0.00..4089.79 rows=192979 width=4) (actual time=0.008..10.083 rows=164032 loops=2) |                                 ->  Parallel Hash  (cost=1891.42..1891.42 rows=38323 width=4) (actual time=9.745..9.745 rows=45988 loops=2) |                                       Buckets: 131072  Batches: 1  Memory Usage: 4640kB |                                       ->  Parallel Index Only Scan using posts_pkey on posts p  (cost=0.29..1891.42 rows=38323 width=4) (actual time=0.026..3.304 rows=45988 loops=2) |                                             Heap Fetches: 0 | Planning Time: 0.234 ms | Execution Time: 137.695 ms
s87,91.03,Finalize Aggregate  (cost=30296.65..30296.66 rows=1 width=8) (actual time=87.594..89.196 rows=1 loops=1) |   ->  Gather  (cost=30296.54..30296.65 rows=1 width=8) (actual time=87.183..89.191 rows=2 loops=1) |         Workers Planned: 1 |         Workers Launched: 1 |         ->  Partial Aggregate  (cost=29296.54..29296.55 rows=1 width=8) (actual time=82.474..82.477 rows=1 loops=2) |               ->  Hash Join  (cost=3932.33..9278.91 rows=8007052 width=0) (actual time=31.021..69.041 rows=379206 loops=2) |                     Hash Cond: (c.userid = u.id) |                     ->  Parallel Seq Scan on comments c  (cost=0.00..2881.99 rows=101347 width=4) (actual time=0.033..6.326 rows=86272 loops=2) |                           Filter: ((creationdate >= '2010-08-12 20:27:30'::timestamp without time zone) AND (creationdate <= '2014-09-12 12:49:19'::timestamp without time zone)) |                           Rows Removed by Filter: 880 |                     ->  Hash  (cost=2942.63..2942.63 rows=79176 width=8) (actual time=30.862..30.864 rows=68130 loops=2) |                           Buckets: 131072  Batches: 1  Memory Usage: 3686kB |                           ->  Hash Join  (cost=1502.49..2942.63 rows=79176 width=8) (actual time=6.987..23.108 rows=68130 loops=2) |                                 Hash Cond: (b.userid = u.id) |                                 ->  Seq Scan on badges b  (cost=0.00..1230.51 rows=79851 width=4) (actual time=0.006..4.342 rows=79851 loops=2) |                                 ->  Hash  (cost=1002.69..1002.69 rows=39984 width=4) (actual time=6.921..6.921 rows=40000 loops=2) |                                       Buckets: 65536  Batches: 1  Memory Usage: 1919kB |                                       ->  Seq Scan on users u  (cost=0.00..1002.69 rows=39984 width=4) (actual time=0.003..3.292 rows=40000 loops=2) |                                             Filter: ((views >= 0) AND (downvotes >= 0) AND (downvotes <= 2)) |                                             Rows Removed by Filter: 325 | Planning Time: 0.182 ms | Execution Time: 89.241 ms
s88,533.334,Finalize Aggregate  (cost=25635.17..25635.18 rows=1 width=8) (actual time=533.715..535.359 rows=1 loops=1) |   ->  Gather  (cost=25635.06..25635.17 rows=1 width=8) (actual time=533.376..535.355 rows=2 loops=1) |         Workers Planned: 1 |         Workers Launched: 1 |         ->  Partial Aggregate  (cost=24635.06..24635.07 rows=1 width=8) (actual time=528.878..528.880 rows=1 loops=2) |               ->  Hash Join  (cost=4139.54..8950.30 rows=6273904 width=0) (actual time=29.295..345.730 rows=5111932 loops=2) |                     Hash Cond: (c.userid = u.id) |                     ->  Parallel Seq Scan on comments c  (cost=0.00..2881.99 rows=78942 width=4) (actual time=0.011..6.894 rows=67330 loops=2) |                           Filter: ((creationdate >= '2010-07-24 06:46:49'::timestamp without time zone) AND (score = 0)) |                           Rows Removed by Filter: 19823 |                     ->  Hash  (cost=3143.98..3143.98 rows=79645 width=8) (actual time=29.162..29.164 rows=79610 loops=2) |                           Buckets: 131072  Batches: 1  Memory Usage: 4134kB |                           ->  Hash Join  (cost=1305.12..3143.98 rows=79645 width=8) (actual time=6.303..21.491 rows=79610 loops=2) |                                 Hash Cond: (b.userid = u.id) |                                 ->  Seq Scan on badges b  (cost=0.00..1629.76 rows=79645 width=4) (actual time=0.009..5.216 rows=79610 loops=2) |                                       Filter: ((date >= '2010-07-19 20:34:06'::timestamp without time zone) AND (date <= '2014-09-12 15:11:36'::timestamp without time zone)) |                                       Rows Removed by Filter: 241 |                                 ->  Hash  (cost=801.06..801.06 rows=40325 width=4) (actual time=6.246..6.246 rows=40325 loops=2) |                                       Buckets: 65536  Batches: 1  Memory Usage: 1930kB |                                       ->  Seq Scan on users u  (cost=0.00..801.06 rows=40325 width=4) (actual time=0.003..2.899 rows=40325 loops=2) |                                             Filter: (upvotes >= 0) | Planning Time: 0.170 ms | Execution Time: 535.407 ms
s89,228.804,"Finalize Aggregate  (cost=115153.51..115153.52 rows=1 width=8) (actual time=235.114..235.182 rows=1 loops=1) |   ->  Gather  (cost=115153.39..115153.50 rows=1 width=8) (actual time=235.104..235.176 rows=2 loops=1) |         Workers Planned: 1 |         Workers Launched: 1 |         ->  Partial Aggregate  (cost=114153.39..114153.40 rows=1 width=8) (actual time=215.866..215.869 rows=1 loops=2) |               ->  Merge Join  (cost=32240.65..38486.56 rows=30266735 width=0) (actual time=71.919..181.780 rows=678362 loops=2) |                     Merge Cond: (u.id = p.owneruserid) |                     ->  Sort  (cost=22240.05..22645.48 rows=162175 width=8) (actual time=52.887..57.213 rows=72948 loops=2) |                           Sort Key: ph.userid |                           Sort Method: external merge  Disk: 1328kB |                           Worker 0:  Sort Method: quicksort  Memory: 3974kB |                           ->  Hash Join  (cost=1495.43..5987.08 rows=162175 width=8) (actual time=16.419..42.692 rows=72948 loops=2) |                                 Hash Cond: (ph.userid = u.id) |                                 ->  Parallel Seq Scan on posthistory ph  (cost=0.00..4023.45 rows=178345 width=4) (actual time=0.005..7.763 rows=151594 loops=2) |                                 ->  Hash  (cost=1002.69..1002.69 rows=39419 width=4) (actual time=16.315..16.316 rows=39563 loops=2) |                                       Buckets: 65536  Batches: 1  Memory Usage: 1903kB |                                       ->  Seq Scan on users u  (cost=0.00..1002.69 rows=39419 width=4) (actual time=7.844..12.372 rows=39563 loops=2) |                                             Filter: ((upvotes >= 0) AND (upvotes <= 244) AND (downvotes = 0)) |                                             Rows Removed by Filter: 762 |                     ->  Sort  (cost=10000.52..10229.57 rows=91619 width=4) (actual time=18.955..47.005 rows=729549 loops=2) |                           Sort Key: p.owneruserid |                           Sort Method: quicksort  Memory: 3073kB |                           Worker 0:  Sort Method: quicksort  Memory: 3073kB |                           ->  Seq Scan on posts p  (cost=0.00..2449.58 rows=91619 width=4) (actual time=0.025..10.929 rows=91582 loops=2) |                                 Filter: ((score >= '-1'::integer) AND (commentcount >= 0) AND (commentcount <= 23)) |                                 Rows Removed by Filter: 394 | Planning Time: 0.171 ms | JIT: |   Functions: 50 |   Options: Inlining false, Optimization false, Expressions true, Deforming true |   Timing: Generation 1.178 ms, Inlining 0.000 ms, Optimization 0.693 ms, Emission 15.138 ms, Total 17.009 ms | Execution Time: 236.007 ms"
s90,149.217,Aggregate  (cost=31055.19..31055.20 rows=1 width=8) (actual time=161.235..161.239 rows=1 loops=1) |   ->  Hash Join  (cost=12235.03..16094.37 rows=5984326 width=0) (actual time=78.736..138.077 rows=582617 loops=1) |         Hash Cond: (p.owneruserid = u.id) |         ->  Seq Scan on posts p  (cost=0.00..1989.70 rows=12328 width=4) (actual time=0.005..5.592 rows=12190 loops=1) |               Filter: (favoritecount <= 5) |               Rows Removed by Filter: 79786 |         ->  Hash  (cost=8325.26..8325.26 rows=238302 width=8) (actual time=78.320..78.323 rows=205970 loops=1) |               Buckets: 262144  Batches: 2  Memory Usage: 6341kB |               ->  Hash Join  (cost=1572.28..8325.26 rows=238302 width=8) (actual time=7.175..56.562 rows=205970 loops=1) |                     Hash Cond: (ph.userid = u.id) |                     ->  Seq Scan on posthistory ph  (cost=0.00..6029.84 rows=275458 width=4) (actual time=1.104..19.632 rows=275240 loops=1) |                           Filter: (creationdate >= '2011-05-20 18:43:03'::timestamp without time zone) |                           Rows Removed by Filter: 27947 |                     ->  Hash  (cost=1103.50..1103.50 rows=37502 width=4) (actual time=6.064..6.064 rows=37426 loops=1) |                           Buckets: 65536  Batches: 1  Memory Usage: 1828kB |                           ->  Seq Scan on users u  (cost=0.00..1103.50 rows=37502 width=4) (actual time=0.068..3.342 rows=37426 loops=1) |                                 Filter: ((views >= 0) AND (upvotes >= 0) AND (creationdate >= '2010-11-27 21:46:49'::timestamp without time zone) AND (creationdate <= '2014-08-18 13:00:22'::timestamp without time zone)) |                                 Rows Removed by Filter: 2899 | Planning Time: 0.156 ms | Execution Time: 161.283 ms
s91,542.146,"Finalize Aggregate  (cost=114896.99..114897.00 rows=1 width=8) (actual time=541.269..541.351 rows=1 loops=1) |   ->  Gather  (cost=114896.88..114896.99 rows=1 width=8) (actual time=541.255..541.343 rows=2 loops=1) |         Workers Planned: 1 |         Workers Launched: 1 |         ->  Partial Aggregate  (cost=113896.88..113896.89 rows=1 width=8) (actual time=474.411..474.415 rows=1 loops=2) |               ->  Merge Join  (cost=32242.30..38474.07 rows=30169121 width=0) (actual time=77.396..374.369 rows=2098664 loops=2) |                     Merge Cond: (u.id = p.owneruserid) |                     ->  Sort  (cost=22761.70..23168.82 rows=162845 width=8) (actual time=59.787..65.711 rows=89464 loops=2) |                           Sort Key: ph.userid |                           Sort Method: external merge  Disk: 1768kB |                           Worker 0:  Sort Method: external merge  Disk: 1392kB |                           ->  Hash Join  (cost=1504.04..6435.41 rows=162845 width=8) (actual time=15.904..45.748 rows=89464 loops=2) |                                 Hash Cond: (ph.userid = u.id) |                                 ->  Parallel Seq Scan on posthistory ph  (cost=0.00..4469.32 rows=176005 width=4) (actual time=7.732..19.314 rows=149454 loops=2) |                                       Filter: (creationdate >= '2010-08-21 05:30:40'::timestamp without time zone) |                                       Rows Removed by Filter: 2140 |                                 ->  Hash  (cost=1002.69..1002.69 rows=40108 width=4) (actual time=8.063..8.064 rows=40051 loops=2) |                                       Buckets: 65536  Batches: 1  Memory Usage: 1921kB |                                       ->  Seq Scan on users u  (cost=0.00..1002.69 rows=40108 width=4) (actual time=0.023..4.356 rows=40051 loops=2) |                                             Filter: ((reputation >= 1) AND (upvotes <= 198) AND (creationdate >= '2010-07-19 20:49:05'::timestamp without time zone)) |                                             Rows Removed by Filter: 274 |                     ->  Sort  (cost=9480.52..9707.89 rows=90948 width=4) (actual time=17.444..96.420 rows=2135132 loops=2) |                           Sort Key: p.owneruserid |                           Sort Method: quicksort  Memory: 3073kB |                           Worker 0:  Sort Method: quicksort  Memory: 3073kB |                           ->  Seq Scan on posts p  (cost=0.00..1989.70 rows=90948 width=4) (actual time=0.017..9.175 rows=90956 loops=2) |                                 Filter: (score >= 0) |                                 Rows Removed by Filter: 1020 | Planning Time: 0.186 ms | JIT: |   Functions: 54 |   Options: Inlining false, Optimization false, Expressions true, Deforming true |   Timing: Generation 1.122 ms, Inlining 0.000 ms, Optimization 0.623 ms, Emission 14.800 ms, Total 16.545 ms | Execution Time: 542.146 ms"
s92,77.546,Finalize Aggregate  (cost=11058.51..11058.52 rows=1 width=8) (actual time=76.581..78.352 rows=1 loops=1) |   ->  Gather  (cost=11058.39..11058.50 rows=1 width=8) (actual time=76.272..78.346 rows=2 loops=1) |         Workers Planned: 1 |         Workers Launched: 1 |         ->  Partial Aggregate  (cost=10058.39..10058.40 rows=1 width=8) (actual time=71.584..71.587 rows=1 loops=2) |               ->  Hash Join  (cost=4711.30..9655.16 rows=161294 width=0) (actual time=24.164..68.845 rows=77780 loops=2) |                     Hash Cond: (p.owneruserid = u.id) |                     ->  Hash Join  (cost=3330.10..7821.73 rows=172259 width=4) (actual time=17.533..48.011 rows=146930 loops=2) |                           Hash Cond: (ph.postid = p.id) |                           ->  Parallel Seq Scan on posthistory ph  (cost=0.00..4023.45 rows=178345 width=4) (actual time=0.007..7.798 rows=151594 loops=2) |                           ->  Hash  (cost=2219.64..2219.64 rows=88837 width=8) (actual time=17.119..17.119 rows=88880 loops=2) |                                 Buckets: 131072  Batches: 1  Memory Usage: 4492kB |                                 ->  Seq Scan on posts p  (cost=0.00..2219.64 rows=88837 width=8) (actual time=0.069..8.126 rows=88880 loops=2) |                                       Filter: ((creationdate >= '2010-08-17 19:08:05'::timestamp without time zone) AND (creationdate <= '2014-08-31 06:58:12'::timestamp without time zone)) |                                       Rows Removed by Filter: 3096 |                     ->  Hash  (cost=901.88..901.88 rows=38346 width=4) (actual time=6.545..6.546 rows=38341 loops=2) |                           Buckets: 65536  Batches: 1  Memory Usage: 1860kB |                           ->  Seq Scan on users u  (cost=0.00..901.88 rows=38346 width=4) (actual time=0.007..3.055 rows=38341 loops=2) |                                 Filter: ((upvotes >= 0) AND (upvotes <= 9)) |                                 Rows Removed by Filter: 1984 | Planning Time: 0.135 ms | Execution Time: 78.402 ms
s93,152.94,Finalize Aggregate  (cost=10433.60..10433.61 rows=1 width=8) (actual time=194.327..196.082 rows=1 loops=1) |   ->  Gather  (cost=10433.48..10433.59 rows=1 width=8) (actual time=193.914..196.076 rows=2 loops=1) |         Workers Planned: 1 |         Workers Launched: 1 |         ->  Partial Aggregate  (cost=9433.48..9433.49 rows=1 width=8) (actual time=187.239..187.242 rows=1 loops=2) |               ->  Hash Join  (cost=4223.56..9266.49 rows=66798 width=0) (actual time=35.752..144.084 rows=1081342 loops=2) |                     Hash Cond: (v.userid = u.id) |                     ->  Parallel Seq Scan on votes v  (cost=0.00..4089.79 rows=192979 width=4) (actual time=0.006..10.717 rows=164032 loops=2) |                     ->  Hash  (cost=3647.61..3647.61 rows=46076 width=8) (actual time=35.652..35.654 rows=46273 loops=2) |                           Buckets: 65536  Batches: 1  Memory Usage: 2320kB |                           ->  Hash Join  (cost=1305.12..3647.61 rows=46076 width=8) (actual time=10.017..28.831 rows=46273 loops=2) |                                 Hash Cond: (p.owneruserid = u.id) |                                 ->  Seq Scan on posts p  (cost=0.00..2219.64 rows=46794 width=4) (actual time=0.006..8.712 rows=46927 loops=2) |                                       Filter: ((creationdate <= '2014-08-26 22:40:26'::timestamp without time zone) AND (posttypeid = 2)) |                                       Rows Removed by Filter: 45049 |                                 ->  Hash  (cost=801.06..801.06 rows=40325 width=4) (actual time=9.954..9.954 rows=40325 loops=2) |                                       Buckets: 65536  Batches: 1  Memory Usage: 1930kB |                                       ->  Seq Scan on users u  (cost=0.00..801.06 rows=40325 width=4) (actual time=0.004..4.178 rows=40325 loops=2) |                                             Filter: (views >= 0) | Planning Time: 0.175 ms | Execution Time: 196.127 ms
s94,113.965,Finalize Aggregate  (cost=11409.83..11409.84 rows=1 width=8) (actual time=117.078..118.726 rows=1 loops=1) |   ->  Gather  (cost=11409.72..11409.83 rows=1 width=8) (actual time=116.586..118.719 rows=2 loops=1) |         Workers Planned: 1 |         Workers Launched: 1 |         ->  Partial Aggregate  (cost=10409.72..10409.73 rows=1 width=8) (actual time=111.374..111.377 rows=1 loops=2) |               ->  Hash Join  (cost=4605.63..10094.07 rows=126261 width=0) (actual time=37.919..91.509 rows=550148 loops=2) |                     Hash Cond: (v.userid = u.id) |                     ->  Parallel Seq Scan on votes v  (cost=0.00..4089.79 rows=192979 width=4) (actual time=0.006..8.527 rows=164032 loops=2) |                     ->  Hash  (cost=3516.96..3516.96 rows=87094 width=8) (actual time=36.761..36.763 rows=72152 loops=2) |                           Buckets: 131072  Batches: 1  Memory Usage: 3843kB |                           ->  Hash Join  (cost=1285.80..3516.96 rows=87094 width=8) (actual time=7.609..27.915 rows=72152 loops=2) |                                 Hash Cond: (p.owneruserid = u.id) |                                 ->  Seq Scan on posts p  (cost=0.00..1989.70 rows=91976 width=4) (actual time=0.006..7.446 rows=91976 loops=2) |                                       Filter: (commentcount >= 0) |                                 ->  Hash  (cost=801.06..801.06 rows=38779 width=4) (actual time=7.441..7.442 rows=38765 loops=2) |                                       Buckets: 65536  Batches: 1  Memory Usage: 1875kB |                                       ->  Seq Scan on users u  (cost=0.00..801.06 rows=38779 width=4) (actual time=0.069..3.484 rows=38765 loops=2) |                                             Filter: (creationdate >= '2010-12-15 06:00:24'::timestamp without time zone) |                                             Rows Removed by Filter: 1560 | Planning Time: 0.158 ms | Execution Time: 118.770 ms
s95,427.46,Finalize Aggregate  (cost=44526.64..44526.65 rows=1 width=8) (actual time=424.618..426.365 rows=1 loops=1) |   ->  Gather  (cost=44526.52..44526.63 rows=1 width=8) (actual time=424.382..426.360 rows=2 loops=1) |         Workers Planned: 1 |         Workers Launched: 1 |         ->  Partial Aggregate  (cost=43526.52..43526.53 rows=1 width=8) (actual time=419.291..419.295 rows=1 loops=2) |               ->  Parallel Hash Join  (cost=12543.35..37303.38 rows=2489256 width=0) (actual time=68.152..345.520 rows=2127078 loops=2) |                     Hash Cond: (ph.postid = p.id) |                     ->  Parallel Hash Join  (cost=6252.77..17403.32 rows=913529 width=8) (actual time=27.028..116.006 rows=665368 loops=2) |                           Hash Cond: (v.postid = ph.postid) |                           ->  Parallel Seq Scan on votes v  (cost=0.00..4572.24 rows=192741 width=4) (actual time=0.003..11.258 rows=163944 loops=2) |                                 Filter: (creationdate <= '2014-09-12 00:00:00'::timestamp without time zone) |                                 Rows Removed by Filter: 88 |                           ->  Parallel Hash  (cost=4023.45..4023.45 rows=178345 width=4) (actual time=26.613..26.613 rows=151594 loops=2) |                                 Buckets: 524288  Batches: 1  Memory Usage: 16000kB |                                 ->  Parallel Seq Scan on posthistory ph  (cost=0.00..4023.45 rows=178345 width=4) (actual time=0.007..9.641 rows=151594 loops=2) |                     ->  Parallel Hash  (cost=5008.94..5008.94 rows=102532 width=8) (actual time=40.778..40.780 rows=87152 loops=2) |                           Buckets: 262144  Batches: 1  Memory Usage: 8896kB |                           ->  Parallel Hash Join  (cost=2370.46..5008.94 rows=102532 width=8) (actual time=9.766..29.301 rows=87152 loops=2) |                                 Hash Cond: (c.postid = p.id) |                                 ->  Parallel Seq Scan on comments c  (cost=0.00..2369.32 rows=102532 width=4) (actual time=0.004..4.852 rows=87152 loops=2) |                                 ->  Parallel Hash  (cost=1891.42..1891.42 rows=38323 width=4) (actual time=9.601..9.601 rows=45988 loops=2) |                                       Buckets: 131072  Batches: 1  Memory Usage: 4640kB |                                       ->  Parallel Index Only Scan using posts_pkey on posts p  (cost=0.29..1891.42 rows=38323 width=4) (actual time=0.054..3.207 rows=45988 loops=2) |                                             Heap Fetches: 0 | Planning Time: 0.263 ms | Execution Time: 426.395 ms
s96,266.004,Finalize Aggregate  (cost=34389.83..34389.84 rows=1 width=8) (actual time=265.855..267.533 rows=1 loops=1) |   ->  Gather  (cost=34389.72..34389.83 rows=1 width=8) (actual time=265.160..267.527 rows=2 loops=1) |         Workers Planned: 1 |         Workers Launched: 1 |         ->  Partial Aggregate  (cost=33389.72..33389.73 rows=1 width=8) (actual time=260.477..260.538 rows=1 loops=2) |               ->  Parallel Hash Join  (cost=15964.23..29585.23 rows=1521795 width=0) (actual time=97.730..223.652 rows=1008119 loops=2) |                     Hash Cond: (ph.postid = p.id) |                     ->  Parallel Hash Join  (cost=6677.72..12225.28 rows=369526 width=8) (actual time=29.923..66.538 rows=260228 loops=2) |                           Hash Cond: (c.postid = ph.postid) |                           ->  Parallel Seq Scan on comments c  (cost=0.00..2881.99 rows=78703 width=4) (actual time=0.042..6.322 rows=66698 loops=2) |                                 Filter: ((creationdate >= '2010-08-26 06:55:11'::timestamp without time zone) AND (score = 0)) |                                 Rows Removed by Filter: 20454 |                           ->  Parallel Hash  (cost=4469.32..4469.32 rows=176672 width=4) (actual time=29.454..29.454 rows=150144 loops=2) |                                 Buckets: 524288  Batches: 1  Memory Usage: 15872kB |                                 ->  Parallel Seq Scan on posthistory ph  (cost=0.00..4469.32 rows=176672 width=4) (actual time=0.010..11.150 rows=150144 loops=2) |                                       Filter: (creationdate <= '2014-09-05 06:39:25'::timestamp without time zone) |                                       Rows Removed by Filter: 1450 |                     ->  Parallel Hash  (cost=7349.49..7349.49 rows=154962 width=8) (actual time=67.238..67.239 rows=131058 loops=2) |                           Buckets: 524288  Batches: 1  Memory Usage: 14400kB |                           ->  Parallel Hash Join  (cost=2370.46..7349.49 rows=154962 width=8) (actual time=9.428..46.284 rows=131058 loops=2) |                                 Hash Cond: (v.postid = p.id) |                                 ->  Parallel Seq Scan on votes v  (cost=0.00..4572.24 rows=154962 width=4) (actual time=0.012..10.560 rows=131058 loops=2) |                                       Filter: (votetypeid = 2) |                                       Rows Removed by Filter: 32974 |                                 ->  Parallel Hash  (cost=1891.42..1891.42 rows=38323 width=4) (actual time=9.221..9.221 rows=45988 loops=2) |                                       Buckets: 131072  Batches: 1  Memory Usage: 4640kB |                                       ->  Parallel Index Only Scan using posts_pkey on posts p  (cost=0.29..1891.42 rows=38323 width=4) (actual time=0.018..3.340 rows=45988 loops=2) |                                             Heap Fetches: 0 | Planning Time: 0.257 ms | Execution Time: 267.562 ms
s97,2893.424,Finalize Aggregate  (cost=68408.70..68408.71 rows=1 width=8) (actual time=2863.537..2864.277 rows=1 loops=1) |   ->  Gather  (cost=68408.59..68408.70 rows=1 width=8) (actual time=2863.532..2864.273 rows=2 loops=1) |         Workers Planned: 1 |         Workers Launched: 1 |         ->  Partial Aggregate  (cost=67408.59..67408.60 rows=1 width=8) (actual time=2857.890..2857.894 rows=1 loops=2) |               ->  Parallel Hash Join  (cost=10769.39..14654.84 rows=21101498 width=0) (actual time=48.494..1844.296 rows=28179699 loops=2) |                     Hash Cond: (c.userid = u.id) |                     ->  Parallel Seq Scan on comments c  (cost=0.00..2625.65 rows=101545 width=4) (actual time=0.013..8.785 rows=86868 loops=2) |                           Filter: (creationdate >= '2010-07-27 12:03:40'::timestamp without time zone) |                           Rows Removed by Filter: 285 |                     ->  Parallel Hash  (cost=10325.91..10325.91 rows=35478 width=12) (actual time=48.291..48.294 rows=64556 loops=2) |                           Buckets: 131072 (originally 65536)  Batches: 1 (originally 1)  Memory Usage: 7648kB |                           ->  Hash Join  (cost=5499.57..10325.91 rows=35478 width=12) (actual time=17.364..39.523 rows=64556 loops=2) |                                 Hash Cond: (v.userid = u.id) |                                 ->  Parallel Seq Scan on votes v  (cost=0.00..4089.79 rows=192979 width=4) (actual time=0.007..9.162 rows=164032 loops=2) |                                 ->  Hash  (cost=5467.25..5467.25 rows=2586 width=8) (actual time=17.231..17.233 rows=11436 loops=2) |                                       Buckets: 16384 (originally 4096)  Batches: 1 (originally 1)  Memory Usage: 575kB |                                       ->  Hash Join  (cost=1401.12..5467.25 rows=2586 width=8) (actual time=6.875..16.122 rows=11436 loops=2) |                                             Hash Cond: (p.owneruserid = u.id) |                                             ->  Seq Scan on posts p  (cost=0.00..4059.16 rows=2652 width=4) (actual time=0.057..6.989 rows=12147 loops=2) |                                                   Filter: ((score >= 0) AND (score <= 28) AND (viewcount >= 0) AND (viewcount <= 6517) AND (answercount >= 0) AND (answercount <= 5) AND (favoritecount >= 0) AND (favoritecount <= 8) AND (creationdate >= '2010-07-27 11:29:20'::timestamp without time zone) AND (creationdate <= '2014-09-13 02:50:15'::timestamp without time zone)) |                                                   Rows Removed by Filter: 79829 |                                             ->  Hash  (cost=901.88..901.88 rows=39940 width=4) (actual time=6.758..6.759 rows=39981 loops=2) |                                                   Buckets: 65536  Batches: 1  Memory Usage: 1918kB |                                                   ->  Seq Scan on users u  (cost=0.00..901.88 rows=39940 width=4) (actual time=0.019..2.998 rows=39981 loops=2) |                                                         Filter: ((views >= 0) AND (creationdate >= '2010-07-27 09:38:05'::timestamp without time zone)) |                                                         Rows Removed by Filter: 344 | Planning Time: 0.335 ms | Execution Time: 2864.316 ms
s98,2250.134,"Finalize Aggregate  (cost=875600.82..875600.83 rows=1 width=8) (actual time=2257.752..2260.450 rows=1 loops=1) |   ->  Gather  (cost=875600.71..875600.82 rows=1 width=8) (actual time=2257.733..2260.435 rows=2 loops=1) |         Workers Planned: 1 |         Workers Launched: 1 |         ->  Partial Aggregate  (cost=874600.71..874600.72 rows=1 width=8) (actual time=2251.525..2251.531 rows=1 loops=2) |               ->  Parallel Hash Join  (cost=19472.59..41290.44 rows=333324108 width=0) (actual time=242.728..1492.773 rows=20427832 loops=2) |                     Hash Cond: (c.userid = u.id) |                     ->  Parallel Seq Scan on comments c  (cost=0.00..2369.32 rows=102532 width=4) (actual time=0.026..5.452 rows=87152 loops=2) |                     ->  Parallel Hash  (cost=9823.88..9823.88 rows=555017 width=12) (actual time=227.012..227.015 rows=121840 loops=2) |                           Buckets: 262144  Batches: 8  Memory Usage: 5376kB |                           ->  Hash Join  (cost=4332.10..9823.88 rows=555017 width=12) (actual time=182.477..211.475 rows=121840 loops=2) |                                 Hash Cond: (v.userid = u.id) |                                 ->  Parallel Seq Scan on votes v  (cost=0.00..4572.24 rows=191474 width=4) (actual time=158.705..169.487 rows=163825 loops=2) |                                       Filter: (creationdate >= '2010-07-20 00:00:00'::timestamp without time zone) |                                       Rows Removed by Filter: 207 |                                 ->  Hash  (cost=3822.35..3822.35 rows=40780 width=8) (actual time=23.040..23.042 rows=39132 loops=2) |                                       Buckets: 65536  Batches: 1  Memory Usage: 2041kB |                                       ->  Hash Join  (cost=1490.33..3822.35 rows=40780 width=8) (actual time=7.127..18.465 rows=39132 loops=2) |                                             Hash Cond: (p.owneruserid = u.id) |                                             ->  Seq Scan on posts p  (cost=0.00..2219.64 rows=42810 width=4) (actual time=0.035..4.843 rows=42871 loops=2) |                                                   Filter: ((score <= 52) AND (answercount >= 0)) |                                                   Rows Removed by Filter: 49105 |                                             ->  Hash  (cost=1002.69..1002.69 rows=39011 width=4) (actual time=6.793..6.794 rows=38951 loops=2) |                                                   Buckets: 65536  Batches: 1  Memory Usage: 1882kB |                                                   ->  Seq Scan on users u  (cost=0.00..1002.69 rows=39011 width=4) (actual time=0.055..3.023 rows=38951 loops=2) |                                                         Filter: ((upvotes >= 0) AND (creationdate >= '2010-10-05 05:52:35'::timestamp without time zone) AND (creationdate <= '2014-09-08 15:55:02'::timestamp without time zone)) |                                                         Rows Removed by Filter: 1374 | Planning Time: 0.309 ms | JIT: |   Functions: 72 |   Options: Inlining true, Optimization true, Expressions true, Deforming true |   Timing: Generation 1.744 ms, Inlining 50.866 ms, Optimization 146.035 ms, Emission 120.658 ms, Total 319.303 ms | Execution Time: 2261.475 ms"
s99,280.331,"Finalize Aggregate  (cost=697067.17..697067.18 rows=1 width=8) (actual time=279.505..281.742 rows=1 loops=1) |   ->  Gather  (cost=697067.06..697067.17 rows=1 width=8) (actual time=273.258..281.724 rows=2 loops=1) |         Workers Planned: 1 |         Workers Launched: 1 |         ->  Partial Aggregate  (cost=696067.06..696067.07 rows=1 width=8) (actual time=270.854..270.858 rows=1 loops=2) |               ->  Parallel Hash Join  (cost=18837.98..37412.46 rows=263461839 width=0) (actual time=194.760..243.891 rows=745148 loops=2) |                     Hash Cond: (c.userid = u.id) |                     ->  Parallel Seq Scan on comments c  (cost=0.00..2625.65 rows=79705 width=4) (actual time=0.018..5.732 rows=67444 loops=2) |                           Filter: (score = 0) |                           Rows Removed by Filter: 19709 |                     ->  Parallel Hash  (cost=9027.88..9027.88 rows=564328 width=12) (actual time=181.654..181.656 rows=26934 loops=2) |                           Buckets: 262144  Batches: 8  Memory Usage: 2592kB |                           ->  Hash Join  (cost=4009.53..9027.88 rows=564328 width=12) (actual time=159.369..178.089 rows=26934 loops=2) |                                 Hash Cond: (v.userid = u.id) |                                 ->  Parallel Seq Scan on votes v  (cost=0.00..4089.79 rows=192979 width=4) (actual time=0.008..9.414 rows=164032 loops=2) |                                 ->  Hash  (cost=3495.27..3495.27 rows=41141 width=8) (actual time=159.283..159.284 rows=32854 loops=2) |                                       Buckets: 65536  Batches: 1  Memory Usage: 1796kB |                                       ->  Hash Join  (cost=1392.99..3495.27 rows=41141 width=8) (actual time=144.639..155.579 rows=32854 loops=2) |                                             Hash Cond: (p.owneruserid = u.id) |                                             ->  Seq Scan on posts p  (cost=0.00..1989.70 rows=42883 width=4) (actual time=137.993..142.495 rows=42921 loops=2) |                                                   Filter: (viewcount >= 0) |                                                   Rows Removed by Filter: 49055 |                                             ->  Hash  (cost=901.88..901.88 rows=39289 width=4) (actual time=6.588..6.589 rows=39321 loops=2) |                                                   Buckets: 65536  Batches: 1  Memory Usage: 1895kB |                                                   ->  Seq Scan on users u  (cost=0.00..901.88 rows=39289 width=4) (actual time=0.026..2.975 rows=39321 loops=2) |                                                         Filter: ((reputation <= 306) AND (upvotes >= 0)) |                                                         Rows Removed by Filter: 1004 | Planning Time: 0.290 ms | JIT: |   Functions: 72 |   Options: Inlining true, Optimization true, Expressions true, Deforming true |   Timing: Generation 1.579 ms, Inlining 39.875 ms, Optimization 126.250 ms, Emission 110.025 ms, Total 277.730 ms | Execution Time: 282.652 ms"
s100,89.477,Finalize Aggregate  (cost=15157.39..15157.40 rows=1 width=8) (actual time=85.503..87.273 rows=1 loops=1) |   ->  Gather  (cost=15157.28..15157.39 rows=1 width=8) (actual time=85.163..87.267 rows=2 loops=1) |         Workers Planned: 1 |         Workers Launched: 1 |         ->  Partial Aggregate  (cost=14157.28..14157.29 rows=1 width=8) (actual time=80.500..80.503 rows=1 loops=2) |               ->  Parallel Hash Join  (cost=8011.27..13759.85 rows=158971 width=0) (actual time=43.950..75.470 rows=151605 loops=2) |                     Hash Cond: (v.postid = p.id) |                     ->  Parallel Seq Scan on votes v  (cost=0.00..4089.79 rows=192979 width=4) (actual time=0.005..8.271 rows=164032 loops=2) |                     ->  Parallel Hash  (cost=7454.16..7454.16 rows=44569 width=8) (actual time=43.708..43.710 rows=42380 loops=2) |                           Buckets: 131072  Batches: 1  Memory Usage: 4384kB |                           ->  Hash Join  (cost=4694.15..7454.16 rows=44569 width=8) (actual time=17.349..38.591 rows=42380 loops=2) |                                 Hash Cond: (p.owneruserid = u.id) |                                 ->  Hash Join  (cost=3198.63..5837.11 rows=46295 width=12) (actual time=10.722..25.931 rows=43405 loops=2) |                                       Hash Cond: (c.postid = p.id) |                                       ->  Parallel Seq Scan on comments c  (cost=0.00..2369.32 rows=102532 width=4) (actual time=0.003..4.530 rows=87152 loops=2) |                                       ->  Hash  (cost=2679.52..2679.52 rows=41529 width=8) (actual time=10.653..10.654 rows=41589 loops=2) |                                             Buckets: 65536  Batches: 1  Memory Usage: 2134kB |                                             ->  Seq Scan on posts p  (cost=0.00..2679.52 rows=41529 width=8) (actual time=0.014..6.737 rows=41589 loops=2) |                                                   Filter: ((score >= 0) AND (score <= 16) AND (viewcount >= 0) AND (creationdate <= '2014-09-09 12:00:50'::timestamp without time zone)) |                                                   Rows Removed by Filter: 50387 |                                 ->  Hash  (cost=1002.69..1002.69 rows=39426 width=4) (actual time=6.574..6.574 rows=39426 loops=2) |                                       Buckets: 65536  Batches: 1  Memory Usage: 1899kB |                                       ->  Seq Scan on users u  (cost=0.00..1002.69 rows=39426 width=4) (actual time=0.007..3.098 rows=39426 loops=2) |                                             Filter: ((reputation >= 1) AND (creationdate >= '2010-07-19 19:08:49'::timestamp without time zone) AND (creationdate <= '2014-08-28 12:15:56'::timestamp without time zone)) |                                             Rows Removed by Filter: 899 | Planning Time: 0.223 ms | Execution Time: 87.314 ms
s101,111.142,Finalize Aggregate  (cost=17785.23..17785.24 rows=1 width=8) (actual time=109.409..111.093 rows=1 loops=1) |   ->  Gather  (cost=17785.12..17785.23 rows=1 width=8) (actual time=108.921..111.088 rows=2 loops=1) |         Workers Planned: 1 |         Workers Launched: 1 |         ->  Partial Aggregate  (cost=16785.12..16785.13 rows=1 width=8) (actual time=104.323..104.327 rows=1 loops=2) |               ->  Parallel Hash Join  (cost=9283.11..16126.89 rows=263291 width=0) (actual time=55.741..97.048 rows=204300 loops=2) |                     Hash Cond: (v.postid = p.id) |                     ->  Parallel Seq Scan on votes v  (cost=0.00..4572.24 rows=192741 width=4) (actual time=0.006..10.647 rows=163944 loops=2) |                           Filter: (creationdate <= '2014-09-12 00:00:00'::timestamp without time zone) |                           Rows Removed by Filter: 88 |                     ->  Parallel Hash  (cost=8359.28..8359.28 rows=73907 width=8) (actual time=55.488..55.491 rows=56941 loops=2) |                           Buckets: 131072  Batches: 1  Memory Usage: 5504kB |                           ->  Hash Join  (cost=5071.88..8359.28 rows=73907 width=8) (actual time=24.507..48.474 rows=56941 loops=2) |                                 Hash Cond: (p.owneruserid = u.id) |                                 ->  Hash Join  (cost=3766.76..6857.10 rows=75058 width=12) (actual time=18.115..34.142 rows=57744 loops=2) |                                       Hash Cond: (c.postid = p.id) |                                       ->  Parallel Seq Scan on comments c  (cost=0.00..2881.99 rows=79371 width=4) (actual time=0.004..5.738 rows=67129 loops=2) |                                             Filter: ((creationdate <= '2014-09-10 02:47:53'::timestamp without time zone) AND (score = 0)) |                                             Rows Removed by Filter: 20024 |                                       ->  Hash  (cost=2679.52..2679.52 rows=86979 width=8) (actual time=18.005..18.005 rows=87175 loops=2) |                                             Buckets: 131072  Batches: 1  Memory Usage: 4425kB |                                             ->  Seq Scan on posts p  (cost=0.00..2679.52 rows=86979 width=8) (actual time=0.015..9.296 rows=87175 loops=2) |                                                   Filter: ((score >= 0) AND (score <= 19) AND (commentcount <= 10) AND (creationdate <= '2014-08-28 13:31:33'::timestamp without time zone)) |                                                   Rows Removed by Filter: 4801 |                                 ->  Hash  (cost=801.06..801.06 rows=40325 width=4) (actual time=6.337..6.338 rows=40325 loops=2) |                                       Buckets: 65536  Batches: 1  Memory Usage: 1930kB |                                       ->  Seq Scan on users u  (cost=0.00..801.06 rows=40325 width=4) (actual time=0.006..2.800 rows=40325 loops=2) |                                             Filter: (downvotes >= 0) | Planning Time: 0.236 ms | Execution Time: 111.142 ms
s102,233.359,Finalize Aggregate  (cost=22290.34..22290.35 rows=1 width=8) (actual time=223.760..225.561 rows=1 loops=1) |   ->  Gather  (cost=22290.23..22290.34 rows=1 width=8) (actual time=223.535..225.556 rows=2 loops=1) |         Workers Planned: 1 |         Workers Launched: 1 |         ->  Partial Aggregate  (cost=21290.23..21290.24 rows=1 width=8) (actual time=218.859..218.863 rows=1 loops=2) |               ->  Hash Join  (cost=6821.00..13602.89 rows=3074935 width=0) (actual time=41.276..169.276 rows=1404712 loops=2) |                     Hash Cond: (p.owneruserid = u.id) |                     ->  Hash Join  (cost=2982.30..7578.69 rows=89419 width=4) (actual time=10.476..44.248 rows=71936 loops=2) |                           Hash Cond: (v.postid = p.id) |                           ->  Parallel Seq Scan on votes v  (cost=0.00..4089.79 rows=192979 width=4) (actual time=0.006..8.466 rows=164032 loops=2) |                           ->  Hash  (cost=2449.58..2449.58 rows=42618 width=8) (actual time=10.407..10.407 rows=42661 loops=2) |                                 Buckets: 65536  Batches: 1  Memory Usage: 2176kB |                                 ->  Seq Scan on posts p  (cost=0.00..2449.58 rows=42618 width=8) (actual time=0.018..6.407 rows=42661 loops=2) |                                       Filter: ((answercount >= 0) AND (answercount <= 7) AND (creationdate <= '2014-09-12 00:03:32'::timestamp without time zone)) |                                       Rows Removed by Filter: 49315 |                     ->  Hash  (cost=2843.47..2843.47 rows=79618 width=8) (actual time=30.671..30.673 rows=79593 loops=2) |                           Buckets: 131072  Batches: 1  Memory Usage: 4134kB |                           ->  Hash Join  (cost=1204.31..2843.47 rows=79618 width=8) (actual time=6.000..22.177 rows=79593 loops=2) |                                 Hash Cond: (b.userid = u.id) |                                 ->  Seq Scan on badges b  (cost=0.00..1430.14 rows=79618 width=4) (actual time=0.006..4.911 rows=79593 loops=2) |                                       Filter: (date <= '2014-09-11 07:27:36'::timestamp without time zone) |                                       Rows Removed by Filter: 258 |                                 ->  Hash  (cost=700.25..700.25 rows=40325 width=4) (actual time=5.940..5.940 rows=40325 loops=2) |                                       Buckets: 65536  Batches: 1  Memory Usage: 1930kB |                                       ->  Seq Scan on users u  (cost=0.00..700.25 rows=40325 width=4) (actual time=0.003..2.438 rows=40325 loops=2) | Planning Time: 0.222 ms | Execution Time: 225.619 ms
s103,458.714,Finalize Aggregate  (cost=81351.87..81351.88 rows=1 width=8) (actual time=458.563..458.658 rows=1 loops=1) |   ->  Gather  (cost=81351.75..81351.86 rows=1 width=8) (actual time=458.556..458.655 rows=2 loops=1) |         Workers Planned: 1 |         Workers Launched: 1 |         ->  Partial Aggregate  (cost=80351.75..80351.76 rows=1 width=8) (actual time=347.737..347.740 rows=1 loops=2) |               ->  Merge Join  (cost=20985.58..30359.80 rows=19996783 width=0) (actual time=49.857..280.101 rows=1889042 loops=2) |                     Merge Cond: (u.id = p.owneruserid) |                     ->  Merge Join  (cost=15246.98..16138.59 rows=467266 width=12) (actual time=38.413..56.853 rows=102164 loops=2) |                           Merge Cond: (u.id = b.userid) |                           ->  Sort  (cost=7514.56..7564.19 rows=19853 width=8) (actual time=26.019..26.821 rows=11556 loops=2) |                                 Sort Key: v.userid |                                 Sort Method: quicksort  Memory: 815kB |                                 Worker 0:  Sort Method: quicksort  Memory: 676kB |                                 ->  Hash Join  (cost=1500.99..6097.35 rows=19853 width=8) (actual time=6.980..24.628 rows=11556 loops=2) |                                       Hash Cond: (v.userid = u.id) |                                       ->  Parallel Seq Scan on votes v  (cost=0.00..4089.79 rows=192979 width=4) (actual time=0.007..8.641 rows=164032 loops=2) |                                       ->  Hash  (cost=1002.69..1002.69 rows=39864 width=4) (actual time=6.904..6.904 rows=39882 loops=2) |                                             Buckets: 65536  Batches: 1  Memory Usage: 1915kB |                                             ->  Seq Scan on users u  (cost=0.00..1002.69 rows=39864 width=4) (actual time=0.005..3.258 rows=39882 loops=2) |                                                   Filter: ((reputation >= 1) AND (downvotes >= 0) AND (downvotes <= 1)) |                                                   Rows Removed by Filter: 443 |                           ->  Sort  (cost=7732.39..7932.01 rows=79851 width=4) (actual time=12.363..18.687 rows=166654 loops=2) |                                 Sort Key: b.userid |                                 Sort Method: quicksort  Memory: 3073kB |                                 Worker 0:  Sort Method: quicksort  Memory: 3073kB |                                 ->  Seq Scan on badges b  (cost=0.00..1230.51 rows=79851 width=4) (actual time=0.020..4.870 rows=79851 loops=2) |                     ->  Sort  (cost=5738.51..5845.40 rows=42758 width=4) (actual time=11.431..83.093 rows=1921733 loops=2) |                           Sort Key: p.owneruserid |                           Sort Method: quicksort  Memory: 1537kB |                           Worker 0:  Sort Method: quicksort  Memory: 1537kB |                           ->  Seq Scan on posts p  (cost=0.00..2449.58 rows=42758 width=4) (actual time=0.016..7.318 rows=42786 loops=2) |                                 Filter: ((commentcount >= 0) AND (commentcount <= 15) AND (posttypeid = 1)) |                                 Rows Removed by Filter: 49190 | Planning Time: 0.263 ms | Execution Time: 458.714 ms
s104,4559.702,"Finalize Aggregate  (cost=2314673.66..2314673.67 rows=1 width=8) (actual time=4558.500..4558.586 rows=1 loops=1) |   ->  Gather  (cost=2314673.55..2314673.66 rows=1 width=8) (actual time=4558.490..4558.580 rows=2 loops=1) |         Workers Planned: 1 |         Workers Launched: 1 |         ->  Partial Aggregate  (cost=2313673.55..2313673.56 rows=1 width=8) (actual time=2407.756..2407.760 rows=1 loops=2) |               ->  Merge Join  (cost=84303.84..142707.50 rows=868386418 width=0) (actual time=233.820..2207.112 rows=5537946 loops=2) |                     Merge Cond: (v.userid = u.id) |                     ->  Merge Join  (cost=62552.77..167390.11 rows=7023048 width=8) (actual time=185.794..1077.486 rows=6991650 loops=2) |                           Merge Cond: (ph.userid = v.userid) |                           ->  Sort  (cost=22568.49..23006.41 rows=175169 width=4) (actual time=146.887..155.997 rows=138838 loops=2) |                                 Sort Key: ph.userid |                                 Sort Method: external merge  Disk: 3328kB |                                 Worker 0:  Sort Method: quicksort  Memory: 97kB |                                 ->  Parallel Seq Scan on posthistory ph  (cost=0.00..4915.18 rows=175169 width=4) (actual time=120.723..132.060 rows=149394 loops=2) |                                       Filter: ((creationdate >= '2010-07-28 09:11:34'::timestamp without time zone) AND (creationdate <= '2014-09-06 06:51:53'::timestamp without time zone)) |                                       Rows Removed by Filter: 2199 |                           ->  Materialize  (cost=39984.24..41624.56 rows=328064 width=4) (actual time=38.864..303.780 rows=7009140 loops=2) |                                 ->  Sort  (cost=39984.24..40804.40 rows=328064 width=4) (actual time=38.861..41.232 rows=34756 loops=2) |                                       Sort Key: v.userid |                                       Sort Method: external merge  Disk: 1560kB |                                       Worker 0:  Sort Method: external merge  Disk: 1560kB |                                       ->  Seq Scan on votes v  (cost=0.00..5440.64 rows=328064 width=4) (actual time=0.018..20.256 rows=328064 loops=2) |                     ->  Materialize  (cost=21750.21..22582.46 rows=166450 width=8) (actual time=40.911..244.428 rows=5584406 loops=2) |                           ->  Sort  (cost=21750.21..22166.33 rows=166450 width=8) (actual time=40.908..43.860 rows=57353 loops=2) |                                 Sort Key: c.userid |                                 Sort Method: quicksort  Memory: 3334kB |                                 Worker 0:  Sort Method: quicksort  Memory: 3334kB |                                 ->  Hash Join  (cost=1491.91..5036.56 rows=166450 width=8) (actual time=6.791..33.553 rows=57512 loops=2) |                                       Hash Cond: (c.userid = u.id) |                                       ->  Seq Scan on comments c  (cost=0.00..3087.05 rows=174305 width=4) (actual time=0.018..9.423 rows=174305 loops=2) |                                       ->  Hash  (cost=1002.69..1002.69 rows=39138 width=4) (actual time=6.658..6.659 rows=39462 loops=2) |                                             Buckets: 65536  Batches: 1  Memory Usage: 1900kB |                                             ->  Seq Scan on users u  (cost=0.00..1002.69 rows=39138 width=4) (actual time=0.010..3.037 rows=39462 loops=2) |                                                   Filter: ((downvotes <= 0) AND (upvotes >= 0) AND (upvotes <= 72)) |                                                   Rows Removed by Filter: 863 | Planning Time: 0.305 ms | JIT: |   Functions: 66 |   Options: Inlining true, Optimization true, Expressions true, Deforming true |   Timing: Generation 1.363 ms, Inlining 46.837 ms, Optimization 108.818 ms, Emission 85.918 ms, Total 242.936 ms | Execution Time: 4559.702 ms"
s105,26920.225,"Finalize Aggregate  (cost=1872329.84..1872329.85 rows=1 width=8) (actual time=26918.505..26918.592 rows=1 loops=1) |   ->  Gather  (cost=1872329.73..1872329.84 rows=1 width=8) (actual time=26918.486..26918.582 rows=2 loops=1) |         Workers Planned: 1 |         Workers Launched: 1 |         ->  Partial Aggregate  (cost=1871329.73..1871329.74 rows=1 width=8) (actual time=18732.547..18732.550 rows=1 loops=2) |               ->  Merge Join  (cost=80213.37..129391.11 rows=696775449 width=0) (actual time=241.136..15339.326 rows=91768582 loops=2) |                     Merge Cond: (u.id = v.userid) |                     ->  Sort  (cost=22579.78..22992.90 rows=165249 width=8) (actual time=175.243..186.249 rows=97240 loops=2) |                           Sort Key: ph.userid |                           Sort Method: external merge  Disk: 2584kB |                           Worker 0:  Sort Method: quicksort  Memory: 3062kB |                           ->  Hash Join  (cost=1504.76..5996.42 rows=165249 width=8) (actual time=130.875..160.038 rows=97406 loops=2) |                                 Hash Cond: (ph.userid = u.id) |                                 ->  Parallel Seq Scan on posthistory ph  (cost=0.00..4023.45 rows=178345 width=4) (actual time=0.013..9.332 rows=151594 loops=2) |                                 ->  Hash  (cost=1002.69..1002.69 rows=40166 width=4) (actual time=130.764..130.765 rows=40186 loops=2) |                                       Buckets: 65536  Batches: 1  Memory Usage: 1925kB |                                       ->  Seq Scan on users u  (cost=0.00..1002.69 rows=40166 width=4) (actual time=123.617..126.740 rows=40186 loops=2) |                                             Filter: ((views <= 433) AND (downvotes >= 0) AND (creationdate <= '2014-09-12 21:37:39'::timestamp without time zone)) |                                             Rows Removed by Filter: 139 |                     ->  Materialize  (cost=57632.67..190447.83 rows=7631777 width=8) (actual time=63.959..5101.011 rows=98353238 loops=2) |                           ->  Merge Join  (cost=57632.67..171368.39 rows=7631777 width=8) (actual time=63.956..940.300 rows=7472483 loops=2) |                                 Merge Cond: (c.userid = v.userid) |                                 ->  Sort  (cost=17622.52..17957.15 rows=133852 width=4) (actual time=24.749..30.374 rows=132311 loops=2) |                                       Sort Key: c.userid |                                       Sort Method: quicksort  Memory: 4096kB |                                       Worker 0:  Sort Method: quicksort  Memory: 4096kB |                                       ->  Seq Scan on comments c  (cost=0.00..4394.34 rows=133852 width=4) (actual time=0.026..13.327 rows=134490 loops=2) |                                             Filter: ((creationdate >= '2010-07-19 19:56:21'::timestamp without time zone) AND (creationdate <= '2014-09-11 13:36:12'::timestamp without time zone) AND (score = 0)) |                                             Rows Removed by Filter: 39815 |                                 ->  Materialize  (cost=39984.24..41624.56 rows=328064 width=4) (actual time=39.158..293.377 rows=7479450 loops=2) |                                       ->  Sort  (cost=39984.24..40804.40 rows=328064 width=4) (actual time=39.154..41.903 rows=34776 loops=2) |                                             Sort Key: v.userid |                                             Sort Method: external merge  Disk: 1560kB |                                             Worker 0:  Sort Method: external merge  Disk: 1560kB |                                             ->  Seq Scan on votes v  (cost=0.00..5440.64 rows=328064 width=4) (actual time=0.022..20.033 rows=328064 loops=2) | Planning Time: 0.429 ms | JIT: |   Functions: 68 |   Options: Inlining true, Optimization true, Expressions true, Deforming true |   Timing: Generation 1.782 ms, Inlining 46.078 ms, Optimization 110.447 ms, Emission 90.903 ms, Total 249.210 ms | Execution Time: 26920.225 ms"
s106,779.406,"Finalize Aggregate  (cost=694420.31..694420.32 rows=1 width=8) (actual time=766.479..766.560 rows=1 loops=1) |   ->  Gather  (cost=694420.19..694420.30 rows=1 width=8) (actual time=766.469..766.554 rows=2 loops=1) |         Workers Planned: 1 |         Workers Launched: 1 |         ->  Partial Aggregate  (cost=693420.19..693420.20 rows=1 width=8) (actual time=482.364..482.368 rows=1 loops=2) |               ->  Merge Join  (cost=58423.33..75645.62 rows=247109828 width=0) (actual time=330.292..472.029 rows=284738 loops=2) |                     Merge Cond: (v.userid = u.id) |                     ->  Merge Join  (cost=37287.33..69939.17 rows=2170141 width=8) (actual time=159.903..328.234 rows=1319600 loops=2) |                           Merge Cond: (v.userid = ph.userid) |                           ->  Sort  (cost=23670.50..24152.94 rows=192979 width=4) (actual time=137.556..138.594 rows=17330 loops=2) |                                 Sort Key: v.userid |                                 Sort Method: external merge  Disk: 1560kB |                                 Worker 0:  Sort Method: quicksort  Memory: 25kB |                                 ->  Parallel Seq Scan on votes v  (cost=0.00..4089.79 rows=192979 width=4) (actual time=118.651..127.826 rows=164032 loops=2) |                           ->  Sort  (cost=13616.46..13846.50 rows=92017 width=4) (actual time=22.247..74.440 rows=1340473 loops=2) |                                 Sort Key: ph.userid |                                 Sort Method: quicksort  Memory: 3073kB |                                 Worker 0:  Sort Method: quicksort  Memory: 3073kB |                                 ->  Seq Scan on posthistory ph  (cost=0.00..6029.84 rows=92017 width=4) (actual time=0.029..13.862 rows=91976 loops=2) |                                       Filter: (posthistorytypeid = 2) |                                       Rows Removed by Filter: 211211 |                     ->  Materialize  (cost=21135.74..21902.16 rows=153285 width=8) (actual time=41.263..54.417 rows=301806 loops=2) |                           ->  Sort  (cost=21135.74..21518.95 rows=153285 width=8) (actual time=41.258..42.400 rows=23266 loops=2) |                                 Sort Key: c.userid |                                 Sort Method: quicksort  Memory: 2991kB |                                 Worker 0:  Sort Method: quicksort  Memory: 2991kB |                                 ->  Hash Join  (cost=1865.29..5836.91 rows=153285 width=8) (actual time=6.990..35.139 rows=46532 loops=2) |                                       Hash Cond: (c.userid = u.id) |                                       ->  Seq Scan on comments c  (cost=0.00..3522.81 rows=170958 width=4) (actual time=0.023..10.861 rows=171115 loops=2) |                                             Filter: (creationdate <= '2014-08-28 07:25:55'::timestamp without time zone) |                                             Rows Removed by Filter: 3190 |                                       ->  Hash  (cost=1405.94..1405.94 rows=36748 width=4) (actual time=6.580..6.581 rows=36820 loops=2) |                                             Buckets: 65536  Batches: 1  Memory Usage: 1807kB |                                             ->  Seq Scan on users u  (cost=0.00..1405.94 rows=36748 width=4) (actual time=0.054..3.336 rows=36820 loops=2) |                                                   Filter: ((reputation >= 1) AND (views >= 0) AND (downvotes >= 0) AND (upvotes >= 0) AND (upvotes <= 15) AND (creationdate >= '2010-09-03 11:45:16'::timestamp without time zone) AND (creationdate <= '2014-08-18 17:19:53'::timestamp without time zone)) |                                                   Rows Removed by Filter: 3505 | Planning Time: 0.292 ms | JIT: |   Functions: 70 |   Options: Inlining true, Optimization true, Expressions true, Deforming true |   Timing: Generation 1.520 ms, Inlining 43.097 ms, Optimization 104.921 ms, Emission 89.444 ms, Total 238.982 ms | Execution Time: 768.623 ms"
s107,28159.703,Finalize Aggregate  (cost=30172.67..30172.68 rows=1 width=8) (actual time=27832.288..27839.793 rows=1 loops=1) |   ->  Gather  (cost=30172.56..30172.67 rows=1 width=8) (actual time=27832.281..27839.789 rows=2 loops=1) |         Workers Planned: 1 |         Workers Launched: 1 |         ->  Partial Aggregate  (cost=29172.56..29172.57 rows=1 width=8) (actual time=27816.408..27816.412 rows=1 loops=2) |               ->  Parallel Hash Join  (cost=10155.00..13249.31 rows=6369299 width=0) (actual time=204.876..18296.183 rows=268676132 loops=2) |                     Hash Cond: (c.userid = u.id) |                     ->  Parallel Seq Scan on comments c  (cost=0.00..2881.99 rows=14196 width=4) (actual time=0.047..4.027 rows=12366 loops=2) |                           Filter: ((creationdate >= '2010-08-27 14:12:07'::timestamp without time zone) AND (score = 1)) |                           Rows Removed by Filter: 74786 |                     ->  Parallel Hash  (cost=9580.89..9580.89 rows=45929 width=12) (actual time=197.846..197.848 rows=495869 loops=2) |                           Buckets: 262144 (originally 131072)  Batches: 32 (originally 1)  Memory Usage: 9248kB |                           ->  Hash Join  (cost=3908.61..9580.89 rows=45929 width=12) (actual time=31.769..78.679 rows=495869 loops=2) |                                 Hash Cond: (v.userid = u.id) |                                 ->  Parallel Seq Scan on votes v  (cost=0.00..5537.13 rows=19302 width=4) (actual time=0.013..9.736 rows=16845 loops=2) |                                       Filter: ((creationdate >= '2010-07-19 00:00:00'::timestamp without time zone) AND (creationdate <= '2014-09-13 00:00:00'::timestamp without time zone) AND (votetypeid = 5)) |                                       Rows Removed by Filter: 147187 |                                 ->  Hash  (cost=2938.92..2938.92 rows=77575 width=8) (actual time=31.621..31.623 rows=77535 loops=2) |                                       Buckets: 131072  Batches: 1  Memory Usage: 4053kB |                                       ->  Hash Join  (cost=1305.12..2938.92 rows=77575 width=8) (actual time=6.678..23.019 rows=77535 loops=2) |                                             Hash Cond: (b.userid = u.id) |                                             ->  Seq Scan on badges b  (cost=0.00..1430.14 rows=77575 width=4) (actual time=0.007..4.977 rows=77535 loops=2) |                                                   Filter: (date <= '2014-08-19 10:32:13'::timestamp without time zone) |                                                   Rows Removed by Filter: 2316 |                                             ->  Hash  (cost=801.06..801.06 rows=40325 width=4) (actual time=6.603..6.603 rows=40325 loops=2) |                                                   Buckets: 65536  Batches: 1  Memory Usage: 1930kB |                                                   ->  Seq Scan on users u  (cost=0.00..801.06 rows=40325 width=4) (actual time=0.005..2.871 rows=40325 loops=2) |                                                         Filter: (reputation >= 1) | Planning Time: 0.351 ms | Execution Time: 27839.845 ms
s108,37442.264,"Finalize Aggregate  (cost=189884.08..189884.09 rows=1 width=8) (actual time=37231.934..37239.604 rows=1 loops=1) |   ->  Gather  (cost=189883.96..189884.07 rows=1 width=8) (actual time=36897.095..37239.579 rows=2 loops=1) |         Workers Planned: 1 |         Workers Launched: 1 |         ->  Partial Aggregate  (cost=188883.96..188883.97 rows=1 width=8) (actual time=37052.244..37052.250 rows=1 loops=2) |               ->  Parallel Hash Join  (cost=17402.97..24593.58 rows=65716152 width=0) (actual time=238.265..22648.514 rows=296584646 loops=2) |                     Hash Cond: (c.userid = u.id) |                     ->  Parallel Seq Scan on comments c  (cost=0.00..2881.99 rows=14245 width=4) (actual time=0.047..7.297 rows=12488 loops=2) |                           Filter: ((creationdate >= '2010-07-20 23:17:28'::timestamp without time zone) AND (score = 1)) |                           Rows Removed by Filter: 74664 |                     ->  Parallel Hash  (cost=9194.02..9194.02 rows=472236 width=12) (actual time=226.434..226.437 rows=506418 loops=2) |                           Buckets: 262144 (originally 262144)  Batches: 32 (originally 8)  Memory Usage: 10208kB |                           ->  Hash Join  (cost=3742.03..9194.02 rows=472236 width=12) (actual time=53.880..119.098 rows=506418 loops=2) |                                 Hash Cond: (v.userid = u.id) |                                 ->  Parallel Seq Scan on votes v  (cost=0.00..4089.79 rows=192979 width=4) (actual time=0.012..10.224 rows=164032 loops=2) |                                 ->  Hash  (cost=2744.80..2744.80 rows=79778 width=8) (actual time=53.616..53.618 rows=77791 loops=2) |                                       Buckets: 131072  Batches: 1  Memory Usage: 4063kB |                                       ->  Hash Join  (cost=1304.66..2744.80 rows=79778 width=8) (actual time=22.944..42.712 rows=77791 loops=2) |                                             Hash Cond: (b.userid = u.id) |                                             ->  Seq Scan on badges b  (cost=0.00..1230.51 rows=79851 width=4) (actual time=0.015..4.490 rows=79851 loops=2) |                                             ->  Hash  (cost=801.06..801.06 rows=40288 width=4) (actual time=22.745..22.746 rows=40173 loops=2) |                                                   Buckets: 65536  Batches: 1  Memory Usage: 1925kB |                                                   ->  Seq Scan on users u  (cost=0.00..801.06 rows=40288 width=4) (actual time=13.835..17.770 rows=40173 loops=2) |                                                         Filter: (creationdate >= '2010-07-20 01:27:29'::timestamp without time zone) |                                                         Rows Removed by Filter: 152 | Planning Time: 0.515 ms | JIT: |   Functions: 68 |   Options: Inlining false, Optimization false, Expressions true, Deforming true |   Timing: Generation 3.298 ms, Inlining 0.000 ms, Optimization 2.636 ms, Emission 25.280 ms, Total 31.215 ms | Execution Time: 37242.082 ms"
s109,174.455,Finalize Aggregate  (cost=29110.93..29110.94 rows=1 width=8) (actual time=170.788..172.669 rows=1 loops=1) |   ->  Gather  (cost=29110.81..29110.92 rows=1 width=8) (actual time=170.510..172.665 rows=2 loops=1) |         Workers Planned: 1 |         Workers Launched: 1 |         ->  Partial Aggregate  (cost=28110.81..28110.82 rows=1 width=8) (actual time=165.250..165.254 rows=1 loops=2) |               ->  Parallel Hash Join  (cost=12825.38..26156.99 rows=781531 width=0) (actual time=63.855..147.880 rows=489202 loops=2) |                     Hash Cond: (pl.postid = p.id) |                     ->  Parallel Hash Join  (cost=6623.72..17276.79 rows=215735 width=12) (actual time=29.567..71.797 rows=188791 loops=2) |                           Hash Cond: (pl.postid = ph.postid) |                           ->  Hash Join  (cost=370.95..9470.51 rows=45517 width=8) (actual time=1.634..26.709 rows=26710 loops=2) |                                 Hash Cond: (v.postid = pl.postid) |                                 ->  Parallel Seq Scan on votes v  (cost=0.00..5054.68 rows=191451 width=4) (actual time=0.024..11.574 rows=163444 loops=2) |                                       Filter: ((creationdate >= '2010-07-22 00:00:00'::timestamp without time zone) AND (creationdate <= '2014-09-14 00:00:00'::timestamp without time zone)) |                                       Rows Removed by Filter: 588 |                                 ->  Hash  (cost=248.53..248.53 rows=9794 width=4) (actual time=1.572..1.572 rows=9794 loops=2) |                                       Buckets: 16384  Batches: 1  Memory Usage: 473kB |                                       ->  Seq Scan on postlinks pl  (cost=0.00..248.53 rows=9794 width=4) (actual time=0.056..0.800 rows=9794 loops=2) |                                             Filter: ((creationdate >= '2011-11-21 22:39:41'::timestamp without time zone) AND (creationdate <= '2014-09-01 16:29:56'::timestamp without time zone)) |                                             Rows Removed by Filter: 1308 |                           ->  Parallel Hash  (cost=4023.45..4023.45 rows=178345 width=4) (actual time=27.294..27.294 rows=151594 loops=2) |                                 Buckets: 524288  Batches: 1  Memory Usage: 15968kB |                                 ->  Parallel Seq Scan on posthistory ph  (cost=0.00..4023.45 rows=178345 width=4) (actual time=0.007..9.803 rows=151594 loops=2) |                     ->  Parallel Hash  (cost=5205.35..5205.35 rows=79705 width=8) (actual time=33.900..33.901 rows=67444 loops=2) |                           Buckets: 262144  Batches: 1  Memory Usage: 7328kB |                           ->  Parallel Hash Join  (cost=2370.46..5205.35 rows=79705 width=8) (actual time=8.678..25.094 rows=67444 loops=2) |                                 Hash Cond: (c.postid = p.id) |                                 ->  Parallel Seq Scan on comments c  (cost=0.00..2625.65 rows=79705 width=4) (actual time=0.007..5.266 rows=67444 loops=2) |                                       Filter: (score = 0) |                                       Rows Removed by Filter: 19709 |                                 ->  Parallel Hash  (cost=1891.42..1891.42 rows=38323 width=4) (actual time=8.489..8.489 rows=45988 loops=2) |                                       Buckets: 131072  Batches: 1  Memory Usage: 4640kB |                                       ->  Parallel Index Only Scan using posts_pkey on posts p  (cost=0.29..1891.42 rows=38323 width=4) (actual time=0.012..3.131 rows=45988 loops=2) |                                             Heap Fetches: 0 | Planning Time: 0.528 ms | Execution Time: 172.710 ms
s110,183.149,Finalize Aggregate  (cost=28652.92..28652.93 rows=1 width=8) (actual time=180.416..182.229 rows=1 loops=1) |   ->  Gather  (cost=28652.81..28652.92 rows=1 width=8) (actual time=179.724..182.224 rows=2 loops=1) |         Workers Planned: 1 |         Workers Launched: 1 |         ->  Partial Aggregate  (cost=27652.81..27652.82 rows=1 width=8) (actual time=174.965..175.030 rows=1 loops=2) |               ->  Parallel Hash Join  (cost=12833.02..25560.55 rows=836903 width=0) (actual time=63.469..155.527 rows=552076 loops=2) |                     Hash Cond: (pl.postid = p.id) |                     ->  Parallel Hash Join  (cost=6631.36..16490.55 rows=231023 width=12) (actual time=29.517..74.013 rows=213584 loops=2) |                           Hash Cond: (pl.postid = ph.postid) |                           ->  Hash Join  (cost=378.59..8574.17 rows=48743 width=8) (actual time=1.692..26.536 rows=30220 loops=2) |                                 Hash Cond: (v.postid = pl.postid) |                                 ->  Parallel Seq Scan on votes v  (cost=0.00..4089.79 rows=192979 width=4) (actual time=0.004..8.697 rows=164032 loops=2) |                                 ->  Hash  (cost=248.53..248.53 rows=10405 width=4) (actual time=1.644..1.645 rows=10423 loops=2) |                                       Buckets: 16384  Batches: 1  Memory Usage: 495kB |                                       ->  Seq Scan on postlinks pl  (cost=0.00..248.53 rows=10405 width=4) (actual time=0.030..0.815 rows=10423 loops=2) |                                             Filter: ((creationdate >= '2011-03-22 06:18:34'::timestamp without time zone) AND (creationdate <= '2014-08-22 20:04:25'::timestamp without time zone)) |                                             Rows Removed by Filter: 679 |                           ->  Parallel Hash  (cost=4023.45..4023.45 rows=178345 width=4) (actual time=27.194..27.194 rows=151594 loops=2) |                                 Buckets: 524288  Batches: 1  Memory Usage: 16000kB |                                 ->  Parallel Seq Scan on posthistory ph  (cost=0.00..4023.45 rows=178345 width=4) (actual time=0.005..9.673 rows=151594 loops=2) |                     ->  Parallel Hash  (cost=5205.35..5205.35 rows=79705 width=8) (actual time=33.582..33.584 rows=67444 loops=2) |                           Buckets: 262144  Batches: 1  Memory Usage: 7360kB |                           ->  Parallel Hash Join  (cost=2370.46..5205.35 rows=79705 width=8) (actual time=8.436..24.831 rows=67444 loops=2) |                                 Hash Cond: (c.postid = p.id) |                                 ->  Parallel Seq Scan on comments c  (cost=0.00..2625.65 rows=79705 width=4) (actual time=0.005..5.344 rows=67444 loops=2) |                                       Filter: (score = 0) |                                       Rows Removed by Filter: 19709 |                                 ->  Parallel Hash  (cost=1891.42..1891.42 rows=38323 width=4) (actual time=8.248..8.248 rows=45988 loops=2) |                                       Buckets: 131072  Batches: 1  Memory Usage: 4640kB |                                       ->  Parallel Index Only Scan using posts_pkey on posts p  (cost=0.29..1891.42 rows=38323 width=4) (actual time=0.012..3.123 rows=45988 loops=2) |                                             Heap Fetches: 0 | Planning Time: 0.526 ms | Execution Time: 182.263 ms
s111,230.455,Finalize Aggregate  (cost=29552.19..29552.20 rows=1 width=8) (actual time=227.223..228.984 rows=1 loops=1) |   ->  Gather  (cost=29552.08..29552.19 rows=1 width=8) (actual time=226.551..228.978 rows=2 loops=1) |         Workers Planned: 1 |         Workers Launched: 1 |         ->  Partial Aggregate  (cost=28552.08..28552.09 rows=1 width=8) (actual time=221.714..221.777 rows=1 loops=2) |               ->  Parallel Hash Join  (cost=13145.82..26222.69 rows=931756 width=0) (actual time=66.787..187.048 rows=978776 loops=2) |                     Hash Cond: (pl.postid = p.id) |                     ->  Parallel Hash Join  (cost=6855.23..16953.42 rows=199943 width=12) (actual time=27.786..73.590 rows=214040 loops=2) |                           Hash Cond: (pl.postid = ph.postid) |                           ->  Hash Join  (cost=374.25..9004.13 rows=46749 width=8) (actual time=1.754..27.609 rows=32350 loops=2) |                                 Hash Cond: (v.postid = pl.postid) |                                 ->  Parallel Seq Scan on votes v  (cost=0.00..4572.24 rows=191474 width=4) (actual time=0.016..10.717 rows=163825 loops=2) |                                       Filter: (creationdate >= '2010-07-20 00:00:00'::timestamp without time zone) |                                       Rows Removed by Filter: 207 |                                 ->  Hash  (cost=248.53..248.53 rows=10058 width=4) (actual time=1.684..1.684 rows=10032 loops=2) |                                       Buckets: 16384  Batches: 1  Memory Usage: 481kB |                                       ->  Seq Scan on postlinks pl  (cost=0.00..248.53 rows=10058 width=4) (actual time=0.029..0.827 rows=10032 loops=2) |                                             Filter: ((creationdate >= '2010-10-19 15:02:42'::timestamp without time zone) AND (linktypeid = 1)) |                                             Rows Removed by Filter: 1070 |                           ->  Parallel Hash  (cost=4469.32..4469.32 rows=160933 width=4) (actual time=25.656..25.656 rows=136494 loops=2) |                                 Buckets: 524288  Batches: 1  Memory Usage: 14784kB |                                 ->  Parallel Seq Scan on posthistory ph  (cost=0.00..4469.32 rows=160933 width=4) (actual time=0.005..10.436 rows=136494 loops=2) |                                       Filter: (creationdate <= '2014-06-18 17:14:07'::timestamp without time zone) |                                       Rows Removed by Filter: 15100 |                     ->  Parallel Hash  (cost=5008.94..5008.94 rows=102532 width=8) (actual time=38.636..38.638 rows=87152 loops=2) |                           Buckets: 262144  Batches: 1  Memory Usage: 8896kB |                           ->  Parallel Hash Join  (cost=2370.46..5008.94 rows=102532 width=8) (actual time=8.497..27.555 rows=87152 loops=2) |                                 Hash Cond: (c.postid = p.id) |                                 ->  Parallel Seq Scan on comments c  (cost=0.00..2369.32 rows=102532 width=4) (actual time=0.004..4.816 rows=87152 loops=2) |                                 ->  Parallel Hash  (cost=1891.42..1891.42 rows=38323 width=4) (actual time=8.289..8.290 rows=45988 loops=2) |                                       Buckets: 131072  Batches: 1  Memory Usage: 4640kB |                                       ->  Parallel Index Only Scan using posts_pkey on posts p  (cost=0.29..1891.42 rows=38323 width=4) (actual time=0.021..3.140 rows=45988 loops=2) |                                             Heap Fetches: 0 | Planning Time: 0.597 ms | Execution Time: 229.019 ms
s112,220.642,Finalize Aggregate  (cost=30097.81..30097.82 rows=1 width=8) (actual time=218.739..222.133 rows=1 loops=1) |   ->  Gather  (cost=30097.70..30097.81 rows=1 width=8) (actual time=217.774..222.127 rows=2 loops=1) |         Workers Planned: 1 |         Workers Launched: 1 |         ->  Partial Aggregate  (cost=29097.70..29097.71 rows=1 width=8) (actual time=212.858..212.863 rows=1 loops=2) |               ->  Parallel Hash Join  (cost=12911.87..26643.32 rows=981752 width=0) (actual time=67.042..181.146 rows=919663 loops=2) |                     Hash Cond: (pl.postid = p.id) |                     ->  Parallel Hash Join  (cost=6621.28..17214.19 rows=210673 width=12) (actual time=28.596..72.985 rows=200540 loops=2) |                           Hash Cond: (pl.postid = ph.postid) |                           ->  Hash Join  (cost=368.52..9444.36 rows=44449 width=8) (actual time=1.605..27.491 rows=28378 loops=2) |                                 Hash Cond: (v.postid = pl.postid) |                                 ->  Parallel Seq Scan on votes v  (cost=0.00..5054.68 rows=190756 width=4) (actual time=0.004..11.518 rows=163576 loops=2) |                                       Filter: ((creationdate >= '2010-07-19 00:00:00'::timestamp without time zone) AND (creationdate <= '2014-09-10 00:00:00'::timestamp without time zone)) |                                       Rows Removed by Filter: 456 |                                 ->  Hash  (cost=248.53..248.53 rows=9599 width=4) (actual time=1.562..1.563 rows=9549 loops=2) |                                       Buckets: 16384  Batches: 1  Memory Usage: 464kB |                                       ->  Seq Scan on postlinks pl  (cost=0.00..248.53 rows=9599 width=4) (actual time=0.039..0.809 rows=9549 loops=2) |                                             Filter: ((creationdate >= '2011-06-14 13:31:35'::timestamp without time zone) AND (linktypeid = 1)) |                                             Rows Removed by Filter: 1553 |                           ->  Parallel Hash  (cost=4023.45..4023.45 rows=178345 width=4) (actual time=26.618..26.619 rows=151594 loops=2) |                                 Buckets: 524288  Batches: 1  Memory Usage: 16000kB |                                 ->  Parallel Seq Scan on posthistory ph  (cost=0.00..4023.45 rows=178345 width=4) (actual time=0.007..9.786 rows=151594 loops=2) |                     ->  Parallel Hash  (cost=5008.94..5008.94 rows=102532 width=8) (actual time=38.133..38.135 rows=87152 loops=2) |                           Buckets: 262144  Batches: 1  Memory Usage: 8896kB |                           ->  Parallel Hash Join  (cost=2370.46..5008.94 rows=102532 width=8) (actual time=8.398..27.184 rows=87152 loops=2) |                                 Hash Cond: (c.postid = p.id) |                                 ->  Parallel Seq Scan on comments c  (cost=0.00..2369.32 rows=102532 width=4) (actual time=0.004..4.804 rows=87152 loops=2) |                                 ->  Parallel Hash  (cost=1891.42..1891.42 rows=38323 width=4) (actual time=8.229..8.230 rows=45988 loops=2) |                                       Buckets: 131072  Batches: 1  Memory Usage: 4640kB |                                       ->  Parallel Index Only Scan using posts_pkey on posts p  (cost=0.29..1891.42 rows=38323 width=4) (actual time=0.011..3.179 rows=45988 loops=2) |                                             Heap Fetches: 0 | Planning Time: 0.538 ms | Execution Time: 222.170 ms
s113,2543.073,"Finalize Aggregate  (cost=18854052.64..18854052.65 rows=1 width=8) (actual time=2571.580..2571.907 rows=1 loops=1) |   ->  Gather  (cost=18854052.53..18854052.64 rows=1 width=8) (actual time=2571.572..2571.901 rows=2 loops=1) |         Workers Planned: 1 |         Workers Launched: 1 |         ->  Partial Aggregate  (cost=18853052.53..18853052.54 rows=1 width=8) (actual time=2517.636..2517.640 rows=1 loops=2) |               ->  Parallel Hash Join  (cost=35260.10..428269.30 rows=7369913291 width=0) (actual time=169.001..2180.574 rows=9191436 loops=2) |                     Hash Cond: (b.userid = u.id) |                     ->  Merge Join  (cost=29764.68..164090.65 rows=8900703 width=8) (actual time=33.119..1072.099 rows=8161323 loops=2) |                           Merge Cond: (ph.userid = b.userid) |                           ->  Sort  (cost=22018.48..22464.34 rows=178345 width=4) (actual time=20.725..26.805 rows=140930 loops=2) |                                 Sort Key: ph.userid |                                 Sort Method: quicksort  Memory: 4096kB |                                 Worker 0:  Sort Method: quicksort  Memory: 4096kB |                                 ->  Parallel Seq Scan on posthistory ph  (cost=0.00..4023.45 rows=178345 width=4) (actual time=0.024..8.587 rows=151594 loops=2) |                           ->  Sort  (cost=7732.39..7932.01 rows=79851 width=4) (actual time=12.176..323.696 rows=8180128 loops=2) |                                 Sort Key: b.userid |                                 Sort Method: quicksort  Memory: 3073kB |                                 Worker 0:  Sort Method: quicksort  Memory: 3073kB |                                 ->  Seq Scan on badges b  (cost=0.00..1230.51 rows=79851 width=4) (actual time=0.034..4.634 rows=79851 loops=2) |                     ->  Parallel Hash  (cost=4282.48..4282.48 rows=97035 width=8) (actual time=134.031..134.032 rows=27201 loops=2) |                           Buckets: 262144  Batches: 1  Memory Usage: 4224kB |                           ->  Hash Join  (cost=1388.81..4282.48 rows=97035 width=8) (actual time=114.924..130.375 rows=27201 loops=2) |                                 Hash Cond: (c.userid = u.id) |                                 ->  Parallel Seq Scan on comments c  (cost=0.00..2625.65 rows=102092 width=4) (actual time=108.287..113.924 rows=86770 loops=2) |                                       Filter: (creationdate <= '2014-09-10 00:33:30'::timestamp without time zone) |                                       Rows Removed by Filter: 382 |                                 ->  Hash  (cost=901.88..901.88 rows=38955 width=4) (actual time=6.574..6.574 rows=39348 loops=2) |                                       Buckets: 65536  Batches: 1  Memory Usage: 1896kB |                                       ->  Seq Scan on users u  (cost=0.00..901.88 rows=38955 width=4) (actual time=0.028..2.942 rows=39348 loops=2) |                                             Filter: ((downvotes <= 0) AND (upvotes <= 47)) |                                             Rows Removed by Filter: 977 | Planning Time: 0.288 ms | JIT: |   Functions: 68 |   Options: Inlining true, Optimization true, Expressions true, Deforming true |   Timing: Generation 1.385 ms, Inlining 41.794 ms, Optimization 95.172 ms, Emission 79.780 ms, Total 218.131 ms | Execution Time: 2572.741 ms"
s114,1231.454,"Finalize Aggregate  (cost=5142992.77..5142992.78 rows=1 width=8) (actual time=1167.408..1169.735 rows=1 loops=1) |   ->  Gather  (cost=5142992.66..5142992.77 rows=1 width=8) (actual time=1165.405..1169.721 rows=2 loops=1) |         Workers Planned: 1 |         Workers Launched: 1 |         ->  Partial Aggregate  (cost=5141992.66..5141992.67 rows=1 width=8) (actual time=1160.830..1160.835 rows=1 loops=2) |               ->  Parallel Hash Join  (cost=50807.88..131917.84 rows=2004029930 width=0) (actual time=220.632..815.381 rows=9712390 loops=2) |                     Hash Cond: (c.userid = u.id) |                     ->  Parallel Seq Scan on comments c  (cost=0.00..2369.32 rows=102532 width=4) (actual time=0.024..5.267 rows=87152 loops=2) |                     ->  Parallel Hash  (cost=10339.76..10339.76 rows=2328009 width=12) (actual time=204.784..204.787 rows=170611 loops=2) |                           Buckets: 262144  Batches: 32  Memory Usage: 3072kB |                           ->  Hash Join  (cost=4307.67..10339.76 rows=2328009 width=12) (actual time=159.392..184.155 rows=170611 loops=2) |                                 Hash Cond: (ph.userid = u.id) |                                 ->  Parallel Seq Scan on posthistory ph  (cost=0.00..4915.18 rows=51533 width=4) (actual time=130.341..137.358 rows=43712 loops=2) |                                       Filter: ((creationdate <= '2014-08-01 13:56:22'::timestamp without time zone) AND (posthistorytypeid = 2)) |                                       Rows Removed by Filter: 107882 |                                 ->  Hash  (cost=3404.17..3404.17 rows=72280 width=8) (actual time=28.843..28.845 rows=61057 loops=2) |                                       Buckets: 131072  Batches: 1  Memory Usage: 3410kB |                                       ->  Hash Join  (cost=1766.90..3404.17 rows=72280 width=8) (actual time=6.411..21.718 rows=61057 loops=2) |                                             Hash Cond: (b.userid = u.id) |                                             ->  Seq Scan on badges b  (cost=0.00..1430.14 rows=78899 width=4) (actual time=0.024..4.727 rows=78855 loops=2) |                                                   Filter: (date <= '2014-09-02 23:33:16'::timestamp without time zone) |                                                   Rows Removed by Filter: 996 |                                             ->  Hash  (cost=1305.12..1305.12 rows=36942 width=4) (actual time=6.212..6.213 rows=36998 loops=2) |                                                   Buckets: 65536  Batches: 1  Memory Usage: 1813kB |                                                   ->  Seq Scan on users u  (cost=0.00..1305.12 rows=36942 width=4) (actual time=0.021..2.949 rows=36998 loops=2) |                                                         Filter: ((views >= 0) AND (downvotes >= 0) AND (upvotes >= 0) AND (upvotes <= 62) AND (creationdate >= '2010-07-27 17:10:30'::timestamp without time zone) AND (creationdate <= '2014-07-31 18:48:36'::timestamp without time zone)) |                                                         Rows Removed by Filter: 3327 | Planning Time: 0.304 ms | JIT: |   Functions: 72 |   Options: Inlining true, Optimization true, Expressions true, Deforming true |   Timing: Generation 1.447 ms, Inlining 41.981 ms, Optimization 116.000 ms, Emission 102.876 ms, Total 262.304 ms | Execution Time: 1170.550 ms"
s115,3740.734,"Finalize Aggregate  (cost=18522839.41..18522839.42 rows=1 width=8) (actual time=3862.914..3863.354 rows=1 loops=1) |   ->  Gather  (cost=18522839.30..18522839.41 rows=1 width=8) (actual time=3862.905..3863.347 rows=2 loops=1) |         Workers Planned: 1 |         Workers Launched: 1 |         ->  Partial Aggregate  (cost=18521839.30..18521839.31 rows=1 width=8) (actual time=3663.710..3663.714 rows=1 loops=2) |               ->  Parallel Hash Join  (cost=35504.79..420429.97 rows=7240563729 width=0) (actual time=181.785..2873.908 rows=21963816 loops=2) |                     Hash Cond: (b.userid = u.id) |                     ->  Merge Join  (cost=29792.43..160873.06 rows=8684346 width=8) (actual time=35.394..1048.907 rows=7950620 loops=2) |                           Merge Cond: (ph.userid = b.userid) |                           ->  Sort  (cost=22018.48..22464.34 rows=178345 width=4) (actual time=21.739..26.998 rows=140930 loops=2) |                                 Sort Key: ph.userid |                                 Sort Method: quicksort  Memory: 4096kB |                                 Worker 0:  Sort Method: quicksort  Memory: 4096kB |                                 ->  Parallel Seq Scan on posthistory ph  (cost=0.00..4023.45 rows=178345 width=4) (actual time=0.018..8.618 rows=151594 loops=2) |                           ->  Sort  (cost=7760.14..7954.91 rows=77910 width=4) (actual time=13.450..314.137 rows=7969224 loops=2) |                                 Sort Key: b.userid |                                 Sort Method: quicksort  Memory: 3073kB |                                 Worker 0:  Sort Method: quicksort  Memory: 3073kB |                                 ->  Seq Scan on badges b  (cost=0.00..1430.14 rows=77910 width=4) (actual time=0.078..5.475 rows=77918 loops=2) |                                       Filter: (date >= '2010-09-15 02:50:48'::timestamp without time zone) |                                       Rows Removed by Filter: 1933 |                     ->  Parallel Hash  (cost=4491.00..4491.00 rows=97708 width=8) (actual time=145.081..145.083 rows=35015 loops=2) |                           Buckets: 262144  Batches: 1  Memory Usage: 4832kB |                           ->  Hash Join  (cost=1601.45..4491.00 rows=97708 width=8) (actual time=124.473..140.161 rows=35015 loops=2) |                                 Hash Cond: (c.userid = u.id) |                                 ->  Parallel Seq Scan on comments c  (cost=0.00..2625.65 rows=100525 width=4) (actual time=117.562..123.052 rows=85534 loops=2) |                                       Filter: (creationdate <= '2014-08-28 00:18:24'::timestamp without time zone) |                                       Rows Removed by Filter: 1618 |                                 ->  Hash  (cost=1103.50..1103.50 rows=39836 width=4) (actual time=6.827..6.827 rows=39993 loops=2) |                                       Buckets: 65536  Batches: 1  Memory Usage: 1919kB |                                       ->  Seq Scan on users u  (cost=0.00..1103.50 rows=39836 width=4) (actual time=0.029..3.101 rows=39993 loops=2) |                                             Filter: ((reputation >= 1) AND (reputation <= 1443) AND (downvotes >= 0) AND (downvotes <= 3)) |                                             Rows Removed by Filter: 332 | Planning Time: 0.302 ms | JIT: |   Functions: 72 |   Options: Inlining true, Optimization true, Expressions true, Deforming true |   Timing: Generation 1.520 ms, Inlining 44.112 ms, Optimization 105.325 ms, Emission 85.858 ms, Total 236.814 ms | Execution Time: 3864.110 ms"
s116,322.048,"Finalize Aggregate  (cost=923178.50..923178.51 rows=1 width=8) (actual time=324.883..326.847 rows=1 loops=1) |   ->  Gather  (cost=923178.38..923178.49 rows=1 width=8) (actual time=324.350..326.835 rows=2 loops=1) |         Workers Planned: 1 |         Workers Launched: 1 |         ->  Partial Aggregate  (cost=922178.38..922178.39 rows=1 width=8) (actual time=318.602..318.606 rows=1 loops=2) |               ->  Parallel Hash Join  (cost=11116.17..38959.51 rows=353287550 width=0) (actual time=192.347..300.867 rows=493494 loops=2) |                     Hash Cond: (b.userid = u.id) |                     ->  Hash Join  (cost=2228.65..11360.31 rows=394678 width=8) (actual time=13.567..59.353 rows=665916 loops=2) |                           Hash Cond: (c.userid = b.userid) |                           ->  Parallel Seq Scan on comments c  (cost=0.00..2625.65 rows=4874 width=4) (actual time=0.022..3.008 rows=4181 loops=2) |                                 Filter: (score = 2) |                                 Rows Removed by Filter: 82972 |                           ->  Hash  (cost=1230.51..1230.51 rows=79851 width=4) (actual time=13.270..13.270 rows=79851 loops=2) |                                 Buckets: 131072  Batches: 1  Memory Usage: 3832kB |                                 ->  Seq Scan on badges b  (cost=0.00..1230.51 rows=79851 width=4) (actual time=0.015..5.161 rows=79851 loops=2) |                     ->  Parallel Hash  (cost=6875.81..6875.81 rows=160937 width=8) (actual time=178.112..178.113 rows=83752 loops=2) |                           Buckets: 524288  Batches: 1  Memory Usage: 10688kB |                           ->  Hash Join  (cost=1503.45..6875.81 rows=160937 width=8) (actual time=139.351..167.365 rows=83752 loops=2) |                                 Hash Cond: (ph.userid = u.id) |                                 ->  Parallel Seq Scan on posthistory ph  (cost=0.00..4915.18 rows=174147 width=4) (actual time=132.621..142.249 rows=147821 loops=2) |                                       Filter: ((creationdate >= '2010-08-19 12:45:55'::timestamp without time zone) AND (creationdate <= '2014-09-03 21:46:37'::timestamp without time zone)) |                                       Rows Removed by Filter: 3772 |                                 ->  Hash  (cost=1002.69..1002.69 rows=40061 width=4) (actual time=6.637..6.637 rows=40068 loops=2) |                                       Buckets: 65536  Batches: 1  Memory Usage: 1921kB |                                       ->  Seq Scan on users u  (cost=0.00..1002.69 rows=40061 width=4) (actual time=0.027..2.951 rows=40068 loops=2) |                                             Filter: ((reputation >= 1) AND (reputation <= 1183) AND (views >= 0)) |                                             Rows Removed by Filter: 257 | Planning Time: 0.313 ms | JIT: |   Functions: 72 |   Options: Inlining true, Optimization true, Expressions true, Deforming true |   Timing: Generation 1.777 ms, Inlining 47.993 ms, Optimization 117.062 ms, Emission 100.153 ms, Total 266.984 ms | Execution Time: 327.645 ms"
s117,101.213,Finalize Aggregate  (cost=18530.79..18530.80 rows=1 width=8) (actual time=99.310..101.003 rows=1 loops=1) |   ->  Gather  (cost=18530.68..18530.79 rows=1 width=8) (actual time=98.942..100.996 rows=2 loops=1) |         Workers Planned: 1 |         Workers Launched: 1 |         ->  Partial Aggregate  (cost=17530.68..17530.69 rows=1 width=8) (actual time=94.297..94.301 rows=1 loops=2) |               ->  Parallel Hash Join  (cost=10282.79..16965.49 rows=226076 width=0) (actual time=54.844..88.066 rows=177194 loops=2) |                     Hash Cond: (ph.postid = p.id) |                     ->  Parallel Seq Scan on posthistory ph  (cost=0.00..4469.32 rows=176704 width=4) (actual time=0.025..9.790 rows=151208 loops=2) |                           Filter: (creationdate >= '2010-07-21 00:44:08'::timestamp without time zone) |                           Rows Removed by Filter: 386 |                     ->  Parallel Hash  (cost=9417.52..9417.52 rows=69221 width=8) (actual time=54.556..54.559 rows=31084 loops=2) |                           Buckets: 131072  Batches: 1  Memory Usage: 3488kB |                           ->  Hash Join  (cost=4248.81..9417.52 rows=69221 width=8) (actual time=16.885..50.310 rows=31084 loops=2) |                                 Hash Cond: (p.owneruserid = u.id) |                                 ->  Hash Join  (cost=2755.68..7734.71 rows=72249 width=12) (actual time=10.382..36.417 rows=54832 loops=2) |                                       Hash Cond: (v.postid = p.id) |                                       ->  Parallel Seq Scan on votes v  (cost=0.00..4572.24 rows=154962 width=4) (actual time=0.006..9.784 rows=131058 loops=2) |                                             Filter: (votetypeid = 2) |                                             Rows Removed by Filter: 32974 |                                       ->  Hash  (cost=2219.64..2219.64 rows=42883 width=8) (actual time=10.316..10.316 rows=42921 loops=2) |                                             Buckets: 65536  Batches: 1  Memory Usage: 2186kB |                                             ->  Seq Scan on posts p  (cost=0.00..2219.64 rows=42883 width=8) (actual time=0.015..6.242 rows=42921 loops=2) |                                                   Filter: ((viewcount >= 0) AND (commentcount >= 0)) |                                                   Rows Removed by Filter: 49055 |                                 ->  Hash  (cost=1002.69..1002.69 rows=39236 width=4) (actual time=6.436..6.436 rows=39247 loops=2) |                                       Buckets: 65536  Batches: 1  Memory Usage: 1892kB |                                       ->  Seq Scan on users u  (cost=0.00..1002.69 rows=39236 width=4) (actual time=0.007..3.051 rows=39247 loops=2) |                                             Filter: ((views >= 0) AND (views <= 34) AND (upvotes >= 0)) |                                             Rows Removed by Filter: 1078 | Planning Time: 0.205 ms | Execution Time: 101.045 ms
s118,129.143,Finalize Aggregate  (cost=17463.38..17463.39 rows=1 width=8) (actual time=126.325..128.007 rows=1 loops=1) |   ->  Gather  (cost=17463.27..17463.38 rows=1 width=8) (actual time=126.043..128.003 rows=2 loops=1) |         Workers Planned: 1 |         Workers Launched: 1 |         ->  Partial Aggregate  (cost=16463.27..16463.28 rows=1 width=8) (actual time=121.251..121.255 rows=1 loops=2) |               ->  Parallel Hash Join  (cost=9489.18..16173.17 rows=116039 width=0) (actual time=67.399..111.471 rows=277151 loops=2) |                     Hash Cond: (v.postid = p.id) |                     ->  Parallel Seq Scan on votes v  (cost=0.00..5054.68 rows=189348 width=4) (actual time=0.009..11.505 rows=162328 loops=2) |                           Filter: ((creationdate >= '2010-07-20 00:00:00'::timestamp without time zone) AND (creationdate <= '2014-09-03 00:00:00'::timestamp without time zone)) |                           Rows Removed by Filter: 1704 |                     ->  Parallel Hash  (cost=9074.73..9074.73 rows=33156 width=8) (actual time=67.278..67.280 rows=83666 loops=2) |                           Buckets: 262144 (originally 65536)  Batches: 1 (originally 1)  Memory Usage: 10144kB |                           ->  Hash Join  (cost=4067.08..9074.73 rows=33156 width=8) (actual time=16.598..56.062 rows=83666 loops=2) |                                 Hash Cond: (p.owneruserid = u.id) |                                 ->  Hash Join  (cost=2695.53..7608.31 rows=36138 width=12) (actual time=10.334..37.769 rows=100401 loops=2) |                                       Hash Cond: (ph.postid = p.id) |                                       ->  Parallel Seq Scan on posthistory ph  (cost=0.00..4469.32 rows=168929 width=4) (actual time=0.006..9.742 rows=143258 loops=2) |                                             Filter: (creationdate <= '2014-07-28 13:25:35'::timestamp without time zone) |                                             Rows Removed by Filter: 8336 |                                       ->  Hash  (cost=2449.58..2449.58 rows=19676 width=8) (actual time=10.288..10.289 rows=42238 loops=2) |                                             Buckets: 65536 (originally 32768)  Batches: 1 (originally 1)  Memory Usage: 2160kB |                                             ->  Seq Scan on posts p  (cost=0.00..2449.58 rows=19676 width=8) (actual time=0.016..6.357 rows=42238 loops=2) |                                                   Filter: ((answercount >= 0) AND (answercount <= 4) AND (posttypeid = 1)) |                                                   Rows Removed by Filter: 49738 |                                 ->  Hash  (cost=901.88..901.88 rows=37574 width=4) (actual time=6.210..6.211 rows=37542 loops=2) |                                       Buckets: 65536  Batches: 1  Memory Usage: 1832kB |                                       ->  Seq Scan on users u  (cost=0.00..901.88 rows=37574 width=4) (actual time=0.007..2.904 rows=37542 loops=2) |                                             Filter: ((creationdate <= '2014-08-08 07:03:29'::timestamp without time zone) AND (downvotes = 0)) |                                             Rows Removed by Filter: 2783 | Planning Time: 0.221 ms | Execution Time: 128.046 ms
s119,285.116,Finalize Aggregate  (cost=59459.11..59459.12 rows=1 width=8) (actual time=286.094..286.165 rows=1 loops=1) |   ->  Gather  (cost=59458.99..59459.10 rows=1 width=8) (actual time=286.087..286.163 rows=2 loops=1) |         Workers Planned: 1 |         Workers Launched: 1 |         ->  Partial Aggregate  (cost=58458.99..58459.00 rows=1 width=8) (actual time=204.009..204.012 rows=1 loops=2) |               ->  Merge Join  (cost=22085.19..43109.84 rows=6139663 width=0) (actual time=40.396..168.831 rows=968476 loops=2) |                     Merge Cond: (b.userid = p.owneruserid) |                     ->  Merge Join  (cost=16750.65..18079.27 rows=74234 width=12) (actual time=30.859..47.421 rows=90912 loops=2) |                           Merge Cond: (u.id = b.userid) |                           ->  Sort  (cost=8830.13..8924.00 rows=37549 width=8) (actual time=17.811..18.602 rows=11309 loops=2) |                                 Sort Key: ph.userid |                                 Sort Method: quicksort  Memory: 865kB |                                 Worker 0:  Sort Method: quicksort  Memory: 419kB |                                 ->  Hash Join  (cost=1400.65..5977.06 rows=37549 width=8) (actual time=6.389..16.436 rows=11309 loops=2) |                                       Hash Cond: (ph.userid = u.id) |                                       ->  Parallel Seq Scan on posthistory ph  (cost=0.00..4469.32 rows=40794 width=4) (actual time=0.007..6.554 rows=34714 loops=2) |                                             Filter: (posthistorytypeid = 5) |                                             Rows Removed by Filter: 116880 |                                       ->  Hash  (cost=901.88..901.88 rows=39902 width=4) (actual time=6.312..6.313 rows=39923 loops=2) |                                             Buckets: 65536  Batches: 1  Memory Usage: 1916kB |                                             ->  Seq Scan on users u  (cost=0.00..901.88 rows=39902 width=4) (actual time=0.005..2.816 rows=39923 loops=2) |                                                   Filter: ((reputation >= 1) AND (reputation <= 750)) |                                                   Rows Removed by Filter: 402 |                           ->  Sort  (cost=7920.49..8119.79 rows=79721 width=4) (actual time=13.009..18.589 rows=146928 loops=2) |                                 Sort Key: b.userid |                                 Sort Method: quicksort  Memory: 3073kB |                                 Worker 0:  Sort Method: quicksort  Memory: 3073kB |                                 ->  Seq Scan on badges b  (cost=0.00..1430.14 rows=79721 width=4) (actual time=0.026..5.479 rows=79511 loops=2) |                                       Filter: (date >= '2010-07-20 10:34:10'::timestamp without time zone) |                                       Rows Removed by Filter: 340 |                     ->  Sort  (cost=5327.57..5429.08 rows=40602 width=4) (actual time=9.533..47.104 rows=993845 loops=2) |                           Sort Key: p.owneruserid |                           Sort Method: quicksort  Memory: 1537kB |                           Worker 0:  Sort Method: quicksort  Memory: 1537kB |                           ->  Seq Scan on posts p  (cost=0.00..2219.64 rows=40602 width=4) (actual time=0.016..5.741 rows=40611 loops=2) |                                 Filter: ((viewcount >= 0) AND (viewcount <= 2024)) |                                 Rows Removed by Filter: 51365 | Planning Time: 0.273 ms | Execution Time: 286.205 ms
s120,1207053.123,"Finalize Aggregate  (cost=384887.78..384887.79 rows=1 width=8) (actual time=1278757.696..1278757.946 rows=1 loops=1) |   ->  Gather  (cost=384887.67..384887.78 rows=1 width=8) (actual time=1278757.620..1278757.912 rows=2 loops=1) |         Workers Planned: 1 |         Workers Launched: 1 |         ->  Partial Aggregate  (cost=383887.67..383887.68 rows=1 width=8) (actual time=1139390.288..1139390.306 rows=1 loops=2) |               ->  Merge Join  (cost=39853.96..235245.05 rows=59457047 width=0) (actual time=129.638..841065.321 rows=5818761808 loops=2) |                     Merge Cond: (b.userid = p.owneruserid) |                     ->  Merge Join  (cost=30307.87..35931.98 rows=320934 width=12) (actual time=109.201..1758.695 rows=7164036 loops=2) |                           Merge Cond: (u.id = b.userid) |                           ->  Sort  (cost=22575.39..22980.57 rows=162072 width=8) (actual time=92.106..171.734 rows=129454 loops=2) |                                 Sort Key: ph.userid |                                 Sort Method: external merge  Disk: 2624kB |                                 Worker 0:  Sort Method: external merge  Disk: 1952kB |                                 ->  Hash Join  (cost=1398.85..6332.08 rows=162072 width=8) (actual time=24.543..67.439 rows=129454 loops=2) |                                       Hash Cond: (ph.userid = u.id) |                                       ->  Parallel Seq Scan on posthistory ph  (cost=0.00..4469.32 rows=176712 width=4) (actual time=14.512..32.912 rows=151502 loops=2) |                                             Filter: (creationdate >= '2010-07-19 19:52:31'::timestamp without time zone) |                                             Rows Removed by Filter: 91 |                                       ->  Hash  (cost=901.88..901.88 rows=39758 width=4) (actual time=9.540..9.543 rows=39783 loops=2) |                                             Buckets: 65536  Batches: 1  Memory Usage: 1911kB |                                             ->  Seq Scan on users u  (cost=0.00..901.88 rows=39758 width=4) (actual time=0.050..4.520 rows=39783 loops=2) |                                                   Filter: ((creationdate >= '2010-07-27 02:56:06'::timestamp without time zone) AND (creationdate <= '2014-09-10 10:44:00'::timestamp without time zone)) |                                                   Rows Removed by Filter: 542 |                           ->  Sort  (cost=7732.39..7932.01 rows=79851 width=4) (actual time=16.660..533.125 rows=7190072 loops=2) |                                 Sort Key: b.userid |                                 Sort Method: quicksort  Memory: 3073kB |                                 Worker 0:  Sort Method: quicksort  Memory: 3073kB |                                 ->  Seq Scan on badges b  (cost=0.00..1230.51 rows=79851 width=4) (actual time=0.035..7.157 rows=79851 loops=2) |                     ->  Sort  (cost=9480.52..9707.89 rows=90948 width=4) (actual time=20.014..250311.011 rows=5818778699 loops=2) |                           Sort Key: p.owneruserid |                           Sort Method: quicksort  Memory: 3073kB |                           Worker 0:  Sort Method: quicksort  Memory: 3073kB |                           ->  Seq Scan on posts p  (cost=0.00..1989.70 rows=90948 width=4) (actual time=0.039..11.189 rows=90956 loops=2) |                                 Filter: (score >= 0) |                                 Rows Removed by Filter: 1020 | Planning Time: 0.604 ms | JIT: |   Functions: 70 |   Options: Inlining false, Optimization false, Expressions true, Deforming true |   Timing: Generation 3.814 ms, Inlining 0.000 ms, Optimization 1.987 ms, Emission 27.791 ms, Total 33.592 ms | Execution Time: 1278762.282 ms"
s121,129.514,Finalize Aggregate  (cost=23367.06..23367.07 rows=1 width=8) (actual time=130.172..131.888 rows=1 loops=1) |   ->  Gather  (cost=23366.94..23367.05 rows=1 width=8) (actual time=129.619..131.882 rows=2 loops=1) |         Workers Planned: 1 |         Workers Launched: 1 |         ->  Partial Aggregate  (cost=22366.94..22366.95 rows=1 width=8) (actual time=123.054..123.057 rows=1 loops=2) |               ->  Hash Join  (cost=6894.84..19641.79 rows=1090062 width=0) (actual time=45.802..101.525 rows=558000 loops=2) |                     Hash Cond: (ph.userid = b.userid) |                     ->  Parallel Seq Scan on posthistory ph  (cost=0.00..5361.04 rows=50435 width=4) (actual time=0.427..11.027 rows=42160 loops=2) |                           Filter: ((creationdate >= '2011-01-08 03:03:48'::timestamp without time zone) AND (creationdate <= '2014-08-25 14:04:43'::timestamp without time zone) AND (posthistorytypeid = 2)) |                           Rows Removed by Filter: 109434 |                     ->  Hash  (cost=6754.45..6754.45 rows=11231 width=12) (actual time=45.311..45.314 rows=70835 loops=2) |                           Buckets: 131072 (originally 16384)  Batches: 1 (originally 1)  Memory Usage: 4068kB |                           ->  Hash Join  (cost=4714.99..6754.45 rows=11231 width=12) (actual time=18.686..36.453 rows=70835 loops=2) |                                 Hash Cond: (b.userid = u.id) |                                 ->  Seq Scan on badges b  (cost=0.00..1629.76 rows=79303 width=4) (actual time=0.032..6.009 rows=79007 loops=2) |                                       Filter: ((date >= '2010-07-20 20:47:27'::timestamp without time zone) AND (date <= '2014-09-09 13:24:28'::timestamp without time zone)) |                                       Rows Removed by Filter: 844 |                                 ->  Hash  (cost=4643.60..4643.60 rows=5711 width=8) (actual time=18.572..18.574 rows=9739 loops=2) |                                       Buckets: 16384 (originally 8192)  Batches: 1 (originally 1)  Memory Usage: 509kB |                                       ->  Hash Join  (cost=1488.40..4643.60 rows=5711 width=8) (actual time=8.805..17.278 rows=9739 loops=2) |                                             Hash Cond: (p.owneruserid = u.id) |                                             ->  Seq Scan on posts p  (cost=0.00..3139.40 rows=6019 width=4) (actual time=0.007..6.090 rows=12416 loops=2) |                                                   Filter: ((answercount <= 4) AND (commentcount >= 0) AND (commentcount <= 12) AND (favoritecount >= 0) AND (favoritecount <= 89) AND (creationdate <= '2014-09-02 10:21:04'::timestamp without time zone)) |                                                   Rows Removed by Filter: 79560 |                                             ->  Hash  (cost=1002.69..1002.69 rows=38857 width=4) (actual time=8.626..8.626 rows=38877 loops=2) |                                                   Buckets: 65536  Batches: 1  Memory Usage: 1879kB |                                                   ->  Seq Scan on users u  (cost=0.00..1002.69 rows=38857 width=4) (actual time=0.041..3.647 rows=38877 loops=2) |                                                         Filter: ((reputation <= 705) AND (creationdate >= '2010-07-28 23:56:00'::timestamp without time zone) AND (creationdate <= '2014-09-02 10:04:41'::timestamp without time zone)) |                                                         Rows Removed by Filter: 1448 | Planning Time: 0.353 ms | Execution Time: 131.950 ms
s122,1130644.914,"Finalize Aggregate  (cost=223042.96..223042.97 rows=1 width=8) (actual time=1161840.112..1161840.802 rows=1 loops=1) |   ->  Gather  (cost=223042.85..223042.96 rows=1 width=8) (actual time=1161839.999..1161840.765 rows=2 loops=1) |         Workers Planned: 1 |         Workers Launched: 1 |         ->  Partial Aggregate  (cost=222042.85..222042.86 rows=1 width=8) (actual time=1123463.696..1123463.734 rows=1 loops=2) |               ->  Merge Join  (cost=36449.00..143186.39 rows=31542586 width=0) (actual time=116.133..831450.747 rows=5603439776 loops=2) |                     Merge Cond: (b.userid = p.owneruserid) |                     ->  Merge Join  (cost=30711.27..36390.80 rows=324096 width=12) (actual time=99.762..1789.392 rows=8101955 loops=2) |                           Merge Cond: (u.id = b.userid) |                           ->  Sort  (cost=22978.79..23387.97 rows=163669 width=8) (actual time=80.596..150.399 rows=139509 loops=2) |                                 Sort Key: ph.userid |                                 Sort Method: external merge  Disk: 2592kB |                                 Worker 0:  Sort Method: external merge  Disk: 2336kB |                                 ->  Parallel Hash Join  (cost=1187.63..6564.71 rows=163669 width=8) (actual time=16.466..57.445 rows=139509 loops=2) |                                       Hash Cond: (ph.userid = u.id) |                                       ->  Parallel Seq Scan on posthistory ph  (cost=0.00..4915.18 rows=175945 width=4) (actual time=4.613..22.416 rows=150098 loops=2) |                                             Filter: ((creationdate >= '2010-07-27 18:08:19'::timestamp without time zone) AND (creationdate <= '2014-09-10 08:22:43'::timestamp without time zone)) |                                             Rows Removed by Filter: 1495 |                                       ->  Parallel Hash  (cost=891.12..891.12 rows=23721 width=4) (actual time=11.606..11.615 rows=20162 loops=2) |                                             Buckets: 65536  Batches: 1  Memory Usage: 2112kB |                                             ->  Parallel Index Only Scan using users_pkey on users u  (cost=0.29..891.12 rows=23721 width=4) (actual time=0.009..3.271 rows=40325 loops=1) |                                                   Heap Fetches: 0 |                           ->  Sort  (cost=7732.39..7932.01 rows=79851 width=4) (actual time=18.843..600.937 rows=8123334 loops=2) |                                 Sort Key: b.userid |                                 Sort Method: quicksort  Memory: 3073kB |                                 Worker 0:  Sort Method: quicksort  Memory: 3073kB |                                 ->  Seq Scan on badges b  (cost=0.00..1230.51 rows=79851 width=4) (actual time=0.055..8.743 rows=79851 loops=2) |                     ->  Sort  (cost=5703.02..5822.47 rows=47778 width=4) (actual time=16.328..243683.497 rows=5603442554 loops=2) |                           Sort Key: p.owneruserid |                           Sort Method: quicksort  Memory: 1537kB |                           Worker 0:  Sort Method: quicksort  Memory: 1537kB |                           ->  Seq Scan on posts p  (cost=0.00..1989.70 rows=47778 width=4) (actual time=0.026..11.917 rows=47755 loops=2) |                                 Filter: (posttypeid = 2) |                                 Rows Removed by Filter: 44221 | Planning Time: 0.630 ms | JIT: |   Functions: 62 |   Options: Inlining false, Optimization false, Expressions true, Deforming true |   Timing: Generation 3.018 ms, Inlining 0.000 ms, Optimization 1.834 ms, Emission 22.763 ms, Total 27.615 ms | Execution Time: 1161844.686 ms"
s123,7882.314,Finalize Aggregate  (cost=48880.40..48880.41 rows=1 width=8) (actual time=7880.352..7882.250 rows=1 loops=1) |   ->  Gather  (cost=48880.29..48880.40 rows=1 width=8) (actual time=7825.951..7882.243 rows=2 loops=1) |         Workers Planned: 1 |         Workers Launched: 1 |         ->  Partial Aggregate  (cost=47880.29..47880.30 rows=1 width=8) (actual time=7848.355..7848.360 rows=1 loops=2) |               ->  Hash Join  (cost=5646.56..37563.24 rows=4126818 width=0) (actual time=62.211..4979.577 rows=77177967 loops=2) |                     Hash Cond: (ph.userid = b.userid) |                     ->  Parallel Seq Scan on posthistory ph  (cost=0.00..4023.45 rows=178345 width=4) (actual time=0.005..13.091 rows=151594 loops=2) |                     ->  Hash  (cost=5496.26..5496.26 rows=12024 width=12) (actual time=62.102..62.105 rows=216873 loops=2) |                           Buckets: 262144 (originally 16384)  Batches: 2 (originally 1)  Memory Usage: 6145kB |                           ->  Hash Join  (cost=3846.07..5496.26 rows=12024 width=12) (actual time=14.692..39.239 rows=216873 loops=2) |                                 Hash Cond: (b.userid = u.id) |                                 ->  Seq Scan on badges b  (cost=0.00..1230.51 rows=79851 width=4) (actual time=0.004..4.256 rows=79851 loops=2) |                                 ->  Hash  (cost=3770.17..3770.17 rows=6072 width=8) (actual time=14.677..14.679 rows=12912 loops=2) |                                       Buckets: 16384 (originally 8192)  Batches: 1 (originally 1)  Memory Usage: 633kB |                                       ->  Hash Join  (cost=1304.38..3770.17 rows=6072 width=8) (actual time=6.172..13.455 rows=12912 loops=2) |                                             Hash Cond: (p.owneruserid = u.id) |                                             ->  Seq Scan on posts p  (cost=0.00..2449.58 rows=6176 width=4) (actual time=0.004..5.209 rows=13179 loops=2) |                                                   Filter: ((answercount >= 0) AND (favoritecount >= 0) AND (creationdate <= '2014-09-03 03:32:35'::timestamp without time zone)) |                                                   Rows Removed by Filter: 78797 |                                             ->  Hash  (cost=801.06..801.06 rows=40265 width=4) (actual time=6.122..6.123 rows=40287 loops=2) |                                                   Buckets: 65536  Batches: 1  Memory Usage: 1929kB |                                                   ->  Seq Scan on users u  (cost=0.00..801.06 rows=40265 width=4) (actual time=0.003..2.695 rows=40287 loops=2) |                                                         Filter: (creationdate <= '2014-09-12 22:21:49'::timestamp without time zone) |                                                         Rows Removed by Filter: 38 | Planning Time: 0.284 ms | Execution Time: 7882.314 ms
s124,414.287,Finalize Aggregate  (cost=50100.52..50100.53 rows=1 width=8) (actual time=406.932..408.788 rows=1 loops=1) |   ->  Gather  (cost=50100.41..50100.52 rows=1 width=8) (actual time=406.928..408.785 rows=2 loops=1) |         Workers Planned: 1 |         Workers Launched: 1 |         ->  Partial Aggregate  (cost=49100.41..49100.42 rows=1 width=8) (actual time=401.878..401.882 rows=1 loops=2) |               ->  Parallel Hash Join  (cost=10625.37..16916.69 rows=12873485 width=0) (actual time=58.172..292.066 rows=3175888 loops=2) |                     Hash Cond: (ph.userid = u.id) |                     ->  Parallel Seq Scan on posthistory ph  (cost=0.00..4023.45 rows=178345 width=4) (actual time=0.010..8.818 rows=151594 loops=2) |                     ->  Parallel Hash  (cost=10139.52..10139.52 rows=38868 width=12) (actual time=57.743..57.745 rows=60208 loops=2) |                           Buckets: 131072  Batches: 1  Memory Usage: 6720kB |                           ->  Hash Join  (cost=4217.31..10139.52 rows=38868 width=12) (actual time=29.195..51.167 rows=60208 loops=2) |                                 Hash Cond: (v.userid = u.id) |                                 ->  Parallel Seq Scan on votes v  (cost=0.00..4572.24 rows=192259 width=4) (actual time=0.007..10.274 rows=163617 loops=2) |                                       Filter: (creationdate <= '2014-09-10 00:00:00'::timestamp without time zone) |                                       Rows Removed by Filter: 415 |                                 ->  Hash  (cost=3238.08..3238.08 rows=78338 width=8) (actual time=29.074..29.076 rows=64907 loops=2) |                                       Buckets: 131072  Batches: 1  Memory Usage: 3560kB |                                       ->  Hash Join  (cost=1598.54..3238.08 rows=78338 width=8) (actual time=6.901..21.987 rows=64907 loops=2) |                                             Hash Cond: (b.userid = u.id) |                                             ->  Seq Scan on badges b  (cost=0.00..1430.14 rows=79766 width=4) (actual time=0.020..4.757 rows=79654 loops=2) |                                                   Filter: (date >= '2010-07-19 21:54:06'::timestamp without time zone) |                                                   Rows Removed by Filter: 197 |                                             ->  Hash  (cost=1103.50..1103.50 rows=39603 width=4) (actual time=6.831..6.832 rows=39835 loops=2) |                                                   Buckets: 65536  Batches: 1  Memory Usage: 1913kB |                                                   ->  Seq Scan on users u  (cost=0.00..1103.50 rows=39603 width=4) (actual time=0.004..3.365 rows=39835 loops=2) |                                                         Filter: ((downvotes >= 0) AND (downvotes <= 3) AND (upvotes >= 0) AND (upvotes <= 71)) |                                                         Rows Removed by Filter: 490 | Planning Time: 0.280 ms | Execution Time: 408.853 ms
s125,65.873,Finalize Aggregate  (cost=19768.01..19768.02 rows=1 width=8) (actual time=77.138..78.903 rows=1 loops=1) |   ->  Gather  (cost=19767.90..19768.01 rows=1 width=8) (actual time=76.737..78.897 rows=2 loops=1) |         Workers Planned: 1 |         Workers Launched: 1 |         ->  Partial Aggregate  (cost=18767.90..18767.91 rows=1 width=8) (actual time=71.643..71.647 rows=1 loops=2) |               ->  Parallel Hash Join  (cost=9449.96..14935.40 rows=1532999 width=0) (actual time=45.779..70.440 rows=28102 loops=2) |                     Hash Cond: (v.userid = u.id) |                     ->  Parallel Seq Scan on votes v  (cost=0.00..4572.24 rows=192741 width=4) (actual time=0.003..13.729 rows=163944 loops=2) |                           Filter: (creationdate <= '2014-09-12 00:00:00'::timestamp without time zone) |                           Rows Removed by Filter: 88 |                     ->  Parallel Hash  (cost=8971.43..8971.43 rows=38283 width=12) (actual time=45.452..45.455 rows=26496 loops=2) |                           Buckets: 65536  Batches: 1  Memory Usage: 3008kB |                           ->  Hash Join  (cost=3994.26..8971.43 rows=38283 width=12) (actual time=24.360..40.681 rows=26496 loops=2) |                                 Hash Cond: (ph.userid = u.id) |                                 ->  Parallel Seq Scan on posthistory ph  (cost=0.00..4469.32 rows=25004 width=4) (actual time=0.010..8.664 rows=21460 loops=2) |                                       Filter: (posthistorytypeid = 1) |                                       Rows Removed by Filter: 130133 |                                 ->  Hash  (cost=3164.62..3164.62 rows=66371 width=8) (actual time=24.187..24.189 rows=38533 loops=2) |                                       Buckets: 131072  Batches: 1  Memory Usage: 2530kB |                                       ->  Hash Join  (cost=1527.19..3164.62 rows=66371 width=8) (actual time=6.358..19.602 rows=38533 loops=2) |                                             Hash Cond: (b.userid = u.id) |                                             ->  Seq Scan on badges b  (cost=0.00..1430.14 rows=78962 width=4) (actual time=0.005..4.850 rows=78917 loops=2) |                                                   Filter: (date <= '2014-09-03 16:13:12'::timestamp without time zone) |                                                   Rows Removed by Filter: 934 |                                             ->  Hash  (cost=1103.50..1103.50 rows=33895 width=4) (actual time=6.184..6.184 rows=35771 loops=2) |                                                   Buckets: 65536  Batches: 1  Memory Usage: 1770kB |                                                   ->  Seq Scan on users u  (cost=0.00..1103.50 rows=33895 width=4) (actual time=0.028..3.125 rows=35771 loops=2) |                                                         Filter: ((reputation <= 126) AND (views <= 11) AND (creationdate >= '2010-08-02 16:17:58'::timestamp without time zone) AND (creationdate <= '2014-09-12 00:16:30'::timestamp without time zone)) |                                                         Rows Removed by Filter: 4554 | Planning Time: 0.284 ms | Execution Time: 78.947 ms
s126,162736.051,Finalize Aggregate  (cost=49949.55..49949.56 rows=1 width=8) (actual time=163274.390..163295.830 rows=1 loops=1) |   ->  Gather  (cost=49949.44..49949.55 rows=1 width=8) (actual time=163205.314..163295.772 rows=2 loops=1) |         Workers Planned: 1 |         Workers Launched: 1 |         ->  Partial Aggregate  (cost=48949.44..48949.45 rows=1 width=8) (actual time=163227.795..163227.836 rows=1 loops=2) |               ->  Parallel Hash Join  (cost=9692.86..16021.21 rows=13171291 width=0) (actual time=320.537..103892.781 rows=1568174014 loops=2) |                     Hash Cond: (ph.userid = u.id) |                     ->  Parallel Seq Scan on posthistory ph  (cost=0.00..4023.45 rows=178345 width=4) (actual time=0.030..20.113 rows=151594 loops=2) |                     ->  Parallel Hash  (cost=9195.76..9195.76 rows=39768 width=12) (actual time=263.745..263.770 rows=528344 loops=2) |                           Buckets: 262144 (originally 131072)  Batches: 32 (originally 1)  Memory Usage: 10208kB |                           ->  Hash Join  (cost=3743.40..9195.76 rows=39768 width=12) (actual time=39.377..113.984 rows=528344 loops=2) |                                 Hash Cond: (v.userid = u.id) |                                 ->  Parallel Seq Scan on votes v  (cost=0.00..4089.79 rows=192979 width=4) (actual time=0.017..12.270 rows=164032 loops=2) |                                 ->  Hash  (cost=2745.27..2745.27 rows=79851 width=8) (actual time=39.105..39.123 rows=79851 loops=2) |                                       Buckets: 131072  Batches: 1  Memory Usage: 4144kB |                                       ->  Hash Join  (cost=1305.12..2745.27 rows=79851 width=8) (actual time=7.445..27.709 rows=79851 loops=2) |                                             Hash Cond: (b.userid = u.id) |                                             ->  Seq Scan on badges b  (cost=0.00..1230.51 rows=79851 width=4) (actual time=0.007..5.269 rows=79851 loops=2) |                                             ->  Hash  (cost=801.06..801.06 rows=40325 width=4) (actual time=7.313..7.314 rows=40325 loops=2) |                                                   Buckets: 65536  Batches: 1  Memory Usage: 1930kB |                                                   ->  Seq Scan on users u  (cost=0.00..801.06 rows=40325 width=4) (actual time=0.010..3.256 rows=40325 loops=2) |                                                         Filter: (views >= 0) | Planning Time: 0.613 ms | Execution Time: 163298.223 ms
s127,138.535,Finalize Aggregate  (cost=16852.17..16852.18 rows=1 width=8) (actual time=138.794..142.225 rows=1 loops=1) |   ->  Gather  (cost=16852.06..16852.17 rows=1 width=8) (actual time=138.258..142.219 rows=2 loops=1) |         Workers Planned: 1 |         Workers Launched: 1 |         ->  Partial Aggregate  (cost=15852.06..15852.07 rows=1 width=8) (actual time=132.623..132.632 rows=1 loops=2) |               ->  Parallel Hash Join  (cost=11068.57..15824.85 rows=10885 width=0) (actual time=57.851..119.835 rows=245460 loops=2) |                     Hash Cond: (ph.postid = p.id) |                     ->  Parallel Seq Scan on posthistory ph  (cost=0.00..4023.45 rows=178345 width=4) (actual time=0.007..12.797 rows=151594 loops=2) |                     ->  Parallel Hash  (cost=11027.30..11027.30 rows=3302 width=16) (actual time=57.539..57.546 rows=31856 loops=2) |                           Buckets: 65536 (originally 8192)  Batches: 1 (originally 1)  Memory Usage: 3968kB |                           ->  Parallel Hash Join  (cost=5854.53..11027.30 rows=3302 width=16) (actual time=21.689..49.330 rows=31856 loops=2) |                                 Hash Cond: (v.postid = p.id) |                                 ->  Parallel Seq Scan on votes v  (cost=0.00..4572.24 rows=154962 width=4) (actual time=0.008..12.864 rows=131058 loops=2) |                                       Filter: (votetypeid = 2) |                                       Rows Removed by Filter: 32974 |                                 ->  Parallel Hash  (cost=5840.11..5840.11 rows=1153 width=12) (actual time=21.499..21.504 rows=4469 loops=2) |                                       Buckets: 8192 (originally 2048)  Batches: 1 (originally 1)  Memory Usage: 560kB |                                       ->  Hash Join  (cost=2904.03..5840.11 rows=1153 width=12) (actual time=9.219..19.066 rows=4469 loops=2) |                                             Hash Cond: (c.postid = p.id) |                                             ->  Parallel Seq Scan on comments c  (cost=0.00..2625.65 rows=79705 width=4) (actual time=0.005..5.551 rows=67444 loops=2) |                                                   Filter: (score = 0) |                                                   Rows Removed by Filter: 19709 |                                             ->  Hash  (cost=2887.40..2887.40 rows=1331 width=8) (actual time=9.180..9.183 rows=3711 loops=2) |                                                   Buckets: 4096 (originally 2048)  Batches: 1 (originally 1)  Memory Usage: 177kB |                                                   ->  Hash Join  (cost=2614.52..2887.40 rows=1331 width=8) (actual time=7.198..8.834 rows=3711 loops=2) |                                                         Hash Cond: (pl.postid = p.id) |                                                         ->  Seq Scan on postlinks pl  (cost=0.00..248.53 rows=9276 width=4) (actual time=0.078..0.760 rows=9187 loops=2) |                                                               Filter: ((creationdate >= '2011-10-06 21:41:26'::timestamp without time zone) AND (linktypeid = 1)) |                                                               Rows Removed by Filter: 1915 |                                                         ->  Hash  (cost=2449.58..2449.58 rows=13195 width=4) (actual time=7.070..7.071 rows=13091 loops=2) |                                                               Buckets: 16384  Batches: 1  Memory Usage: 589kB |                                                               ->  Seq Scan on posts p  (cost=0.00..2449.58 rows=13195 width=4) (actual time=0.056..5.733 rows=13091 loops=2) |                                                                     Filter: ((favoritecount >= 0) AND (creationdate >= '2010-07-23 02:00:12'::timestamp without time zone) AND (creationdate <= '2014-09-08 13:52:41'::timestamp without time zone)) |                                                                     Rows Removed by Filter: 78885 | Planning Time: 0.544 ms | Execution Time: 142.288 ms
s128,118.413,Finalize Aggregate  (cost=17992.86..17992.87 rows=1 width=8) (actual time=98.834..100.576 rows=1 loops=1) |   ->  Gather  (cost=17992.75..17992.86 rows=1 width=8) (actual time=98.561..100.572 rows=2 loops=1) |         Workers Planned: 1 |         Workers Launched: 1 |         ->  Partial Aggregate  (cost=16992.75..16992.76 rows=1 width=8) (actual time=92.427..92.433 rows=1 loops=2) |               ->  Parallel Hash Join  (cost=11573.85..16955.39 rows=14941 width=0) (actual time=50.218..84.484 rows=227047 loops=2) |                     Hash Cond: (v.postid = p.id) |                     ->  Parallel Seq Scan on votes v  (cost=0.00..4572.24 rows=192378 width=4) (actual time=0.003..10.423 rows=163784 loops=2) |                           Filter: (creationdate <= '2014-09-11 00:00:00'::timestamp without time zone) |                           Rows Removed by Filter: 248 |                     ->  Parallel Hash  (cost=11521.33..11521.33 rows=4202 width=16) (actual time=49.838..49.843 rows=34626 loops=2) |                           Buckets: 131072 (originally 8192)  Batches: 1 (originally 1)  Memory Usage: 5280kB |                           ->  Parallel Hash Join  (cost=6372.72..11521.33 rows=4202 width=16) (actual time=22.353..43.573 rows=34626 loops=2) |                                 Hash Cond: (ph.postid = p.id) |                                 ->  Parallel Seq Scan on posthistory ph  (cost=0.00..4469.32 rows=174556 width=4) (actual time=0.123..9.962 rows=148408 loops=2) |                                       Filter: (creationdate >= '2010-09-20 19:11:45'::timestamp without time zone) |                                       Rows Removed by Filter: 3186 |                                 ->  Parallel Hash  (cost=6356.44..6356.44 rows=1302 width=12) (actual time=22.201..22.204 rows=5297 loops=2) |                                       Buckets: 16384 (originally 4096)  Batches: 1 (originally 1)  Memory Usage: 736kB |                                       ->  Hash Join  (cost=3337.00..6356.44 rows=1302 width=12) (actual time=9.862..20.896 rows=5297 loops=2) |                                             Hash Cond: (c.postid = p.id) |                                             ->  Parallel Seq Scan on comments c  (cost=0.00..2625.65 rows=101536 width=4) (actual time=0.026..5.902 rows=86709 loops=2) |                                                   Filter: (creationdate >= '2010-08-01 12:12:41'::timestamp without time zone) |                                                   Rows Removed by Filter: 444 |                                             ->  Hash  (cost=3322.25..3322.25 rows=1180 width=8) (actual time=9.787..9.789 rows=3167 loops=2) |                                                   Buckets: 4096 (originally 2048)  Batches: 1 (originally 1)  Memory Usage: 156kB |                                                   ->  Hash Join  (cost=3048.02..3322.25 rows=1180 width=8) (actual time=7.832..9.490 rows=3167 loops=2) |                                                         Hash Cond: (pl.postid = p.id) |                                                         ->  Seq Scan on postlinks pl  (cost=0.00..248.53 rows=9788 width=4) (actual time=0.031..0.778 rows=9803 loops=2) |                                                               Filter: ((creationdate <= '2014-08-11 17:26:31'::timestamp without time zone) AND (linktypeid = 1)) |                                                               Rows Removed by Filter: 1299 |                                                         ->  Hash  (cost=2909.46..2909.46 rows=11085 width=4) (actual time=7.724..7.725 rows=11092 loops=2) |                                                               Buckets: 16384  Batches: 1  Memory Usage: 518kB |                                                               ->  Seq Scan on posts p  (cost=0.00..2909.46 rows=11085 width=4) (actual time=0.169..6.481 rows=11092 loops=2) |                                                                     Filter: ((score <= 44) AND (favoritecount >= 0) AND (favoritecount <= 3) AND (creationdate >= '2010-08-11 13:53:56'::timestamp without time zone) AND (creationdate <= '2014-09-03 11:52:36'::timestamp without time zone)) |                                                                     Rows Removed by Filter: 80884 | Planning Time: 0.538 ms | Execution Time: 100.617 ms
s129,152.414,Finalize Aggregate  (cost=17430.76..17430.77 rows=1 width=8) (actual time=146.825..149.421 rows=1 loops=1) |   ->  Gather  (cost=17430.65..17430.76 rows=1 width=8) (actual time=145.520..149.411 rows=2 loops=1) |         Workers Planned: 1 |         Workers Launched: 1 |         ->  Partial Aggregate  (cost=16430.65..16430.66 rows=1 width=8) (actual time=140.462..140.473 rows=1 loops=2) |               ->  Parallel Hash Join  (cost=11532.07..16369.11 rows=24615 width=0) (actual time=64.349..121.772 rows=457105 loops=2) |                     Hash Cond: (ph.postid = p.id) |                     ->  Parallel Seq Scan on posthistory ph  (cost=0.00..4023.45 rows=178345 width=4) (actual time=0.002..9.061 rows=151594 loops=2) |                     ->  Parallel Hash  (cost=11438.74..11438.74 rows=7467 width=16) (actual time=64.077..64.086 rows=65640 loops=2) |                           Buckets: 131072 (originally 16384)  Batches: 1 (originally 1)  Memory Usage: 8128kB |                           ->  Parallel Hash Join  (cost=6241.47..11438.74 rows=7467 width=16) (actual time=29.170..53.598 rows=65640 loops=2) |                                 Hash Cond: (v.postid = p.id) |                                 ->  Parallel Seq Scan on votes v  (cost=0.00..4572.24 rows=154962 width=4) (actual time=0.009..9.860 rows=131058 loops=2) |                                       Filter: (votetypeid = 2) |                                       Rows Removed by Filter: 32974 |                                 ->  Parallel Hash  (cost=6208.89..6208.89 rows=2607 width=12) (actual time=28.938..28.943 rows=16768 loops=2) |                                       Buckets: 32768 (originally 8192)  Batches: 1 (originally 1)  Memory Usage: 2048kB |                                       ->  Hash Join  (cost=3174.27..6208.89 rows=2607 width=12) (actual time=14.089..26.311 rows=16768 loops=2) |                                             Hash Cond: (c.postid = p.id) |                                             ->  Parallel Seq Scan on comments c  (cost=0.00..2625.65 rows=102102 width=4) (actual time=0.004..5.730 rows=86783 loops=2) |                                                   Filter: (creationdate <= '2014-09-10 02:42:35'::timestamp without time zone) |                                                   Rows Removed by Filter: 370 |                                             ->  Hash  (cost=3144.91..3144.91 rows=2349 width=8) (actual time=14.017..14.020 rows=10666 loops=2) |                                                   Buckets: 16384 (originally 4096)  Batches: 1 (originally 1)  Memory Usage: 545kB |                                                   ->  Hash Join  (cost=2922.74..3144.91 rows=2349 width=8) (actual time=10.767..12.907 rows=10666 loops=2) |                                                         Hash Cond: (pl.postid = p.id) |                                                         ->  Seq Scan on postlinks pl  (cost=0.00..193.02 rows=11102 width=4) (actual time=0.015..0.644 rows=11102 loops=2) |                                                         ->  Hash  (cost=2679.52..2679.52 rows=19458 width=4) (actual time=10.721..10.722 rows=42009 loops=2) |                                                               Buckets: 65536 (originally 32768)  Batches: 1 (originally 1)  Memory Usage: 1989kB |                                                               ->  Seq Scan on posts p  (cost=0.00..2679.52 rows=19458 width=4) (actual time=0.054..6.833 rows=42009 loops=2) |                                                                     Filter: ((score >= '-1'::integer) AND (viewcount <= 5896) AND (answercount >= 0) AND (creationdate >= '2010-07-29 15:57:21'::timestamp without time zone)) |                                                                     Rows Removed by Filter: 49967 | Planning Time: 0.518 ms | Execution Time: 149.465 ms
s130,96.681,Finalize Aggregate  (cost=25986.18..25986.19 rows=1 width=8) (actual time=94.754..96.209 rows=1 loops=1) |   ->  Gather  (cost=25986.07..25986.18 rows=1 width=8) (actual time=94.749..96.205 rows=2 loops=1) |         Workers Planned: 1 |         Workers Launched: 1 |         ->  Partial Aggregate  (cost=24986.07..24986.08 rows=1 width=8) (actual time=89.516..89.520 rows=1 loops=2) |               ->  Parallel Hash Join  (cost=23864.41..24861.49 rows=49829 width=0) (actual time=80.760..88.057 rows=17602 loops=2) |                     Hash Cond: (pl.relatedpostid = ph.postid) |                     ->  Merge Join  (cost=17187.76..17825.36 rows=10618 width=12) (actual time=51.182..55.158 rows=2610 loops=2) |                           Merge Cond: (p.id = pl.relatedpostid) |                           ->  Sort  (cost=16288.88..16528.57 rows=95876 width=8) (actual time=47.516..48.709 rows=25368 loops=2) |                                 Sort Key: c.postid |                                 Sort Method: quicksort  Memory: 1572kB |                                 Worker 0:  Sort Method: quicksort  Memory: 1551kB |                                 ->  Hash Join  (cost=4955.04..8355.67 rows=95876 width=8) (actual time=23.282..42.694 rows=25368 loops=2) |                                       Hash Cond: (c.postid = p.id) |                                       ->  Hash Join  (cost=1590.34..4738.26 rows=96265 width=4) (actual time=6.639..21.352 rows=26303 loops=2) |                                             Hash Cond: (c.userid = u.id) |                                             ->  Parallel Seq Scan on comments c  (cost=0.00..2881.99 rows=101302 width=8) (actual time=0.003..6.592 rows=86928 loops=2) |                                                   Filter: ((creationdate >= '2010-07-11 12:25:05'::timestamp without time zone) AND (creationdate <= '2014-09-11 13:43:09'::timestamp without time zone)) |                                                   Rows Removed by Filter: 224 |                                             ->  Hash  (cost=1103.50..1103.50 rows=38947 width=4) (actual time=6.584..6.585 rows=39369 loops=2) |                                                   Buckets: 65536  Batches: 1  Memory Usage: 1897kB |                                                   ->  Seq Scan on users u  (cost=0.00..1103.50 rows=38947 width=4) (actual time=0.010..3.380 rows=39369 loops=2) |                                                         Filter: ((reputation >= 1) AND (reputation <= 491) AND (downvotes >= 0) AND (downvotes <= 0)) |                                                         Rows Removed by Filter: 956 |                                       ->  Hash  (cost=2219.64..2219.64 rows=91605 width=4) (actual time=16.544..16.545 rows=91618 loops=2) |                                             Buckets: 131072  Batches: 1  Memory Usage: 4245kB |                                             ->  Seq Scan on posts p  (cost=0.00..2219.64 rows=91605 width=4) (actual time=0.018..8.098 rows=91618 loops=2) |                                                   Filter: ((commentcount >= 0) AND (commentcount <= 14)) |                                                   Rows Removed by Filter: 358 |                           ->  Sort  (cost=898.87..924.34 rows=10186 width=4) (actual time=3.648..4.195 rows=11100 loops=2) |                                 Sort Key: pl.relatedpostid |                                 Sort Method: quicksort  Memory: 385kB |                                 Worker 0:  Sort Method: quicksort  Memory: 385kB |                                 ->  Seq Scan on postlinks pl  (cost=0.00..220.78 rows=10186 width=4) (actual time=0.174..1.762 rows=10186 loops=2) |                                       Filter: (linktypeid = 1) |                                       Rows Removed by Filter: 916 |                     ->  Parallel Hash  (cost=4469.32..4469.32 rows=176587 width=4) (actual time=28.968..28.968 rows=150228 loops=2) |                           Buckets: 524288  Batches: 1  Memory Usage: 15872kB |                           ->  Parallel Seq Scan on posthistory ph  (cost=0.00..4469.32 rows=176587 width=4) (actual time=0.064..11.124 rows=150228 loops=2) |                                 Filter: (creationdate >= '2010-08-06 03:14:53'::timestamp without time zone) |                                 Rows Removed by Filter: 1366 | Planning Time: 0.364 ms | Execution Time: 96.270 ms
s131,291.703,Finalize Aggregate  (cost=98510.12..98510.13 rows=1 width=8) (actual time=290.817..291.646 rows=1 loops=1) |   ->  Gather  (cost=98510.01..98510.12 rows=1 width=8) (actual time=290.808..291.642 rows=2 loops=1) |         Workers Planned: 1 |         Workers Launched: 1 |         ->  Partial Aggregate  (cost=97510.01..97510.02 rows=1 width=8) (actual time=246.901..246.907 rows=1 loops=2) |               ->  Parallel Hash Join  (cost=22975.11..25359.82 rows=28860076 width=0) (actual time=92.562..194.790 rows=1431813 loops=2) |                     Hash Cond: (v.userid = u.id) |                     ->  Merge Join  (cost=14659.32..14743.69 rows=200982 width=12) (actual time=25.515..46.025 rows=164128 loops=2) |                           Merge Cond: (v.userid = c.userid) |                           ->  Sort  (cost=10597.31..10604.50 rows=2879 width=8) (actual time=18.102..18.571 rows=9896 loops=2) |                                 Sort Key: p.owneruserid |                                 Sort Method: quicksort  Memory: 690kB |                                 Worker 0:  Sort Method: quicksort  Memory: 697kB |                                 ->  Hash Join  (cost=3197.80..10431.89 rows=2879 width=8) (actual time=10.134..17.192 rows=9896 loops=2) |                                       Hash Cond: (v.userid = p.owneruserid) |                                       ->  Parallel Seq Scan on votes v  (cost=0.00..5054.68 rows=977 width=4) (actual time=0.038..6.260 rows=872 loops=2) |                                             Filter: ((bountyamount >= 0) AND (creationdate >= '2010-05-19 00:00:00'::timestamp without time zone)) |                                             Rows Removed by Filter: 163160 |                                       ->  Hash  (cost=2679.52..2679.52 rows=41462 width=4) (actual time=9.988..9.988 rows=40997 loops=2) |                                             Buckets: 65536  Batches: 1  Memory Usage: 1954kB |                                             ->  Seq Scan on posts p  (cost=0.00..2679.52 rows=41462 width=4) (actual time=0.030..6.427 rows=41710 loops=2) |                                                   Filter: ((answercount >= 0) AND (answercount <= 9) AND (creationdate >= '2010-07-20 18:17:25'::timestamp without time zone) AND (creationdate <= '2014-08-26 12:57:22'::timestamp without time zone)) |                                                   Rows Removed by Filter: 50266 |                           ->  Sort  (cost=4062.01..4082.72 rows=8285 width=4) (actual time=7.406..13.911 rows=168092 loops=2) |                                 Sort Key: c.userid |                                 Sort Method: quicksort  Memory: 385kB |                                 Worker 0:  Sort Method: quicksort  Memory: 385kB |                                 ->  Seq Scan on comments c  (cost=0.00..3522.81 rows=8285 width=4) (actual time=0.017..6.772 rows=8362 loops=2) |                                       Filter: (score = 2) |                                       Rows Removed by Filter: 165943 |                     ->  Parallel Hash  (cost=6404.74..6404.74 rows=152884 width=8) (actual time=49.362..49.364 rows=85162 loops=2) |                           Buckets: 262144  Batches: 1  Memory Usage: 8768kB |                           ->  Hash Join  (cost=1473.13..6404.74 rows=152884 width=8) (actual time=6.779..37.653 rows=85162 loops=2) |                                 Hash Cond: (ph.userid = u.id) |                                 ->  Parallel Seq Scan on posthistory ph  (cost=0.00..4469.32 rows=176098 width=4) (actual time=0.008..11.814 rows=149522 loops=2) |                                       Filter: (creationdate <= '2014-09-02 07:58:47'::timestamp without time zone) |                                       Rows Removed by Filter: 2071 |                                 ->  Hash  (cost=1002.69..1002.69 rows=37635 width=4) (actual time=6.617..6.618 rows=37636 loops=2) |                                       Buckets: 65536  Batches: 1  Memory Usage: 1836kB |                                       ->  Seq Scan on users u  (cost=0.00..1002.69 rows=37635 width=4) (actual time=0.048..3.250 rows=37636 loops=2) |                                             Filter: ((upvotes <= 230) AND (creationdate >= '2010-09-22 01:07:10'::timestamp without time zone) AND (creationdate <= '2014-08-15 05:52:23'::timestamp without time zone)) |                                             Rows Removed by Filter: 2689 | Planning Time: 0.573 ms | Execution Time: 291.703 ms
s132,322.823,"Finalize Aggregate  (cost=232381.72..232381.73 rows=1 width=8) (actual time=327.126..327.517 rows=1 loops=1) |   ->  Gather  (cost=232381.61..232381.72 rows=1 width=8) (actual time=327.117..327.510 rows=2 loops=1) |         Workers Planned: 1 |         Workers Launched: 1 |         ->  Partial Aggregate  (cost=231381.61..231381.62 rows=1 width=8) (actual time=305.764..305.768 rows=1 loops=2) |               ->  Parallel Hash Join  (cost=26479.09..28682.32 rows=81079715 width=0) (actual time=97.416..303.402 rows=48242 loops=2) |                     Hash Cond: (v.userid = u.id) |                     ->  Merge Join  (cost=21287.26..21571.17 rows=220971 width=12) (actual time=46.484..210.089 rows=1005872 loops=2) |                           Merge Cond: (v.userid = p.owneruserid) |                           ->  Merge Join  (cost=17423.37..17826.07 rows=9963 width=8) (actual time=32.926..44.437 rows=56840 loops=2) |                                 Merge Cond: (ph.userid = v.userid) |                                 ->  Sort  (cost=9439.14..9569.28 rows=52057 width=4) (actual time=16.147..17.853 rows=43218 loops=2) |                                       Sort Key: ph.userid |                                       Sort Method: quicksort  Memory: 1537kB |                                       Worker 0:  Sort Method: quicksort  Memory: 1537kB |                                       ->  Parallel Seq Scan on posthistory ph  (cost=0.00..5361.04 rows=52057 width=4) (actual time=0.232..12.125 rows=43762 loops=2) |                                             Filter: ((creationdate >= '2010-11-05 01:25:39'::timestamp without time zone) AND (creationdate <= '2014-09-09 07:14:12'::timestamp without time zone) AND (posthistorytypeid = 2)) |                                             Rows Removed by Filter: 107832 |                                 ->  Sort  (cost=7984.22..7988.13 rows=1566 width=4) (actual time=16.730..18.903 rows=56916 loops=2) |                                       Sort Key: v.userid |                                       Sort Method: quicksort  Memory: 49kB |                                       Worker 0:  Sort Method: quicksort  Memory: 49kB |                                       ->  Seq Scan on votes v  (cost=0.00..7901.12 rows=1566 width=4) (actual time=0.123..16.599 rows=1651 loops=2) |                                             Filter: ((bountyamount >= 0) AND (bountyamount <= 100) AND (creationdate >= '2010-07-26 00:00:00'::timestamp without time zone)) |                                             Rows Removed by Filter: 326413 |                           ->  Sort  (cost=3863.89..3913.43 rows=19816 width=4) (actual time=11.960..53.737 rows=1040969 loops=2) |                                 Sort Key: p.owneruserid |                                 Sort Method: quicksort  Memory: 1537kB |                                 Worker 0:  Sort Method: quicksort  Memory: 1537kB |                                 ->  Seq Scan on posts p  (cost=0.00..2449.58 rows=19816 width=4) (actual time=0.020..7.759 rows=42533 loops=2) |                                       Filter: ((viewcount >= 0) AND (answercount >= 0) AND (answercount <= 5)) |                                       Rows Removed by Filter: 49443 |                     ->  Parallel Hash  (cost=4011.99..4011.99 rows=94387 width=8) (actual time=36.146..36.147 rows=17273 loops=2) |                           Buckets: 262144  Batches: 1  Memory Usage: 3424kB |                           ->  Hash Join  (cost=1373.49..4011.99 rows=94387 width=8) (actual time=19.567..33.485 rows=17273 loops=2) |                                 Hash Cond: (c.userid = u.id) |                                 ->  Parallel Seq Scan on comments c  (cost=0.00..2369.32 rows=102532 width=4) (actual time=0.005..4.997 rows=87152 loops=2) |                                 ->  Hash  (cost=901.88..901.88 rows=37729 width=4) (actual time=19.486..19.487 rows=37714 loops=2) |                                       Buckets: 65536  Batches: 1  Memory Usage: 1838kB |                                       ->  Seq Scan on users u  (cost=0.00..901.88 rows=37729 width=4) (actual time=11.944..15.801 rows=37714 loops=2) |                                             Filter: ((views >= 0) AND (views <= 13)) |                                             Rows Removed by Filter: 2611 | Planning Time: 0.609 ms | JIT: |   Functions: 90 |   Options: Inlining false, Optimization false, Expressions true, Deforming true |   Timing: Generation 1.858 ms, Inlining 0.000 ms, Optimization 1.016 ms, Emission 23.110 ms, Total 25.983 ms | Execution Time: 328.579 ms"
s133,979.869,"Finalize Aggregate  (cost=3223213.92..3223213.93 rows=1 width=8) (actual time=967.632..968.839 rows=1 loops=1) |   ->  Gather  (cost=3223213.81..3223213.92 rows=1 width=8) (actual time=967.622..968.832 rows=2 loops=1) |         Workers Planned: 1 |         Workers Launched: 1 |         ->  Partial Aggregate  (cost=3222213.81..3222213.82 rows=1 width=8) (actual time=956.277..956.282 rows=1 loops=2) |               ->  Parallel Hash Join  (cost=15850.08..33173.29 rows=1275616209 width=0) (actual time=243.348..694.142 rows=6985705 loops=2) |                     Hash Cond: (ph.userid = u.id) |                     ->  Parallel Seq Scan on posthistory ph  (cost=0.00..4023.45 rows=178345 width=4) (actual time=0.040..12.250 rows=151594 loops=2) |                     ->  Parallel Hash  (cost=12026.93..12026.93 rows=219932 width=16) (actual time=210.474..210.477 rows=44700 loops=2) |                           Buckets: 262144  Batches: 4  Memory Usage: 3712kB |                           ->  Parallel Hash Join  (cost=9267.64..12026.93 rows=219932 width=16) (actual time=189.020..203.755 rows=44700 loops=2) |                                 Hash Cond: (c.userid = u.id) |                                 ->  Parallel Seq Scan on comments c  (cost=0.00..2369.32 rows=102532 width=4) (actual time=0.002..5.995 rows=87152 loops=2) |                                 ->  Parallel Hash  (cost=9264.90..9264.90 rows=219 width=12) (actual time=188.864..188.867 rows=1890 loops=2) |                                       Buckets: 4096 (originally 1024)  Batches: 1 (originally 1)  Memory Usage: 280kB |                                       ->  Hash Join  (cost=2401.87..9264.90 rows=219 width=12) (actual time=164.418..170.909 rows=1890 loops=2) |                                             Hash Cond: (u.id = b.userid) |                                             ->  Nested Loop  (cost=0.29..6813.25 rows=92 width=8) (actual time=150.898..157.166 rows=214 loops=2) |                                                   ->  Parallel Seq Scan on votes v  (cost=0.00..5537.13 rows=973 width=4) (actual time=150.780..156.351 rows=870 loops=2) |                                                         Filter: ((bountyamount >= 0) AND (creationdate >= '2010-07-20 00:00:00'::timestamp without time zone) AND (creationdate <= '2014-09-11 00:00:00'::timestamp without time zone)) |                                                         Rows Removed by Filter: 163162 |                                                   ->  Index Scan using users_pkey on users u  (cost=0.29..1.31 rows=1 width=4) (actual time=0.001..0.001 rows=0 loops=1740) |                                                         Index Cond: (id = v.userid) |                                                         Filter: ((downvotes >= 0) AND (downvotes <= 0) AND (upvotes >= 0) AND (upvotes <= 31) AND (creationdate <= '2014-08-06 20:38:52'::timestamp without time zone)) |                                                         Rows Removed by Filter: 0 |                                             ->  Hash  (cost=1430.14..1430.14 rows=77715 width=4) (actual time=13.331..13.331 rows=77704 loops=2) |                                                   Buckets: 131072  Batches: 1  Memory Usage: 3756kB |                                                   ->  Seq Scan on badges b  (cost=0.00..1430.14 rows=77715 width=4) (actual time=0.087..5.580 rows=77704 loops=2) |                                                         Filter: (date >= '2010-09-26 12:17:14'::timestamp without time zone) |                                                         Rows Removed by Filter: 2147 | Planning Time: 0.625 ms | JIT: |   Functions: 78 |   Options: Inlining true, Optimization true, Expressions true, Deforming true |   Timing: Generation 1.677 ms, Inlining 56.251 ms, Optimization 135.293 ms, Emission 110.131 ms, Total 303.351 ms | Execution Time: 969.914 ms"
s134,13429.758,"Finalize Aggregate  (cost=115735072.36..115735072.37 rows=1 width=8) (actual time=14303.951..14304.326 rows=1 loops=1) |   ->  Gather  (cost=115735072.24..115735072.35 rows=1 width=8) (actual time=14303.907..14304.304 rows=2 loops=1) |         Workers Planned: 1 |         Workers Launched: 1 |         ->  Partial Aggregate  (cost=115734072.24..115734072.25 rows=1 width=8) (actual time=13199.181..13199.190 rows=1 loops=2) |               ->  Parallel Hash Join  (cost=88413.67..3686756.63 rows=44818926245 width=0) (actual time=6108.948..13198.753 rows=8349 loops=2) |                     Hash Cond: (ph.userid = u.id) |                     ->  Merge Join  (cost=83835.03..781617.34 rows=206714238 width=12) (actual time=93.980..9728.365 rows=57784540 loops=2) |                           Merge Cond: (ph.userid = b.userid) |                           ->  Sort  (cost=21904.87..22337.76 rows=173156 width=4) (actual time=30.617..39.814 rows=136518 loops=2) |                                 Sort Key: ph.userid |                                 Sort Method: quicksort  Memory: 4096kB |                                 Worker 0:  Sort Method: quicksort  Memory: 4096kB |                                 ->  Parallel Seq Scan on posthistory ph  (cost=0.00..4469.32 rows=173156 width=4) (actual time=0.020..14.363 rows=146961 loops=2) |                                       Filter: (creationdate <= '2014-08-18 08:54:12'::timestamp without time zone) |                                       Rows Removed by Filter: 4632 |                           ->  Materialize  (cost=61916.74..64060.21 rows=428694 width=8) (actual time=63.117..2343.814 rows=57788785 loops=2) |                                 ->  Sort  (cost=61916.74..62988.47 rows=428694 width=8) (actual time=63.111..77.681 rows=183830 loops=2) |                                       Sort Key: p.owneruserid |                                       Sort Method: external merge  Disk: 3248kB |                                       Worker 0:  Sort Method: external merge  Disk: 3248kB |                                       ->  Hash Join  (cost=2228.65..15950.80 rows=428694 width=8) (actual time=15.349..37.810 rows=183858 loops=2) |                                             Hash Cond: (p.owneruserid = b.userid) |                                             ->  Seq Scan on posts p  (cost=0.00..2909.46 rows=12430 width=4) (actual time=0.030..4.555 rows=12269 loops=2) |                                                   Filter: ((score >= '-2'::integer) AND (commentcount >= 0) AND (commentcount <= 12) AND (favoritecount >= 0) AND (favoritecount <= 6)) |                                                   Rows Removed by Filter: 79707 |                                             ->  Hash  (cost=1230.51..1230.51 rows=79851 width=4) (actual time=15.256..15.257 rows=79851 loops=2) |                                                   Buckets: 131072  Batches: 1  Memory Usage: 3832kB |                                                   ->  Seq Scan on badges b  (cost=0.00..1230.51 rows=79851 width=4) (actual time=0.017..5.481 rows=79851 loops=2) |                     ->  Parallel Hash  (cost=4089.24..4089.24 rows=39152 width=8) (actual time=241.387..241.389 rows=2293 loops=2) |                           Buckets: 131072  Batches: 1  Memory Usage: 1216kB |                           ->  Hash Join  (cost=1254.34..4089.24 rows=39152 width=8) (actual time=209.424..225.461 rows=2293 loops=2) |                                 Hash Cond: (c.userid = u.id) |                                 ->  Parallel Seq Scan on comments c  (cost=0.00..2625.65 rows=79705 width=4) (actual time=204.922..213.274 rows=67444 loops=2) |                                       Filter: (score = 0) |                                       Rows Removed by Filter: 19709 |                                 ->  Hash  (cost=1002.69..1002.69 rows=20132 width=4) (actual time=4.418..4.420 rows=20197 loops=2) |                                       Buckets: 32768  Batches: 1  Memory Usage: 967kB |                                       ->  Seq Scan on users u  (cost=0.00..1002.69 rows=20132 width=4) (actual time=0.046..2.481 rows=20197 loops=2) |                                             Filter: ((downvotes >= 0) AND (downvotes <= 60) AND (views = 0)) |                                             Rows Removed by Filter: 20128 | Planning Time: 0.653 ms | JIT: |   Functions: 94 |   Options: Inlining true, Optimization true, Expressions true, Deforming true |   Timing: Generation 3.454 ms, Inlining 54.324 ms, Optimization 188.597 ms, Emission 167.324 ms, Total 413.700 ms | Execution Time: 14306.690 ms"
s135,119430.697,"Finalize Aggregate  (cost=3543912.86..3543912.87 rows=1 width=8) (actual time=115884.406..115885.189 rows=1 loops=1) |   ->  Gather  (cost=3543912.75..3543912.86 rows=1 width=8) (actual time=115884.394..115885.180 rows=2 loops=1) |         Workers Planned: 1 |         Workers Launched: 1 |         ->  Partial Aggregate  (cost=3542912.75..3542912.76 rows=1 width=8) (actual time=115864.168..115864.173 rows=1 loops=2) |               ->  Parallel Hash Join  (cost=10381.59..102488.54 rows=1376169685 width=0) (actual time=264.153..73645.970 rows=1131978584 loops=2) |                     Hash Cond: (ph.userid = u.id) |                     ->  Hash Join  (cost=5378.78..24316.37 rows=3168780 width=12) (actual time=21.422..235.938 rows=1680196 loops=2) |                           Hash Cond: (ph.userid = b.userid) |                           ->  Parallel Seq Scan on posthistory ph  (cost=0.00..4023.45 rows=178345 width=4) (actual time=0.008..30.031 rows=151594 loops=2) |                           ->  Hash  (cost=5299.03..5299.03 rows=6380 width=8) (actual time=21.377..21.378 rows=8897 loops=2) |                                 Buckets: 16384 (originally 8192)  Batches: 1 (originally 1)  Memory Usage: 476kB |                                 ->  Hash Join  (cost=2228.65..5299.03 rows=6380 width=8) (actual time=13.941..20.349 rows=8897 loops=2) |                                       Hash Cond: (p.owneruserid = b.userid) |                                       ->  Seq Scan on posts p  (cost=0.00..2909.46 rows=185 width=4) (actual time=0.066..5.468 rows=879 loops=2) |                                             Filter: ((viewcount >= 0) AND (viewcount <= 4157) AND (creationdate <= '2014-09-08 09:58:16'::timestamp without time zone) AND (favoritecount = 0) AND (posttypeid = 1)) |                                             Rows Removed by Filter: 91097 |                                       ->  Hash  (cost=1230.51..1230.51 rows=79851 width=4) (actual time=13.646..13.647 rows=79851 loops=2) |                                             Buckets: 131072  Batches: 1  Memory Usage: 3832kB |                                             ->  Seq Scan on badges b  (cost=0.00..1230.51 rows=79851 width=4) (actual time=0.026..5.662 rows=79851 loops=2) |                     ->  Parallel Hash  (cost=4022.54..4022.54 rows=78422 width=8) (actual time=241.892..241.893 rows=66356 loops=2) |                           Buckets: 262144  Batches: 1  Memory Usage: 7264kB |                           ->  Parallel Hash Join  (cost=1187.63..4022.54 rows=78422 width=8) (actual time=211.597..232.350 rows=66356 loops=2) |                                 Hash Cond: (c.userid = u.id) |                                 ->  Parallel Seq Scan on comments c  (cost=0.00..2625.65 rows=79705 width=4) (actual time=0.040..10.558 rows=67444 loops=2) |                                       Filter: (score = 0) |                                       Rows Removed by Filter: 19709 |                                 ->  Parallel Hash  (cost=891.12..891.12 rows=23721 width=4) (actual time=211.374..211.375 rows=20162 loops=2) |                                       Buckets: 65536  Batches: 1  Memory Usage: 2112kB |                                       ->  Parallel Index Only Scan using users_pkey on users u  (cost=0.29..891.12 rows=23721 width=4) (actual time=0.028..1.593 rows=20162 loops=2) |                                             Heap Fetches: 0 | Planning Time: 0.823 ms | JIT: |   Functions: 82 |   Options: Inlining true, Optimization true, Expressions true, Deforming true |   Timing: Generation 3.606 ms, Inlining 50.055 ms, Optimization 164.084 ms, Emission 148.617 ms, Total 366.362 ms | Execution Time: 115887.772 ms"
s136,30701.107,"Finalize Aggregate  (cost=66436044.00..66436044.01 rows=1 width=8) (actual time=29878.547..29878.937 rows=1 loops=1) |   ->  Gather  (cost=66436043.89..66436044.00 rows=1 width=8) (actual time=29878.539..29878.930 rows=2 loops=1) |         Workers Planned: 1 |         Workers Launched: 1 |         ->  Partial Aggregate  (cost=66435043.89..66435043.90 rows=1 width=8) (actual time=29724.688..29724.693 rows=1 loops=2) |               ->  Parallel Hash Join  (cost=43938.76..1537394.12 rows=25959059906 width=0) (actual time=331.295..25192.834 rows=127677904 loops=2) |                     Hash Cond: (ph.userid = u.id) |                     ->  Merge Join  (cost=38109.89..204422.75 rows=49159115 width=12) (actual time=92.367..13709.841 rows=75444486 loops=2) |                           Merge Cond: (ph.userid = b.userid) |                           ->  Sort  (cost=22018.48..22464.34 rows=178345 width=4) (actual time=20.547..27.242 rows=140928 loops=2) |                                 Sort Key: ph.userid |                                 Sort Method: quicksort  Memory: 4096kB |                                 Worker 0:  Sort Method: quicksort  Memory: 4096kB |                                 ->  Parallel Seq Scan on posthistory ph  (cost=0.00..4023.45 rows=178345 width=4) (actual time=0.017..8.528 rows=151594 loops=2) |                           ->  Sort  (cost=16077.59..16325.04 rows=98982 width=8) (actual time=71.616..5247.008 rows=75448561 loops=2) |                                 Sort Key: p.owneruserid |                                 Sort Method: external sort  Disk: 4576kB |                                 Worker 0:  Sort Method: external sort  Disk: 4576kB |                                 ->  Hash Join  (cost=2228.65..7864.62 rows=98982 width=8) (actual time=12.602..34.043 rows=211843 loops=2) |                                       Hash Cond: (p.owneruserid = b.userid) |                                       ->  Seq Scan on posts p  (cost=0.00..3139.40 rows=2870 width=4) (actual time=0.020..4.147 rows=13007 loops=2) |                                             Filter: ((viewcount >= 0) AND (viewcount <= 25597) AND (commentcount >= 0) AND (commentcount <= 11) AND (favoritecount >= 0) AND (posttypeid = 1)) |                                             Rows Removed by Filter: 78969 |                                       ->  Hash  (cost=1230.51..1230.51 rows=79851 width=4) (actual time=12.534..12.535 rows=79851 loops=2) |                                             Buckets: 131072  Batches: 1  Memory Usage: 3832kB |                                             ->  Seq Scan on badges b  (cost=0.00..1230.51 rows=79851 width=4) (actual time=0.007..5.202 rows=79851 loops=2) |                     ->  Parallel Hash  (cost=4636.94..4636.94 rows=95355 width=8) (actual time=185.224..185.226 rows=28814 loops=2) |                           Buckets: 262144  Batches: 1  Memory Usage: 4352kB |                           ->  Hash Join  (cost=1493.84..4636.94 rows=95355 width=8) (actual time=166.034..181.335 rows=28814 loops=2) |                                 Hash Cond: (c.userid = u.id) |                                 ->  Parallel Seq Scan on comments c  (cost=0.00..2881.99 rows=99464 width=4) (actual time=159.490..165.133 rows=84656 loops=2) |                                       Filter: ((creationdate >= '2010-08-19 09:33:49'::timestamp without time zone) AND (creationdate <= '2014-08-28 06:54:21'::timestamp without time zone)) |                                       Rows Removed by Filter: 2497 |                                 ->  Hash  (cost=1002.69..1002.69 rows=39292 width=4) (actual time=6.481..6.481 rows=39532 loops=2) |                                       Buckets: 65536  Batches: 1  Memory Usage: 1902kB |                                       ->  Seq Scan on users u  (cost=0.00..1002.69 rows=39292 width=4) (actual time=0.023..3.018 rows=39532 loops=2) |                                             Filter: ((downvotes <= 0) AND (upvotes >= 0) AND (upvotes <= 123)) |                                             Rows Removed by Filter: 793 | Planning Time: 0.578 ms | JIT: |   Functions: 90 |   Options: Inlining true, Optimization true, Expressions true, Deforming true |   Timing: Generation 1.902 ms, Inlining 40.289 ms, Optimization 151.038 ms, Emission 127.745 ms, Total 320.974 ms | Execution Time: 29880.391 ms"
s137,66.127,Finalize Aggregate  (cost=9998.88..9998.89 rows=1 width=8) (actual time=64.479..66.076 rows=1 loops=1) |   ->  Gather  (cost=9998.77..9998.88 rows=1 width=8) (actual time=63.993..66.072 rows=2 loops=1) |         Workers Planned: 1 |         Workers Launched: 1 |         ->  Partial Aggregate  (cost=8998.77..8998.78 rows=1 width=8) (actual time=59.396..59.400 rows=1 loops=2) |               ->  Hash Join  (cost=5969.71..8991.54 rows=2890 width=0) (actual time=36.251..55.275 rows=116965 loops=2) |                     Hash Cond: (c.postid = p.id) |                     ->  Parallel Seq Scan on comments c  (cost=0.00..2625.65 rows=102507 width=4) (actual time=0.004..5.411 rows=87132 loops=2) |                           Filter: (creationdate <= '2014-09-13 20:12:15'::timestamp without time zone) |                           Rows Removed by Filter: 21 |                     ->  Hash  (cost=5956.49..5956.49 rows=1057 width=8) (actual time=36.209..36.212 rows=89803 loops=2) |                           Buckets: 131072 (originally 2048)  Batches: 1 (originally 1)  Memory Usage: 4532kB |                           ->  Hash Join  (cost=4415.97..5956.49 rows=1057 width=8) (actual time=13.010..28.265 rows=89803 loops=2) |                                 Hash Cond: (b.userid = u.id) |                                 ->  Seq Scan on badges b  (cost=0.00..1230.51 rows=79851 width=4) (actual time=0.004..4.215 rows=79851 loops=2) |                                 ->  Hash  (cost=4409.30..4409.30 rows=534 width=16) (actual time=13.003..13.005 rows=3982 loops=2) |                                       Buckets: 4096 (originally 1024)  Batches: 1 (originally 1)  Memory Usage: 219kB |                                       ->  Nested Loop  (cost=3900.04..4409.30 rows=534 width=16) (actual time=8.161..12.595 rows=3982 loops=2) |                                             ->  Hash Join  (cost=3899.75..4199.21 rows=542 width=12) (actual time=8.137..9.743 rows=4058 loops=2) |                                                   Hash Cond: (pl.relatedpostid = p.id) |                                                   ->  Seq Scan on postlinks pl  (cost=0.00..276.29 rows=8831 width=4) (actual time=0.045..0.781 rows=8776 loops=2) |                                                         Filter: ((creationdate >= '2011-09-03 21:00:10'::timestamp without time zone) AND (creationdate <= '2014-07-30 21:29:52'::timestamp without time zone) AND (linktypeid = 1)) |                                                         Rows Removed by Filter: 2326 |                                                   ->  Hash  (cost=3829.22..3829.22 rows=5642 width=8) (actual time=8.082..8.082 rows=11995 loops=2) |                                                         Buckets: 16384 (originally 8192)  Batches: 1 (originally 1)  Memory Usage: 596kB |                                                         ->  Seq Scan on posts p  (cost=0.00..3829.22 rows=5642 width=8) (actual time=0.036..6.963 rows=11995 loops=2) |                                                               Filter: ((score >= 0) AND (score <= 23) AND (answercount >= 0) AND (answercount <= 4) AND (commentcount >= 0) AND (commentcount <= 10) AND (favoritecount <= 9) AND (creationdate >= '2010-07-22 12:17:20'::timestamp without time zone) AND (creationdate <= '2014-09-12 00:27:12'::timestamp without time zone)) |                                                               Rows Removed by Filter: 79981 |                                             ->  Index Only Scan using users_pkey on users u  (cost=0.29..0.39 rows=1 width=4) (actual time=0.001..0.001 rows=1 loops=8116) |                                                   Index Cond: (id = p.owneruserid) |                                                   Heap Fetches: 0 | Planning Time: 0.328 ms | Execution Time: 66.127 ms
s138,749.346,Finalize Aggregate  (cost=10072.19..10072.20 rows=1 width=8) (actual time=747.483..749.138 rows=1 loops=1) |   ->  Gather  (cost=10072.07..10072.18 rows=1 width=8) (actual time=746.974..749.132 rows=2 loops=1) |         Workers Planned: 1 |         Workers Launched: 1 |         ->  Partial Aggregate  (cost=9072.07..9072.08 rows=1 width=8) (actual time=742.441..742.446 rows=1 loops=2) |               ->  Hash Join  (cost=4251.48..9070.65 rows=571 width=0) (actual time=22.560..473.562 rows=7838666 loops=2) |                     Hash Cond: (v.userid = u.id) |                     ->  Parallel Seq Scan on votes v  (cost=0.00..4089.79 rows=192979 width=4) (actual time=0.006..8.767 rows=164032 loops=2) |                     ->  Hash  (cost=4237.14..4237.14 rows=1147 width=12) (actual time=22.482..22.486 rows=78137 loops=2) |                           Buckets: 131072 (originally 2048)  Batches: 1 (originally 1)  Memory Usage: 4382kB |                           ->  Hash Join  (cost=2498.42..4237.14 rows=1147 width=12) (actual time=1.822..15.117 rows=78137 loops=2) |                                 Hash Cond: (b.userid = u.id) |                                 ->  Seq Scan on badges b  (cost=0.00..1430.14 rows=79229 width=4) (actual time=0.005..4.861 rows=79206 loops=2) |                                       Filter: (date <= '2014-09-06 17:33:22'::timestamp without time zone) |                                       Rows Removed by Filter: 645 |                                 ->  Hash  (cost=2491.12..2491.12 rows=584 width=8) (actual time=1.808..1.811 rows=593 loops=2) |                                       Buckets: 1024  Batches: 1  Memory Usage: 32kB |                                       ->  Nested Loop  (cost=0.59..2491.12 rows=584 width=8) (actual time=0.028..1.749 rows=593 loops=2) |                                             ->  Nested Loop  (cost=0.30..2296.66 rows=593 width=4) (actual time=0.021..1.196 rows=596 loops=2) |                                                   ->  Seq Scan on tags t  (cost=0.00..16.32 rows=1032 width=4) (actual time=0.004..0.062 rows=1032 loops=2) |                                                   ->  Memoize  (cost=0.30..3.79 rows=1 width=8) (actual time=0.001..0.001 rows=1 loops=2064) |                                                         Cache Key: t.excerptpostid |                                                         Cache Mode: logical |                                                         Hits: 435  Misses: 597  Evictions: 0  Overflows: 0  Memory Usage: 63kB |                                                         Worker 0:  Hits: 435  Misses: 597  Evictions: 0  Overflows: 0  Memory Usage: 63kB |                                                         ->  Index Scan using posts_pkey on posts p  (cost=0.29..3.78 rows=1 width=8) (actual time=0.001..0.001 rows=1 loops=1194) |                                                               Index Cond: (id = t.excerptpostid) |                                                               Filter: ((commentcount >= 0) AND (commentcount <= 13)) |                                             ->  Index Scan using users_pkey on users u  (cost=0.29..0.33 rows=1 width=4) (actual time=0.001..0.001 rows=1 loops=1192) |                                                   Index Cond: (id = p.owneruserid) |                                                   Filter: (reputation >= 1) | Planning Time: 0.352 ms | Execution Time: 749.188 ms
s139,293.884,Finalize Aggregate  (cost=21485.28..21485.29 rows=1 width=8) (actual time=292.049..293.802 rows=1 loops=1) |   ->  Gather  (cost=21485.17..21485.28 rows=1 width=8) (actual time=290.615..293.797 rows=2 loops=1) |         Workers Planned: 1 |         Workers Launched: 1 |         ->  Partial Aggregate  (cost=20485.17..20485.18 rows=1 width=8) (actual time=286.395..286.401 rows=1 loops=2) |               ->  Hash Join  (cost=10821.57..17276.56 rows=1283442 width=0) (actual time=62.278..213.874 rows=2115796 loops=2) |                     Hash Cond: (p.owneruserid = u.id) |                     ->  Parallel Hash Join  (cost=6710.31..12234.39 rows=38802 width=4) (actual time=31.601..58.677 rows=79906 loops=2) |                           Hash Cond: (v.postid = p.id) |                           ->  Parallel Seq Scan on votes v  (cost=0.00..4572.24 rows=192962 width=4) (actual time=0.011..10.535 rows=164032 loops=2) |                                 Filter: (creationdate >= '2009-02-02 00:00:00'::timestamp without time zone) |                           ->  Parallel Hash  (cost=6574.32..6574.32 rows=10879 width=16) (actual time=31.479..31.482 rows=9301 loops=2) |                                 Buckets: 32768  Batches: 1  Memory Usage: 1152kB |                                 ->  Hash Join  (cost=3711.70..6574.32 rows=10879 width=16) (actual time=19.640..30.309 rows=9301 loops=2) |                                       Hash Cond: (c.postid = p.id) |                                       ->  Parallel Seq Scan on comments c  (cost=0.00..2369.32 rows=102532 width=4) (actual time=0.004..4.860 rows=87152 loops=2) |                                       ->  Hash  (cost=3589.70..3589.70 rows=9760 width=12) (actual time=19.616..19.618 rows=6879 loops=2) |                                             Buckets: 16384  Batches: 1  Memory Usage: 423kB |                                             ->  Hash Join  (cost=3342.70..3589.70 rows=9760 width=12) (actual time=16.633..18.940 rows=6879 loops=2) |                                                   Hash Cond: (pl.relatedpostid = p.id) |                                                   ->  Seq Scan on postlinks pl  (cost=0.00..220.78 rows=9991 width=4) (actual time=0.013..0.674 rows=9994 loops=2) |                                                         Filter: (creationdate <= '2014-06-25 13:05:06'::timestamp without time zone) |                                                         Rows Removed by Filter: 1108 |                                                   ->  Hash  (cost=2219.64..2219.64 rows=89845 width=8) (actual time=16.524..16.525 rows=89806 loops=2) |                                                         Buckets: 131072  Batches: 1  Memory Usage: 4527kB |                                                         ->  Seq Scan on posts p  (cost=0.00..2219.64 rows=89845 width=8) (actual time=0.005..8.164 rows=89806 loops=2) |                                                               Filter: ((score >= '-1'::integer) AND (score <= 14)) |                                                               Rows Removed by Filter: 2170 |                     ->  Hash  (cost=3139.07..3139.07 rows=77775 width=8) (actual time=30.556..30.558 rows=77692 loops=2) |                           Buckets: 131072  Batches: 1  Memory Usage: 4059kB |                           ->  Hash Join  (cost=1305.12..3139.07 rows=77775 width=8) (actual time=6.479..22.444 rows=77692 loops=2) |                                 Hash Cond: (b.userid = u.id) |                                 ->  Seq Scan on badges b  (cost=0.00..1629.76 rows=77775 width=4) (actual time=0.047..5.207 rows=77692 loops=2) |                                       Filter: ((date >= '2010-08-04 08:50:31'::timestamp without time zone) AND (date <= '2014-09-02 02:51:22'::timestamp without time zone)) |                                       Rows Removed by Filter: 2159 |                                 ->  Hash  (cost=801.06..801.06 rows=40325 width=4) (actual time=6.387..6.387 rows=40325 loops=2) |                                       Buckets: 65536  Batches: 1  Memory Usage: 1930kB |                                       ->  Seq Scan on users u  (cost=0.00..801.06 rows=40325 width=4) (actual time=0.003..2.921 rows=40325 loops=2) |                                             Filter: (downvotes >= 0) | Planning Time: 0.622 ms | Execution Time: 293.884 ms
s140,11158.732,Aggregate  (cost=21145.17..21145.18 rows=1 width=8) (actual time=11376.136..11376.998 rows=1 loops=1) |   ->  Hash Join  (cost=18093.48..20116.97 rows=411282 width=0) (actual time=239.527..7033.302 rows=113925678 loops=1) |         Hash Cond: (b.userid = u.id) |         ->  Seq Scan on badges b  (cost=0.00..1629.76 rows=78606 width=4) (actual time=0.052..5.345 rows=78544 loops=1) |               Filter: ((date >= '2010-08-06 10:36:45'::timestamp without time zone) AND (date <= '2014-09-12 07:19:35'::timestamp without time zone)) |               Rows Removed by Filter: 1307 |         ->  Hash  (cost=18030.03..18030.03 rows=5076 width=8) (actual time=239.367..240.226 rows=1151874 loops=1) |               Buckets: 262144 (originally 8192)  Batches: 32 (originally 1)  Memory Usage: 6145kB |               ->  Gather  (cost=11741.45..18030.03 rows=5076 width=8) (actual time=61.070..152.246 rows=1151874 loops=1) |                     Workers Planned: 1 |                     Workers Launched: 1 |                     ->  Parallel Hash Join  (cost=10741.45..16522.43 rows=2986 width=8) (actual time=56.220..120.519 rows=575937 loops=2) |                           Hash Cond: (v.postid = p.id) |                           ->  Parallel Seq Scan on votes v  (cost=0.00..5054.68 rows=188994 width=4) (actual time=0.004..11.218 rows=162040 loops=2) |                                 Filter: ((creationdate >= '2010-07-19 00:00:00'::timestamp without time zone) AND (creationdate <= '2014-08-31 00:00:00'::timestamp without time zone)) |                                 Rows Removed by Filter: 1992 |                           ->  Parallel Hash  (cost=10730.76..10730.76 rows=855 width=24) (actual time=56.136..56.149 rows=33374 loops=2) |                                 Buckets: 131072 (originally 2048)  Batches: 1 (originally 1)  Memory Usage: 5744kB |                                 ->  Parallel Hash Join  (cost=6033.50..10730.76 rows=855 width=24) (actual time=28.191..49.255 rows=33374 loops=2) |                                       Hash Cond: (ph.postid = p.id) |                                       ->  Parallel Seq Scan on posthistory ph  (cost=0.00..4023.45 rows=178345 width=4) (actual time=0.003..8.429 rows=151594 loops=2) |                                       ->  Parallel Hash  (cost=6030.26..6030.26 rows=259 width=20) (actual time=28.166..28.171 rows=4960 loops=2) |                                             Buckets: 16384 (originally 1024)  Batches: 1 (originally 1)  Memory Usage: 824kB |                                             ->  Nested Loop  (cost=3021.31..6030.26 rows=259 width=20) (actual time=9.248..22.164 rows=4960 loops=2) |                                                   ->  Hash Join  (cost=3021.02..5948.20 rows=264 width=16) (actual time=9.218..18.714 rows=5070 loops=2) |                                                         Hash Cond: (c.postid = p.id) |                                                         ->  Parallel Seq Scan on comments c  (cost=0.00..2625.65 rows=79705 width=8) (actual time=0.003..5.194 rows=67444 loops=2) |                                                               Filter: (score = 0) |                                                               Rows Removed by Filter: 19709 |                                                         ->  Hash  (cost=3017.22..3017.22 rows=304 width=8) (actual time=9.208..9.210 rows=6218 loops=2) |                                                               Buckets: 8192 (originally 1024)  Batches: 1 (originally 1)  Memory Usage: 307kB |                                                               ->  Hash Join  (cost=2715.34..3017.22 rows=304 width=8) (actual time=6.874..8.655 rows=6218 loops=2) |                                                                     Hash Cond: (pl.relatedpostid = p.id) |                                                                     ->  Seq Scan on postlinks pl  (cost=0.00..276.29 rows=9749 width=4) (actual time=0.021..0.821 rows=9721 loops=2) |                                                                           Filter: ((creationdate >= '2011-02-16 20:04:50'::timestamp without time zone) AND (creationdate <= '2014-09-01 16:48:04'::timestamp without time zone) AND (linktypeid = 1)) |                                                                           Rows Removed by Filter: 1381 |                                                                     ->  Hash  (cost=2679.52..2679.52 rows=2866 width=4) (actual time=6.846..6.847 rows=12741 loops=2) |                                                                           Buckets: 16384 (originally 4096)  Batches: 1 (originally 1)  Memory Usage: 576kB |                                                                           ->  Seq Scan on posts p  (cost=0.00..2679.52 rows=2866 width=4) (actual time=0.003..5.752 rows=12741 loops=2) |                                                                                 Filter: ((viewcount >= 0) AND (answercount <= 5) AND (commentcount <= 12) AND (favoritecount >= 0)) |                                                                                 Rows Removed by Filter: 79235 |                                                   ->  Index Only Scan using users_pkey on users u  (cost=0.29..0.31 rows=1 width=4) (actual time=0.001..0.001 rows=1 loops=10139) |                                                         Index Cond: (id = c.userid) |                                                         Heap Fetches: 0 | Planning Time: 1.533 ms | Execution Time: 11377.086 ms
s141,23373.056,Finalize Aggregate  (cost=70143.15..70143.16 rows=1 width=8) (actual time=23173.613..23174.373 rows=1 loops=1) |   ->  Gather  (cost=70143.04..70143.15 rows=1 width=8) (actual time=23173.605..23174.370 rows=2 loops=1) |         Workers Planned: 1 |         Workers Launched: 1 |         ->  Partial Aggregate  (cost=69143.04..69143.05 rows=1 width=8) (actual time=22806.162..22806.253 rows=1 loops=2) |               ->  Merge Join  (cost=38047.90..42535.06 rows=10643190 width=0) (actual time=418.402..17317.133 rows=156074353 loops=2) |                     Merge Cond: (u.id = b.userid) |                     ->  Sort  (cost=30315.44..30638.71 rows=129308 width=8) (actual time=405.363..494.539 rows=1352489 loops=2) |                           Sort Key: c.userid |                           Sort Method: external merge  Disk: 22776kB |                           Worker 0:  Sort Method: external merge  Disk: 24984kB |                           ->  Parallel Hash Join  (cost=13762.80..19336.90 rows=129308 width=8) (actual time=79.291..203.450 rows=1352489 loops=2) |                                 Hash Cond: (v.postid = p.id) |                                 ->  Parallel Seq Scan on votes v  (cost=0.00..4089.79 rows=192979 width=4) (actual time=0.006..8.941 rows=164032 loops=2) |                                 ->  Parallel Hash  (cost=13309.64..13309.64 rows=36253 width=24) (actual time=78.964..79.053 rows=84354 loops=2) |                                       Buckets: 262144 (originally 65536)  Batches: 1 (originally 1)  Memory Usage: 12832kB |                                       ->  Parallel Hash Join  (cost=8404.13..13309.64 rows=36253 width=24) (actual time=40.483..65.924 rows=84354 loops=2) |                                             Hash Cond: (ph.postid = p.id) |                                             ->  Parallel Seq Scan on posthistory ph  (cost=0.00..4023.45 rows=178345 width=4) (actual time=0.007..8.330 rows=151594 loops=2) |                                             ->  Parallel Hash  (cost=8266.66..8266.66 rows=10998 width=20) (actual time=40.267..40.355 rows=12342 loops=2) |                                                   Buckets: 32768  Batches: 1  Memory Usage: 1632kB |                                                   ->  Parallel Hash Join  (cost=5371.72..8266.66 rows=10998 width=20) (actual time=25.409..38.623 rows=12342 loops=2) |                                                         Hash Cond: (c.userid = u.id) |                                                         ->  Hash Join  (cost=4184.08..7049.68 rows=11178 width=16) (actual time=21.560..32.764 rows=12636 loops=2) |                                                               Hash Cond: (c.postid = p.id) |                                                               ->  Parallel Seq Scan on comments c  (cost=0.00..2369.32 rows=102532 width=8) (actual time=0.003..4.770 rows=87152 loops=2) |                                                               ->  Hash  (cost=4058.75..4058.75 rows=10027 width=8) (actual time=21.489..21.491 rows=8786 loops=2) |                                                                     Buckets: 16384  Batches: 1  Memory Usage: 472kB |                                                                     ->  Hash Join  (cost=3811.23..4058.75 rows=10027 width=8) (actual time=17.819..20.637 rows=8786 loops=2) |                                                                           Hash Cond: (pl.relatedpostid = p.id) |                                                                           ->  Seq Scan on postlinks pl  (cost=0.00..220.78 rows=10186 width=4) (actual time=0.014..0.737 rows=10186 loops=2) |                                                                                 Filter: (linktypeid = 1) |                                                                                 Rows Removed by Filter: 916 |                                                                           ->  Hash  (cost=2679.52..2679.52 rows=90537 width=4) (actual time=17.677..17.677 rows=90613 loops=2) |                                                                                 Buckets: 131072  Batches: 1  Memory Usage: 4210kB |                                                                                 ->  Seq Scan on posts p  (cost=0.00..2679.52 rows=90537 width=4) (actual time=0.058..9.338 rows=90613 loops=2) |                                                                                       Filter: ((score <= 40) AND (commentcount >= 0) AND (creationdate >= '2010-07-28 17:40:56'::timestamp without time zone) AND (creationdate <= '2014-09-11 04:22:44'::timestamp without time zone)) |                                                                                       Rows Removed by Filter: 1363 |                                                         ->  Parallel Hash  (cost=891.12..891.12 rows=23721 width=4) (actual time=3.737..3.737 rows=20162 loops=2) |                                                               Buckets: 65536  Batches: 1  Memory Usage: 2112kB |                                                               ->  Parallel Index Only Scan using users_pkey on users u  (cost=0.29..891.12 rows=23721 width=4) (actual time=0.008..2.951 rows=40325 loops=1) |                                                                     Heap Fetches: 0 |                     ->  Sort  (cost=7732.39..7932.01 rows=79851 width=4) (actual time=13.028..5690.538 rows=156129870 loops=2) |                           Sort Key: b.userid |                           Sort Method: quicksort  Memory: 3073kB |                           Worker 0:  Sort Method: quicksort  Memory: 3073kB |                           ->  Seq Scan on badges b  (cost=0.00..1230.51 rows=79851 width=4) (actual time=0.022..4.803 rows=79851 loops=2) | Planning Time: 1.463 ms | Execution Time: 23175.668 ms
s142,30354.781,Aggregate  (cost=33658.14..33658.15 rows=1 width=8) (actual time=33702.296..33702.676 rows=1 loops=1) |   ->  Hash Join  (cost=23284.89..25591.13 rows=3226803 width=0) (actual time=949.240..21090.395 rows=299574955 loops=1) |         Hash Cond: (b.userid = u.id) |         ->  Seq Scan on badges b  (cost=0.00..1230.51 rows=79851 width=4) (actual time=0.006..4.675 rows=79851 loops=1) |         ->  Hash  (cost=22794.85..22794.85 rows=39203 width=8) (actual time=948.834..949.213 rows=3596066 loops=1) |               Buckets: 262144 (originally 65536)  Batches: 256 (originally 1)  Memory Usage: 11772kB |               ->  Hash Join  (cost=15238.77..22794.85 rows=39203 width=8) (actual time=155.065..553.474 rows=3596066 loops=1) |                     Hash Cond: (ph.postid = p.id) |                     ->  Seq Scan on posthistory ph  (cost=0.00..6029.84 rows=302461 width=4) (actual time=0.004..22.332 rows=302524 loops=1) |                           Filter: (creationdate <= '2014-09-11 20:09:41'::timestamp without time zone) |                           Rows Removed by Filter: 663 |                     ->  Hash  (cost=15089.75..15089.75 rows=11921 width=24) (actual time=154.969..155.346 rows=473164 loops=1) |                           Buckets: 131072 (originally 16384)  Batches: 4 (originally 1)  Memory Usage: 7891kB |                           ->  Gather  (cost=8083.76..15089.75 rows=11921 width=24) (actual time=45.512..101.683 rows=473164 loops=1) |                                 Workers Planned: 1 |                                 Workers Launched: 1 |                                 ->  Parallel Hash Join  (cost=7083.76..12897.65 rows=7012 width=24) (actual time=39.405..84.337 rows=236582 loops=2) |                                       Hash Cond: (v.postid = p.id) |                                       ->  Parallel Seq Scan on votes v  (cost=0.00..5054.68 rows=191454 width=4) (actual time=0.023..12.966 rows=163593 loops=2) |                                             Filter: ((creationdate >= '2010-07-21 00:00:00'::timestamp without time zone) AND (creationdate <= '2014-09-14 00:00:00'::timestamp without time zone)) |                                             Rows Removed by Filter: 439 |                                       ->  Parallel Hash  (cost=7058.98..7058.98 rows=1982 width=20) (actual time=39.299..39.304 rows=8952 loops=2) |                                             Buckets: 32768 (originally 4096)  Batches: 1 (originally 1)  Memory Usage: 1504kB |                                             ->  Nested Loop  (cost=3235.05..7058.98 rows=1982 width=20) (actual time=15.336..34.690 rows=8952 loops=2) |                                                   ->  Hash Join  (cost=3234.76..6432.90 rows=2014 width=16) (actual time=15.306..27.448 rows=9158 loops=2) |                                                         Hash Cond: (c.postid = p.id) |                                                         ->  Parallel Seq Scan on comments c  (cost=0.00..2881.99 rows=78939 width=8) (actual time=0.015..6.504 rows=67301 loops=2) |                                                               Filter: ((creationdate >= '2010-07-26 17:09:48'::timestamp without time zone) AND (score = 0)) |                                                               Rows Removed by Filter: 19852 |                                                         ->  Hash  (cost=3205.43..3205.43 rows=2346 width=8) (actual time=15.274..15.277 rows=10683 loops=2) |                                                               Buckets: 16384 (originally 4096)  Batches: 1 (originally 1)  Memory Usage: 546kB |                                                               ->  Hash Join  (cost=2928.46..3205.43 rows=2346 width=8) (actual time=11.809..14.162 rows=10683 loops=2) |                                                                     Hash Cond: (pl.relatedpostid = p.id) |                                                                     ->  Seq Scan on postlinks pl  (cost=0.00..248.53 rows=10837 width=4) (actual time=0.016..0.828 rows=10805 loops=2) |                                                                           Filter: ((creationdate >= '2010-10-27 10:02:57'::timestamp without time zone) AND (creationdate <= '2014-09-04 17:23:50'::timestamp without time zone)) |                                                                           Rows Removed by Filter: 297 |                                                                     ->  Hash  (cost=2679.52..2679.52 rows=19915 width=4) (actual time=11.751..11.752 rows=42747 loops=2) |                                                                           Buckets: 65536 (originally 32768)  Batches: 1 (originally 1)  Memory Usage: 2015kB |                                                                           ->  Seq Scan on posts p  (cost=0.00..2679.52 rows=19915 width=4) (actual time=0.005..7.363 rows=42747 loops=2) |                                                                                 Filter: ((answercount >= 0) AND (commentcount >= 0) AND (commentcount <= 14) AND (posttypeid = 1)) |                                                                                 Rows Removed by Filter: 49229 |                                                   ->  Index Only Scan using users_pkey on users u  (cost=0.29..0.31 rows=1 width=4) (actual time=0.001..0.001 rows=1 loops=18316) |                                                         Index Cond: (id = c.userid) |                                                         Heap Fetches: 0 | Planning Time: 1.633 ms | Execution Time: 33703.282 ms
s143,18197.753,Aggregate  (cost=23042.79..23042.80 rows=1 width=8) (actual time=18472.045..18473.544 rows=1 loops=1) |   ->  Hash Join  (cost=18796.49..20733.62 rows=923670 width=0) (actual time=339.462..11239.928 rows=155696936 loops=1) |         Hash Cond: (b.userid = u.id) |         ->  Seq Scan on badges b  (cost=0.00..1430.14 rows=75940 width=4) (actual time=0.007..5.874 rows=75910 loops=1) |               Filter: (date <= '2014-08-02 12:24:29'::timestamp without time zone) |               Rows Removed by Filter: 3941 |         ->  Hash  (cost=18648.99..18648.99 rows=11800 width=8) (actual time=339.350..340.849 rows=1297422 loops=1) |               Buckets: 262144 (originally 16384)  Batches: 128 (originally 1)  Memory Usage: 6145kB |               ->  Gather  (cost=12735.92..18648.99 rows=11800 width=8) (actual time=96.516..219.774 rows=1297422 loops=1) |                     Workers Planned: 1 |                     Workers Launched: 1 |                     ->  Parallel Hash Join  (cost=11735.92..16468.99 rows=6941 width=8) (actual time=90.359..174.495 rows=648711 loops=2) |                           Hash Cond: (ph.postid = p.id) |                           ->  Parallel Seq Scan on posthistory ph  (cost=0.00..4023.45 rows=178345 width=4) (actual time=0.005..9.934 rows=151594 loops=2) |                           ->  Parallel Hash  (cost=11709.61..11709.61 rows=2105 width=24) (actual time=90.226..90.233 rows=91120 loops=2) |                                 Buckets: 262144 (originally 4096)  Batches: 1 (originally 1)  Memory Usage: 14112kB |                                 ->  Parallel Hash Join  (cost=6063.59..11709.61 rows=2105 width=24) (actual time=36.868..69.846 rows=91120 loops=2) |                                       Hash Cond: (v.postid = p.id) |                                       ->  Parallel Seq Scan on votes v  (cost=0.00..5054.68 rows=154384 width=4) (actual time=0.006..13.833 rows=130738 loops=2) |                                             Filter: ((creationdate <= '2014-09-10 00:00:00'::timestamp without time zone) AND (votetypeid = 2)) |                                             Rows Removed by Filter: 33294 |                                       ->  Parallel Hash  (cost=6054.37..6054.37 rows=738 width=20) (actual time=36.814..36.818 rows=8110 loops=2) |                                             Buckets: 16384 (originally 2048)  Batches: 1 (originally 1)  Memory Usage: 1168kB |                                             ->  Nested Loop  (cost=2552.84..6054.37 rows=738 width=20) (actual time=10.560..30.686 rows=8110 loops=2) |                                                   ->  Hash Join  (cost=2552.55..5821.77 rows=750 width=16) (actual time=10.527..24.120 rows=8292 loops=2) |                                                         Hash Cond: (c.postid = p.id) |                                                         ->  Parallel Seq Scan on comments c  (cost=0.00..2881.99 rows=101263 width=8) (actual time=0.027..6.982 rows=86498 loops=2) |                                                               Filter: ((creationdate >= '2010-08-01 19:11:47'::timestamp without time zone) AND (creationdate <= '2014-09-11 13:42:51'::timestamp without time zone)) |                                                               Rows Removed by Filter: 654 |                                                         ->  Hash  (cost=2544.04..2544.04 rows=681 width=8) (actual time=10.488..10.490 rows=6021 loops=2) |                                                               Buckets: 8192 (originally 1024)  Batches: 1 (originally 1)  Memory Usage: 300kB |                                                               ->  Hash Join  (cost=2296.53..2544.04 rows=681 width=8) (actual time=7.750..9.835 rows=6021 loops=2) |                                                                     Hash Cond: (pl.relatedpostid = p.id) |                                                                     ->  Seq Scan on postlinks pl  (cost=0.00..220.78 rows=10186 width=4) (actual time=0.008..0.873 rows=10186 loops=2) |                                                                           Filter: (linktypeid = 1) |                                                                           Rows Removed by Filter: 916 |                                                                     ->  Hash  (cost=2219.64..2219.64 rows=6151 width=4) (actual time=7.725..7.726 rows=12613 loops=2) |                                                                           Buckets: 16384 (originally 8192)  Batches: 1 (originally 1)  Memory Usage: 572kB |                                                                           ->  Seq Scan on posts p  (cost=0.00..2219.64 rows=6151 width=4) (actual time=0.006..6.318 rows=12613 loops=2) |                                                                                 Filter: ((answercount <= 4) AND (favoritecount >= 0)) |                                                                                 Rows Removed by Filter: 79363 |                                                   ->  Index Only Scan using users_pkey on users u  (cost=0.29..0.31 rows=1 width=4) (actual time=0.001..0.001 rows=1 loops=16583) |                                                         Index Cond: (id = c.userid) |                                                         Heap Fetches: 0 | Planning Time: 1.733 ms | Execution Time: 18473.613 ms
s144,1462.906,Finalize Aggregate  (cost=88210.23..88210.24 rows=1 width=8) (actual time=1473.349..1475.688 rows=1 loops=1) |   ->  Gather  (cost=88210.11..88210.22 rows=1 width=8) (actual time=1472.870..1475.682 rows=2 loops=1) |         Workers Planned: 1 |         Workers Launched: 1 |         ->  Partial Aggregate  (cost=87210.11..87210.12 rows=1 width=8) (actual time=1466.940..1466.947 rows=1 loops=2) |               ->  Hash Join  (cost=16368.36..40170.80 rows=18815727 width=0) (actual time=109.157..1061.235 rows=9381484 loops=2) |                     Hash Cond: (p.owneruserid = u.id) |                     ->  Parallel Hash Join  (cost=12244.54..22433.28 rows=562099 width=4) (actual time=71.842..283.213 rows=1502904 loops=2) |                           Hash Cond: (p.id = ph.postid) |                           ->  Parallel Hash Join  (cost=5991.77..11808.29 rows=170521 width=16) (actual time=37.815..104.036 rows=213887 loops=2) |                                 Hash Cond: (v.postid = p.id) |                                 ->  Parallel Seq Scan on votes v  (cost=0.00..4089.79 rows=192979 width=4) (actual time=0.005..11.558 rows=164032 loops=2) |                                 ->  Parallel Hash  (cost=5394.18..5394.18 rows=47807 width=12) (actual time=37.661..37.663 rows=45338 loops=2) |                                       Buckets: 131072  Batches: 1  Memory Usage: 5312kB |                                       ->  Hash Join  (cost=2755.70..5394.18 rows=47807 width=12) (actual time=12.721..31.042 rows=45338 loops=2) |                                             Hash Cond: (c.postid = p.id) |                                             ->  Parallel Seq Scan on comments c  (cost=0.00..2369.32 rows=102532 width=4) (actual time=0.003..5.774 rows=87152 loops=2) |                                             ->  Hash  (cost=2219.64..2219.64 rows=42885 width=8) (actual time=12.656..12.658 rows=42921 loops=2) |                                                   Buckets: 65536  Batches: 1  Memory Usage: 2186kB |                                                   ->  Seq Scan on posts p  (cost=0.00..2219.64 rows=42885 width=8) (actual time=0.012..7.744 rows=42921 loops=2) |                                                         Filter: ((answercount >= 0) AND (commentcount >= 0)) |                                                         Rows Removed by Filter: 49055 |                           ->  Parallel Hash  (cost=4023.45..4023.45 rows=178345 width=4) (actual time=33.344..33.345 rows=151594 loops=2) |                                 Buckets: 524288  Batches: 1  Memory Usage: 15968kB |                                 ->  Parallel Seq Scan on posthistory ph  (cost=0.00..4023.45 rows=178345 width=4) (actual time=0.007..11.949 rows=151594 loops=2) |                     ->  Hash  (cost=3139.97..3139.97 rows=78709 width=8) (actual time=37.168..37.170 rows=64490 loops=2) |                           Buckets: 131072  Batches: 1  Memory Usage: 3544kB |                           ->  Hash Join  (cost=1500.68..3139.97 rows=78709 width=8) (actual time=8.229..27.896 rows=64490 loops=2) |                                 Hash Cond: (b.userid = u.id) |                                 ->  Seq Scan on badges b  (cost=0.00..1430.14 rows=79669 width=4) (actual time=0.007..6.135 rows=79683 loops=2) |                                       Filter: (date <= '2014-09-11 21:46:02'::timestamp without time zone) |                                       Rows Removed by Filter: 168 |                                 ->  Hash  (cost=1002.69..1002.69 rows=39839 width=4) (actual time=8.159..8.160 rows=39856 loops=2) |                                       Buckets: 65536  Batches: 1  Memory Usage: 1914kB |                                       ->  Seq Scan on users u  (cost=0.00..1002.69 rows=39839 width=4) (actual time=0.004..3.926 rows=39856 loops=2) |                                             Filter: ((reputation >= 1) AND (reputation <= 642) AND (downvotes >= 0)) |                                             Rows Removed by Filter: 469 | Planning Time: 0.716 ms | Execution Time: 1475.759 ms
s145,120.565,Finalize Aggregate  (cost=17410.54..17410.55 rows=1 width=8) (actual time=119.610..121.753 rows=1 loops=1) |   ->  Gather  (cost=17410.43..17410.54 rows=1 width=8) (actual time=119.167..121.744 rows=2 loops=1) |         Workers Planned: 1 |         Workers Launched: 1 |         ->  Partial Aggregate  (cost=16410.43..16410.44 rows=1 width=8) (actual time=112.956..112.968 rows=1 loops=2) |               ->  Parallel Hash Join  (cost=11064.38..16393.79 rows=6655 width=0) (actual time=60.957..103.292 rows=218143 loops=2) |                     Hash Cond: (v.postid = p.id) |                     ->  Parallel Seq Scan on votes v  (cost=0.00..4572.24 rows=191471 width=4) (actual time=0.025..12.946 rows=163593 loops=2) |                           Filter: (creationdate >= '2010-07-21 00:00:00'::timestamp without time zone) |                           Rows Removed by Filter: 439 |                     ->  Parallel Hash  (cost=11040.87..11040.87 rows=1881 width=16) (actual time=60.743..60.750 rows=25412 loops=2) |                           Buckets: 65536 (originally 4096)  Batches: 1 (originally 1)  Memory Usage: 3392kB |                           ->  Parallel Hash Join  (cost=8275.99..11040.87 rows=1881 width=16) (actual time=39.983..55.693 rows=25412 loops=2) |                                 Hash Cond: (c.postid = p.id) |                                 ->  Parallel Seq Scan on comments c  (cost=0.00..2369.32 rows=102532 width=4) (actual time=0.003..5.850 rows=87152 loops=2) |                                 ->  Parallel Hash  (cost=8263.59..8263.59 rows=992 width=12) (actual time=39.929..39.934 rows=6062 loops=2) |                                       Buckets: 16384 (originally 2048)  Batches: 1 (originally 1)  Memory Usage: 816kB |                                       ->  Nested Loop  (cost=3231.60..8263.59 rows=992 width=12) (actual time=18.275..37.848 rows=6062 loops=2) |                                             ->  Hash Join  (cost=3231.31..7863.71 rows=1011 width=16) (actual time=18.255..31.093 rows=6124 loops=2) |                                                   Hash Cond: (ph.postid = p.id) |                                                   ->  Parallel Seq Scan on posthistory ph  (cost=0.00..4469.32 rows=40794 width=4) (actual time=0.009..8.722 rows=34714 loops=2) |                                                         Filter: (posthistorytypeid = 5) |                                                         Rows Removed by Filter: 116880 |                                                   ->  Hash  (cost=3202.82..3202.82 rows=2279 width=12) (actual time=18.191..18.194 rows=10581 loops=2) |                                                         Buckets: 16384 (originally 4096)  Batches: 1 (originally 1)  Memory Usage: 583kB |                                                         ->  Hash Join  (cost=2926.45..3202.82 rows=2279 width=12) (actual time=13.718..16.767 rows=10581 loops=2) |                                                               Hash Cond: (pl.postid = p.id) |                                                               ->  Seq Scan on postlinks pl  (cost=0.00..248.53 rows=10609 width=4) (actual time=0.016..0.973 rows=10607 loops=2) |                                                                     Filter: ((creationdate >= '2010-11-16 01:27:37'::timestamp without time zone) AND (creationdate <= '2014-08-21 15:25:23'::timestamp without time zone)) |                                                                     Rows Removed by Filter: 495 |                                                               ->  Hash  (cost=2679.52..2679.52 rows=19754 width=8) (actual time=13.662..13.663 rows=42703 loops=2) |                                                                     Buckets: 65536 (originally 32768)  Batches: 1 (originally 1)  Memory Usage: 2178kB |                                                                     ->  Seq Scan on posts p  (cost=0.00..2679.52 rows=19754 width=8) (actual time=0.031..8.418 rows=42703 loops=2) |                                                                           Filter: ((answercount >= 0) AND (creationdate >= '2010-07-21 15:23:53'::timestamp without time zone) AND (creationdate <= '2014-09-11 23:26:14'::timestamp without time zone) AND (posttypeid = 1)) |                                                                           Rows Removed by Filter: 49273 |                                             ->  Index Scan using users_pkey on users u  (cost=0.29..0.40 rows=1 width=4) (actual time=0.001..0.001 rows=1 loops=12249) |                                                   Index Cond: (id = p.owneruserid) |                                                   Filter: ((upvotes >= 0) AND (creationdate <= '2014-09-11 20:31:48'::timestamp without time zone)) | Planning Time: 0.946 ms | Execution Time: 121.820 ms
s146,237.728,Finalize Aggregate  (cost=21542.23..21542.24 rows=1 width=8) (actual time=235.853..238.336 rows=1 loops=1) |   ->  Gather  (cost=21542.11..21542.22 rows=1 width=8) (actual time=235.157..238.329 rows=2 loops=1) |         Workers Planned: 1 |         Workers Launched: 1 |         ->  Partial Aggregate  (cost=20542.11..20542.12 rows=1 width=8) (actual time=229.032..229.041 rows=1 loops=2) |               ->  Parallel Hash Join  (cost=14655.02..20221.90 rows=128084 width=0) (actual time=104.624..194.841 rows=785214 loops=2) |                     Hash Cond: (v.postid = p.id) |                     ->  Parallel Seq Scan on votes v  (cost=0.00..4089.79 rows=192979 width=4) (actual time=0.005..10.354 rows=164032 loops=2) |                     ->  Parallel Hash  (cost=14206.16..14206.16 rows=35909 width=16) (actual time=104.324..104.332 rows=97762 loops=2) |                           Buckets: 262144 (originally 65536)  Batches: 1 (originally 1)  Memory Usage: 12800kB |                           ->  Parallel Hash Join  (cost=8882.34..14206.16 rows=35909 width=16) (actual time=55.322..88.077 rows=97762 loops=2) |                                 Hash Cond: (ph.postid = p.id) |                                 ->  Parallel Seq Scan on posthistory ph  (cost=0.00..4469.32 rows=171539 width=4) (actual time=0.278..11.694 rows=145832 loops=2) |                                       Filter: (creationdate >= '2010-11-27 03:38:45'::timestamp without time zone) |                                       Rows Removed by Filter: 5762 |                                 ->  Parallel Hash  (cost=8740.77..8740.77 rows=11326 width=12) (actual time=54.963..54.968 rows=16077 loops=2) |                                       Buckets: 32768  Batches: 1  Memory Usage: 1792kB |                                       ->  Hash Join  (cost=5621.07..8740.77 rows=11326 width=12) (actual time=38.496..52.672 rows=16077 loops=2) |                                             Hash Cond: (c.postid = p.id) |                                             ->  Parallel Seq Scan on comments c  (cost=0.00..2625.65 rows=101546 width=4) (actual time=0.017..6.754 rows=86902 loops=2) |                                                   Filter: (creationdate >= '2010-07-26 19:37:03'::timestamp without time zone) |                                                   Rows Removed by Filter: 250 |                                             ->  Hash  (cost=5492.84..5492.84 rows=10258 width=8) (actual time=38.457..38.460 rows=10354 loops=2) |                                                   Buckets: 16384  Batches: 1  Memory Usage: 533kB |                                                   ->  Hash Join  (cost=5216.93..5492.84 rows=10258 width=8) (actual time=32.038..37.306 rows=10354 loops=2) |                                                         Hash Cond: (p.owneruserid = u.id) |                                                         ->  Hash Join  (cost=3810.99..4059.56 rows=10418 width=12) (actual time=23.608..26.828 rows=10494 loops=2) |                                                               Hash Cond: (pl.postid = p.id) |                                                               ->  Seq Scan on postlinks pl  (cost=0.00..220.78 rows=10586 width=4) (actual time=0.028..0.857 rows=10593 loops=2) |                                                                     Filter: (creationdate <= '2014-08-05 18:27:51'::timestamp without time zone) |                                                                     Rows Removed by Filter: 509 |                                                               ->  Hash  (cost=2679.52..2679.52 rows=90518 width=8) (actual time=23.452..23.453 rows=91000 loops=2) |                                                                     Buckets: 131072  Batches: 1  Memory Usage: 4574kB |                                                                     ->  Seq Scan on posts p  (cost=0.00..2679.52 rows=90518 width=8) (actual time=0.039..11.855 rows=91000 loops=2) |                                                                           Filter: ((score >= '-2'::integer) AND (commentcount <= 18) AND (creationdate >= '2010-07-21 13:50:08'::timestamp without time zone) AND (creationdate <= '2014-09-11 00:53:10'::timestamp without time zone)) |                                                                           Rows Removed by Filter: 976 |                                                         ->  Hash  (cost=901.88..901.88 rows=40325 width=4) (actual time=8.367..8.368 rows=40325 loops=2) |                                                               Buckets: 65536  Batches: 1  Memory Usage: 1930kB |                                                               ->  Seq Scan on users u  (cost=0.00..901.88 rows=40325 width=4) (actual time=0.005..3.864 rows=40325 loops=2) |                                                                     Filter: ((downvotes >= 0) AND (upvotes >= 0)) | Planning Time: 0.874 ms | Execution Time: 238.409 ms
