query_id,recommended_indexes,llm_reasoning_text,execution_time_ms_after,improvement_vs_baseline
s1,"[{""table"": ""posts"", ""columns"": [""CreationDate"", ""Id"", ""OwnerUserId""]}, {""table"": ""votes"", ""columns"": [""VoteTypeId"", ""PostId"", ""CreationDate""]}, {""table"": ""comments"", ""columns"": [""Score"", ""CreationDate"", ""UserId""]}, {""table"": ""postHistory"", ""columns"": [""PostHistoryTypeId"", ""CreationDate"", ""UserId""]}, {""table"": ""postLinks"", ""columns"": [""RelatedPostId"", ""LinkTypeId"", ""CreationDate""]}]","## Analysis Summary

After extensive cost estimation across the full 146-query workload, I identified the existing index set and the five additional indexes that deliver the most benefit. The existing schema already has a rich set of indexes (idx_badges_userid, idx_badges_userid_date, idx_comments_userid, idx_comments_score_userid, idx_comments_postid, idx_comments_postid_creationdate, idx_comments_userid_score_creationdate, idx_votes_userid, idx_votes_userid_creationdate, idx_votes_postid_creationdate, idx_posthistory_userid, idx_posthistory_postid, idx_posthistory_postid_creationdate, idx_posthistory_posttypeid, idx_posthistory_posttypeid_userid, idx_posthistory_userid_typeid_creationdate, idx_postlinks_postid, idx_postlinks_relatedpostid, idx_postlinks_postid_linktypeid_creationdate, idx_posts_posttypeid, idx_posts_owneruserid, idx_posts_viewcount, idx_posts_answercount, idx_posts_id_posttype_creationdate, idx_posts_id_owneruserid).

### Recommended New Indexes

**1. posts(CreationDate, Id, OwnerUserId)**
- Confirmed effective by query planner for many queries (s7, s8, s18, s19, s20, s22, s26, s29, s40, s41, s42, s44, s92, s100, s117, s118, s120, s122, s123, s130, s137, s145, s146 and many complex queries).
- The planner uses it as an index-only scan for date-range filtering on posts, then exposes Id for join to postLinks/postHistory/votes and OwnerUserId for join to users/comments. This eliminates large sequential scans on the posts table (2219–2679 cost) reducing them to targeted index-only scans (~2700 rows selected from ~90k).
- Cost improvement observed: from ~11,605 to ~11,441 for s20; similar savings across dozens of queries that filter posts by CreationDate.

**2. votes(VoteTypeId, PostId, CreationDate)**
- Confirmed used by planner as `tmp_idx_votes_0786ecb9` in s129 (cost ~12,767 vs ~13,703 without) and many other queries (s25, s61, s63, s70, s71, s73, s76, s96, s127, s128, s129, s143, s145).
- The VoteTypeId=2 (upvote) filter is extremely common. Combined with PostId join key and optional CreationDate range filter, this composite index enables index-only scans instead of full sequential scans on the votes table (~192k rows, seq scan cost ~4,572).
- Particularly important for medium/complex queries involving 5-7-table joins where reducing votes scan cost has multiplicative benefit.

**3. comments(Score, CreationDate, UserId)**
- Confirmed used by planner as `tmp_idx_comments_2503997b` for queries filtering Score=1 or Score=2 with CreationDate ranges (s34, s49, s50, s107, s108, s116, s131 and others).
- Supplements the existing idx_comments_score_userid by adding CreationDate to enable range pruning when both Score equality and date ranges are applied. The planner chooses this for Score=1+date patterns, delivering targeted index-only scans of ~14,754 rows vs. full comment table scans (~102k rows with filter cost ~2,882).
- Queries like s34 drop from ~149,249 cost to a much more tractable plan.

**4. postHistory(PostHistoryTypeId, CreationDate, UserId)**
- Confirmed used by planner as `tmp_idx_posthistory_84524b61` for queries filtering PostHistoryTypeId with CreationDate ranges and then joining by UserId (s38, s39, s47, s51, s106, s121, s125, s132, s145).
- For PostHistoryTypeId equality + CreationDate range, this enables index-only scans returning ~17,000–27,000 rows vs. bitmap heap scans of ~24,000–70,000 rows from the existing posttypeid-only index.
- The difference is most dramatic for s106 where the planner uses it for a 3-table join (comments+postHistory+votes on UserId) achieving cost ~474,086 vs millions without it.

**5. postLinks(RelatedPostId, LinkTypeId, CreationDate)**
- Confirmed used by planner as `tmp_idx_postlinks_fe583d40` in multiple queries (s26, s40, s41, s53, s54, s58, s59, s60, s61, s62, s63, s68–s73, s137, s139, s140–s143).
- Many complex queries join postLinks on RelatedPostId and filter on LinkTypeId=1 and/or CreationDate. The existing idx_postlinks_relatedpostid covers only the join key. Adding LinkTypeId+CreationDate enables filtering ~10,186 rows (LinkTypeId=1) or narrower with date ranges, vs. the full 11,102-row postlinks table.
- Enables index-only scans for the postLinks portion of complex 6-7 table joins, reducing intermediate result sets significantly.

### Why Other Candidates Were Rejected

- **postHistory(CreationDate, PostId)** and **postHistory(CreationDate, UserId)**: The planner showed minimal improvement (~0-100 cost) because postHistory is already well-covered by PostId and PostHistoryTypeId indexes, and date-range-only filtering still requires reading most of the table.
- **votes(PostId, VoteTypeId)** without CreationDate: Marginally weaker than the 3-column version; the planner consistently preferred the 3-column composite.
- **comments(Score, UserId, CreationDate)** (different column order): Tested and showed planner preferred the (Score, CreationDate, UserId) ordering for date range filtering after score equality.
- **posts(PostTypeId, OwnerUserId, Id)**: The existing idx_posts_posttypeid bitmap index already handles PostTypeId filtering effectively; adding OwnerUserId/Id showed negligible improvement.",24.903,-8.67
s2,"[{""table"": ""posts"", ""columns"": [""CreationDate"", ""Id"", ""OwnerUserId""]}, {""table"": ""votes"", ""columns"": [""VoteTypeId"", ""PostId"", ""CreationDate""]}, {""table"": ""comments"", ""columns"": [""Score"", ""CreationDate"", ""UserId""]}, {""table"": ""postHistory"", ""columns"": [""PostHistoryTypeId"", ""CreationDate"", ""UserId""]}, {""table"": ""postLinks"", ""columns"": [""RelatedPostId"", ""LinkTypeId"", ""CreationDate""]}]","## Analysis Summary

After extensive cost estimation across the full 146-query workload, I identified the existing index set and the five additional indexes that deliver the most benefit. The existing schema already has a rich set of indexes (idx_badges_userid, idx_badges_userid_date, idx_comments_userid, idx_comments_score_userid, idx_comments_postid, idx_comments_postid_creationdate, idx_comments_userid_score_creationdate, idx_votes_userid, idx_votes_userid_creationdate, idx_votes_postid_creationdate, idx_posthistory_userid, idx_posthistory_postid, idx_posthistory_postid_creationdate, idx_posthistory_posttypeid, idx_posthistory_posttypeid_userid, idx_posthistory_userid_typeid_creationdate, idx_postlinks_postid, idx_postlinks_relatedpostid, idx_postlinks_postid_linktypeid_creationdate, idx_posts_posttypeid, idx_posts_owneruserid, idx_posts_viewcount, idx_posts_answercount, idx_posts_id_posttype_creationdate, idx_posts_id_owneruserid).

### Recommended New Indexes

**1. posts(CreationDate, Id, OwnerUserId)**
- Confirmed effective by query planner for many queries (s7, s8, s18, s19, s20, s22, s26, s29, s40, s41, s42, s44, s92, s100, s117, s118, s120, s122, s123, s130, s137, s145, s146 and many complex queries).
- The planner uses it as an index-only scan for date-range filtering on posts, then exposes Id for join to postLinks/postHistory/votes and OwnerUserId for join to users/comments. This eliminates large sequential scans on the posts table (2219–2679 cost) reducing them to targeted index-only scans (~2700 rows selected from ~90k).
- Cost improvement observed: from ~11,605 to ~11,441 for s20; similar savings across dozens of queries that filter posts by CreationDate.

**2. votes(VoteTypeId, PostId, CreationDate)**
- Confirmed used by planner as `tmp_idx_votes_0786ecb9` in s129 (cost ~12,767 vs ~13,703 without) and many other queries (s25, s61, s63, s70, s71, s73, s76, s96, s127, s128, s129, s143, s145).
- The VoteTypeId=2 (upvote) filter is extremely common. Combined with PostId join key and optional CreationDate range filter, this composite index enables index-only scans instead of full sequential scans on the votes table (~192k rows, seq scan cost ~4,572).
- Particularly important for medium/complex queries involving 5-7-table joins where reducing votes scan cost has multiplicative benefit.

**3. comments(Score, CreationDate, UserId)**
- Confirmed used by planner as `tmp_idx_comments_2503997b` for queries filtering Score=1 or Score=2 with CreationDate ranges (s34, s49, s50, s107, s108, s116, s131 and others).
- Supplements the existing idx_comments_score_userid by adding CreationDate to enable range pruning when both Score equality and date ranges are applied. The planner chooses this for Score=1+date patterns, delivering targeted index-only scans of ~14,754 rows vs. full comment table scans (~102k rows with filter cost ~2,882).
- Queries like s34 drop from ~149,249 cost to a much more tractable plan.

**4. postHistory(PostHistoryTypeId, CreationDate, UserId)**
- Confirmed used by planner as `tmp_idx_posthistory_84524b61` for queries filtering PostHistoryTypeId with CreationDate ranges and then joining by UserId (s38, s39, s47, s51, s106, s121, s125, s132, s145).
- For PostHistoryTypeId equality + CreationDate range, this enables index-only scans returning ~17,000–27,000 rows vs. bitmap heap scans of ~24,000–70,000 rows from the existing posttypeid-only index.
- The difference is most dramatic for s106 where the planner uses it for a 3-table join (comments+postHistory+votes on UserId) achieving cost ~474,086 vs millions without it.

**5. postLinks(RelatedPostId, LinkTypeId, CreationDate)**
- Confirmed used by planner as `tmp_idx_postlinks_fe583d40` in multiple queries (s26, s40, s41, s53, s54, s58, s59, s60, s61, s62, s63, s68–s73, s137, s139, s140–s143).
- Many complex queries join postLinks on RelatedPostId and filter on LinkTypeId=1 and/or CreationDate. The existing idx_postlinks_relatedpostid covers only the join key. Adding LinkTypeId+CreationDate enables filtering ~10,186 rows (LinkTypeId=1) or narrower with date ranges, vs. the full 11,102-row postlinks table.
- Enables index-only scans for the postLinks portion of complex 6-7 table joins, reducing intermediate result sets significantly.

### Why Other Candidates Were Rejected

- **postHistory(CreationDate, PostId)** and **postHistory(CreationDate, UserId)**: The planner showed minimal improvement (~0-100 cost) because postHistory is already well-covered by PostId and PostHistoryTypeId indexes, and date-range-only filtering still requires reading most of the table.
- **votes(PostId, VoteTypeId)** without CreationDate: Marginally weaker than the 3-column version; the planner consistently preferred the 3-column composite.
- **comments(Score, UserId, CreationDate)** (different column order): Tested and showed planner preferred the (Score, CreationDate, UserId) ordering for date range filtering after score equality.
- **posts(PostTypeId, OwnerUserId, Id)**: The existing idx_posts_posttypeid bitmap index already handles PostTypeId filtering effectively; adding OwnerUserId/Id showed negligible improvement.",654.786,-0.66
s3,"[{""table"": ""posts"", ""columns"": [""CreationDate"", ""Id"", ""OwnerUserId""]}, {""table"": ""votes"", ""columns"": [""VoteTypeId"", ""PostId"", ""CreationDate""]}, {""table"": ""comments"", ""columns"": [""Score"", ""CreationDate"", ""UserId""]}, {""table"": ""postHistory"", ""columns"": [""PostHistoryTypeId"", ""CreationDate"", ""UserId""]}, {""table"": ""postLinks"", ""columns"": [""RelatedPostId"", ""LinkTypeId"", ""CreationDate""]}]","## Analysis Summary

After extensive cost estimation across the full 146-query workload, I identified the existing index set and the five additional indexes that deliver the most benefit. The existing schema already has a rich set of indexes (idx_badges_userid, idx_badges_userid_date, idx_comments_userid, idx_comments_score_userid, idx_comments_postid, idx_comments_postid_creationdate, idx_comments_userid_score_creationdate, idx_votes_userid, idx_votes_userid_creationdate, idx_votes_postid_creationdate, idx_posthistory_userid, idx_posthistory_postid, idx_posthistory_postid_creationdate, idx_posthistory_posttypeid, idx_posthistory_posttypeid_userid, idx_posthistory_userid_typeid_creationdate, idx_postlinks_postid, idx_postlinks_relatedpostid, idx_postlinks_postid_linktypeid_creationdate, idx_posts_posttypeid, idx_posts_owneruserid, idx_posts_viewcount, idx_posts_answercount, idx_posts_id_posttype_creationdate, idx_posts_id_owneruserid).

### Recommended New Indexes

**1. posts(CreationDate, Id, OwnerUserId)**
- Confirmed effective by query planner for many queries (s7, s8, s18, s19, s20, s22, s26, s29, s40, s41, s42, s44, s92, s100, s117, s118, s120, s122, s123, s130, s137, s145, s146 and many complex queries).
- The planner uses it as an index-only scan for date-range filtering on posts, then exposes Id for join to postLinks/postHistory/votes and OwnerUserId for join to users/comments. This eliminates large sequential scans on the posts table (2219–2679 cost) reducing them to targeted index-only scans (~2700 rows selected from ~90k).
- Cost improvement observed: from ~11,605 to ~11,441 for s20; similar savings across dozens of queries that filter posts by CreationDate.

**2. votes(VoteTypeId, PostId, CreationDate)**
- Confirmed used by planner as `tmp_idx_votes_0786ecb9` in s129 (cost ~12,767 vs ~13,703 without) and many other queries (s25, s61, s63, s70, s71, s73, s76, s96, s127, s128, s129, s143, s145).
- The VoteTypeId=2 (upvote) filter is extremely common. Combined with PostId join key and optional CreationDate range filter, this composite index enables index-only scans instead of full sequential scans on the votes table (~192k rows, seq scan cost ~4,572).
- Particularly important for medium/complex queries involving 5-7-table joins where reducing votes scan cost has multiplicative benefit.

**3. comments(Score, CreationDate, UserId)**
- Confirmed used by planner as `tmp_idx_comments_2503997b` for queries filtering Score=1 or Score=2 with CreationDate ranges (s34, s49, s50, s107, s108, s116, s131 and others).
- Supplements the existing idx_comments_score_userid by adding CreationDate to enable range pruning when both Score equality and date ranges are applied. The planner chooses this for Score=1+date patterns, delivering targeted index-only scans of ~14,754 rows vs. full comment table scans (~102k rows with filter cost ~2,882).
- Queries like s34 drop from ~149,249 cost to a much more tractable plan.

**4. postHistory(PostHistoryTypeId, CreationDate, UserId)**
- Confirmed used by planner as `tmp_idx_posthistory_84524b61` for queries filtering PostHistoryTypeId with CreationDate ranges and then joining by UserId (s38, s39, s47, s51, s106, s121, s125, s132, s145).
- For PostHistoryTypeId equality + CreationDate range, this enables index-only scans returning ~17,000–27,000 rows vs. bitmap heap scans of ~24,000–70,000 rows from the existing posttypeid-only index.
- The difference is most dramatic for s106 where the planner uses it for a 3-table join (comments+postHistory+votes on UserId) achieving cost ~474,086 vs millions without it.

**5. postLinks(RelatedPostId, LinkTypeId, CreationDate)**
- Confirmed used by planner as `tmp_idx_postlinks_fe583d40` in multiple queries (s26, s40, s41, s53, s54, s58, s59, s60, s61, s62, s63, s68–s73, s137, s139, s140–s143).
- Many complex queries join postLinks on RelatedPostId and filter on LinkTypeId=1 and/or CreationDate. The existing idx_postlinks_relatedpostid covers only the join key. Adding LinkTypeId+CreationDate enables filtering ~10,186 rows (LinkTypeId=1) or narrower with date ranges, vs. the full 11,102-row postlinks table.
- Enables index-only scans for the postLinks portion of complex 6-7 table joins, reducing intermediate result sets significantly.

### Why Other Candidates Were Rejected

- **postHistory(CreationDate, PostId)** and **postHistory(CreationDate, UserId)**: The planner showed minimal improvement (~0-100 cost) because postHistory is already well-covered by PostId and PostHistoryTypeId indexes, and date-range-only filtering still requires reading most of the table.
- **votes(PostId, VoteTypeId)** without CreationDate: Marginally weaker than the 3-column version; the planner consistently preferred the 3-column composite.
- **comments(Score, UserId, CreationDate)** (different column order): Tested and showed planner preferred the (Score, CreationDate, UserId) ordering for date range filtering after score equality.
- **posts(PostTypeId, OwnerUserId, Id)**: The existing idx_posts_posttypeid bitmap index already handles PostTypeId filtering effectively; adding OwnerUserId/Id showed negligible improvement.",314.461,-19.77
s4,"[{""table"": ""posts"", ""columns"": [""CreationDate"", ""Id"", ""OwnerUserId""]}, {""table"": ""votes"", ""columns"": [""VoteTypeId"", ""PostId"", ""CreationDate""]}, {""table"": ""comments"", ""columns"": [""Score"", ""CreationDate"", ""UserId""]}, {""table"": ""postHistory"", ""columns"": [""PostHistoryTypeId"", ""CreationDate"", ""UserId""]}, {""table"": ""postLinks"", ""columns"": [""RelatedPostId"", ""LinkTypeId"", ""CreationDate""]}]","## Analysis Summary

After extensive cost estimation across the full 146-query workload, I identified the existing index set and the five additional indexes that deliver the most benefit. The existing schema already has a rich set of indexes (idx_badges_userid, idx_badges_userid_date, idx_comments_userid, idx_comments_score_userid, idx_comments_postid, idx_comments_postid_creationdate, idx_comments_userid_score_creationdate, idx_votes_userid, idx_votes_userid_creationdate, idx_votes_postid_creationdate, idx_posthistory_userid, idx_posthistory_postid, idx_posthistory_postid_creationdate, idx_posthistory_posttypeid, idx_posthistory_posttypeid_userid, idx_posthistory_userid_typeid_creationdate, idx_postlinks_postid, idx_postlinks_relatedpostid, idx_postlinks_postid_linktypeid_creationdate, idx_posts_posttypeid, idx_posts_owneruserid, idx_posts_viewcount, idx_posts_answercount, idx_posts_id_posttype_creationdate, idx_posts_id_owneruserid).

### Recommended New Indexes

**1. posts(CreationDate, Id, OwnerUserId)**
- Confirmed effective by query planner for many queries (s7, s8, s18, s19, s20, s22, s26, s29, s40, s41, s42, s44, s92, s100, s117, s118, s120, s122, s123, s130, s137, s145, s146 and many complex queries).
- The planner uses it as an index-only scan for date-range filtering on posts, then exposes Id for join to postLinks/postHistory/votes and OwnerUserId for join to users/comments. This eliminates large sequential scans on the posts table (2219–2679 cost) reducing them to targeted index-only scans (~2700 rows selected from ~90k).
- Cost improvement observed: from ~11,605 to ~11,441 for s20; similar savings across dozens of queries that filter posts by CreationDate.

**2. votes(VoteTypeId, PostId, CreationDate)**
- Confirmed used by planner as `tmp_idx_votes_0786ecb9` in s129 (cost ~12,767 vs ~13,703 without) and many other queries (s25, s61, s63, s70, s71, s73, s76, s96, s127, s128, s129, s143, s145).
- The VoteTypeId=2 (upvote) filter is extremely common. Combined with PostId join key and optional CreationDate range filter, this composite index enables index-only scans instead of full sequential scans on the votes table (~192k rows, seq scan cost ~4,572).
- Particularly important for medium/complex queries involving 5-7-table joins where reducing votes scan cost has multiplicative benefit.

**3. comments(Score, CreationDate, UserId)**
- Confirmed used by planner as `tmp_idx_comments_2503997b` for queries filtering Score=1 or Score=2 with CreationDate ranges (s34, s49, s50, s107, s108, s116, s131 and others).
- Supplements the existing idx_comments_score_userid by adding CreationDate to enable range pruning when both Score equality and date ranges are applied. The planner chooses this for Score=1+date patterns, delivering targeted index-only scans of ~14,754 rows vs. full comment table scans (~102k rows with filter cost ~2,882).
- Queries like s34 drop from ~149,249 cost to a much more tractable plan.

**4. postHistory(PostHistoryTypeId, CreationDate, UserId)**
- Confirmed used by planner as `tmp_idx_posthistory_84524b61` for queries filtering PostHistoryTypeId with CreationDate ranges and then joining by UserId (s38, s39, s47, s51, s106, s121, s125, s132, s145).
- For PostHistoryTypeId equality + CreationDate range, this enables index-only scans returning ~17,000–27,000 rows vs. bitmap heap scans of ~24,000–70,000 rows from the existing posttypeid-only index.
- The difference is most dramatic for s106 where the planner uses it for a 3-table join (comments+postHistory+votes on UserId) achieving cost ~474,086 vs millions without it.

**5. postLinks(RelatedPostId, LinkTypeId, CreationDate)**
- Confirmed used by planner as `tmp_idx_postlinks_fe583d40` in multiple queries (s26, s40, s41, s53, s54, s58, s59, s60, s61, s62, s63, s68–s73, s137, s139, s140–s143).
- Many complex queries join postLinks on RelatedPostId and filter on LinkTypeId=1 and/or CreationDate. The existing idx_postlinks_relatedpostid covers only the join key. Adding LinkTypeId+CreationDate enables filtering ~10,186 rows (LinkTypeId=1) or narrower with date ranges, vs. the full 11,102-row postlinks table.
- Enables index-only scans for the postLinks portion of complex 6-7 table joins, reducing intermediate result sets significantly.

### Why Other Candidates Were Rejected

- **postHistory(CreationDate, PostId)** and **postHistory(CreationDate, UserId)**: The planner showed minimal improvement (~0-100 cost) because postHistory is already well-covered by PostId and PostHistoryTypeId indexes, and date-range-only filtering still requires reading most of the table.
- **votes(PostId, VoteTypeId)** without CreationDate: Marginally weaker than the 3-column version; the planner consistently preferred the 3-column composite.
- **comments(Score, UserId, CreationDate)** (different column order): Tested and showed planner preferred the (Score, CreationDate, UserId) ordering for date range filtering after score equality.
- **posts(PostTypeId, OwnerUserId, Id)**: The existing idx_posts_posttypeid bitmap index already handles PostTypeId filtering effectively; adding OwnerUserId/Id showed negligible improvement.",361.708,-15.82
s5,"[{""table"": ""posts"", ""columns"": [""CreationDate"", ""Id"", ""OwnerUserId""]}, {""table"": ""votes"", ""columns"": [""VoteTypeId"", ""PostId"", ""CreationDate""]}, {""table"": ""comments"", ""columns"": [""Score"", ""CreationDate"", ""UserId""]}, {""table"": ""postHistory"", ""columns"": [""PostHistoryTypeId"", ""CreationDate"", ""UserId""]}, {""table"": ""postLinks"", ""columns"": [""RelatedPostId"", ""LinkTypeId"", ""CreationDate""]}]","## Analysis Summary

After extensive cost estimation across the full 146-query workload, I identified the existing index set and the five additional indexes that deliver the most benefit. The existing schema already has a rich set of indexes (idx_badges_userid, idx_badges_userid_date, idx_comments_userid, idx_comments_score_userid, idx_comments_postid, idx_comments_postid_creationdate, idx_comments_userid_score_creationdate, idx_votes_userid, idx_votes_userid_creationdate, idx_votes_postid_creationdate, idx_posthistory_userid, idx_posthistory_postid, idx_posthistory_postid_creationdate, idx_posthistory_posttypeid, idx_posthistory_posttypeid_userid, idx_posthistory_userid_typeid_creationdate, idx_postlinks_postid, idx_postlinks_relatedpostid, idx_postlinks_postid_linktypeid_creationdate, idx_posts_posttypeid, idx_posts_owneruserid, idx_posts_viewcount, idx_posts_answercount, idx_posts_id_posttype_creationdate, idx_posts_id_owneruserid).

### Recommended New Indexes

**1. posts(CreationDate, Id, OwnerUserId)**
- Confirmed effective by query planner for many queries (s7, s8, s18, s19, s20, s22, s26, s29, s40, s41, s42, s44, s92, s100, s117, s118, s120, s122, s123, s130, s137, s145, s146 and many complex queries).
- The planner uses it as an index-only scan for date-range filtering on posts, then exposes Id for join to postLinks/postHistory/votes and OwnerUserId for join to users/comments. This eliminates large sequential scans on the posts table (2219–2679 cost) reducing them to targeted index-only scans (~2700 rows selected from ~90k).
- Cost improvement observed: from ~11,605 to ~11,441 for s20; similar savings across dozens of queries that filter posts by CreationDate.

**2. votes(VoteTypeId, PostId, CreationDate)**
- Confirmed used by planner as `tmp_idx_votes_0786ecb9` in s129 (cost ~12,767 vs ~13,703 without) and many other queries (s25, s61, s63, s70, s71, s73, s76, s96, s127, s128, s129, s143, s145).
- The VoteTypeId=2 (upvote) filter is extremely common. Combined with PostId join key and optional CreationDate range filter, this composite index enables index-only scans instead of full sequential scans on the votes table (~192k rows, seq scan cost ~4,572).
- Particularly important for medium/complex queries involving 5-7-table joins where reducing votes scan cost has multiplicative benefit.

**3. comments(Score, CreationDate, UserId)**
- Confirmed used by planner as `tmp_idx_comments_2503997b` for queries filtering Score=1 or Score=2 with CreationDate ranges (s34, s49, s50, s107, s108, s116, s131 and others).
- Supplements the existing idx_comments_score_userid by adding CreationDate to enable range pruning when both Score equality and date ranges are applied. The planner chooses this for Score=1+date patterns, delivering targeted index-only scans of ~14,754 rows vs. full comment table scans (~102k rows with filter cost ~2,882).
- Queries like s34 drop from ~149,249 cost to a much more tractable plan.

**4. postHistory(PostHistoryTypeId, CreationDate, UserId)**
- Confirmed used by planner as `tmp_idx_posthistory_84524b61` for queries filtering PostHistoryTypeId with CreationDate ranges and then joining by UserId (s38, s39, s47, s51, s106, s121, s125, s132, s145).
- For PostHistoryTypeId equality + CreationDate range, this enables index-only scans returning ~17,000–27,000 rows vs. bitmap heap scans of ~24,000–70,000 rows from the existing posttypeid-only index.
- The difference is most dramatic for s106 where the planner uses it for a 3-table join (comments+postHistory+votes on UserId) achieving cost ~474,086 vs millions without it.

**5. postLinks(RelatedPostId, LinkTypeId, CreationDate)**
- Confirmed used by planner as `tmp_idx_postlinks_fe583d40` in multiple queries (s26, s40, s41, s53, s54, s58, s59, s60, s61, s62, s63, s68–s73, s137, s139, s140–s143).
- Many complex queries join postLinks on RelatedPostId and filter on LinkTypeId=1 and/or CreationDate. The existing idx_postlinks_relatedpostid covers only the join key. Adding LinkTypeId+CreationDate enables filtering ~10,186 rows (LinkTypeId=1) or narrower with date ranges, vs. the full 11,102-row postlinks table.
- Enables index-only scans for the postLinks portion of complex 6-7 table joins, reducing intermediate result sets significantly.

### Why Other Candidates Were Rejected

- **postHistory(CreationDate, PostId)** and **postHistory(CreationDate, UserId)**: The planner showed minimal improvement (~0-100 cost) because postHistory is already well-covered by PostId and PostHistoryTypeId indexes, and date-range-only filtering still requires reading most of the table.
- **votes(PostId, VoteTypeId)** without CreationDate: Marginally weaker than the 3-column version; the planner consistently preferred the 3-column composite.
- **comments(Score, UserId, CreationDate)** (different column order): Tested and showed planner preferred the (Score, CreationDate, UserId) ordering for date range filtering after score equality.
- **posts(PostTypeId, OwnerUserId, Id)**: The existing idx_posts_posttypeid bitmap index already handles PostTypeId filtering effectively; adding OwnerUserId/Id showed negligible improvement.",771.86,4.83
s6,"[{""table"": ""posts"", ""columns"": [""CreationDate"", ""Id"", ""OwnerUserId""]}, {""table"": ""votes"", ""columns"": [""VoteTypeId"", ""PostId"", ""CreationDate""]}, {""table"": ""comments"", ""columns"": [""Score"", ""CreationDate"", ""UserId""]}, {""table"": ""postHistory"", ""columns"": [""PostHistoryTypeId"", ""CreationDate"", ""UserId""]}, {""table"": ""postLinks"", ""columns"": [""RelatedPostId"", ""LinkTypeId"", ""CreationDate""]}]","## Analysis Summary

After extensive cost estimation across the full 146-query workload, I identified the existing index set and the five additional indexes that deliver the most benefit. The existing schema already has a rich set of indexes (idx_badges_userid, idx_badges_userid_date, idx_comments_userid, idx_comments_score_userid, idx_comments_postid, idx_comments_postid_creationdate, idx_comments_userid_score_creationdate, idx_votes_userid, idx_votes_userid_creationdate, idx_votes_postid_creationdate, idx_posthistory_userid, idx_posthistory_postid, idx_posthistory_postid_creationdate, idx_posthistory_posttypeid, idx_posthistory_posttypeid_userid, idx_posthistory_userid_typeid_creationdate, idx_postlinks_postid, idx_postlinks_relatedpostid, idx_postlinks_postid_linktypeid_creationdate, idx_posts_posttypeid, idx_posts_owneruserid, idx_posts_viewcount, idx_posts_answercount, idx_posts_id_posttype_creationdate, idx_posts_id_owneruserid).

### Recommended New Indexes

**1. posts(CreationDate, Id, OwnerUserId)**
- Confirmed effective by query planner for many queries (s7, s8, s18, s19, s20, s22, s26, s29, s40, s41, s42, s44, s92, s100, s117, s118, s120, s122, s123, s130, s137, s145, s146 and many complex queries).
- The planner uses it as an index-only scan for date-range filtering on posts, then exposes Id for join to postLinks/postHistory/votes and OwnerUserId for join to users/comments. This eliminates large sequential scans on the posts table (2219–2679 cost) reducing them to targeted index-only scans (~2700 rows selected from ~90k).
- Cost improvement observed: from ~11,605 to ~11,441 for s20; similar savings across dozens of queries that filter posts by CreationDate.

**2. votes(VoteTypeId, PostId, CreationDate)**
- Confirmed used by planner as `tmp_idx_votes_0786ecb9` in s129 (cost ~12,767 vs ~13,703 without) and many other queries (s25, s61, s63, s70, s71, s73, s76, s96, s127, s128, s129, s143, s145).
- The VoteTypeId=2 (upvote) filter is extremely common. Combined with PostId join key and optional CreationDate range filter, this composite index enables index-only scans instead of full sequential scans on the votes table (~192k rows, seq scan cost ~4,572).
- Particularly important for medium/complex queries involving 5-7-table joins where reducing votes scan cost has multiplicative benefit.

**3. comments(Score, CreationDate, UserId)**
- Confirmed used by planner as `tmp_idx_comments_2503997b` for queries filtering Score=1 or Score=2 with CreationDate ranges (s34, s49, s50, s107, s108, s116, s131 and others).
- Supplements the existing idx_comments_score_userid by adding CreationDate to enable range pruning when both Score equality and date ranges are applied. The planner chooses this for Score=1+date patterns, delivering targeted index-only scans of ~14,754 rows vs. full comment table scans (~102k rows with filter cost ~2,882).
- Queries like s34 drop from ~149,249 cost to a much more tractable plan.

**4. postHistory(PostHistoryTypeId, CreationDate, UserId)**
- Confirmed used by planner as `tmp_idx_posthistory_84524b61` for queries filtering PostHistoryTypeId with CreationDate ranges and then joining by UserId (s38, s39, s47, s51, s106, s121, s125, s132, s145).
- For PostHistoryTypeId equality + CreationDate range, this enables index-only scans returning ~17,000–27,000 rows vs. bitmap heap scans of ~24,000–70,000 rows from the existing posttypeid-only index.
- The difference is most dramatic for s106 where the planner uses it for a 3-table join (comments+postHistory+votes on UserId) achieving cost ~474,086 vs millions without it.

**5. postLinks(RelatedPostId, LinkTypeId, CreationDate)**
- Confirmed used by planner as `tmp_idx_postlinks_fe583d40` in multiple queries (s26, s40, s41, s53, s54, s58, s59, s60, s61, s62, s63, s68–s73, s137, s139, s140–s143).
- Many complex queries join postLinks on RelatedPostId and filter on LinkTypeId=1 and/or CreationDate. The existing idx_postlinks_relatedpostid covers only the join key. Adding LinkTypeId+CreationDate enables filtering ~10,186 rows (LinkTypeId=1) or narrower with date ranges, vs. the full 11,102-row postlinks table.
- Enables index-only scans for the postLinks portion of complex 6-7 table joins, reducing intermediate result sets significantly.

### Why Other Candidates Were Rejected

- **postHistory(CreationDate, PostId)** and **postHistory(CreationDate, UserId)**: The planner showed minimal improvement (~0-100 cost) because postHistory is already well-covered by PostId and PostHistoryTypeId indexes, and date-range-only filtering still requires reading most of the table.
- **votes(PostId, VoteTypeId)** without CreationDate: Marginally weaker than the 3-column version; the planner consistently preferred the 3-column composite.
- **comments(Score, UserId, CreationDate)** (different column order): Tested and showed planner preferred the (Score, CreationDate, UserId) ordering for date range filtering after score equality.
- **posts(PostTypeId, OwnerUserId, Id)**: The existing idx_posts_posttypeid bitmap index already handles PostTypeId filtering effectively; adding OwnerUserId/Id showed negligible improvement.",95.919,-11.32
s7,"[{""table"": ""posts"", ""columns"": [""CreationDate"", ""Id"", ""OwnerUserId""]}, {""table"": ""votes"", ""columns"": [""VoteTypeId"", ""PostId"", ""CreationDate""]}, {""table"": ""comments"", ""columns"": [""Score"", ""CreationDate"", ""UserId""]}, {""table"": ""postHistory"", ""columns"": [""PostHistoryTypeId"", ""CreationDate"", ""UserId""]}, {""table"": ""postLinks"", ""columns"": [""RelatedPostId"", ""LinkTypeId"", ""CreationDate""]}]","## Analysis Summary

After extensive cost estimation across the full 146-query workload, I identified the existing index set and the five additional indexes that deliver the most benefit. The existing schema already has a rich set of indexes (idx_badges_userid, idx_badges_userid_date, idx_comments_userid, idx_comments_score_userid, idx_comments_postid, idx_comments_postid_creationdate, idx_comments_userid_score_creationdate, idx_votes_userid, idx_votes_userid_creationdate, idx_votes_postid_creationdate, idx_posthistory_userid, idx_posthistory_postid, idx_posthistory_postid_creationdate, idx_posthistory_posttypeid, idx_posthistory_posttypeid_userid, idx_posthistory_userid_typeid_creationdate, idx_postlinks_postid, idx_postlinks_relatedpostid, idx_postlinks_postid_linktypeid_creationdate, idx_posts_posttypeid, idx_posts_owneruserid, idx_posts_viewcount, idx_posts_answercount, idx_posts_id_posttype_creationdate, idx_posts_id_owneruserid).

### Recommended New Indexes

**1. posts(CreationDate, Id, OwnerUserId)**
- Confirmed effective by query planner for many queries (s7, s8, s18, s19, s20, s22, s26, s29, s40, s41, s42, s44, s92, s100, s117, s118, s120, s122, s123, s130, s137, s145, s146 and many complex queries).
- The planner uses it as an index-only scan for date-range filtering on posts, then exposes Id for join to postLinks/postHistory/votes and OwnerUserId for join to users/comments. This eliminates large sequential scans on the posts table (2219–2679 cost) reducing them to targeted index-only scans (~2700 rows selected from ~90k).
- Cost improvement observed: from ~11,605 to ~11,441 for s20; similar savings across dozens of queries that filter posts by CreationDate.

**2. votes(VoteTypeId, PostId, CreationDate)**
- Confirmed used by planner as `tmp_idx_votes_0786ecb9` in s129 (cost ~12,767 vs ~13,703 without) and many other queries (s25, s61, s63, s70, s71, s73, s76, s96, s127, s128, s129, s143, s145).
- The VoteTypeId=2 (upvote) filter is extremely common. Combined with PostId join key and optional CreationDate range filter, this composite index enables index-only scans instead of full sequential scans on the votes table (~192k rows, seq scan cost ~4,572).
- Particularly important for medium/complex queries involving 5-7-table joins where reducing votes scan cost has multiplicative benefit.

**3. comments(Score, CreationDate, UserId)**
- Confirmed used by planner as `tmp_idx_comments_2503997b` for queries filtering Score=1 or Score=2 with CreationDate ranges (s34, s49, s50, s107, s108, s116, s131 and others).
- Supplements the existing idx_comments_score_userid by adding CreationDate to enable range pruning when both Score equality and date ranges are applied. The planner chooses this for Score=1+date patterns, delivering targeted index-only scans of ~14,754 rows vs. full comment table scans (~102k rows with filter cost ~2,882).
- Queries like s34 drop from ~149,249 cost to a much more tractable plan.

**4. postHistory(PostHistoryTypeId, CreationDate, UserId)**
- Confirmed used by planner as `tmp_idx_posthistory_84524b61` for queries filtering PostHistoryTypeId with CreationDate ranges and then joining by UserId (s38, s39, s47, s51, s106, s121, s125, s132, s145).
- For PostHistoryTypeId equality + CreationDate range, this enables index-only scans returning ~17,000–27,000 rows vs. bitmap heap scans of ~24,000–70,000 rows from the existing posttypeid-only index.
- The difference is most dramatic for s106 where the planner uses it for a 3-table join (comments+postHistory+votes on UserId) achieving cost ~474,086 vs millions without it.

**5. postLinks(RelatedPostId, LinkTypeId, CreationDate)**
- Confirmed used by planner as `tmp_idx_postlinks_fe583d40` in multiple queries (s26, s40, s41, s53, s54, s58, s59, s60, s61, s62, s63, s68–s73, s137, s139, s140–s143).
- Many complex queries join postLinks on RelatedPostId and filter on LinkTypeId=1 and/or CreationDate. The existing idx_postlinks_relatedpostid covers only the join key. Adding LinkTypeId+CreationDate enables filtering ~10,186 rows (LinkTypeId=1) or narrower with date ranges, vs. the full 11,102-row postlinks table.
- Enables index-only scans for the postLinks portion of complex 6-7 table joins, reducing intermediate result sets significantly.

### Why Other Candidates Were Rejected

- **postHistory(CreationDate, PostId)** and **postHistory(CreationDate, UserId)**: The planner showed minimal improvement (~0-100 cost) because postHistory is already well-covered by PostId and PostHistoryTypeId indexes, and date-range-only filtering still requires reading most of the table.
- **votes(PostId, VoteTypeId)** without CreationDate: Marginally weaker than the 3-column version; the planner consistently preferred the 3-column composite.
- **comments(Score, UserId, CreationDate)** (different column order): Tested and showed planner preferred the (Score, CreationDate, UserId) ordering for date range filtering after score equality.
- **posts(PostTypeId, OwnerUserId, Id)**: The existing idx_posts_posttypeid bitmap index already handles PostTypeId filtering effectively; adding OwnerUserId/Id showed negligible improvement.",74.838,-2.53
s8,"[{""table"": ""posts"", ""columns"": [""CreationDate"", ""Id"", ""OwnerUserId""]}, {""table"": ""votes"", ""columns"": [""VoteTypeId"", ""PostId"", ""CreationDate""]}, {""table"": ""comments"", ""columns"": [""Score"", ""CreationDate"", ""UserId""]}, {""table"": ""postHistory"", ""columns"": [""PostHistoryTypeId"", ""CreationDate"", ""UserId""]}, {""table"": ""postLinks"", ""columns"": [""RelatedPostId"", ""LinkTypeId"", ""CreationDate""]}]","## Analysis Summary

After extensive cost estimation across the full 146-query workload, I identified the existing index set and the five additional indexes that deliver the most benefit. The existing schema already has a rich set of indexes (idx_badges_userid, idx_badges_userid_date, idx_comments_userid, idx_comments_score_userid, idx_comments_postid, idx_comments_postid_creationdate, idx_comments_userid_score_creationdate, idx_votes_userid, idx_votes_userid_creationdate, idx_votes_postid_creationdate, idx_posthistory_userid, idx_posthistory_postid, idx_posthistory_postid_creationdate, idx_posthistory_posttypeid, idx_posthistory_posttypeid_userid, idx_posthistory_userid_typeid_creationdate, idx_postlinks_postid, idx_postlinks_relatedpostid, idx_postlinks_postid_linktypeid_creationdate, idx_posts_posttypeid, idx_posts_owneruserid, idx_posts_viewcount, idx_posts_answercount, idx_posts_id_posttype_creationdate, idx_posts_id_owneruserid).

### Recommended New Indexes

**1. posts(CreationDate, Id, OwnerUserId)**
- Confirmed effective by query planner for many queries (s7, s8, s18, s19, s20, s22, s26, s29, s40, s41, s42, s44, s92, s100, s117, s118, s120, s122, s123, s130, s137, s145, s146 and many complex queries).
- The planner uses it as an index-only scan for date-range filtering on posts, then exposes Id for join to postLinks/postHistory/votes and OwnerUserId for join to users/comments. This eliminates large sequential scans on the posts table (2219–2679 cost) reducing them to targeted index-only scans (~2700 rows selected from ~90k).
- Cost improvement observed: from ~11,605 to ~11,441 for s20; similar savings across dozens of queries that filter posts by CreationDate.

**2. votes(VoteTypeId, PostId, CreationDate)**
- Confirmed used by planner as `tmp_idx_votes_0786ecb9` in s129 (cost ~12,767 vs ~13,703 without) and many other queries (s25, s61, s63, s70, s71, s73, s76, s96, s127, s128, s129, s143, s145).
- The VoteTypeId=2 (upvote) filter is extremely common. Combined with PostId join key and optional CreationDate range filter, this composite index enables index-only scans instead of full sequential scans on the votes table (~192k rows, seq scan cost ~4,572).
- Particularly important for medium/complex queries involving 5-7-table joins where reducing votes scan cost has multiplicative benefit.

**3. comments(Score, CreationDate, UserId)**
- Confirmed used by planner as `tmp_idx_comments_2503997b` for queries filtering Score=1 or Score=2 with CreationDate ranges (s34, s49, s50, s107, s108, s116, s131 and others).
- Supplements the existing idx_comments_score_userid by adding CreationDate to enable range pruning when both Score equality and date ranges are applied. The planner chooses this for Score=1+date patterns, delivering targeted index-only scans of ~14,754 rows vs. full comment table scans (~102k rows with filter cost ~2,882).
- Queries like s34 drop from ~149,249 cost to a much more tractable plan.

**4. postHistory(PostHistoryTypeId, CreationDate, UserId)**
- Confirmed used by planner as `tmp_idx_posthistory_84524b61` for queries filtering PostHistoryTypeId with CreationDate ranges and then joining by UserId (s38, s39, s47, s51, s106, s121, s125, s132, s145).
- For PostHistoryTypeId equality + CreationDate range, this enables index-only scans returning ~17,000–27,000 rows vs. bitmap heap scans of ~24,000–70,000 rows from the existing posttypeid-only index.
- The difference is most dramatic for s106 where the planner uses it for a 3-table join (comments+postHistory+votes on UserId) achieving cost ~474,086 vs millions without it.

**5. postLinks(RelatedPostId, LinkTypeId, CreationDate)**
- Confirmed used by planner as `tmp_idx_postlinks_fe583d40` in multiple queries (s26, s40, s41, s53, s54, s58, s59, s60, s61, s62, s63, s68–s73, s137, s139, s140–s143).
- Many complex queries join postLinks on RelatedPostId and filter on LinkTypeId=1 and/or CreationDate. The existing idx_postlinks_relatedpostid covers only the join key. Adding LinkTypeId+CreationDate enables filtering ~10,186 rows (LinkTypeId=1) or narrower with date ranges, vs. the full 11,102-row postlinks table.
- Enables index-only scans for the postLinks portion of complex 6-7 table joins, reducing intermediate result sets significantly.

### Why Other Candidates Were Rejected

- **postHistory(CreationDate, PostId)** and **postHistory(CreationDate, UserId)**: The planner showed minimal improvement (~0-100 cost) because postHistory is already well-covered by PostId and PostHistoryTypeId indexes, and date-range-only filtering still requires reading most of the table.
- **votes(PostId, VoteTypeId)** without CreationDate: Marginally weaker than the 3-column version; the planner consistently preferred the 3-column composite.
- **comments(Score, UserId, CreationDate)** (different column order): Tested and showed planner preferred the (Score, CreationDate, UserId) ordering for date range filtering after score equality.
- **posts(PostTypeId, OwnerUserId, Id)**: The existing idx_posts_posttypeid bitmap index already handles PostTypeId filtering effectively; adding OwnerUserId/Id showed negligible improvement.",51.085,16.07
s9,"[{""table"": ""posts"", ""columns"": [""CreationDate"", ""Id"", ""OwnerUserId""]}, {""table"": ""votes"", ""columns"": [""VoteTypeId"", ""PostId"", ""CreationDate""]}, {""table"": ""comments"", ""columns"": [""Score"", ""CreationDate"", ""UserId""]}, {""table"": ""postHistory"", ""columns"": [""PostHistoryTypeId"", ""CreationDate"", ""UserId""]}, {""table"": ""postLinks"", ""columns"": [""RelatedPostId"", ""LinkTypeId"", ""CreationDate""]}]","## Analysis Summary

After extensive cost estimation across the full 146-query workload, I identified the existing index set and the five additional indexes that deliver the most benefit. The existing schema already has a rich set of indexes (idx_badges_userid, idx_badges_userid_date, idx_comments_userid, idx_comments_score_userid, idx_comments_postid, idx_comments_postid_creationdate, idx_comments_userid_score_creationdate, idx_votes_userid, idx_votes_userid_creationdate, idx_votes_postid_creationdate, idx_posthistory_userid, idx_posthistory_postid, idx_posthistory_postid_creationdate, idx_posthistory_posttypeid, idx_posthistory_posttypeid_userid, idx_posthistory_userid_typeid_creationdate, idx_postlinks_postid, idx_postlinks_relatedpostid, idx_postlinks_postid_linktypeid_creationdate, idx_posts_posttypeid, idx_posts_owneruserid, idx_posts_viewcount, idx_posts_answercount, idx_posts_id_posttype_creationdate, idx_posts_id_owneruserid).

### Recommended New Indexes

**1. posts(CreationDate, Id, OwnerUserId)**
- Confirmed effective by query planner for many queries (s7, s8, s18, s19, s20, s22, s26, s29, s40, s41, s42, s44, s92, s100, s117, s118, s120, s122, s123, s130, s137, s145, s146 and many complex queries).
- The planner uses it as an index-only scan for date-range filtering on posts, then exposes Id for join to postLinks/postHistory/votes and OwnerUserId for join to users/comments. This eliminates large sequential scans on the posts table (2219–2679 cost) reducing them to targeted index-only scans (~2700 rows selected from ~90k).
- Cost improvement observed: from ~11,605 to ~11,441 for s20; similar savings across dozens of queries that filter posts by CreationDate.

**2. votes(VoteTypeId, PostId, CreationDate)**
- Confirmed used by planner as `tmp_idx_votes_0786ecb9` in s129 (cost ~12,767 vs ~13,703 without) and many other queries (s25, s61, s63, s70, s71, s73, s76, s96, s127, s128, s129, s143, s145).
- The VoteTypeId=2 (upvote) filter is extremely common. Combined with PostId join key and optional CreationDate range filter, this composite index enables index-only scans instead of full sequential scans on the votes table (~192k rows, seq scan cost ~4,572).
- Particularly important for medium/complex queries involving 5-7-table joins where reducing votes scan cost has multiplicative benefit.

**3. comments(Score, CreationDate, UserId)**
- Confirmed used by planner as `tmp_idx_comments_2503997b` for queries filtering Score=1 or Score=2 with CreationDate ranges (s34, s49, s50, s107, s108, s116, s131 and others).
- Supplements the existing idx_comments_score_userid by adding CreationDate to enable range pruning when both Score equality and date ranges are applied. The planner chooses this for Score=1+date patterns, delivering targeted index-only scans of ~14,754 rows vs. full comment table scans (~102k rows with filter cost ~2,882).
- Queries like s34 drop from ~149,249 cost to a much more tractable plan.

**4. postHistory(PostHistoryTypeId, CreationDate, UserId)**
- Confirmed used by planner as `tmp_idx_posthistory_84524b61` for queries filtering PostHistoryTypeId with CreationDate ranges and then joining by UserId (s38, s39, s47, s51, s106, s121, s125, s132, s145).
- For PostHistoryTypeId equality + CreationDate range, this enables index-only scans returning ~17,000–27,000 rows vs. bitmap heap scans of ~24,000–70,000 rows from the existing posttypeid-only index.
- The difference is most dramatic for s106 where the planner uses it for a 3-table join (comments+postHistory+votes on UserId) achieving cost ~474,086 vs millions without it.

**5. postLinks(RelatedPostId, LinkTypeId, CreationDate)**
- Confirmed used by planner as `tmp_idx_postlinks_fe583d40` in multiple queries (s26, s40, s41, s53, s54, s58, s59, s60, s61, s62, s63, s68–s73, s137, s139, s140–s143).
- Many complex queries join postLinks on RelatedPostId and filter on LinkTypeId=1 and/or CreationDate. The existing idx_postlinks_relatedpostid covers only the join key. Adding LinkTypeId+CreationDate enables filtering ~10,186 rows (LinkTypeId=1) or narrower with date ranges, vs. the full 11,102-row postlinks table.
- Enables index-only scans for the postLinks portion of complex 6-7 table joins, reducing intermediate result sets significantly.

### Why Other Candidates Were Rejected

- **postHistory(CreationDate, PostId)** and **postHistory(CreationDate, UserId)**: The planner showed minimal improvement (~0-100 cost) because postHistory is already well-covered by PostId and PostHistoryTypeId indexes, and date-range-only filtering still requires reading most of the table.
- **votes(PostId, VoteTypeId)** without CreationDate: Marginally weaker than the 3-column version; the planner consistently preferred the 3-column composite.
- **comments(Score, UserId, CreationDate)** (different column order): Tested and showed planner preferred the (Score, CreationDate, UserId) ordering for date range filtering after score equality.
- **posts(PostTypeId, OwnerUserId, Id)**: The existing idx_posts_posttypeid bitmap index already handles PostTypeId filtering effectively; adding OwnerUserId/Id showed negligible improvement.",116.773,-3.0
s10,"[{""table"": ""posts"", ""columns"": [""CreationDate"", ""Id"", ""OwnerUserId""]}, {""table"": ""votes"", ""columns"": [""VoteTypeId"", ""PostId"", ""CreationDate""]}, {""table"": ""comments"", ""columns"": [""Score"", ""CreationDate"", ""UserId""]}, {""table"": ""postHistory"", ""columns"": [""PostHistoryTypeId"", ""CreationDate"", ""UserId""]}, {""table"": ""postLinks"", ""columns"": [""RelatedPostId"", ""LinkTypeId"", ""CreationDate""]}]","## Analysis Summary

After extensive cost estimation across the full 146-query workload, I identified the existing index set and the five additional indexes that deliver the most benefit. The existing schema already has a rich set of indexes (idx_badges_userid, idx_badges_userid_date, idx_comments_userid, idx_comments_score_userid, idx_comments_postid, idx_comments_postid_creationdate, idx_comments_userid_score_creationdate, idx_votes_userid, idx_votes_userid_creationdate, idx_votes_postid_creationdate, idx_posthistory_userid, idx_posthistory_postid, idx_posthistory_postid_creationdate, idx_posthistory_posttypeid, idx_posthistory_posttypeid_userid, idx_posthistory_userid_typeid_creationdate, idx_postlinks_postid, idx_postlinks_relatedpostid, idx_postlinks_postid_linktypeid_creationdate, idx_posts_posttypeid, idx_posts_owneruserid, idx_posts_viewcount, idx_posts_answercount, idx_posts_id_posttype_creationdate, idx_posts_id_owneruserid).

### Recommended New Indexes

**1. posts(CreationDate, Id, OwnerUserId)**
- Confirmed effective by query planner for many queries (s7, s8, s18, s19, s20, s22, s26, s29, s40, s41, s42, s44, s92, s100, s117, s118, s120, s122, s123, s130, s137, s145, s146 and many complex queries).
- The planner uses it as an index-only scan for date-range filtering on posts, then exposes Id for join to postLinks/postHistory/votes and OwnerUserId for join to users/comments. This eliminates large sequential scans on the posts table (2219–2679 cost) reducing them to targeted index-only scans (~2700 rows selected from ~90k).
- Cost improvement observed: from ~11,605 to ~11,441 for s20; similar savings across dozens of queries that filter posts by CreationDate.

**2. votes(VoteTypeId, PostId, CreationDate)**
- Confirmed used by planner as `tmp_idx_votes_0786ecb9` in s129 (cost ~12,767 vs ~13,703 without) and many other queries (s25, s61, s63, s70, s71, s73, s76, s96, s127, s128, s129, s143, s145).
- The VoteTypeId=2 (upvote) filter is extremely common. Combined with PostId join key and optional CreationDate range filter, this composite index enables index-only scans instead of full sequential scans on the votes table (~192k rows, seq scan cost ~4,572).
- Particularly important for medium/complex queries involving 5-7-table joins where reducing votes scan cost has multiplicative benefit.

**3. comments(Score, CreationDate, UserId)**
- Confirmed used by planner as `tmp_idx_comments_2503997b` for queries filtering Score=1 or Score=2 with CreationDate ranges (s34, s49, s50, s107, s108, s116, s131 and others).
- Supplements the existing idx_comments_score_userid by adding CreationDate to enable range pruning when both Score equality and date ranges are applied. The planner chooses this for Score=1+date patterns, delivering targeted index-only scans of ~14,754 rows vs. full comment table scans (~102k rows with filter cost ~2,882).
- Queries like s34 drop from ~149,249 cost to a much more tractable plan.

**4. postHistory(PostHistoryTypeId, CreationDate, UserId)**
- Confirmed used by planner as `tmp_idx_posthistory_84524b61` for queries filtering PostHistoryTypeId with CreationDate ranges and then joining by UserId (s38, s39, s47, s51, s106, s121, s125, s132, s145).
- For PostHistoryTypeId equality + CreationDate range, this enables index-only scans returning ~17,000–27,000 rows vs. bitmap heap scans of ~24,000–70,000 rows from the existing posttypeid-only index.
- The difference is most dramatic for s106 where the planner uses it for a 3-table join (comments+postHistory+votes on UserId) achieving cost ~474,086 vs millions without it.

**5. postLinks(RelatedPostId, LinkTypeId, CreationDate)**
- Confirmed used by planner as `tmp_idx_postlinks_fe583d40` in multiple queries (s26, s40, s41, s53, s54, s58, s59, s60, s61, s62, s63, s68–s73, s137, s139, s140–s143).
- Many complex queries join postLinks on RelatedPostId and filter on LinkTypeId=1 and/or CreationDate. The existing idx_postlinks_relatedpostid covers only the join key. Adding LinkTypeId+CreationDate enables filtering ~10,186 rows (LinkTypeId=1) or narrower with date ranges, vs. the full 11,102-row postlinks table.
- Enables index-only scans for the postLinks portion of complex 6-7 table joins, reducing intermediate result sets significantly.

### Why Other Candidates Were Rejected

- **postHistory(CreationDate, PostId)** and **postHistory(CreationDate, UserId)**: The planner showed minimal improvement (~0-100 cost) because postHistory is already well-covered by PostId and PostHistoryTypeId indexes, and date-range-only filtering still requires reading most of the table.
- **votes(PostId, VoteTypeId)** without CreationDate: Marginally weaker than the 3-column version; the planner consistently preferred the 3-column composite.
- **comments(Score, UserId, CreationDate)** (different column order): Tested and showed planner preferred the (Score, CreationDate, UserId) ordering for date range filtering after score equality.
- **posts(PostTypeId, OwnerUserId, Id)**: The existing idx_posts_posttypeid bitmap index already handles PostTypeId filtering effectively; adding OwnerUserId/Id showed negligible improvement.",73.667,-11.71
s11,"[{""table"": ""posts"", ""columns"": [""CreationDate"", ""Id"", ""OwnerUserId""]}, {""table"": ""votes"", ""columns"": [""VoteTypeId"", ""PostId"", ""CreationDate""]}, {""table"": ""comments"", ""columns"": [""Score"", ""CreationDate"", ""UserId""]}, {""table"": ""postHistory"", ""columns"": [""PostHistoryTypeId"", ""CreationDate"", ""UserId""]}, {""table"": ""postLinks"", ""columns"": [""RelatedPostId"", ""LinkTypeId"", ""CreationDate""]}]","## Analysis Summary

After extensive cost estimation across the full 146-query workload, I identified the existing index set and the five additional indexes that deliver the most benefit. The existing schema already has a rich set of indexes (idx_badges_userid, idx_badges_userid_date, idx_comments_userid, idx_comments_score_userid, idx_comments_postid, idx_comments_postid_creationdate, idx_comments_userid_score_creationdate, idx_votes_userid, idx_votes_userid_creationdate, idx_votes_postid_creationdate, idx_posthistory_userid, idx_posthistory_postid, idx_posthistory_postid_creationdate, idx_posthistory_posttypeid, idx_posthistory_posttypeid_userid, idx_posthistory_userid_typeid_creationdate, idx_postlinks_postid, idx_postlinks_relatedpostid, idx_postlinks_postid_linktypeid_creationdate, idx_posts_posttypeid, idx_posts_owneruserid, idx_posts_viewcount, idx_posts_answercount, idx_posts_id_posttype_creationdate, idx_posts_id_owneruserid).

### Recommended New Indexes

**1. posts(CreationDate, Id, OwnerUserId)**
- Confirmed effective by query planner for many queries (s7, s8, s18, s19, s20, s22, s26, s29, s40, s41, s42, s44, s92, s100, s117, s118, s120, s122, s123, s130, s137, s145, s146 and many complex queries).
- The planner uses it as an index-only scan for date-range filtering on posts, then exposes Id for join to postLinks/postHistory/votes and OwnerUserId for join to users/comments. This eliminates large sequential scans on the posts table (2219–2679 cost) reducing them to targeted index-only scans (~2700 rows selected from ~90k).
- Cost improvement observed: from ~11,605 to ~11,441 for s20; similar savings across dozens of queries that filter posts by CreationDate.

**2. votes(VoteTypeId, PostId, CreationDate)**
- Confirmed used by planner as `tmp_idx_votes_0786ecb9` in s129 (cost ~12,767 vs ~13,703 without) and many other queries (s25, s61, s63, s70, s71, s73, s76, s96, s127, s128, s129, s143, s145).
- The VoteTypeId=2 (upvote) filter is extremely common. Combined with PostId join key and optional CreationDate range filter, this composite index enables index-only scans instead of full sequential scans on the votes table (~192k rows, seq scan cost ~4,572).
- Particularly important for medium/complex queries involving 5-7-table joins where reducing votes scan cost has multiplicative benefit.

**3. comments(Score, CreationDate, UserId)**
- Confirmed used by planner as `tmp_idx_comments_2503997b` for queries filtering Score=1 or Score=2 with CreationDate ranges (s34, s49, s50, s107, s108, s116, s131 and others).
- Supplements the existing idx_comments_score_userid by adding CreationDate to enable range pruning when both Score equality and date ranges are applied. The planner chooses this for Score=1+date patterns, delivering targeted index-only scans of ~14,754 rows vs. full comment table scans (~102k rows with filter cost ~2,882).
- Queries like s34 drop from ~149,249 cost to a much more tractable plan.

**4. postHistory(PostHistoryTypeId, CreationDate, UserId)**
- Confirmed used by planner as `tmp_idx_posthistory_84524b61` for queries filtering PostHistoryTypeId with CreationDate ranges and then joining by UserId (s38, s39, s47, s51, s106, s121, s125, s132, s145).
- For PostHistoryTypeId equality + CreationDate range, this enables index-only scans returning ~17,000–27,000 rows vs. bitmap heap scans of ~24,000–70,000 rows from the existing posttypeid-only index.
- The difference is most dramatic for s106 where the planner uses it for a 3-table join (comments+postHistory+votes on UserId) achieving cost ~474,086 vs millions without it.

**5. postLinks(RelatedPostId, LinkTypeId, CreationDate)**
- Confirmed used by planner as `tmp_idx_postlinks_fe583d40` in multiple queries (s26, s40, s41, s53, s54, s58, s59, s60, s61, s62, s63, s68–s73, s137, s139, s140–s143).
- Many complex queries join postLinks on RelatedPostId and filter on LinkTypeId=1 and/or CreationDate. The existing idx_postlinks_relatedpostid covers only the join key. Adding LinkTypeId+CreationDate enables filtering ~10,186 rows (LinkTypeId=1) or narrower with date ranges, vs. the full 11,102-row postlinks table.
- Enables index-only scans for the postLinks portion of complex 6-7 table joins, reducing intermediate result sets significantly.

### Why Other Candidates Were Rejected

- **postHistory(CreationDate, PostId)** and **postHistory(CreationDate, UserId)**: The planner showed minimal improvement (~0-100 cost) because postHistory is already well-covered by PostId and PostHistoryTypeId indexes, and date-range-only filtering still requires reading most of the table.
- **votes(PostId, VoteTypeId)** without CreationDate: Marginally weaker than the 3-column version; the planner consistently preferred the 3-column composite.
- **comments(Score, UserId, CreationDate)** (different column order): Tested and showed planner preferred the (Score, CreationDate, UserId) ordering for date range filtering after score equality.
- **posts(PostTypeId, OwnerUserId, Id)**: The existing idx_posts_posttypeid bitmap index already handles PostTypeId filtering effectively; adding OwnerUserId/Id showed negligible improvement.",57.992,-10.2
s12,"[{""table"": ""posts"", ""columns"": [""CreationDate"", ""Id"", ""OwnerUserId""]}, {""table"": ""votes"", ""columns"": [""VoteTypeId"", ""PostId"", ""CreationDate""]}, {""table"": ""comments"", ""columns"": [""Score"", ""CreationDate"", ""UserId""]}, {""table"": ""postHistory"", ""columns"": [""PostHistoryTypeId"", ""CreationDate"", ""UserId""]}, {""table"": ""postLinks"", ""columns"": [""RelatedPostId"", ""LinkTypeId"", ""CreationDate""]}]","## Analysis Summary

After extensive cost estimation across the full 146-query workload, I identified the existing index set and the five additional indexes that deliver the most benefit. The existing schema already has a rich set of indexes (idx_badges_userid, idx_badges_userid_date, idx_comments_userid, idx_comments_score_userid, idx_comments_postid, idx_comments_postid_creationdate, idx_comments_userid_score_creationdate, idx_votes_userid, idx_votes_userid_creationdate, idx_votes_postid_creationdate, idx_posthistory_userid, idx_posthistory_postid, idx_posthistory_postid_creationdate, idx_posthistory_posttypeid, idx_posthistory_posttypeid_userid, idx_posthistory_userid_typeid_creationdate, idx_postlinks_postid, idx_postlinks_relatedpostid, idx_postlinks_postid_linktypeid_creationdate, idx_posts_posttypeid, idx_posts_owneruserid, idx_posts_viewcount, idx_posts_answercount, idx_posts_id_posttype_creationdate, idx_posts_id_owneruserid).

### Recommended New Indexes

**1. posts(CreationDate, Id, OwnerUserId)**
- Confirmed effective by query planner for many queries (s7, s8, s18, s19, s20, s22, s26, s29, s40, s41, s42, s44, s92, s100, s117, s118, s120, s122, s123, s130, s137, s145, s146 and many complex queries).
- The planner uses it as an index-only scan for date-range filtering on posts, then exposes Id for join to postLinks/postHistory/votes and OwnerUserId for join to users/comments. This eliminates large sequential scans on the posts table (2219–2679 cost) reducing them to targeted index-only scans (~2700 rows selected from ~90k).
- Cost improvement observed: from ~11,605 to ~11,441 for s20; similar savings across dozens of queries that filter posts by CreationDate.

**2. votes(VoteTypeId, PostId, CreationDate)**
- Confirmed used by planner as `tmp_idx_votes_0786ecb9` in s129 (cost ~12,767 vs ~13,703 without) and many other queries (s25, s61, s63, s70, s71, s73, s76, s96, s127, s128, s129, s143, s145).
- The VoteTypeId=2 (upvote) filter is extremely common. Combined with PostId join key and optional CreationDate range filter, this composite index enables index-only scans instead of full sequential scans on the votes table (~192k rows, seq scan cost ~4,572).
- Particularly important for medium/complex queries involving 5-7-table joins where reducing votes scan cost has multiplicative benefit.

**3. comments(Score, CreationDate, UserId)**
- Confirmed used by planner as `tmp_idx_comments_2503997b` for queries filtering Score=1 or Score=2 with CreationDate ranges (s34, s49, s50, s107, s108, s116, s131 and others).
- Supplements the existing idx_comments_score_userid by adding CreationDate to enable range pruning when both Score equality and date ranges are applied. The planner chooses this for Score=1+date patterns, delivering targeted index-only scans of ~14,754 rows vs. full comment table scans (~102k rows with filter cost ~2,882).
- Queries like s34 drop from ~149,249 cost to a much more tractable plan.

**4. postHistory(PostHistoryTypeId, CreationDate, UserId)**
- Confirmed used by planner as `tmp_idx_posthistory_84524b61` for queries filtering PostHistoryTypeId with CreationDate ranges and then joining by UserId (s38, s39, s47, s51, s106, s121, s125, s132, s145).
- For PostHistoryTypeId equality + CreationDate range, this enables index-only scans returning ~17,000–27,000 rows vs. bitmap heap scans of ~24,000–70,000 rows from the existing posttypeid-only index.
- The difference is most dramatic for s106 where the planner uses it for a 3-table join (comments+postHistory+votes on UserId) achieving cost ~474,086 vs millions without it.

**5. postLinks(RelatedPostId, LinkTypeId, CreationDate)**
- Confirmed used by planner as `tmp_idx_postlinks_fe583d40` in multiple queries (s26, s40, s41, s53, s54, s58, s59, s60, s61, s62, s63, s68–s73, s137, s139, s140–s143).
- Many complex queries join postLinks on RelatedPostId and filter on LinkTypeId=1 and/or CreationDate. The existing idx_postlinks_relatedpostid covers only the join key. Adding LinkTypeId+CreationDate enables filtering ~10,186 rows (LinkTypeId=1) or narrower with date ranges, vs. the full 11,102-row postlinks table.
- Enables index-only scans for the postLinks portion of complex 6-7 table joins, reducing intermediate result sets significantly.

### Why Other Candidates Were Rejected

- **postHistory(CreationDate, PostId)** and **postHistory(CreationDate, UserId)**: The planner showed minimal improvement (~0-100 cost) because postHistory is already well-covered by PostId and PostHistoryTypeId indexes, and date-range-only filtering still requires reading most of the table.
- **votes(PostId, VoteTypeId)** without CreationDate: Marginally weaker than the 3-column version; the planner consistently preferred the 3-column composite.
- **comments(Score, UserId, CreationDate)** (different column order): Tested and showed planner preferred the (Score, CreationDate, UserId) ordering for date range filtering after score equality.
- **posts(PostTypeId, OwnerUserId, Id)**: The existing idx_posts_posttypeid bitmap index already handles PostTypeId filtering effectively; adding OwnerUserId/Id showed negligible improvement.",132.027,-5.87
s13,"[{""table"": ""posts"", ""columns"": [""CreationDate"", ""Id"", ""OwnerUserId""]}, {""table"": ""votes"", ""columns"": [""VoteTypeId"", ""PostId"", ""CreationDate""]}, {""table"": ""comments"", ""columns"": [""Score"", ""CreationDate"", ""UserId""]}, {""table"": ""postHistory"", ""columns"": [""PostHistoryTypeId"", ""CreationDate"", ""UserId""]}, {""table"": ""postLinks"", ""columns"": [""RelatedPostId"", ""LinkTypeId"", ""CreationDate""]}]","## Analysis Summary

After extensive cost estimation across the full 146-query workload, I identified the existing index set and the five additional indexes that deliver the most benefit. The existing schema already has a rich set of indexes (idx_badges_userid, idx_badges_userid_date, idx_comments_userid, idx_comments_score_userid, idx_comments_postid, idx_comments_postid_creationdate, idx_comments_userid_score_creationdate, idx_votes_userid, idx_votes_userid_creationdate, idx_votes_postid_creationdate, idx_posthistory_userid, idx_posthistory_postid, idx_posthistory_postid_creationdate, idx_posthistory_posttypeid, idx_posthistory_posttypeid_userid, idx_posthistory_userid_typeid_creationdate, idx_postlinks_postid, idx_postlinks_relatedpostid, idx_postlinks_postid_linktypeid_creationdate, idx_posts_posttypeid, idx_posts_owneruserid, idx_posts_viewcount, idx_posts_answercount, idx_posts_id_posttype_creationdate, idx_posts_id_owneruserid).

### Recommended New Indexes

**1. posts(CreationDate, Id, OwnerUserId)**
- Confirmed effective by query planner for many queries (s7, s8, s18, s19, s20, s22, s26, s29, s40, s41, s42, s44, s92, s100, s117, s118, s120, s122, s123, s130, s137, s145, s146 and many complex queries).
- The planner uses it as an index-only scan for date-range filtering on posts, then exposes Id for join to postLinks/postHistory/votes and OwnerUserId for join to users/comments. This eliminates large sequential scans on the posts table (2219–2679 cost) reducing them to targeted index-only scans (~2700 rows selected from ~90k).
- Cost improvement observed: from ~11,605 to ~11,441 for s20; similar savings across dozens of queries that filter posts by CreationDate.

**2. votes(VoteTypeId, PostId, CreationDate)**
- Confirmed used by planner as `tmp_idx_votes_0786ecb9` in s129 (cost ~12,767 vs ~13,703 without) and many other queries (s25, s61, s63, s70, s71, s73, s76, s96, s127, s128, s129, s143, s145).
- The VoteTypeId=2 (upvote) filter is extremely common. Combined with PostId join key and optional CreationDate range filter, this composite index enables index-only scans instead of full sequential scans on the votes table (~192k rows, seq scan cost ~4,572).
- Particularly important for medium/complex queries involving 5-7-table joins where reducing votes scan cost has multiplicative benefit.

**3. comments(Score, CreationDate, UserId)**
- Confirmed used by planner as `tmp_idx_comments_2503997b` for queries filtering Score=1 or Score=2 with CreationDate ranges (s34, s49, s50, s107, s108, s116, s131 and others).
- Supplements the existing idx_comments_score_userid by adding CreationDate to enable range pruning when both Score equality and date ranges are applied. The planner chooses this for Score=1+date patterns, delivering targeted index-only scans of ~14,754 rows vs. full comment table scans (~102k rows with filter cost ~2,882).
- Queries like s34 drop from ~149,249 cost to a much more tractable plan.

**4. postHistory(PostHistoryTypeId, CreationDate, UserId)**
- Confirmed used by planner as `tmp_idx_posthistory_84524b61` for queries filtering PostHistoryTypeId with CreationDate ranges and then joining by UserId (s38, s39, s47, s51, s106, s121, s125, s132, s145).
- For PostHistoryTypeId equality + CreationDate range, this enables index-only scans returning ~17,000–27,000 rows vs. bitmap heap scans of ~24,000–70,000 rows from the existing posttypeid-only index.
- The difference is most dramatic for s106 where the planner uses it for a 3-table join (comments+postHistory+votes on UserId) achieving cost ~474,086 vs millions without it.

**5. postLinks(RelatedPostId, LinkTypeId, CreationDate)**
- Confirmed used by planner as `tmp_idx_postlinks_fe583d40` in multiple queries (s26, s40, s41, s53, s54, s58, s59, s60, s61, s62, s63, s68–s73, s137, s139, s140–s143).
- Many complex queries join postLinks on RelatedPostId and filter on LinkTypeId=1 and/or CreationDate. The existing idx_postlinks_relatedpostid covers only the join key. Adding LinkTypeId+CreationDate enables filtering ~10,186 rows (LinkTypeId=1) or narrower with date ranges, vs. the full 11,102-row postlinks table.
- Enables index-only scans for the postLinks portion of complex 6-7 table joins, reducing intermediate result sets significantly.

### Why Other Candidates Were Rejected

- **postHistory(CreationDate, PostId)** and **postHistory(CreationDate, UserId)**: The planner showed minimal improvement (~0-100 cost) because postHistory is already well-covered by PostId and PostHistoryTypeId indexes, and date-range-only filtering still requires reading most of the table.
- **votes(PostId, VoteTypeId)** without CreationDate: Marginally weaker than the 3-column version; the planner consistently preferred the 3-column composite.
- **comments(Score, UserId, CreationDate)** (different column order): Tested and showed planner preferred the (Score, CreationDate, UserId) ordering for date range filtering after score equality.
- **posts(PostTypeId, OwnerUserId, Id)**: The existing idx_posts_posttypeid bitmap index already handles PostTypeId filtering effectively; adding OwnerUserId/Id showed negligible improvement.",62.26,-11.29
s14,"[{""table"": ""posts"", ""columns"": [""CreationDate"", ""Id"", ""OwnerUserId""]}, {""table"": ""votes"", ""columns"": [""VoteTypeId"", ""PostId"", ""CreationDate""]}, {""table"": ""comments"", ""columns"": [""Score"", ""CreationDate"", ""UserId""]}, {""table"": ""postHistory"", ""columns"": [""PostHistoryTypeId"", ""CreationDate"", ""UserId""]}, {""table"": ""postLinks"", ""columns"": [""RelatedPostId"", ""LinkTypeId"", ""CreationDate""]}]","## Analysis Summary

After extensive cost estimation across the full 146-query workload, I identified the existing index set and the five additional indexes that deliver the most benefit. The existing schema already has a rich set of indexes (idx_badges_userid, idx_badges_userid_date, idx_comments_userid, idx_comments_score_userid, idx_comments_postid, idx_comments_postid_creationdate, idx_comments_userid_score_creationdate, idx_votes_userid, idx_votes_userid_creationdate, idx_votes_postid_creationdate, idx_posthistory_userid, idx_posthistory_postid, idx_posthistory_postid_creationdate, idx_posthistory_posttypeid, idx_posthistory_posttypeid_userid, idx_posthistory_userid_typeid_creationdate, idx_postlinks_postid, idx_postlinks_relatedpostid, idx_postlinks_postid_linktypeid_creationdate, idx_posts_posttypeid, idx_posts_owneruserid, idx_posts_viewcount, idx_posts_answercount, idx_posts_id_posttype_creationdate, idx_posts_id_owneruserid).

### Recommended New Indexes

**1. posts(CreationDate, Id, OwnerUserId)**
- Confirmed effective by query planner for many queries (s7, s8, s18, s19, s20, s22, s26, s29, s40, s41, s42, s44, s92, s100, s117, s118, s120, s122, s123, s130, s137, s145, s146 and many complex queries).
- The planner uses it as an index-only scan for date-range filtering on posts, then exposes Id for join to postLinks/postHistory/votes and OwnerUserId for join to users/comments. This eliminates large sequential scans on the posts table (2219–2679 cost) reducing them to targeted index-only scans (~2700 rows selected from ~90k).
- Cost improvement observed: from ~11,605 to ~11,441 for s20; similar savings across dozens of queries that filter posts by CreationDate.

**2. votes(VoteTypeId, PostId, CreationDate)**
- Confirmed used by planner as `tmp_idx_votes_0786ecb9` in s129 (cost ~12,767 vs ~13,703 without) and many other queries (s25, s61, s63, s70, s71, s73, s76, s96, s127, s128, s129, s143, s145).
- The VoteTypeId=2 (upvote) filter is extremely common. Combined with PostId join key and optional CreationDate range filter, this composite index enables index-only scans instead of full sequential scans on the votes table (~192k rows, seq scan cost ~4,572).
- Particularly important for medium/complex queries involving 5-7-table joins where reducing votes scan cost has multiplicative benefit.

**3. comments(Score, CreationDate, UserId)**
- Confirmed used by planner as `tmp_idx_comments_2503997b` for queries filtering Score=1 or Score=2 with CreationDate ranges (s34, s49, s50, s107, s108, s116, s131 and others).
- Supplements the existing idx_comments_score_userid by adding CreationDate to enable range pruning when both Score equality and date ranges are applied. The planner chooses this for Score=1+date patterns, delivering targeted index-only scans of ~14,754 rows vs. full comment table scans (~102k rows with filter cost ~2,882).
- Queries like s34 drop from ~149,249 cost to a much more tractable plan.

**4. postHistory(PostHistoryTypeId, CreationDate, UserId)**
- Confirmed used by planner as `tmp_idx_posthistory_84524b61` for queries filtering PostHistoryTypeId with CreationDate ranges and then joining by UserId (s38, s39, s47, s51, s106, s121, s125, s132, s145).
- For PostHistoryTypeId equality + CreationDate range, this enables index-only scans returning ~17,000–27,000 rows vs. bitmap heap scans of ~24,000–70,000 rows from the existing posttypeid-only index.
- The difference is most dramatic for s106 where the planner uses it for a 3-table join (comments+postHistory+votes on UserId) achieving cost ~474,086 vs millions without it.

**5. postLinks(RelatedPostId, LinkTypeId, CreationDate)**
- Confirmed used by planner as `tmp_idx_postlinks_fe583d40` in multiple queries (s26, s40, s41, s53, s54, s58, s59, s60, s61, s62, s63, s68–s73, s137, s139, s140–s143).
- Many complex queries join postLinks on RelatedPostId and filter on LinkTypeId=1 and/or CreationDate. The existing idx_postlinks_relatedpostid covers only the join key. Adding LinkTypeId+CreationDate enables filtering ~10,186 rows (LinkTypeId=1) or narrower with date ranges, vs. the full 11,102-row postlinks table.
- Enables index-only scans for the postLinks portion of complex 6-7 table joins, reducing intermediate result sets significantly.

### Why Other Candidates Were Rejected

- **postHistory(CreationDate, PostId)** and **postHistory(CreationDate, UserId)**: The planner showed minimal improvement (~0-100 cost) because postHistory is already well-covered by PostId and PostHistoryTypeId indexes, and date-range-only filtering still requires reading most of the table.
- **votes(PostId, VoteTypeId)** without CreationDate: Marginally weaker than the 3-column version; the planner consistently preferred the 3-column composite.
- **comments(Score, UserId, CreationDate)** (different column order): Tested and showed planner preferred the (Score, CreationDate, UserId) ordering for date range filtering after score equality.
- **posts(PostTypeId, OwnerUserId, Id)**: The existing idx_posts_posttypeid bitmap index already handles PostTypeId filtering effectively; adding OwnerUserId/Id showed negligible improvement.",24.02,-7.61
s15,"[{""table"": ""posts"", ""columns"": [""CreationDate"", ""Id"", ""OwnerUserId""]}, {""table"": ""votes"", ""columns"": [""VoteTypeId"", ""PostId"", ""CreationDate""]}, {""table"": ""comments"", ""columns"": [""Score"", ""CreationDate"", ""UserId""]}, {""table"": ""postHistory"", ""columns"": [""PostHistoryTypeId"", ""CreationDate"", ""UserId""]}, {""table"": ""postLinks"", ""columns"": [""RelatedPostId"", ""LinkTypeId"", ""CreationDate""]}]","## Analysis Summary

After extensive cost estimation across the full 146-query workload, I identified the existing index set and the five additional indexes that deliver the most benefit. The existing schema already has a rich set of indexes (idx_badges_userid, idx_badges_userid_date, idx_comments_userid, idx_comments_score_userid, idx_comments_postid, idx_comments_postid_creationdate, idx_comments_userid_score_creationdate, idx_votes_userid, idx_votes_userid_creationdate, idx_votes_postid_creationdate, idx_posthistory_userid, idx_posthistory_postid, idx_posthistory_postid_creationdate, idx_posthistory_posttypeid, idx_posthistory_posttypeid_userid, idx_posthistory_userid_typeid_creationdate, idx_postlinks_postid, idx_postlinks_relatedpostid, idx_postlinks_postid_linktypeid_creationdate, idx_posts_posttypeid, idx_posts_owneruserid, idx_posts_viewcount, idx_posts_answercount, idx_posts_id_posttype_creationdate, idx_posts_id_owneruserid).

### Recommended New Indexes

**1. posts(CreationDate, Id, OwnerUserId)**
- Confirmed effective by query planner for many queries (s7, s8, s18, s19, s20, s22, s26, s29, s40, s41, s42, s44, s92, s100, s117, s118, s120, s122, s123, s130, s137, s145, s146 and many complex queries).
- The planner uses it as an index-only scan for date-range filtering on posts, then exposes Id for join to postLinks/postHistory/votes and OwnerUserId for join to users/comments. This eliminates large sequential scans on the posts table (2219–2679 cost) reducing them to targeted index-only scans (~2700 rows selected from ~90k).
- Cost improvement observed: from ~11,605 to ~11,441 for s20; similar savings across dozens of queries that filter posts by CreationDate.

**2. votes(VoteTypeId, PostId, CreationDate)**
- Confirmed used by planner as `tmp_idx_votes_0786ecb9` in s129 (cost ~12,767 vs ~13,703 without) and many other queries (s25, s61, s63, s70, s71, s73, s76, s96, s127, s128, s129, s143, s145).
- The VoteTypeId=2 (upvote) filter is extremely common. Combined with PostId join key and optional CreationDate range filter, this composite index enables index-only scans instead of full sequential scans on the votes table (~192k rows, seq scan cost ~4,572).
- Particularly important for medium/complex queries involving 5-7-table joins where reducing votes scan cost has multiplicative benefit.

**3. comments(Score, CreationDate, UserId)**
- Confirmed used by planner as `tmp_idx_comments_2503997b` for queries filtering Score=1 or Score=2 with CreationDate ranges (s34, s49, s50, s107, s108, s116, s131 and others).
- Supplements the existing idx_comments_score_userid by adding CreationDate to enable range pruning when both Score equality and date ranges are applied. The planner chooses this for Score=1+date patterns, delivering targeted index-only scans of ~14,754 rows vs. full comment table scans (~102k rows with filter cost ~2,882).
- Queries like s34 drop from ~149,249 cost to a much more tractable plan.

**4. postHistory(PostHistoryTypeId, CreationDate, UserId)**
- Confirmed used by planner as `tmp_idx_posthistory_84524b61` for queries filtering PostHistoryTypeId with CreationDate ranges and then joining by UserId (s38, s39, s47, s51, s106, s121, s125, s132, s145).
- For PostHistoryTypeId equality + CreationDate range, this enables index-only scans returning ~17,000–27,000 rows vs. bitmap heap scans of ~24,000–70,000 rows from the existing posttypeid-only index.
- The difference is most dramatic for s106 where the planner uses it for a 3-table join (comments+postHistory+votes on UserId) achieving cost ~474,086 vs millions without it.

**5. postLinks(RelatedPostId, LinkTypeId, CreationDate)**
- Confirmed used by planner as `tmp_idx_postlinks_fe583d40` in multiple queries (s26, s40, s41, s53, s54, s58, s59, s60, s61, s62, s63, s68–s73, s137, s139, s140–s143).
- Many complex queries join postLinks on RelatedPostId and filter on LinkTypeId=1 and/or CreationDate. The existing idx_postlinks_relatedpostid covers only the join key. Adding LinkTypeId+CreationDate enables filtering ~10,186 rows (LinkTypeId=1) or narrower with date ranges, vs. the full 11,102-row postlinks table.
- Enables index-only scans for the postLinks portion of complex 6-7 table joins, reducing intermediate result sets significantly.

### Why Other Candidates Were Rejected

- **postHistory(CreationDate, PostId)** and **postHistory(CreationDate, UserId)**: The planner showed minimal improvement (~0-100 cost) because postHistory is already well-covered by PostId and PostHistoryTypeId indexes, and date-range-only filtering still requires reading most of the table.
- **votes(PostId, VoteTypeId)** without CreationDate: Marginally weaker than the 3-column version; the planner consistently preferred the 3-column composite.
- **comments(Score, UserId, CreationDate)** (different column order): Tested and showed planner preferred the (Score, CreationDate, UserId) ordering for date range filtering after score equality.
- **posts(PostTypeId, OwnerUserId, Id)**: The existing idx_posts_posttypeid bitmap index already handles PostTypeId filtering effectively; adding OwnerUserId/Id showed negligible improvement.",583.916,-16.9
s16,"[{""table"": ""posts"", ""columns"": [""CreationDate"", ""Id"", ""OwnerUserId""]}, {""table"": ""votes"", ""columns"": [""VoteTypeId"", ""PostId"", ""CreationDate""]}, {""table"": ""comments"", ""columns"": [""Score"", ""CreationDate"", ""UserId""]}, {""table"": ""postHistory"", ""columns"": [""PostHistoryTypeId"", ""CreationDate"", ""UserId""]}, {""table"": ""postLinks"", ""columns"": [""RelatedPostId"", ""LinkTypeId"", ""CreationDate""]}]","## Analysis Summary

After extensive cost estimation across the full 146-query workload, I identified the existing index set and the five additional indexes that deliver the most benefit. The existing schema already has a rich set of indexes (idx_badges_userid, idx_badges_userid_date, idx_comments_userid, idx_comments_score_userid, idx_comments_postid, idx_comments_postid_creationdate, idx_comments_userid_score_creationdate, idx_votes_userid, idx_votes_userid_creationdate, idx_votes_postid_creationdate, idx_posthistory_userid, idx_posthistory_postid, idx_posthistory_postid_creationdate, idx_posthistory_posttypeid, idx_posthistory_posttypeid_userid, idx_posthistory_userid_typeid_creationdate, idx_postlinks_postid, idx_postlinks_relatedpostid, idx_postlinks_postid_linktypeid_creationdate, idx_posts_posttypeid, idx_posts_owneruserid, idx_posts_viewcount, idx_posts_answercount, idx_posts_id_posttype_creationdate, idx_posts_id_owneruserid).

### Recommended New Indexes

**1. posts(CreationDate, Id, OwnerUserId)**
- Confirmed effective by query planner for many queries (s7, s8, s18, s19, s20, s22, s26, s29, s40, s41, s42, s44, s92, s100, s117, s118, s120, s122, s123, s130, s137, s145, s146 and many complex queries).
- The planner uses it as an index-only scan for date-range filtering on posts, then exposes Id for join to postLinks/postHistory/votes and OwnerUserId for join to users/comments. This eliminates large sequential scans on the posts table (2219–2679 cost) reducing them to targeted index-only scans (~2700 rows selected from ~90k).
- Cost improvement observed: from ~11,605 to ~11,441 for s20; similar savings across dozens of queries that filter posts by CreationDate.

**2. votes(VoteTypeId, PostId, CreationDate)**
- Confirmed used by planner as `tmp_idx_votes_0786ecb9` in s129 (cost ~12,767 vs ~13,703 without) and many other queries (s25, s61, s63, s70, s71, s73, s76, s96, s127, s128, s129, s143, s145).
- The VoteTypeId=2 (upvote) filter is extremely common. Combined with PostId join key and optional CreationDate range filter, this composite index enables index-only scans instead of full sequential scans on the votes table (~192k rows, seq scan cost ~4,572).
- Particularly important for medium/complex queries involving 5-7-table joins where reducing votes scan cost has multiplicative benefit.

**3. comments(Score, CreationDate, UserId)**
- Confirmed used by planner as `tmp_idx_comments_2503997b` for queries filtering Score=1 or Score=2 with CreationDate ranges (s34, s49, s50, s107, s108, s116, s131 and others).
- Supplements the existing idx_comments_score_userid by adding CreationDate to enable range pruning when both Score equality and date ranges are applied. The planner chooses this for Score=1+date patterns, delivering targeted index-only scans of ~14,754 rows vs. full comment table scans (~102k rows with filter cost ~2,882).
- Queries like s34 drop from ~149,249 cost to a much more tractable plan.

**4. postHistory(PostHistoryTypeId, CreationDate, UserId)**
- Confirmed used by planner as `tmp_idx_posthistory_84524b61` for queries filtering PostHistoryTypeId with CreationDate ranges and then joining by UserId (s38, s39, s47, s51, s106, s121, s125, s132, s145).
- For PostHistoryTypeId equality + CreationDate range, this enables index-only scans returning ~17,000–27,000 rows vs. bitmap heap scans of ~24,000–70,000 rows from the existing posttypeid-only index.
- The difference is most dramatic for s106 where the planner uses it for a 3-table join (comments+postHistory+votes on UserId) achieving cost ~474,086 vs millions without it.

**5. postLinks(RelatedPostId, LinkTypeId, CreationDate)**
- Confirmed used by planner as `tmp_idx_postlinks_fe583d40` in multiple queries (s26, s40, s41, s53, s54, s58, s59, s60, s61, s62, s63, s68–s73, s137, s139, s140–s143).
- Many complex queries join postLinks on RelatedPostId and filter on LinkTypeId=1 and/or CreationDate. The existing idx_postlinks_relatedpostid covers only the join key. Adding LinkTypeId+CreationDate enables filtering ~10,186 rows (LinkTypeId=1) or narrower with date ranges, vs. the full 11,102-row postlinks table.
- Enables index-only scans for the postLinks portion of complex 6-7 table joins, reducing intermediate result sets significantly.

### Why Other Candidates Were Rejected

- **postHistory(CreationDate, PostId)** and **postHistory(CreationDate, UserId)**: The planner showed minimal improvement (~0-100 cost) because postHistory is already well-covered by PostId and PostHistoryTypeId indexes, and date-range-only filtering still requires reading most of the table.
- **votes(PostId, VoteTypeId)** without CreationDate: Marginally weaker than the 3-column version; the planner consistently preferred the 3-column composite.
- **comments(Score, UserId, CreationDate)** (different column order): Tested and showed planner preferred the (Score, CreationDate, UserId) ordering for date range filtering after score equality.
- **posts(PostTypeId, OwnerUserId, Id)**: The existing idx_posts_posttypeid bitmap index already handles PostTypeId filtering effectively; adding OwnerUserId/Id showed negligible improvement.",57.442,-5.25
s17,"[{""table"": ""posts"", ""columns"": [""CreationDate"", ""Id"", ""OwnerUserId""]}, {""table"": ""votes"", ""columns"": [""VoteTypeId"", ""PostId"", ""CreationDate""]}, {""table"": ""comments"", ""columns"": [""Score"", ""CreationDate"", ""UserId""]}, {""table"": ""postHistory"", ""columns"": [""PostHistoryTypeId"", ""CreationDate"", ""UserId""]}, {""table"": ""postLinks"", ""columns"": [""RelatedPostId"", ""LinkTypeId"", ""CreationDate""]}]","## Analysis Summary

After extensive cost estimation across the full 146-query workload, I identified the existing index set and the five additional indexes that deliver the most benefit. The existing schema already has a rich set of indexes (idx_badges_userid, idx_badges_userid_date, idx_comments_userid, idx_comments_score_userid, idx_comments_postid, idx_comments_postid_creationdate, idx_comments_userid_score_creationdate, idx_votes_userid, idx_votes_userid_creationdate, idx_votes_postid_creationdate, idx_posthistory_userid, idx_posthistory_postid, idx_posthistory_postid_creationdate, idx_posthistory_posttypeid, idx_posthistory_posttypeid_userid, idx_posthistory_userid_typeid_creationdate, idx_postlinks_postid, idx_postlinks_relatedpostid, idx_postlinks_postid_linktypeid_creationdate, idx_posts_posttypeid, idx_posts_owneruserid, idx_posts_viewcount, idx_posts_answercount, idx_posts_id_posttype_creationdate, idx_posts_id_owneruserid).

### Recommended New Indexes

**1. posts(CreationDate, Id, OwnerUserId)**
- Confirmed effective by query planner for many queries (s7, s8, s18, s19, s20, s22, s26, s29, s40, s41, s42, s44, s92, s100, s117, s118, s120, s122, s123, s130, s137, s145, s146 and many complex queries).
- The planner uses it as an index-only scan for date-range filtering on posts, then exposes Id for join to postLinks/postHistory/votes and OwnerUserId for join to users/comments. This eliminates large sequential scans on the posts table (2219–2679 cost) reducing them to targeted index-only scans (~2700 rows selected from ~90k).
- Cost improvement observed: from ~11,605 to ~11,441 for s20; similar savings across dozens of queries that filter posts by CreationDate.

**2. votes(VoteTypeId, PostId, CreationDate)**
- Confirmed used by planner as `tmp_idx_votes_0786ecb9` in s129 (cost ~12,767 vs ~13,703 without) and many other queries (s25, s61, s63, s70, s71, s73, s76, s96, s127, s128, s129, s143, s145).
- The VoteTypeId=2 (upvote) filter is extremely common. Combined with PostId join key and optional CreationDate range filter, this composite index enables index-only scans instead of full sequential scans on the votes table (~192k rows, seq scan cost ~4,572).
- Particularly important for medium/complex queries involving 5-7-table joins where reducing votes scan cost has multiplicative benefit.

**3. comments(Score, CreationDate, UserId)**
- Confirmed used by planner as `tmp_idx_comments_2503997b` for queries filtering Score=1 or Score=2 with CreationDate ranges (s34, s49, s50, s107, s108, s116, s131 and others).
- Supplements the existing idx_comments_score_userid by adding CreationDate to enable range pruning when both Score equality and date ranges are applied. The planner chooses this for Score=1+date patterns, delivering targeted index-only scans of ~14,754 rows vs. full comment table scans (~102k rows with filter cost ~2,882).
- Queries like s34 drop from ~149,249 cost to a much more tractable plan.

**4. postHistory(PostHistoryTypeId, CreationDate, UserId)**
- Confirmed used by planner as `tmp_idx_posthistory_84524b61` for queries filtering PostHistoryTypeId with CreationDate ranges and then joining by UserId (s38, s39, s47, s51, s106, s121, s125, s132, s145).
- For PostHistoryTypeId equality + CreationDate range, this enables index-only scans returning ~17,000–27,000 rows vs. bitmap heap scans of ~24,000–70,000 rows from the existing posttypeid-only index.
- The difference is most dramatic for s106 where the planner uses it for a 3-table join (comments+postHistory+votes on UserId) achieving cost ~474,086 vs millions without it.

**5. postLinks(RelatedPostId, LinkTypeId, CreationDate)**
- Confirmed used by planner as `tmp_idx_postlinks_fe583d40` in multiple queries (s26, s40, s41, s53, s54, s58, s59, s60, s61, s62, s63, s68–s73, s137, s139, s140–s143).
- Many complex queries join postLinks on RelatedPostId and filter on LinkTypeId=1 and/or CreationDate. The existing idx_postlinks_relatedpostid covers only the join key. Adding LinkTypeId+CreationDate enables filtering ~10,186 rows (LinkTypeId=1) or narrower with date ranges, vs. the full 11,102-row postlinks table.
- Enables index-only scans for the postLinks portion of complex 6-7 table joins, reducing intermediate result sets significantly.

### Why Other Candidates Were Rejected

- **postHistory(CreationDate, PostId)** and **postHistory(CreationDate, UserId)**: The planner showed minimal improvement (~0-100 cost) because postHistory is already well-covered by PostId and PostHistoryTypeId indexes, and date-range-only filtering still requires reading most of the table.
- **votes(PostId, VoteTypeId)** without CreationDate: Marginally weaker than the 3-column version; the planner consistently preferred the 3-column composite.
- **comments(Score, UserId, CreationDate)** (different column order): Tested and showed planner preferred the (Score, CreationDate, UserId) ordering for date range filtering after score equality.
- **posts(PostTypeId, OwnerUserId, Id)**: The existing idx_posts_posttypeid bitmap index already handles PostTypeId filtering effectively; adding OwnerUserId/Id showed negligible improvement.",31.757,-18.74
s18,"[{""table"": ""posts"", ""columns"": [""CreationDate"", ""Id"", ""OwnerUserId""]}, {""table"": ""votes"", ""columns"": [""VoteTypeId"", ""PostId"", ""CreationDate""]}, {""table"": ""comments"", ""columns"": [""Score"", ""CreationDate"", ""UserId""]}, {""table"": ""postHistory"", ""columns"": [""PostHistoryTypeId"", ""CreationDate"", ""UserId""]}, {""table"": ""postLinks"", ""columns"": [""RelatedPostId"", ""LinkTypeId"", ""CreationDate""]}]","## Analysis Summary

After extensive cost estimation across the full 146-query workload, I identified the existing index set and the five additional indexes that deliver the most benefit. The existing schema already has a rich set of indexes (idx_badges_userid, idx_badges_userid_date, idx_comments_userid, idx_comments_score_userid, idx_comments_postid, idx_comments_postid_creationdate, idx_comments_userid_score_creationdate, idx_votes_userid, idx_votes_userid_creationdate, idx_votes_postid_creationdate, idx_posthistory_userid, idx_posthistory_postid, idx_posthistory_postid_creationdate, idx_posthistory_posttypeid, idx_posthistory_posttypeid_userid, idx_posthistory_userid_typeid_creationdate, idx_postlinks_postid, idx_postlinks_relatedpostid, idx_postlinks_postid_linktypeid_creationdate, idx_posts_posttypeid, idx_posts_owneruserid, idx_posts_viewcount, idx_posts_answercount, idx_posts_id_posttype_creationdate, idx_posts_id_owneruserid).

### Recommended New Indexes

**1. posts(CreationDate, Id, OwnerUserId)**
- Confirmed effective by query planner for many queries (s7, s8, s18, s19, s20, s22, s26, s29, s40, s41, s42, s44, s92, s100, s117, s118, s120, s122, s123, s130, s137, s145, s146 and many complex queries).
- The planner uses it as an index-only scan for date-range filtering on posts, then exposes Id for join to postLinks/postHistory/votes and OwnerUserId for join to users/comments. This eliminates large sequential scans on the posts table (2219–2679 cost) reducing them to targeted index-only scans (~2700 rows selected from ~90k).
- Cost improvement observed: from ~11,605 to ~11,441 for s20; similar savings across dozens of queries that filter posts by CreationDate.

**2. votes(VoteTypeId, PostId, CreationDate)**
- Confirmed used by planner as `tmp_idx_votes_0786ecb9` in s129 (cost ~12,767 vs ~13,703 without) and many other queries (s25, s61, s63, s70, s71, s73, s76, s96, s127, s128, s129, s143, s145).
- The VoteTypeId=2 (upvote) filter is extremely common. Combined with PostId join key and optional CreationDate range filter, this composite index enables index-only scans instead of full sequential scans on the votes table (~192k rows, seq scan cost ~4,572).
- Particularly important for medium/complex queries involving 5-7-table joins where reducing votes scan cost has multiplicative benefit.

**3. comments(Score, CreationDate, UserId)**
- Confirmed used by planner as `tmp_idx_comments_2503997b` for queries filtering Score=1 or Score=2 with CreationDate ranges (s34, s49, s50, s107, s108, s116, s131 and others).
- Supplements the existing idx_comments_score_userid by adding CreationDate to enable range pruning when both Score equality and date ranges are applied. The planner chooses this for Score=1+date patterns, delivering targeted index-only scans of ~14,754 rows vs. full comment table scans (~102k rows with filter cost ~2,882).
- Queries like s34 drop from ~149,249 cost to a much more tractable plan.

**4. postHistory(PostHistoryTypeId, CreationDate, UserId)**
- Confirmed used by planner as `tmp_idx_posthistory_84524b61` for queries filtering PostHistoryTypeId with CreationDate ranges and then joining by UserId (s38, s39, s47, s51, s106, s121, s125, s132, s145).
- For PostHistoryTypeId equality + CreationDate range, this enables index-only scans returning ~17,000–27,000 rows vs. bitmap heap scans of ~24,000–70,000 rows from the existing posttypeid-only index.
- The difference is most dramatic for s106 where the planner uses it for a 3-table join (comments+postHistory+votes on UserId) achieving cost ~474,086 vs millions without it.

**5. postLinks(RelatedPostId, LinkTypeId, CreationDate)**
- Confirmed used by planner as `tmp_idx_postlinks_fe583d40` in multiple queries (s26, s40, s41, s53, s54, s58, s59, s60, s61, s62, s63, s68–s73, s137, s139, s140–s143).
- Many complex queries join postLinks on RelatedPostId and filter on LinkTypeId=1 and/or CreationDate. The existing idx_postlinks_relatedpostid covers only the join key. Adding LinkTypeId+CreationDate enables filtering ~10,186 rows (LinkTypeId=1) or narrower with date ranges, vs. the full 11,102-row postlinks table.
- Enables index-only scans for the postLinks portion of complex 6-7 table joins, reducing intermediate result sets significantly.

### Why Other Candidates Were Rejected

- **postHistory(CreationDate, PostId)** and **postHistory(CreationDate, UserId)**: The planner showed minimal improvement (~0-100 cost) because postHistory is already well-covered by PostId and PostHistoryTypeId indexes, and date-range-only filtering still requires reading most of the table.
- **votes(PostId, VoteTypeId)** without CreationDate: Marginally weaker than the 3-column version; the planner consistently preferred the 3-column composite.
- **comments(Score, UserId, CreationDate)** (different column order): Tested and showed planner preferred the (Score, CreationDate, UserId) ordering for date range filtering after score equality.
- **posts(PostTypeId, OwnerUserId, Id)**: The existing idx_posts_posttypeid bitmap index already handles PostTypeId filtering effectively; adding OwnerUserId/Id showed negligible improvement.",47.84,-5.86
s19,"[{""table"": ""posts"", ""columns"": [""CreationDate"", ""Id"", ""OwnerUserId""]}, {""table"": ""votes"", ""columns"": [""VoteTypeId"", ""PostId"", ""CreationDate""]}, {""table"": ""comments"", ""columns"": [""Score"", ""CreationDate"", ""UserId""]}, {""table"": ""postHistory"", ""columns"": [""PostHistoryTypeId"", ""CreationDate"", ""UserId""]}, {""table"": ""postLinks"", ""columns"": [""RelatedPostId"", ""LinkTypeId"", ""CreationDate""]}]","## Analysis Summary

After extensive cost estimation across the full 146-query workload, I identified the existing index set and the five additional indexes that deliver the most benefit. The existing schema already has a rich set of indexes (idx_badges_userid, idx_badges_userid_date, idx_comments_userid, idx_comments_score_userid, idx_comments_postid, idx_comments_postid_creationdate, idx_comments_userid_score_creationdate, idx_votes_userid, idx_votes_userid_creationdate, idx_votes_postid_creationdate, idx_posthistory_userid, idx_posthistory_postid, idx_posthistory_postid_creationdate, idx_posthistory_posttypeid, idx_posthistory_posttypeid_userid, idx_posthistory_userid_typeid_creationdate, idx_postlinks_postid, idx_postlinks_relatedpostid, idx_postlinks_postid_linktypeid_creationdate, idx_posts_posttypeid, idx_posts_owneruserid, idx_posts_viewcount, idx_posts_answercount, idx_posts_id_posttype_creationdate, idx_posts_id_owneruserid).

### Recommended New Indexes

**1. posts(CreationDate, Id, OwnerUserId)**
- Confirmed effective by query planner for many queries (s7, s8, s18, s19, s20, s22, s26, s29, s40, s41, s42, s44, s92, s100, s117, s118, s120, s122, s123, s130, s137, s145, s146 and many complex queries).
- The planner uses it as an index-only scan for date-range filtering on posts, then exposes Id for join to postLinks/postHistory/votes and OwnerUserId for join to users/comments. This eliminates large sequential scans on the posts table (2219–2679 cost) reducing them to targeted index-only scans (~2700 rows selected from ~90k).
- Cost improvement observed: from ~11,605 to ~11,441 for s20; similar savings across dozens of queries that filter posts by CreationDate.

**2. votes(VoteTypeId, PostId, CreationDate)**
- Confirmed used by planner as `tmp_idx_votes_0786ecb9` in s129 (cost ~12,767 vs ~13,703 without) and many other queries (s25, s61, s63, s70, s71, s73, s76, s96, s127, s128, s129, s143, s145).
- The VoteTypeId=2 (upvote) filter is extremely common. Combined with PostId join key and optional CreationDate range filter, this composite index enables index-only scans instead of full sequential scans on the votes table (~192k rows, seq scan cost ~4,572).
- Particularly important for medium/complex queries involving 5-7-table joins where reducing votes scan cost has multiplicative benefit.

**3. comments(Score, CreationDate, UserId)**
- Confirmed used by planner as `tmp_idx_comments_2503997b` for queries filtering Score=1 or Score=2 with CreationDate ranges (s34, s49, s50, s107, s108, s116, s131 and others).
- Supplements the existing idx_comments_score_userid by adding CreationDate to enable range pruning when both Score equality and date ranges are applied. The planner chooses this for Score=1+date patterns, delivering targeted index-only scans of ~14,754 rows vs. full comment table scans (~102k rows with filter cost ~2,882).
- Queries like s34 drop from ~149,249 cost to a much more tractable plan.

**4. postHistory(PostHistoryTypeId, CreationDate, UserId)**
- Confirmed used by planner as `tmp_idx_posthistory_84524b61` for queries filtering PostHistoryTypeId with CreationDate ranges and then joining by UserId (s38, s39, s47, s51, s106, s121, s125, s132, s145).
- For PostHistoryTypeId equality + CreationDate range, this enables index-only scans returning ~17,000–27,000 rows vs. bitmap heap scans of ~24,000–70,000 rows from the existing posttypeid-only index.
- The difference is most dramatic for s106 where the planner uses it for a 3-table join (comments+postHistory+votes on UserId) achieving cost ~474,086 vs millions without it.

**5. postLinks(RelatedPostId, LinkTypeId, CreationDate)**
- Confirmed used by planner as `tmp_idx_postlinks_fe583d40` in multiple queries (s26, s40, s41, s53, s54, s58, s59, s60, s61, s62, s63, s68–s73, s137, s139, s140–s143).
- Many complex queries join postLinks on RelatedPostId and filter on LinkTypeId=1 and/or CreationDate. The existing idx_postlinks_relatedpostid covers only the join key. Adding LinkTypeId+CreationDate enables filtering ~10,186 rows (LinkTypeId=1) or narrower with date ranges, vs. the full 11,102-row postlinks table.
- Enables index-only scans for the postLinks portion of complex 6-7 table joins, reducing intermediate result sets significantly.

### Why Other Candidates Were Rejected

- **postHistory(CreationDate, PostId)** and **postHistory(CreationDate, UserId)**: The planner showed minimal improvement (~0-100 cost) because postHistory is already well-covered by PostId and PostHistoryTypeId indexes, and date-range-only filtering still requires reading most of the table.
- **votes(PostId, VoteTypeId)** without CreationDate: Marginally weaker than the 3-column version; the planner consistently preferred the 3-column composite.
- **comments(Score, UserId, CreationDate)** (different column order): Tested and showed planner preferred the (Score, CreationDate, UserId) ordering for date range filtering after score equality.
- **posts(PostTypeId, OwnerUserId, Id)**: The existing idx_posts_posttypeid bitmap index already handles PostTypeId filtering effectively; adding OwnerUserId/Id showed negligible improvement.",27.58,-3.09
s20,"[{""table"": ""posts"", ""columns"": [""CreationDate"", ""Id"", ""OwnerUserId""]}, {""table"": ""votes"", ""columns"": [""VoteTypeId"", ""PostId"", ""CreationDate""]}, {""table"": ""comments"", ""columns"": [""Score"", ""CreationDate"", ""UserId""]}, {""table"": ""postHistory"", ""columns"": [""PostHistoryTypeId"", ""CreationDate"", ""UserId""]}, {""table"": ""postLinks"", ""columns"": [""RelatedPostId"", ""LinkTypeId"", ""CreationDate""]}]","## Analysis Summary

After extensive cost estimation across the full 146-query workload, I identified the existing index set and the five additional indexes that deliver the most benefit. The existing schema already has a rich set of indexes (idx_badges_userid, idx_badges_userid_date, idx_comments_userid, idx_comments_score_userid, idx_comments_postid, idx_comments_postid_creationdate, idx_comments_userid_score_creationdate, idx_votes_userid, idx_votes_userid_creationdate, idx_votes_postid_creationdate, idx_posthistory_userid, idx_posthistory_postid, idx_posthistory_postid_creationdate, idx_posthistory_posttypeid, idx_posthistory_posttypeid_userid, idx_posthistory_userid_typeid_creationdate, idx_postlinks_postid, idx_postlinks_relatedpostid, idx_postlinks_postid_linktypeid_creationdate, idx_posts_posttypeid, idx_posts_owneruserid, idx_posts_viewcount, idx_posts_answercount, idx_posts_id_posttype_creationdate, idx_posts_id_owneruserid).

### Recommended New Indexes

**1. posts(CreationDate, Id, OwnerUserId)**
- Confirmed effective by query planner for many queries (s7, s8, s18, s19, s20, s22, s26, s29, s40, s41, s42, s44, s92, s100, s117, s118, s120, s122, s123, s130, s137, s145, s146 and many complex queries).
- The planner uses it as an index-only scan for date-range filtering on posts, then exposes Id for join to postLinks/postHistory/votes and OwnerUserId for join to users/comments. This eliminates large sequential scans on the posts table (2219–2679 cost) reducing them to targeted index-only scans (~2700 rows selected from ~90k).
- Cost improvement observed: from ~11,605 to ~11,441 for s20; similar savings across dozens of queries that filter posts by CreationDate.

**2. votes(VoteTypeId, PostId, CreationDate)**
- Confirmed used by planner as `tmp_idx_votes_0786ecb9` in s129 (cost ~12,767 vs ~13,703 without) and many other queries (s25, s61, s63, s70, s71, s73, s76, s96, s127, s128, s129, s143, s145).
- The VoteTypeId=2 (upvote) filter is extremely common. Combined with PostId join key and optional CreationDate range filter, this composite index enables index-only scans instead of full sequential scans on the votes table (~192k rows, seq scan cost ~4,572).
- Particularly important for medium/complex queries involving 5-7-table joins where reducing votes scan cost has multiplicative benefit.

**3. comments(Score, CreationDate, UserId)**
- Confirmed used by planner as `tmp_idx_comments_2503997b` for queries filtering Score=1 or Score=2 with CreationDate ranges (s34, s49, s50, s107, s108, s116, s131 and others).
- Supplements the existing idx_comments_score_userid by adding CreationDate to enable range pruning when both Score equality and date ranges are applied. The planner chooses this for Score=1+date patterns, delivering targeted index-only scans of ~14,754 rows vs. full comment table scans (~102k rows with filter cost ~2,882).
- Queries like s34 drop from ~149,249 cost to a much more tractable plan.

**4. postHistory(PostHistoryTypeId, CreationDate, UserId)**
- Confirmed used by planner as `tmp_idx_posthistory_84524b61` for queries filtering PostHistoryTypeId with CreationDate ranges and then joining by UserId (s38, s39, s47, s51, s106, s121, s125, s132, s145).
- For PostHistoryTypeId equality + CreationDate range, this enables index-only scans returning ~17,000–27,000 rows vs. bitmap heap scans of ~24,000–70,000 rows from the existing posttypeid-only index.
- The difference is most dramatic for s106 where the planner uses it for a 3-table join (comments+postHistory+votes on UserId) achieving cost ~474,086 vs millions without it.

**5. postLinks(RelatedPostId, LinkTypeId, CreationDate)**
- Confirmed used by planner as `tmp_idx_postlinks_fe583d40` in multiple queries (s26, s40, s41, s53, s54, s58, s59, s60, s61, s62, s63, s68–s73, s137, s139, s140–s143).
- Many complex queries join postLinks on RelatedPostId and filter on LinkTypeId=1 and/or CreationDate. The existing idx_postlinks_relatedpostid covers only the join key. Adding LinkTypeId+CreationDate enables filtering ~10,186 rows (LinkTypeId=1) or narrower with date ranges, vs. the full 11,102-row postlinks table.
- Enables index-only scans for the postLinks portion of complex 6-7 table joins, reducing intermediate result sets significantly.

### Why Other Candidates Were Rejected

- **postHistory(CreationDate, PostId)** and **postHistory(CreationDate, UserId)**: The planner showed minimal improvement (~0-100 cost) because postHistory is already well-covered by PostId and PostHistoryTypeId indexes, and date-range-only filtering still requires reading most of the table.
- **votes(PostId, VoteTypeId)** without CreationDate: Marginally weaker than the 3-column version; the planner consistently preferred the 3-column composite.
- **comments(Score, UserId, CreationDate)** (different column order): Tested and showed planner preferred the (Score, CreationDate, UserId) ordering for date range filtering after score equality.
- **posts(PostTypeId, OwnerUserId, Id)**: The existing idx_posts_posttypeid bitmap index already handles PostTypeId filtering effectively; adding OwnerUserId/Id showed negligible improvement.",78.079,1.93
s21,"[{""table"": ""posts"", ""columns"": [""CreationDate"", ""Id"", ""OwnerUserId""]}, {""table"": ""votes"", ""columns"": [""VoteTypeId"", ""PostId"", ""CreationDate""]}, {""table"": ""comments"", ""columns"": [""Score"", ""CreationDate"", ""UserId""]}, {""table"": ""postHistory"", ""columns"": [""PostHistoryTypeId"", ""CreationDate"", ""UserId""]}, {""table"": ""postLinks"", ""columns"": [""RelatedPostId"", ""LinkTypeId"", ""CreationDate""]}]","## Analysis Summary

After extensive cost estimation across the full 146-query workload, I identified the existing index set and the five additional indexes that deliver the most benefit. The existing schema already has a rich set of indexes (idx_badges_userid, idx_badges_userid_date, idx_comments_userid, idx_comments_score_userid, idx_comments_postid, idx_comments_postid_creationdate, idx_comments_userid_score_creationdate, idx_votes_userid, idx_votes_userid_creationdate, idx_votes_postid_creationdate, idx_posthistory_userid, idx_posthistory_postid, idx_posthistory_postid_creationdate, idx_posthistory_posttypeid, idx_posthistory_posttypeid_userid, idx_posthistory_userid_typeid_creationdate, idx_postlinks_postid, idx_postlinks_relatedpostid, idx_postlinks_postid_linktypeid_creationdate, idx_posts_posttypeid, idx_posts_owneruserid, idx_posts_viewcount, idx_posts_answercount, idx_posts_id_posttype_creationdate, idx_posts_id_owneruserid).

### Recommended New Indexes

**1. posts(CreationDate, Id, OwnerUserId)**
- Confirmed effective by query planner for many queries (s7, s8, s18, s19, s20, s22, s26, s29, s40, s41, s42, s44, s92, s100, s117, s118, s120, s122, s123, s130, s137, s145, s146 and many complex queries).
- The planner uses it as an index-only scan for date-range filtering on posts, then exposes Id for join to postLinks/postHistory/votes and OwnerUserId for join to users/comments. This eliminates large sequential scans on the posts table (2219–2679 cost) reducing them to targeted index-only scans (~2700 rows selected from ~90k).
- Cost improvement observed: from ~11,605 to ~11,441 for s20; similar savings across dozens of queries that filter posts by CreationDate.

**2. votes(VoteTypeId, PostId, CreationDate)**
- Confirmed used by planner as `tmp_idx_votes_0786ecb9` in s129 (cost ~12,767 vs ~13,703 without) and many other queries (s25, s61, s63, s70, s71, s73, s76, s96, s127, s128, s129, s143, s145).
- The VoteTypeId=2 (upvote) filter is extremely common. Combined with PostId join key and optional CreationDate range filter, this composite index enables index-only scans instead of full sequential scans on the votes table (~192k rows, seq scan cost ~4,572).
- Particularly important for medium/complex queries involving 5-7-table joins where reducing votes scan cost has multiplicative benefit.

**3. comments(Score, CreationDate, UserId)**
- Confirmed used by planner as `tmp_idx_comments_2503997b` for queries filtering Score=1 or Score=2 with CreationDate ranges (s34, s49, s50, s107, s108, s116, s131 and others).
- Supplements the existing idx_comments_score_userid by adding CreationDate to enable range pruning when both Score equality and date ranges are applied. The planner chooses this for Score=1+date patterns, delivering targeted index-only scans of ~14,754 rows vs. full comment table scans (~102k rows with filter cost ~2,882).
- Queries like s34 drop from ~149,249 cost to a much more tractable plan.

**4. postHistory(PostHistoryTypeId, CreationDate, UserId)**
- Confirmed used by planner as `tmp_idx_posthistory_84524b61` for queries filtering PostHistoryTypeId with CreationDate ranges and then joining by UserId (s38, s39, s47, s51, s106, s121, s125, s132, s145).
- For PostHistoryTypeId equality + CreationDate range, this enables index-only scans returning ~17,000–27,000 rows vs. bitmap heap scans of ~24,000–70,000 rows from the existing posttypeid-only index.
- The difference is most dramatic for s106 where the planner uses it for a 3-table join (comments+postHistory+votes on UserId) achieving cost ~474,086 vs millions without it.

**5. postLinks(RelatedPostId, LinkTypeId, CreationDate)**
- Confirmed used by planner as `tmp_idx_postlinks_fe583d40` in multiple queries (s26, s40, s41, s53, s54, s58, s59, s60, s61, s62, s63, s68–s73, s137, s139, s140–s143).
- Many complex queries join postLinks on RelatedPostId and filter on LinkTypeId=1 and/or CreationDate. The existing idx_postlinks_relatedpostid covers only the join key. Adding LinkTypeId+CreationDate enables filtering ~10,186 rows (LinkTypeId=1) or narrower with date ranges, vs. the full 11,102-row postlinks table.
- Enables index-only scans for the postLinks portion of complex 6-7 table joins, reducing intermediate result sets significantly.

### Why Other Candidates Were Rejected

- **postHistory(CreationDate, PostId)** and **postHistory(CreationDate, UserId)**: The planner showed minimal improvement (~0-100 cost) because postHistory is already well-covered by PostId and PostHistoryTypeId indexes, and date-range-only filtering still requires reading most of the table.
- **votes(PostId, VoteTypeId)** without CreationDate: Marginally weaker than the 3-column version; the planner consistently preferred the 3-column composite.
- **comments(Score, UserId, CreationDate)** (different column order): Tested and showed planner preferred the (Score, CreationDate, UserId) ordering for date range filtering after score equality.
- **posts(PostTypeId, OwnerUserId, Id)**: The existing idx_posts_posttypeid bitmap index already handles PostTypeId filtering effectively; adding OwnerUserId/Id showed negligible improvement.",54.861,-9.07
s22,"[{""table"": ""posts"", ""columns"": [""CreationDate"", ""Id"", ""OwnerUserId""]}, {""table"": ""votes"", ""columns"": [""VoteTypeId"", ""PostId"", ""CreationDate""]}, {""table"": ""comments"", ""columns"": [""Score"", ""CreationDate"", ""UserId""]}, {""table"": ""postHistory"", ""columns"": [""PostHistoryTypeId"", ""CreationDate"", ""UserId""]}, {""table"": ""postLinks"", ""columns"": [""RelatedPostId"", ""LinkTypeId"", ""CreationDate""]}]","## Analysis Summary

After extensive cost estimation across the full 146-query workload, I identified the existing index set and the five additional indexes that deliver the most benefit. The existing schema already has a rich set of indexes (idx_badges_userid, idx_badges_userid_date, idx_comments_userid, idx_comments_score_userid, idx_comments_postid, idx_comments_postid_creationdate, idx_comments_userid_score_creationdate, idx_votes_userid, idx_votes_userid_creationdate, idx_votes_postid_creationdate, idx_posthistory_userid, idx_posthistory_postid, idx_posthistory_postid_creationdate, idx_posthistory_posttypeid, idx_posthistory_posttypeid_userid, idx_posthistory_userid_typeid_creationdate, idx_postlinks_postid, idx_postlinks_relatedpostid, idx_postlinks_postid_linktypeid_creationdate, idx_posts_posttypeid, idx_posts_owneruserid, idx_posts_viewcount, idx_posts_answercount, idx_posts_id_posttype_creationdate, idx_posts_id_owneruserid).

### Recommended New Indexes

**1. posts(CreationDate, Id, OwnerUserId)**
- Confirmed effective by query planner for many queries (s7, s8, s18, s19, s20, s22, s26, s29, s40, s41, s42, s44, s92, s100, s117, s118, s120, s122, s123, s130, s137, s145, s146 and many complex queries).
- The planner uses it as an index-only scan for date-range filtering on posts, then exposes Id for join to postLinks/postHistory/votes and OwnerUserId for join to users/comments. This eliminates large sequential scans on the posts table (2219–2679 cost) reducing them to targeted index-only scans (~2700 rows selected from ~90k).
- Cost improvement observed: from ~11,605 to ~11,441 for s20; similar savings across dozens of queries that filter posts by CreationDate.

**2. votes(VoteTypeId, PostId, CreationDate)**
- Confirmed used by planner as `tmp_idx_votes_0786ecb9` in s129 (cost ~12,767 vs ~13,703 without) and many other queries (s25, s61, s63, s70, s71, s73, s76, s96, s127, s128, s129, s143, s145).
- The VoteTypeId=2 (upvote) filter is extremely common. Combined with PostId join key and optional CreationDate range filter, this composite index enables index-only scans instead of full sequential scans on the votes table (~192k rows, seq scan cost ~4,572).
- Particularly important for medium/complex queries involving 5-7-table joins where reducing votes scan cost has multiplicative benefit.

**3. comments(Score, CreationDate, UserId)**
- Confirmed used by planner as `tmp_idx_comments_2503997b` for queries filtering Score=1 or Score=2 with CreationDate ranges (s34, s49, s50, s107, s108, s116, s131 and others).
- Supplements the existing idx_comments_score_userid by adding CreationDate to enable range pruning when both Score equality and date ranges are applied. The planner chooses this for Score=1+date patterns, delivering targeted index-only scans of ~14,754 rows vs. full comment table scans (~102k rows with filter cost ~2,882).
- Queries like s34 drop from ~149,249 cost to a much more tractable plan.

**4. postHistory(PostHistoryTypeId, CreationDate, UserId)**
- Confirmed used by planner as `tmp_idx_posthistory_84524b61` for queries filtering PostHistoryTypeId with CreationDate ranges and then joining by UserId (s38, s39, s47, s51, s106, s121, s125, s132, s145).
- For PostHistoryTypeId equality + CreationDate range, this enables index-only scans returning ~17,000–27,000 rows vs. bitmap heap scans of ~24,000–70,000 rows from the existing posttypeid-only index.
- The difference is most dramatic for s106 where the planner uses it for a 3-table join (comments+postHistory+votes on UserId) achieving cost ~474,086 vs millions without it.

**5. postLinks(RelatedPostId, LinkTypeId, CreationDate)**
- Confirmed used by planner as `tmp_idx_postlinks_fe583d40` in multiple queries (s26, s40, s41, s53, s54, s58, s59, s60, s61, s62, s63, s68–s73, s137, s139, s140–s143).
- Many complex queries join postLinks on RelatedPostId and filter on LinkTypeId=1 and/or CreationDate. The existing idx_postlinks_relatedpostid covers only the join key. Adding LinkTypeId+CreationDate enables filtering ~10,186 rows (LinkTypeId=1) or narrower with date ranges, vs. the full 11,102-row postlinks table.
- Enables index-only scans for the postLinks portion of complex 6-7 table joins, reducing intermediate result sets significantly.

### Why Other Candidates Were Rejected

- **postHistory(CreationDate, PostId)** and **postHistory(CreationDate, UserId)**: The planner showed minimal improvement (~0-100 cost) because postHistory is already well-covered by PostId and PostHistoryTypeId indexes, and date-range-only filtering still requires reading most of the table.
- **votes(PostId, VoteTypeId)** without CreationDate: Marginally weaker than the 3-column version; the planner consistently preferred the 3-column composite.
- **comments(Score, UserId, CreationDate)** (different column order): Tested and showed planner preferred the (Score, CreationDate, UserId) ordering for date range filtering after score equality.
- **posts(PostTypeId, OwnerUserId, Id)**: The existing idx_posts_posttypeid bitmap index already handles PostTypeId filtering effectively; adding OwnerUserId/Id showed negligible improvement.",241.81,1.27
s23,"[{""table"": ""posts"", ""columns"": [""CreationDate"", ""Id"", ""OwnerUserId""]}, {""table"": ""votes"", ""columns"": [""VoteTypeId"", ""PostId"", ""CreationDate""]}, {""table"": ""comments"", ""columns"": [""Score"", ""CreationDate"", ""UserId""]}, {""table"": ""postHistory"", ""columns"": [""PostHistoryTypeId"", ""CreationDate"", ""UserId""]}, {""table"": ""postLinks"", ""columns"": [""RelatedPostId"", ""LinkTypeId"", ""CreationDate""]}]","## Analysis Summary

After extensive cost estimation across the full 146-query workload, I identified the existing index set and the five additional indexes that deliver the most benefit. The existing schema already has a rich set of indexes (idx_badges_userid, idx_badges_userid_date, idx_comments_userid, idx_comments_score_userid, idx_comments_postid, idx_comments_postid_creationdate, idx_comments_userid_score_creationdate, idx_votes_userid, idx_votes_userid_creationdate, idx_votes_postid_creationdate, idx_posthistory_userid, idx_posthistory_postid, idx_posthistory_postid_creationdate, idx_posthistory_posttypeid, idx_posthistory_posttypeid_userid, idx_posthistory_userid_typeid_creationdate, idx_postlinks_postid, idx_postlinks_relatedpostid, idx_postlinks_postid_linktypeid_creationdate, idx_posts_posttypeid, idx_posts_owneruserid, idx_posts_viewcount, idx_posts_answercount, idx_posts_id_posttype_creationdate, idx_posts_id_owneruserid).

### Recommended New Indexes

**1. posts(CreationDate, Id, OwnerUserId)**
- Confirmed effective by query planner for many queries (s7, s8, s18, s19, s20, s22, s26, s29, s40, s41, s42, s44, s92, s100, s117, s118, s120, s122, s123, s130, s137, s145, s146 and many complex queries).
- The planner uses it as an index-only scan for date-range filtering on posts, then exposes Id for join to postLinks/postHistory/votes and OwnerUserId for join to users/comments. This eliminates large sequential scans on the posts table (2219–2679 cost) reducing them to targeted index-only scans (~2700 rows selected from ~90k).
- Cost improvement observed: from ~11,605 to ~11,441 for s20; similar savings across dozens of queries that filter posts by CreationDate.

**2. votes(VoteTypeId, PostId, CreationDate)**
- Confirmed used by planner as `tmp_idx_votes_0786ecb9` in s129 (cost ~12,767 vs ~13,703 without) and many other queries (s25, s61, s63, s70, s71, s73, s76, s96, s127, s128, s129, s143, s145).
- The VoteTypeId=2 (upvote) filter is extremely common. Combined with PostId join key and optional CreationDate range filter, this composite index enables index-only scans instead of full sequential scans on the votes table (~192k rows, seq scan cost ~4,572).
- Particularly important for medium/complex queries involving 5-7-table joins where reducing votes scan cost has multiplicative benefit.

**3. comments(Score, CreationDate, UserId)**
- Confirmed used by planner as `tmp_idx_comments_2503997b` for queries filtering Score=1 or Score=2 with CreationDate ranges (s34, s49, s50, s107, s108, s116, s131 and others).
- Supplements the existing idx_comments_score_userid by adding CreationDate to enable range pruning when both Score equality and date ranges are applied. The planner chooses this for Score=1+date patterns, delivering targeted index-only scans of ~14,754 rows vs. full comment table scans (~102k rows with filter cost ~2,882).
- Queries like s34 drop from ~149,249 cost to a much more tractable plan.

**4. postHistory(PostHistoryTypeId, CreationDate, UserId)**
- Confirmed used by planner as `tmp_idx_posthistory_84524b61` for queries filtering PostHistoryTypeId with CreationDate ranges and then joining by UserId (s38, s39, s47, s51, s106, s121, s125, s132, s145).
- For PostHistoryTypeId equality + CreationDate range, this enables index-only scans returning ~17,000–27,000 rows vs. bitmap heap scans of ~24,000–70,000 rows from the existing posttypeid-only index.
- The difference is most dramatic for s106 where the planner uses it for a 3-table join (comments+postHistory+votes on UserId) achieving cost ~474,086 vs millions without it.

**5. postLinks(RelatedPostId, LinkTypeId, CreationDate)**
- Confirmed used by planner as `tmp_idx_postlinks_fe583d40` in multiple queries (s26, s40, s41, s53, s54, s58, s59, s60, s61, s62, s63, s68–s73, s137, s139, s140–s143).
- Many complex queries join postLinks on RelatedPostId and filter on LinkTypeId=1 and/or CreationDate. The existing idx_postlinks_relatedpostid covers only the join key. Adding LinkTypeId+CreationDate enables filtering ~10,186 rows (LinkTypeId=1) or narrower with date ranges, vs. the full 11,102-row postlinks table.
- Enables index-only scans for the postLinks portion of complex 6-7 table joins, reducing intermediate result sets significantly.

### Why Other Candidates Were Rejected

- **postHistory(CreationDate, PostId)** and **postHistory(CreationDate, UserId)**: The planner showed minimal improvement (~0-100 cost) because postHistory is already well-covered by PostId and PostHistoryTypeId indexes, and date-range-only filtering still requires reading most of the table.
- **votes(PostId, VoteTypeId)** without CreationDate: Marginally weaker than the 3-column version; the planner consistently preferred the 3-column composite.
- **comments(Score, UserId, CreationDate)** (different column order): Tested and showed planner preferred the (Score, CreationDate, UserId) ordering for date range filtering after score equality.
- **posts(PostTypeId, OwnerUserId, Id)**: The existing idx_posts_posttypeid bitmap index already handles PostTypeId filtering effectively; adding OwnerUserId/Id showed negligible improvement.",60.381,-6.36
s24,"[{""table"": ""posts"", ""columns"": [""CreationDate"", ""Id"", ""OwnerUserId""]}, {""table"": ""votes"", ""columns"": [""VoteTypeId"", ""PostId"", ""CreationDate""]}, {""table"": ""comments"", ""columns"": [""Score"", ""CreationDate"", ""UserId""]}, {""table"": ""postHistory"", ""columns"": [""PostHistoryTypeId"", ""CreationDate"", ""UserId""]}, {""table"": ""postLinks"", ""columns"": [""RelatedPostId"", ""LinkTypeId"", ""CreationDate""]}]","## Analysis Summary

After extensive cost estimation across the full 146-query workload, I identified the existing index set and the five additional indexes that deliver the most benefit. The existing schema already has a rich set of indexes (idx_badges_userid, idx_badges_userid_date, idx_comments_userid, idx_comments_score_userid, idx_comments_postid, idx_comments_postid_creationdate, idx_comments_userid_score_creationdate, idx_votes_userid, idx_votes_userid_creationdate, idx_votes_postid_creationdate, idx_posthistory_userid, idx_posthistory_postid, idx_posthistory_postid_creationdate, idx_posthistory_posttypeid, idx_posthistory_posttypeid_userid, idx_posthistory_userid_typeid_creationdate, idx_postlinks_postid, idx_postlinks_relatedpostid, idx_postlinks_postid_linktypeid_creationdate, idx_posts_posttypeid, idx_posts_owneruserid, idx_posts_viewcount, idx_posts_answercount, idx_posts_id_posttype_creationdate, idx_posts_id_owneruserid).

### Recommended New Indexes

**1. posts(CreationDate, Id, OwnerUserId)**
- Confirmed effective by query planner for many queries (s7, s8, s18, s19, s20, s22, s26, s29, s40, s41, s42, s44, s92, s100, s117, s118, s120, s122, s123, s130, s137, s145, s146 and many complex queries).
- The planner uses it as an index-only scan for date-range filtering on posts, then exposes Id for join to postLinks/postHistory/votes and OwnerUserId for join to users/comments. This eliminates large sequential scans on the posts table (2219–2679 cost) reducing them to targeted index-only scans (~2700 rows selected from ~90k).
- Cost improvement observed: from ~11,605 to ~11,441 for s20; similar savings across dozens of queries that filter posts by CreationDate.

**2. votes(VoteTypeId, PostId, CreationDate)**
- Confirmed used by planner as `tmp_idx_votes_0786ecb9` in s129 (cost ~12,767 vs ~13,703 without) and many other queries (s25, s61, s63, s70, s71, s73, s76, s96, s127, s128, s129, s143, s145).
- The VoteTypeId=2 (upvote) filter is extremely common. Combined with PostId join key and optional CreationDate range filter, this composite index enables index-only scans instead of full sequential scans on the votes table (~192k rows, seq scan cost ~4,572).
- Particularly important for medium/complex queries involving 5-7-table joins where reducing votes scan cost has multiplicative benefit.

**3. comments(Score, CreationDate, UserId)**
- Confirmed used by planner as `tmp_idx_comments_2503997b` for queries filtering Score=1 or Score=2 with CreationDate ranges (s34, s49, s50, s107, s108, s116, s131 and others).
- Supplements the existing idx_comments_score_userid by adding CreationDate to enable range pruning when both Score equality and date ranges are applied. The planner chooses this for Score=1+date patterns, delivering targeted index-only scans of ~14,754 rows vs. full comment table scans (~102k rows with filter cost ~2,882).
- Queries like s34 drop from ~149,249 cost to a much more tractable plan.

**4. postHistory(PostHistoryTypeId, CreationDate, UserId)**
- Confirmed used by planner as `tmp_idx_posthistory_84524b61` for queries filtering PostHistoryTypeId with CreationDate ranges and then joining by UserId (s38, s39, s47, s51, s106, s121, s125, s132, s145).
- For PostHistoryTypeId equality + CreationDate range, this enables index-only scans returning ~17,000–27,000 rows vs. bitmap heap scans of ~24,000–70,000 rows from the existing posttypeid-only index.
- The difference is most dramatic for s106 where the planner uses it for a 3-table join (comments+postHistory+votes on UserId) achieving cost ~474,086 vs millions without it.

**5. postLinks(RelatedPostId, LinkTypeId, CreationDate)**
- Confirmed used by planner as `tmp_idx_postlinks_fe583d40` in multiple queries (s26, s40, s41, s53, s54, s58, s59, s60, s61, s62, s63, s68–s73, s137, s139, s140–s143).
- Many complex queries join postLinks on RelatedPostId and filter on LinkTypeId=1 and/or CreationDate. The existing idx_postlinks_relatedpostid covers only the join key. Adding LinkTypeId+CreationDate enables filtering ~10,186 rows (LinkTypeId=1) or narrower with date ranges, vs. the full 11,102-row postlinks table.
- Enables index-only scans for the postLinks portion of complex 6-7 table joins, reducing intermediate result sets significantly.

### Why Other Candidates Were Rejected

- **postHistory(CreationDate, PostId)** and **postHistory(CreationDate, UserId)**: The planner showed minimal improvement (~0-100 cost) because postHistory is already well-covered by PostId and PostHistoryTypeId indexes, and date-range-only filtering still requires reading most of the table.
- **votes(PostId, VoteTypeId)** without CreationDate: Marginally weaker than the 3-column version; the planner consistently preferred the 3-column composite.
- **comments(Score, UserId, CreationDate)** (different column order): Tested and showed planner preferred the (Score, CreationDate, UserId) ordering for date range filtering after score equality.
- **posts(PostTypeId, OwnerUserId, Id)**: The existing idx_posts_posttypeid bitmap index already handles PostTypeId filtering effectively; adding OwnerUserId/Id showed negligible improvement.",20.952,-5.66
s25,"[{""table"": ""posts"", ""columns"": [""CreationDate"", ""Id"", ""OwnerUserId""]}, {""table"": ""votes"", ""columns"": [""VoteTypeId"", ""PostId"", ""CreationDate""]}, {""table"": ""comments"", ""columns"": [""Score"", ""CreationDate"", ""UserId""]}, {""table"": ""postHistory"", ""columns"": [""PostHistoryTypeId"", ""CreationDate"", ""UserId""]}, {""table"": ""postLinks"", ""columns"": [""RelatedPostId"", ""LinkTypeId"", ""CreationDate""]}]","## Analysis Summary

After extensive cost estimation across the full 146-query workload, I identified the existing index set and the five additional indexes that deliver the most benefit. The existing schema already has a rich set of indexes (idx_badges_userid, idx_badges_userid_date, idx_comments_userid, idx_comments_score_userid, idx_comments_postid, idx_comments_postid_creationdate, idx_comments_userid_score_creationdate, idx_votes_userid, idx_votes_userid_creationdate, idx_votes_postid_creationdate, idx_posthistory_userid, idx_posthistory_postid, idx_posthistory_postid_creationdate, idx_posthistory_posttypeid, idx_posthistory_posttypeid_userid, idx_posthistory_userid_typeid_creationdate, idx_postlinks_postid, idx_postlinks_relatedpostid, idx_postlinks_postid_linktypeid_creationdate, idx_posts_posttypeid, idx_posts_owneruserid, idx_posts_viewcount, idx_posts_answercount, idx_posts_id_posttype_creationdate, idx_posts_id_owneruserid).

### Recommended New Indexes

**1. posts(CreationDate, Id, OwnerUserId)**
- Confirmed effective by query planner for many queries (s7, s8, s18, s19, s20, s22, s26, s29, s40, s41, s42, s44, s92, s100, s117, s118, s120, s122, s123, s130, s137, s145, s146 and many complex queries).
- The planner uses it as an index-only scan for date-range filtering on posts, then exposes Id for join to postLinks/postHistory/votes and OwnerUserId for join to users/comments. This eliminates large sequential scans on the posts table (2219–2679 cost) reducing them to targeted index-only scans (~2700 rows selected from ~90k).
- Cost improvement observed: from ~11,605 to ~11,441 for s20; similar savings across dozens of queries that filter posts by CreationDate.

**2. votes(VoteTypeId, PostId, CreationDate)**
- Confirmed used by planner as `tmp_idx_votes_0786ecb9` in s129 (cost ~12,767 vs ~13,703 without) and many other queries (s25, s61, s63, s70, s71, s73, s76, s96, s127, s128, s129, s143, s145).
- The VoteTypeId=2 (upvote) filter is extremely common. Combined with PostId join key and optional CreationDate range filter, this composite index enables index-only scans instead of full sequential scans on the votes table (~192k rows, seq scan cost ~4,572).
- Particularly important for medium/complex queries involving 5-7-table joins where reducing votes scan cost has multiplicative benefit.

**3. comments(Score, CreationDate, UserId)**
- Confirmed used by planner as `tmp_idx_comments_2503997b` for queries filtering Score=1 or Score=2 with CreationDate ranges (s34, s49, s50, s107, s108, s116, s131 and others).
- Supplements the existing idx_comments_score_userid by adding CreationDate to enable range pruning when both Score equality and date ranges are applied. The planner chooses this for Score=1+date patterns, delivering targeted index-only scans of ~14,754 rows vs. full comment table scans (~102k rows with filter cost ~2,882).
- Queries like s34 drop from ~149,249 cost to a much more tractable plan.

**4. postHistory(PostHistoryTypeId, CreationDate, UserId)**
- Confirmed used by planner as `tmp_idx_posthistory_84524b61` for queries filtering PostHistoryTypeId with CreationDate ranges and then joining by UserId (s38, s39, s47, s51, s106, s121, s125, s132, s145).
- For PostHistoryTypeId equality + CreationDate range, this enables index-only scans returning ~17,000–27,000 rows vs. bitmap heap scans of ~24,000–70,000 rows from the existing posttypeid-only index.
- The difference is most dramatic for s106 where the planner uses it for a 3-table join (comments+postHistory+votes on UserId) achieving cost ~474,086 vs millions without it.

**5. postLinks(RelatedPostId, LinkTypeId, CreationDate)**
- Confirmed used by planner as `tmp_idx_postlinks_fe583d40` in multiple queries (s26, s40, s41, s53, s54, s58, s59, s60, s61, s62, s63, s68–s73, s137, s139, s140–s143).
- Many complex queries join postLinks on RelatedPostId and filter on LinkTypeId=1 and/or CreationDate. The existing idx_postlinks_relatedpostid covers only the join key. Adding LinkTypeId+CreationDate enables filtering ~10,186 rows (LinkTypeId=1) or narrower with date ranges, vs. the full 11,102-row postlinks table.
- Enables index-only scans for the postLinks portion of complex 6-7 table joins, reducing intermediate result sets significantly.

### Why Other Candidates Were Rejected

- **postHistory(CreationDate, PostId)** and **postHistory(CreationDate, UserId)**: The planner showed minimal improvement (~0-100 cost) because postHistory is already well-covered by PostId and PostHistoryTypeId indexes, and date-range-only filtering still requires reading most of the table.
- **votes(PostId, VoteTypeId)** without CreationDate: Marginally weaker than the 3-column version; the planner consistently preferred the 3-column composite.
- **comments(Score, UserId, CreationDate)** (different column order): Tested and showed planner preferred the (Score, CreationDate, UserId) ordering for date range filtering after score equality.
- **posts(PostTypeId, OwnerUserId, Id)**: The existing idx_posts_posttypeid bitmap index already handles PostTypeId filtering effectively; adding OwnerUserId/Id showed negligible improvement.",68.709,-5.37
s26,"[{""table"": ""posts"", ""columns"": [""CreationDate"", ""Id"", ""OwnerUserId""]}, {""table"": ""votes"", ""columns"": [""VoteTypeId"", ""PostId"", ""CreationDate""]}, {""table"": ""comments"", ""columns"": [""Score"", ""CreationDate"", ""UserId""]}, {""table"": ""postHistory"", ""columns"": [""PostHistoryTypeId"", ""CreationDate"", ""UserId""]}, {""table"": ""postLinks"", ""columns"": [""RelatedPostId"", ""LinkTypeId"", ""CreationDate""]}]","## Analysis Summary

After extensive cost estimation across the full 146-query workload, I identified the existing index set and the five additional indexes that deliver the most benefit. The existing schema already has a rich set of indexes (idx_badges_userid, idx_badges_userid_date, idx_comments_userid, idx_comments_score_userid, idx_comments_postid, idx_comments_postid_creationdate, idx_comments_userid_score_creationdate, idx_votes_userid, idx_votes_userid_creationdate, idx_votes_postid_creationdate, idx_posthistory_userid, idx_posthistory_postid, idx_posthistory_postid_creationdate, idx_posthistory_posttypeid, idx_posthistory_posttypeid_userid, idx_posthistory_userid_typeid_creationdate, idx_postlinks_postid, idx_postlinks_relatedpostid, idx_postlinks_postid_linktypeid_creationdate, idx_posts_posttypeid, idx_posts_owneruserid, idx_posts_viewcount, idx_posts_answercount, idx_posts_id_posttype_creationdate, idx_posts_id_owneruserid).

### Recommended New Indexes

**1. posts(CreationDate, Id, OwnerUserId)**
- Confirmed effective by query planner for many queries (s7, s8, s18, s19, s20, s22, s26, s29, s40, s41, s42, s44, s92, s100, s117, s118, s120, s122, s123, s130, s137, s145, s146 and many complex queries).
- The planner uses it as an index-only scan for date-range filtering on posts, then exposes Id for join to postLinks/postHistory/votes and OwnerUserId for join to users/comments. This eliminates large sequential scans on the posts table (2219–2679 cost) reducing them to targeted index-only scans (~2700 rows selected from ~90k).
- Cost improvement observed: from ~11,605 to ~11,441 for s20; similar savings across dozens of queries that filter posts by CreationDate.

**2. votes(VoteTypeId, PostId, CreationDate)**
- Confirmed used by planner as `tmp_idx_votes_0786ecb9` in s129 (cost ~12,767 vs ~13,703 without) and many other queries (s25, s61, s63, s70, s71, s73, s76, s96, s127, s128, s129, s143, s145).
- The VoteTypeId=2 (upvote) filter is extremely common. Combined with PostId join key and optional CreationDate range filter, this composite index enables index-only scans instead of full sequential scans on the votes table (~192k rows, seq scan cost ~4,572).
- Particularly important for medium/complex queries involving 5-7-table joins where reducing votes scan cost has multiplicative benefit.

**3. comments(Score, CreationDate, UserId)**
- Confirmed used by planner as `tmp_idx_comments_2503997b` for queries filtering Score=1 or Score=2 with CreationDate ranges (s34, s49, s50, s107, s108, s116, s131 and others).
- Supplements the existing idx_comments_score_userid by adding CreationDate to enable range pruning when both Score equality and date ranges are applied. The planner chooses this for Score=1+date patterns, delivering targeted index-only scans of ~14,754 rows vs. full comment table scans (~102k rows with filter cost ~2,882).
- Queries like s34 drop from ~149,249 cost to a much more tractable plan.

**4. postHistory(PostHistoryTypeId, CreationDate, UserId)**
- Confirmed used by planner as `tmp_idx_posthistory_84524b61` for queries filtering PostHistoryTypeId with CreationDate ranges and then joining by UserId (s38, s39, s47, s51, s106, s121, s125, s132, s145).
- For PostHistoryTypeId equality + CreationDate range, this enables index-only scans returning ~17,000–27,000 rows vs. bitmap heap scans of ~24,000–70,000 rows from the existing posttypeid-only index.
- The difference is most dramatic for s106 where the planner uses it for a 3-table join (comments+postHistory+votes on UserId) achieving cost ~474,086 vs millions without it.

**5. postLinks(RelatedPostId, LinkTypeId, CreationDate)**
- Confirmed used by planner as `tmp_idx_postlinks_fe583d40` in multiple queries (s26, s40, s41, s53, s54, s58, s59, s60, s61, s62, s63, s68–s73, s137, s139, s140–s143).
- Many complex queries join postLinks on RelatedPostId and filter on LinkTypeId=1 and/or CreationDate. The existing idx_postlinks_relatedpostid covers only the join key. Adding LinkTypeId+CreationDate enables filtering ~10,186 rows (LinkTypeId=1) or narrower with date ranges, vs. the full 11,102-row postlinks table.
- Enables index-only scans for the postLinks portion of complex 6-7 table joins, reducing intermediate result sets significantly.

### Why Other Candidates Were Rejected

- **postHistory(CreationDate, PostId)** and **postHistory(CreationDate, UserId)**: The planner showed minimal improvement (~0-100 cost) because postHistory is already well-covered by PostId and PostHistoryTypeId indexes, and date-range-only filtering still requires reading most of the table.
- **votes(PostId, VoteTypeId)** without CreationDate: Marginally weaker than the 3-column version; the planner consistently preferred the 3-column composite.
- **comments(Score, UserId, CreationDate)** (different column order): Tested and showed planner preferred the (Score, CreationDate, UserId) ordering for date range filtering after score equality.
- **posts(PostTypeId, OwnerUserId, Id)**: The existing idx_posts_posttypeid bitmap index already handles PostTypeId filtering effectively; adding OwnerUserId/Id showed negligible improvement.",45.586,-1.43
s27,"[{""table"": ""posts"", ""columns"": [""CreationDate"", ""Id"", ""OwnerUserId""]}, {""table"": ""votes"", ""columns"": [""VoteTypeId"", ""PostId"", ""CreationDate""]}, {""table"": ""comments"", ""columns"": [""Score"", ""CreationDate"", ""UserId""]}, {""table"": ""postHistory"", ""columns"": [""PostHistoryTypeId"", ""CreationDate"", ""UserId""]}, {""table"": ""postLinks"", ""columns"": [""RelatedPostId"", ""LinkTypeId"", ""CreationDate""]}]","## Analysis Summary

After extensive cost estimation across the full 146-query workload, I identified the existing index set and the five additional indexes that deliver the most benefit. The existing schema already has a rich set of indexes (idx_badges_userid, idx_badges_userid_date, idx_comments_userid, idx_comments_score_userid, idx_comments_postid, idx_comments_postid_creationdate, idx_comments_userid_score_creationdate, idx_votes_userid, idx_votes_userid_creationdate, idx_votes_postid_creationdate, idx_posthistory_userid, idx_posthistory_postid, idx_posthistory_postid_creationdate, idx_posthistory_posttypeid, idx_posthistory_posttypeid_userid, idx_posthistory_userid_typeid_creationdate, idx_postlinks_postid, idx_postlinks_relatedpostid, idx_postlinks_postid_linktypeid_creationdate, idx_posts_posttypeid, idx_posts_owneruserid, idx_posts_viewcount, idx_posts_answercount, idx_posts_id_posttype_creationdate, idx_posts_id_owneruserid).

### Recommended New Indexes

**1. posts(CreationDate, Id, OwnerUserId)**
- Confirmed effective by query planner for many queries (s7, s8, s18, s19, s20, s22, s26, s29, s40, s41, s42, s44, s92, s100, s117, s118, s120, s122, s123, s130, s137, s145, s146 and many complex queries).
- The planner uses it as an index-only scan for date-range filtering on posts, then exposes Id for join to postLinks/postHistory/votes and OwnerUserId for join to users/comments. This eliminates large sequential scans on the posts table (2219–2679 cost) reducing them to targeted index-only scans (~2700 rows selected from ~90k).
- Cost improvement observed: from ~11,605 to ~11,441 for s20; similar savings across dozens of queries that filter posts by CreationDate.

**2. votes(VoteTypeId, PostId, CreationDate)**
- Confirmed used by planner as `tmp_idx_votes_0786ecb9` in s129 (cost ~12,767 vs ~13,703 without) and many other queries (s25, s61, s63, s70, s71, s73, s76, s96, s127, s128, s129, s143, s145).
- The VoteTypeId=2 (upvote) filter is extremely common. Combined with PostId join key and optional CreationDate range filter, this composite index enables index-only scans instead of full sequential scans on the votes table (~192k rows, seq scan cost ~4,572).
- Particularly important for medium/complex queries involving 5-7-table joins where reducing votes scan cost has multiplicative benefit.

**3. comments(Score, CreationDate, UserId)**
- Confirmed used by planner as `tmp_idx_comments_2503997b` for queries filtering Score=1 or Score=2 with CreationDate ranges (s34, s49, s50, s107, s108, s116, s131 and others).
- Supplements the existing idx_comments_score_userid by adding CreationDate to enable range pruning when both Score equality and date ranges are applied. The planner chooses this for Score=1+date patterns, delivering targeted index-only scans of ~14,754 rows vs. full comment table scans (~102k rows with filter cost ~2,882).
- Queries like s34 drop from ~149,249 cost to a much more tractable plan.

**4. postHistory(PostHistoryTypeId, CreationDate, UserId)**
- Confirmed used by planner as `tmp_idx_posthistory_84524b61` for queries filtering PostHistoryTypeId with CreationDate ranges and then joining by UserId (s38, s39, s47, s51, s106, s121, s125, s132, s145).
- For PostHistoryTypeId equality + CreationDate range, this enables index-only scans returning ~17,000–27,000 rows vs. bitmap heap scans of ~24,000–70,000 rows from the existing posttypeid-only index.
- The difference is most dramatic for s106 where the planner uses it for a 3-table join (comments+postHistory+votes on UserId) achieving cost ~474,086 vs millions without it.

**5. postLinks(RelatedPostId, LinkTypeId, CreationDate)**
- Confirmed used by planner as `tmp_idx_postlinks_fe583d40` in multiple queries (s26, s40, s41, s53, s54, s58, s59, s60, s61, s62, s63, s68–s73, s137, s139, s140–s143).
- Many complex queries join postLinks on RelatedPostId and filter on LinkTypeId=1 and/or CreationDate. The existing idx_postlinks_relatedpostid covers only the join key. Adding LinkTypeId+CreationDate enables filtering ~10,186 rows (LinkTypeId=1) or narrower with date ranges, vs. the full 11,102-row postlinks table.
- Enables index-only scans for the postLinks portion of complex 6-7 table joins, reducing intermediate result sets significantly.

### Why Other Candidates Were Rejected

- **postHistory(CreationDate, PostId)** and **postHistory(CreationDate, UserId)**: The planner showed minimal improvement (~0-100 cost) because postHistory is already well-covered by PostId and PostHistoryTypeId indexes, and date-range-only filtering still requires reading most of the table.
- **votes(PostId, VoteTypeId)** without CreationDate: Marginally weaker than the 3-column version; the planner consistently preferred the 3-column composite.
- **comments(Score, UserId, CreationDate)** (different column order): Tested and showed planner preferred the (Score, CreationDate, UserId) ordering for date range filtering after score equality.
- **posts(PostTypeId, OwnerUserId, Id)**: The existing idx_posts_posttypeid bitmap index already handles PostTypeId filtering effectively; adding OwnerUserId/Id showed negligible improvement.",31.207,20.81
s28,"[{""table"": ""posts"", ""columns"": [""CreationDate"", ""Id"", ""OwnerUserId""]}, {""table"": ""votes"", ""columns"": [""VoteTypeId"", ""PostId"", ""CreationDate""]}, {""table"": ""comments"", ""columns"": [""Score"", ""CreationDate"", ""UserId""]}, {""table"": ""postHistory"", ""columns"": [""PostHistoryTypeId"", ""CreationDate"", ""UserId""]}, {""table"": ""postLinks"", ""columns"": [""RelatedPostId"", ""LinkTypeId"", ""CreationDate""]}]","## Analysis Summary

After extensive cost estimation across the full 146-query workload, I identified the existing index set and the five additional indexes that deliver the most benefit. The existing schema already has a rich set of indexes (idx_badges_userid, idx_badges_userid_date, idx_comments_userid, idx_comments_score_userid, idx_comments_postid, idx_comments_postid_creationdate, idx_comments_userid_score_creationdate, idx_votes_userid, idx_votes_userid_creationdate, idx_votes_postid_creationdate, idx_posthistory_userid, idx_posthistory_postid, idx_posthistory_postid_creationdate, idx_posthistory_posttypeid, idx_posthistory_posttypeid_userid, idx_posthistory_userid_typeid_creationdate, idx_postlinks_postid, idx_postlinks_relatedpostid, idx_postlinks_postid_linktypeid_creationdate, idx_posts_posttypeid, idx_posts_owneruserid, idx_posts_viewcount, idx_posts_answercount, idx_posts_id_posttype_creationdate, idx_posts_id_owneruserid).

### Recommended New Indexes

**1. posts(CreationDate, Id, OwnerUserId)**
- Confirmed effective by query planner for many queries (s7, s8, s18, s19, s20, s22, s26, s29, s40, s41, s42, s44, s92, s100, s117, s118, s120, s122, s123, s130, s137, s145, s146 and many complex queries).
- The planner uses it as an index-only scan for date-range filtering on posts, then exposes Id for join to postLinks/postHistory/votes and OwnerUserId for join to users/comments. This eliminates large sequential scans on the posts table (2219–2679 cost) reducing them to targeted index-only scans (~2700 rows selected from ~90k).
- Cost improvement observed: from ~11,605 to ~11,441 for s20; similar savings across dozens of queries that filter posts by CreationDate.

**2. votes(VoteTypeId, PostId, CreationDate)**
- Confirmed used by planner as `tmp_idx_votes_0786ecb9` in s129 (cost ~12,767 vs ~13,703 without) and many other queries (s25, s61, s63, s70, s71, s73, s76, s96, s127, s128, s129, s143, s145).
- The VoteTypeId=2 (upvote) filter is extremely common. Combined with PostId join key and optional CreationDate range filter, this composite index enables index-only scans instead of full sequential scans on the votes table (~192k rows, seq scan cost ~4,572).
- Particularly important for medium/complex queries involving 5-7-table joins where reducing votes scan cost has multiplicative benefit.

**3. comments(Score, CreationDate, UserId)**
- Confirmed used by planner as `tmp_idx_comments_2503997b` for queries filtering Score=1 or Score=2 with CreationDate ranges (s34, s49, s50, s107, s108, s116, s131 and others).
- Supplements the existing idx_comments_score_userid by adding CreationDate to enable range pruning when both Score equality and date ranges are applied. The planner chooses this for Score=1+date patterns, delivering targeted index-only scans of ~14,754 rows vs. full comment table scans (~102k rows with filter cost ~2,882).
- Queries like s34 drop from ~149,249 cost to a much more tractable plan.

**4. postHistory(PostHistoryTypeId, CreationDate, UserId)**
- Confirmed used by planner as `tmp_idx_posthistory_84524b61` for queries filtering PostHistoryTypeId with CreationDate ranges and then joining by UserId (s38, s39, s47, s51, s106, s121, s125, s132, s145).
- For PostHistoryTypeId equality + CreationDate range, this enables index-only scans returning ~17,000–27,000 rows vs. bitmap heap scans of ~24,000–70,000 rows from the existing posttypeid-only index.
- The difference is most dramatic for s106 where the planner uses it for a 3-table join (comments+postHistory+votes on UserId) achieving cost ~474,086 vs millions without it.

**5. postLinks(RelatedPostId, LinkTypeId, CreationDate)**
- Confirmed used by planner as `tmp_idx_postlinks_fe583d40` in multiple queries (s26, s40, s41, s53, s54, s58, s59, s60, s61, s62, s63, s68–s73, s137, s139, s140–s143).
- Many complex queries join postLinks on RelatedPostId and filter on LinkTypeId=1 and/or CreationDate. The existing idx_postlinks_relatedpostid covers only the join key. Adding LinkTypeId+CreationDate enables filtering ~10,186 rows (LinkTypeId=1) or narrower with date ranges, vs. the full 11,102-row postlinks table.
- Enables index-only scans for the postLinks portion of complex 6-7 table joins, reducing intermediate result sets significantly.

### Why Other Candidates Were Rejected

- **postHistory(CreationDate, PostId)** and **postHistory(CreationDate, UserId)**: The planner showed minimal improvement (~0-100 cost) because postHistory is already well-covered by PostId and PostHistoryTypeId indexes, and date-range-only filtering still requires reading most of the table.
- **votes(PostId, VoteTypeId)** without CreationDate: Marginally weaker than the 3-column version; the planner consistently preferred the 3-column composite.
- **comments(Score, UserId, CreationDate)** (different column order): Tested and showed planner preferred the (Score, CreationDate, UserId) ordering for date range filtering after score equality.
- **posts(PostTypeId, OwnerUserId, Id)**: The existing idx_posts_posttypeid bitmap index already handles PostTypeId filtering effectively; adding OwnerUserId/Id showed negligible improvement.",953.062,-13.72
s29,"[{""table"": ""posts"", ""columns"": [""CreationDate"", ""Id"", ""OwnerUserId""]}, {""table"": ""votes"", ""columns"": [""VoteTypeId"", ""PostId"", ""CreationDate""]}, {""table"": ""comments"", ""columns"": [""Score"", ""CreationDate"", ""UserId""]}, {""table"": ""postHistory"", ""columns"": [""PostHistoryTypeId"", ""CreationDate"", ""UserId""]}, {""table"": ""postLinks"", ""columns"": [""RelatedPostId"", ""LinkTypeId"", ""CreationDate""]}]","## Analysis Summary

After extensive cost estimation across the full 146-query workload, I identified the existing index set and the five additional indexes that deliver the most benefit. The existing schema already has a rich set of indexes (idx_badges_userid, idx_badges_userid_date, idx_comments_userid, idx_comments_score_userid, idx_comments_postid, idx_comments_postid_creationdate, idx_comments_userid_score_creationdate, idx_votes_userid, idx_votes_userid_creationdate, idx_votes_postid_creationdate, idx_posthistory_userid, idx_posthistory_postid, idx_posthistory_postid_creationdate, idx_posthistory_posttypeid, idx_posthistory_posttypeid_userid, idx_posthistory_userid_typeid_creationdate, idx_postlinks_postid, idx_postlinks_relatedpostid, idx_postlinks_postid_linktypeid_creationdate, idx_posts_posttypeid, idx_posts_owneruserid, idx_posts_viewcount, idx_posts_answercount, idx_posts_id_posttype_creationdate, idx_posts_id_owneruserid).

### Recommended New Indexes

**1. posts(CreationDate, Id, OwnerUserId)**
- Confirmed effective by query planner for many queries (s7, s8, s18, s19, s20, s22, s26, s29, s40, s41, s42, s44, s92, s100, s117, s118, s120, s122, s123, s130, s137, s145, s146 and many complex queries).
- The planner uses it as an index-only scan for date-range filtering on posts, then exposes Id for join to postLinks/postHistory/votes and OwnerUserId for join to users/comments. This eliminates large sequential scans on the posts table (2219–2679 cost) reducing them to targeted index-only scans (~2700 rows selected from ~90k).
- Cost improvement observed: from ~11,605 to ~11,441 for s20; similar savings across dozens of queries that filter posts by CreationDate.

**2. votes(VoteTypeId, PostId, CreationDate)**
- Confirmed used by planner as `tmp_idx_votes_0786ecb9` in s129 (cost ~12,767 vs ~13,703 without) and many other queries (s25, s61, s63, s70, s71, s73, s76, s96, s127, s128, s129, s143, s145).
- The VoteTypeId=2 (upvote) filter is extremely common. Combined with PostId join key and optional CreationDate range filter, this composite index enables index-only scans instead of full sequential scans on the votes table (~192k rows, seq scan cost ~4,572).
- Particularly important for medium/complex queries involving 5-7-table joins where reducing votes scan cost has multiplicative benefit.

**3. comments(Score, CreationDate, UserId)**
- Confirmed used by planner as `tmp_idx_comments_2503997b` for queries filtering Score=1 or Score=2 with CreationDate ranges (s34, s49, s50, s107, s108, s116, s131 and others).
- Supplements the existing idx_comments_score_userid by adding CreationDate to enable range pruning when both Score equality and date ranges are applied. The planner chooses this for Score=1+date patterns, delivering targeted index-only scans of ~14,754 rows vs. full comment table scans (~102k rows with filter cost ~2,882).
- Queries like s34 drop from ~149,249 cost to a much more tractable plan.

**4. postHistory(PostHistoryTypeId, CreationDate, UserId)**
- Confirmed used by planner as `tmp_idx_posthistory_84524b61` for queries filtering PostHistoryTypeId with CreationDate ranges and then joining by UserId (s38, s39, s47, s51, s106, s121, s125, s132, s145).
- For PostHistoryTypeId equality + CreationDate range, this enables index-only scans returning ~17,000–27,000 rows vs. bitmap heap scans of ~24,000–70,000 rows from the existing posttypeid-only index.
- The difference is most dramatic for s106 where the planner uses it for a 3-table join (comments+postHistory+votes on UserId) achieving cost ~474,086 vs millions without it.

**5. postLinks(RelatedPostId, LinkTypeId, CreationDate)**
- Confirmed used by planner as `tmp_idx_postlinks_fe583d40` in multiple queries (s26, s40, s41, s53, s54, s58, s59, s60, s61, s62, s63, s68–s73, s137, s139, s140–s143).
- Many complex queries join postLinks on RelatedPostId and filter on LinkTypeId=1 and/or CreationDate. The existing idx_postlinks_relatedpostid covers only the join key. Adding LinkTypeId+CreationDate enables filtering ~10,186 rows (LinkTypeId=1) or narrower with date ranges, vs. the full 11,102-row postlinks table.
- Enables index-only scans for the postLinks portion of complex 6-7 table joins, reducing intermediate result sets significantly.

### Why Other Candidates Were Rejected

- **postHistory(CreationDate, PostId)** and **postHistory(CreationDate, UserId)**: The planner showed minimal improvement (~0-100 cost) because postHistory is already well-covered by PostId and PostHistoryTypeId indexes, and date-range-only filtering still requires reading most of the table.
- **votes(PostId, VoteTypeId)** without CreationDate: Marginally weaker than the 3-column version; the planner consistently preferred the 3-column composite.
- **comments(Score, UserId, CreationDate)** (different column order): Tested and showed planner preferred the (Score, CreationDate, UserId) ordering for date range filtering after score equality.
- **posts(PostTypeId, OwnerUserId, Id)**: The existing idx_posts_posttypeid bitmap index already handles PostTypeId filtering effectively; adding OwnerUserId/Id showed negligible improvement.",103.28,-5.28
s30,"[{""table"": ""posts"", ""columns"": [""CreationDate"", ""Id"", ""OwnerUserId""]}, {""table"": ""votes"", ""columns"": [""VoteTypeId"", ""PostId"", ""CreationDate""]}, {""table"": ""comments"", ""columns"": [""Score"", ""CreationDate"", ""UserId""]}, {""table"": ""postHistory"", ""columns"": [""PostHistoryTypeId"", ""CreationDate"", ""UserId""]}, {""table"": ""postLinks"", ""columns"": [""RelatedPostId"", ""LinkTypeId"", ""CreationDate""]}]","## Analysis Summary

After extensive cost estimation across the full 146-query workload, I identified the existing index set and the five additional indexes that deliver the most benefit. The existing schema already has a rich set of indexes (idx_badges_userid, idx_badges_userid_date, idx_comments_userid, idx_comments_score_userid, idx_comments_postid, idx_comments_postid_creationdate, idx_comments_userid_score_creationdate, idx_votes_userid, idx_votes_userid_creationdate, idx_votes_postid_creationdate, idx_posthistory_userid, idx_posthistory_postid, idx_posthistory_postid_creationdate, idx_posthistory_posttypeid, idx_posthistory_posttypeid_userid, idx_posthistory_userid_typeid_creationdate, idx_postlinks_postid, idx_postlinks_relatedpostid, idx_postlinks_postid_linktypeid_creationdate, idx_posts_posttypeid, idx_posts_owneruserid, idx_posts_viewcount, idx_posts_answercount, idx_posts_id_posttype_creationdate, idx_posts_id_owneruserid).

### Recommended New Indexes

**1. posts(CreationDate, Id, OwnerUserId)**
- Confirmed effective by query planner for many queries (s7, s8, s18, s19, s20, s22, s26, s29, s40, s41, s42, s44, s92, s100, s117, s118, s120, s122, s123, s130, s137, s145, s146 and many complex queries).
- The planner uses it as an index-only scan for date-range filtering on posts, then exposes Id for join to postLinks/postHistory/votes and OwnerUserId for join to users/comments. This eliminates large sequential scans on the posts table (2219–2679 cost) reducing them to targeted index-only scans (~2700 rows selected from ~90k).
- Cost improvement observed: from ~11,605 to ~11,441 for s20; similar savings across dozens of queries that filter posts by CreationDate.

**2. votes(VoteTypeId, PostId, CreationDate)**
- Confirmed used by planner as `tmp_idx_votes_0786ecb9` in s129 (cost ~12,767 vs ~13,703 without) and many other queries (s25, s61, s63, s70, s71, s73, s76, s96, s127, s128, s129, s143, s145).
- The VoteTypeId=2 (upvote) filter is extremely common. Combined with PostId join key and optional CreationDate range filter, this composite index enables index-only scans instead of full sequential scans on the votes table (~192k rows, seq scan cost ~4,572).
- Particularly important for medium/complex queries involving 5-7-table joins where reducing votes scan cost has multiplicative benefit.

**3. comments(Score, CreationDate, UserId)**
- Confirmed used by planner as `tmp_idx_comments_2503997b` for queries filtering Score=1 or Score=2 with CreationDate ranges (s34, s49, s50, s107, s108, s116, s131 and others).
- Supplements the existing idx_comments_score_userid by adding CreationDate to enable range pruning when both Score equality and date ranges are applied. The planner chooses this for Score=1+date patterns, delivering targeted index-only scans of ~14,754 rows vs. full comment table scans (~102k rows with filter cost ~2,882).
- Queries like s34 drop from ~149,249 cost to a much more tractable plan.

**4. postHistory(PostHistoryTypeId, CreationDate, UserId)**
- Confirmed used by planner as `tmp_idx_posthistory_84524b61` for queries filtering PostHistoryTypeId with CreationDate ranges and then joining by UserId (s38, s39, s47, s51, s106, s121, s125, s132, s145).
- For PostHistoryTypeId equality + CreationDate range, this enables index-only scans returning ~17,000–27,000 rows vs. bitmap heap scans of ~24,000–70,000 rows from the existing posttypeid-only index.
- The difference is most dramatic for s106 where the planner uses it for a 3-table join (comments+postHistory+votes on UserId) achieving cost ~474,086 vs millions without it.

**5. postLinks(RelatedPostId, LinkTypeId, CreationDate)**
- Confirmed used by planner as `tmp_idx_postlinks_fe583d40` in multiple queries (s26, s40, s41, s53, s54, s58, s59, s60, s61, s62, s63, s68–s73, s137, s139, s140–s143).
- Many complex queries join postLinks on RelatedPostId and filter on LinkTypeId=1 and/or CreationDate. The existing idx_postlinks_relatedpostid covers only the join key. Adding LinkTypeId+CreationDate enables filtering ~10,186 rows (LinkTypeId=1) or narrower with date ranges, vs. the full 11,102-row postlinks table.
- Enables index-only scans for the postLinks portion of complex 6-7 table joins, reducing intermediate result sets significantly.

### Why Other Candidates Were Rejected

- **postHistory(CreationDate, PostId)** and **postHistory(CreationDate, UserId)**: The planner showed minimal improvement (~0-100 cost) because postHistory is already well-covered by PostId and PostHistoryTypeId indexes, and date-range-only filtering still requires reading most of the table.
- **votes(PostId, VoteTypeId)** without CreationDate: Marginally weaker than the 3-column version; the planner consistently preferred the 3-column composite.
- **comments(Score, UserId, CreationDate)** (different column order): Tested and showed planner preferred the (Score, CreationDate, UserId) ordering for date range filtering after score equality.
- **posts(PostTypeId, OwnerUserId, Id)**: The existing idx_posts_posttypeid bitmap index already handles PostTypeId filtering effectively; adding OwnerUserId/Id showed negligible improvement.",21808.522,-4.68
s31,"[{""table"": ""posts"", ""columns"": [""CreationDate"", ""Id"", ""OwnerUserId""]}, {""table"": ""votes"", ""columns"": [""VoteTypeId"", ""PostId"", ""CreationDate""]}, {""table"": ""comments"", ""columns"": [""Score"", ""CreationDate"", ""UserId""]}, {""table"": ""postHistory"", ""columns"": [""PostHistoryTypeId"", ""CreationDate"", ""UserId""]}, {""table"": ""postLinks"", ""columns"": [""RelatedPostId"", ""LinkTypeId"", ""CreationDate""]}]","## Analysis Summary

After extensive cost estimation across the full 146-query workload, I identified the existing index set and the five additional indexes that deliver the most benefit. The existing schema already has a rich set of indexes (idx_badges_userid, idx_badges_userid_date, idx_comments_userid, idx_comments_score_userid, idx_comments_postid, idx_comments_postid_creationdate, idx_comments_userid_score_creationdate, idx_votes_userid, idx_votes_userid_creationdate, idx_votes_postid_creationdate, idx_posthistory_userid, idx_posthistory_postid, idx_posthistory_postid_creationdate, idx_posthistory_posttypeid, idx_posthistory_posttypeid_userid, idx_posthistory_userid_typeid_creationdate, idx_postlinks_postid, idx_postlinks_relatedpostid, idx_postlinks_postid_linktypeid_creationdate, idx_posts_posttypeid, idx_posts_owneruserid, idx_posts_viewcount, idx_posts_answercount, idx_posts_id_posttype_creationdate, idx_posts_id_owneruserid).

### Recommended New Indexes

**1. posts(CreationDate, Id, OwnerUserId)**
- Confirmed effective by query planner for many queries (s7, s8, s18, s19, s20, s22, s26, s29, s40, s41, s42, s44, s92, s100, s117, s118, s120, s122, s123, s130, s137, s145, s146 and many complex queries).
- The planner uses it as an index-only scan for date-range filtering on posts, then exposes Id for join to postLinks/postHistory/votes and OwnerUserId for join to users/comments. This eliminates large sequential scans on the posts table (2219–2679 cost) reducing them to targeted index-only scans (~2700 rows selected from ~90k).
- Cost improvement observed: from ~11,605 to ~11,441 for s20; similar savings across dozens of queries that filter posts by CreationDate.

**2. votes(VoteTypeId, PostId, CreationDate)**
- Confirmed used by planner as `tmp_idx_votes_0786ecb9` in s129 (cost ~12,767 vs ~13,703 without) and many other queries (s25, s61, s63, s70, s71, s73, s76, s96, s127, s128, s129, s143, s145).
- The VoteTypeId=2 (upvote) filter is extremely common. Combined with PostId join key and optional CreationDate range filter, this composite index enables index-only scans instead of full sequential scans on the votes table (~192k rows, seq scan cost ~4,572).
- Particularly important for medium/complex queries involving 5-7-table joins where reducing votes scan cost has multiplicative benefit.

**3. comments(Score, CreationDate, UserId)**
- Confirmed used by planner as `tmp_idx_comments_2503997b` for queries filtering Score=1 or Score=2 with CreationDate ranges (s34, s49, s50, s107, s108, s116, s131 and others).
- Supplements the existing idx_comments_score_userid by adding CreationDate to enable range pruning when both Score equality and date ranges are applied. The planner chooses this for Score=1+date patterns, delivering targeted index-only scans of ~14,754 rows vs. full comment table scans (~102k rows with filter cost ~2,882).
- Queries like s34 drop from ~149,249 cost to a much more tractable plan.

**4. postHistory(PostHistoryTypeId, CreationDate, UserId)**
- Confirmed used by planner as `tmp_idx_posthistory_84524b61` for queries filtering PostHistoryTypeId with CreationDate ranges and then joining by UserId (s38, s39, s47, s51, s106, s121, s125, s132, s145).
- For PostHistoryTypeId equality + CreationDate range, this enables index-only scans returning ~17,000–27,000 rows vs. bitmap heap scans of ~24,000–70,000 rows from the existing posttypeid-only index.
- The difference is most dramatic for s106 where the planner uses it for a 3-table join (comments+postHistory+votes on UserId) achieving cost ~474,086 vs millions without it.

**5. postLinks(RelatedPostId, LinkTypeId, CreationDate)**
- Confirmed used by planner as `tmp_idx_postlinks_fe583d40` in multiple queries (s26, s40, s41, s53, s54, s58, s59, s60, s61, s62, s63, s68–s73, s137, s139, s140–s143).
- Many complex queries join postLinks on RelatedPostId and filter on LinkTypeId=1 and/or CreationDate. The existing idx_postlinks_relatedpostid covers only the join key. Adding LinkTypeId+CreationDate enables filtering ~10,186 rows (LinkTypeId=1) or narrower with date ranges, vs. the full 11,102-row postlinks table.
- Enables index-only scans for the postLinks portion of complex 6-7 table joins, reducing intermediate result sets significantly.

### Why Other Candidates Were Rejected

- **postHistory(CreationDate, PostId)** and **postHistory(CreationDate, UserId)**: The planner showed minimal improvement (~0-100 cost) because postHistory is already well-covered by PostId and PostHistoryTypeId indexes, and date-range-only filtering still requires reading most of the table.
- **votes(PostId, VoteTypeId)** without CreationDate: Marginally weaker than the 3-column version; the planner consistently preferred the 3-column composite.
- **comments(Score, UserId, CreationDate)** (different column order): Tested and showed planner preferred the (Score, CreationDate, UserId) ordering for date range filtering after score equality.
- **posts(PostTypeId, OwnerUserId, Id)**: The existing idx_posts_posttypeid bitmap index already handles PostTypeId filtering effectively; adding OwnerUserId/Id showed negligible improvement.",765.021,-0.24
s32,"[{""table"": ""posts"", ""columns"": [""CreationDate"", ""Id"", ""OwnerUserId""]}, {""table"": ""votes"", ""columns"": [""VoteTypeId"", ""PostId"", ""CreationDate""]}, {""table"": ""comments"", ""columns"": [""Score"", ""CreationDate"", ""UserId""]}, {""table"": ""postHistory"", ""columns"": [""PostHistoryTypeId"", ""CreationDate"", ""UserId""]}, {""table"": ""postLinks"", ""columns"": [""RelatedPostId"", ""LinkTypeId"", ""CreationDate""]}]","## Analysis Summary

After extensive cost estimation across the full 146-query workload, I identified the existing index set and the five additional indexes that deliver the most benefit. The existing schema already has a rich set of indexes (idx_badges_userid, idx_badges_userid_date, idx_comments_userid, idx_comments_score_userid, idx_comments_postid, idx_comments_postid_creationdate, idx_comments_userid_score_creationdate, idx_votes_userid, idx_votes_userid_creationdate, idx_votes_postid_creationdate, idx_posthistory_userid, idx_posthistory_postid, idx_posthistory_postid_creationdate, idx_posthistory_posttypeid, idx_posthistory_posttypeid_userid, idx_posthistory_userid_typeid_creationdate, idx_postlinks_postid, idx_postlinks_relatedpostid, idx_postlinks_postid_linktypeid_creationdate, idx_posts_posttypeid, idx_posts_owneruserid, idx_posts_viewcount, idx_posts_answercount, idx_posts_id_posttype_creationdate, idx_posts_id_owneruserid).

### Recommended New Indexes

**1. posts(CreationDate, Id, OwnerUserId)**
- Confirmed effective by query planner for many queries (s7, s8, s18, s19, s20, s22, s26, s29, s40, s41, s42, s44, s92, s100, s117, s118, s120, s122, s123, s130, s137, s145, s146 and many complex queries).
- The planner uses it as an index-only scan for date-range filtering on posts, then exposes Id for join to postLinks/postHistory/votes and OwnerUserId for join to users/comments. This eliminates large sequential scans on the posts table (2219–2679 cost) reducing them to targeted index-only scans (~2700 rows selected from ~90k).
- Cost improvement observed: from ~11,605 to ~11,441 for s20; similar savings across dozens of queries that filter posts by CreationDate.

**2. votes(VoteTypeId, PostId, CreationDate)**
- Confirmed used by planner as `tmp_idx_votes_0786ecb9` in s129 (cost ~12,767 vs ~13,703 without) and many other queries (s25, s61, s63, s70, s71, s73, s76, s96, s127, s128, s129, s143, s145).
- The VoteTypeId=2 (upvote) filter is extremely common. Combined with PostId join key and optional CreationDate range filter, this composite index enables index-only scans instead of full sequential scans on the votes table (~192k rows, seq scan cost ~4,572).
- Particularly important for medium/complex queries involving 5-7-table joins where reducing votes scan cost has multiplicative benefit.

**3. comments(Score, CreationDate, UserId)**
- Confirmed used by planner as `tmp_idx_comments_2503997b` for queries filtering Score=1 or Score=2 with CreationDate ranges (s34, s49, s50, s107, s108, s116, s131 and others).
- Supplements the existing idx_comments_score_userid by adding CreationDate to enable range pruning when both Score equality and date ranges are applied. The planner chooses this for Score=1+date patterns, delivering targeted index-only scans of ~14,754 rows vs. full comment table scans (~102k rows with filter cost ~2,882).
- Queries like s34 drop from ~149,249 cost to a much more tractable plan.

**4. postHistory(PostHistoryTypeId, CreationDate, UserId)**
- Confirmed used by planner as `tmp_idx_posthistory_84524b61` for queries filtering PostHistoryTypeId with CreationDate ranges and then joining by UserId (s38, s39, s47, s51, s106, s121, s125, s132, s145).
- For PostHistoryTypeId equality + CreationDate range, this enables index-only scans returning ~17,000–27,000 rows vs. bitmap heap scans of ~24,000–70,000 rows from the existing posttypeid-only index.
- The difference is most dramatic for s106 where the planner uses it for a 3-table join (comments+postHistory+votes on UserId) achieving cost ~474,086 vs millions without it.

**5. postLinks(RelatedPostId, LinkTypeId, CreationDate)**
- Confirmed used by planner as `tmp_idx_postlinks_fe583d40` in multiple queries (s26, s40, s41, s53, s54, s58, s59, s60, s61, s62, s63, s68–s73, s137, s139, s140–s143).
- Many complex queries join postLinks on RelatedPostId and filter on LinkTypeId=1 and/or CreationDate. The existing idx_postlinks_relatedpostid covers only the join key. Adding LinkTypeId+CreationDate enables filtering ~10,186 rows (LinkTypeId=1) or narrower with date ranges, vs. the full 11,102-row postlinks table.
- Enables index-only scans for the postLinks portion of complex 6-7 table joins, reducing intermediate result sets significantly.

### Why Other Candidates Were Rejected

- **postHistory(CreationDate, PostId)** and **postHistory(CreationDate, UserId)**: The planner showed minimal improvement (~0-100 cost) because postHistory is already well-covered by PostId and PostHistoryTypeId indexes, and date-range-only filtering still requires reading most of the table.
- **votes(PostId, VoteTypeId)** without CreationDate: Marginally weaker than the 3-column version; the planner consistently preferred the 3-column composite.
- **comments(Score, UserId, CreationDate)** (different column order): Tested and showed planner preferred the (Score, CreationDate, UserId) ordering for date range filtering after score equality.
- **posts(PostTypeId, OwnerUserId, Id)**: The existing idx_posts_posttypeid bitmap index already handles PostTypeId filtering effectively; adding OwnerUserId/Id showed negligible improvement.",1267.079,-4.15
s33,"[{""table"": ""posts"", ""columns"": [""CreationDate"", ""Id"", ""OwnerUserId""]}, {""table"": ""votes"", ""columns"": [""VoteTypeId"", ""PostId"", ""CreationDate""]}, {""table"": ""comments"", ""columns"": [""Score"", ""CreationDate"", ""UserId""]}, {""table"": ""postHistory"", ""columns"": [""PostHistoryTypeId"", ""CreationDate"", ""UserId""]}, {""table"": ""postLinks"", ""columns"": [""RelatedPostId"", ""LinkTypeId"", ""CreationDate""]}]","## Analysis Summary

After extensive cost estimation across the full 146-query workload, I identified the existing index set and the five additional indexes that deliver the most benefit. The existing schema already has a rich set of indexes (idx_badges_userid, idx_badges_userid_date, idx_comments_userid, idx_comments_score_userid, idx_comments_postid, idx_comments_postid_creationdate, idx_comments_userid_score_creationdate, idx_votes_userid, idx_votes_userid_creationdate, idx_votes_postid_creationdate, idx_posthistory_userid, idx_posthistory_postid, idx_posthistory_postid_creationdate, idx_posthistory_posttypeid, idx_posthistory_posttypeid_userid, idx_posthistory_userid_typeid_creationdate, idx_postlinks_postid, idx_postlinks_relatedpostid, idx_postlinks_postid_linktypeid_creationdate, idx_posts_posttypeid, idx_posts_owneruserid, idx_posts_viewcount, idx_posts_answercount, idx_posts_id_posttype_creationdate, idx_posts_id_owneruserid).

### Recommended New Indexes

**1. posts(CreationDate, Id, OwnerUserId)**
- Confirmed effective by query planner for many queries (s7, s8, s18, s19, s20, s22, s26, s29, s40, s41, s42, s44, s92, s100, s117, s118, s120, s122, s123, s130, s137, s145, s146 and many complex queries).
- The planner uses it as an index-only scan for date-range filtering on posts, then exposes Id for join to postLinks/postHistory/votes and OwnerUserId for join to users/comments. This eliminates large sequential scans on the posts table (2219–2679 cost) reducing them to targeted index-only scans (~2700 rows selected from ~90k).
- Cost improvement observed: from ~11,605 to ~11,441 for s20; similar savings across dozens of queries that filter posts by CreationDate.

**2. votes(VoteTypeId, PostId, CreationDate)**
- Confirmed used by planner as `tmp_idx_votes_0786ecb9` in s129 (cost ~12,767 vs ~13,703 without) and many other queries (s25, s61, s63, s70, s71, s73, s76, s96, s127, s128, s129, s143, s145).
- The VoteTypeId=2 (upvote) filter is extremely common. Combined with PostId join key and optional CreationDate range filter, this composite index enables index-only scans instead of full sequential scans on the votes table (~192k rows, seq scan cost ~4,572).
- Particularly important for medium/complex queries involving 5-7-table joins where reducing votes scan cost has multiplicative benefit.

**3. comments(Score, CreationDate, UserId)**
- Confirmed used by planner as `tmp_idx_comments_2503997b` for queries filtering Score=1 or Score=2 with CreationDate ranges (s34, s49, s50, s107, s108, s116, s131 and others).
- Supplements the existing idx_comments_score_userid by adding CreationDate to enable range pruning when both Score equality and date ranges are applied. The planner chooses this for Score=1+date patterns, delivering targeted index-only scans of ~14,754 rows vs. full comment table scans (~102k rows with filter cost ~2,882).
- Queries like s34 drop from ~149,249 cost to a much more tractable plan.

**4. postHistory(PostHistoryTypeId, CreationDate, UserId)**
- Confirmed used by planner as `tmp_idx_posthistory_84524b61` for queries filtering PostHistoryTypeId with CreationDate ranges and then joining by UserId (s38, s39, s47, s51, s106, s121, s125, s132, s145).
- For PostHistoryTypeId equality + CreationDate range, this enables index-only scans returning ~17,000–27,000 rows vs. bitmap heap scans of ~24,000–70,000 rows from the existing posttypeid-only index.
- The difference is most dramatic for s106 where the planner uses it for a 3-table join (comments+postHistory+votes on UserId) achieving cost ~474,086 vs millions without it.

**5. postLinks(RelatedPostId, LinkTypeId, CreationDate)**
- Confirmed used by planner as `tmp_idx_postlinks_fe583d40` in multiple queries (s26, s40, s41, s53, s54, s58, s59, s60, s61, s62, s63, s68–s73, s137, s139, s140–s143).
- Many complex queries join postLinks on RelatedPostId and filter on LinkTypeId=1 and/or CreationDate. The existing idx_postlinks_relatedpostid covers only the join key. Adding LinkTypeId+CreationDate enables filtering ~10,186 rows (LinkTypeId=1) or narrower with date ranges, vs. the full 11,102-row postlinks table.
- Enables index-only scans for the postLinks portion of complex 6-7 table joins, reducing intermediate result sets significantly.

### Why Other Candidates Were Rejected

- **postHistory(CreationDate, PostId)** and **postHistory(CreationDate, UserId)**: The planner showed minimal improvement (~0-100 cost) because postHistory is already well-covered by PostId and PostHistoryTypeId indexes, and date-range-only filtering still requires reading most of the table.
- **votes(PostId, VoteTypeId)** without CreationDate: Marginally weaker than the 3-column version; the planner consistently preferred the 3-column composite.
- **comments(Score, UserId, CreationDate)** (different column order): Tested and showed planner preferred the (Score, CreationDate, UserId) ordering for date range filtering after score equality.
- **posts(PostTypeId, OwnerUserId, Id)**: The existing idx_posts_posttypeid bitmap index already handles PostTypeId filtering effectively; adding OwnerUserId/Id showed negligible improvement.",40.793,-1.38
s34,"[{""table"": ""posts"", ""columns"": [""CreationDate"", ""Id"", ""OwnerUserId""]}, {""table"": ""votes"", ""columns"": [""VoteTypeId"", ""PostId"", ""CreationDate""]}, {""table"": ""comments"", ""columns"": [""Score"", ""CreationDate"", ""UserId""]}, {""table"": ""postHistory"", ""columns"": [""PostHistoryTypeId"", ""CreationDate"", ""UserId""]}, {""table"": ""postLinks"", ""columns"": [""RelatedPostId"", ""LinkTypeId"", ""CreationDate""]}]","## Analysis Summary

After extensive cost estimation across the full 146-query workload, I identified the existing index set and the five additional indexes that deliver the most benefit. The existing schema already has a rich set of indexes (idx_badges_userid, idx_badges_userid_date, idx_comments_userid, idx_comments_score_userid, idx_comments_postid, idx_comments_postid_creationdate, idx_comments_userid_score_creationdate, idx_votes_userid, idx_votes_userid_creationdate, idx_votes_postid_creationdate, idx_posthistory_userid, idx_posthistory_postid, idx_posthistory_postid_creationdate, idx_posthistory_posttypeid, idx_posthistory_posttypeid_userid, idx_posthistory_userid_typeid_creationdate, idx_postlinks_postid, idx_postlinks_relatedpostid, idx_postlinks_postid_linktypeid_creationdate, idx_posts_posttypeid, idx_posts_owneruserid, idx_posts_viewcount, idx_posts_answercount, idx_posts_id_posttype_creationdate, idx_posts_id_owneruserid).

### Recommended New Indexes

**1. posts(CreationDate, Id, OwnerUserId)**
- Confirmed effective by query planner for many queries (s7, s8, s18, s19, s20, s22, s26, s29, s40, s41, s42, s44, s92, s100, s117, s118, s120, s122, s123, s130, s137, s145, s146 and many complex queries).
- The planner uses it as an index-only scan for date-range filtering on posts, then exposes Id for join to postLinks/postHistory/votes and OwnerUserId for join to users/comments. This eliminates large sequential scans on the posts table (2219–2679 cost) reducing them to targeted index-only scans (~2700 rows selected from ~90k).
- Cost improvement observed: from ~11,605 to ~11,441 for s20; similar savings across dozens of queries that filter posts by CreationDate.

**2. votes(VoteTypeId, PostId, CreationDate)**
- Confirmed used by planner as `tmp_idx_votes_0786ecb9` in s129 (cost ~12,767 vs ~13,703 without) and many other queries (s25, s61, s63, s70, s71, s73, s76, s96, s127, s128, s129, s143, s145).
- The VoteTypeId=2 (upvote) filter is extremely common. Combined with PostId join key and optional CreationDate range filter, this composite index enables index-only scans instead of full sequential scans on the votes table (~192k rows, seq scan cost ~4,572).
- Particularly important for medium/complex queries involving 5-7-table joins where reducing votes scan cost has multiplicative benefit.

**3. comments(Score, CreationDate, UserId)**
- Confirmed used by planner as `tmp_idx_comments_2503997b` for queries filtering Score=1 or Score=2 with CreationDate ranges (s34, s49, s50, s107, s108, s116, s131 and others).
- Supplements the existing idx_comments_score_userid by adding CreationDate to enable range pruning when both Score equality and date ranges are applied. The planner chooses this for Score=1+date patterns, delivering targeted index-only scans of ~14,754 rows vs. full comment table scans (~102k rows with filter cost ~2,882).
- Queries like s34 drop from ~149,249 cost to a much more tractable plan.

**4. postHistory(PostHistoryTypeId, CreationDate, UserId)**
- Confirmed used by planner as `tmp_idx_posthistory_84524b61` for queries filtering PostHistoryTypeId with CreationDate ranges and then joining by UserId (s38, s39, s47, s51, s106, s121, s125, s132, s145).
- For PostHistoryTypeId equality + CreationDate range, this enables index-only scans returning ~17,000–27,000 rows vs. bitmap heap scans of ~24,000–70,000 rows from the existing posttypeid-only index.
- The difference is most dramatic for s106 where the planner uses it for a 3-table join (comments+postHistory+votes on UserId) achieving cost ~474,086 vs millions without it.

**5. postLinks(RelatedPostId, LinkTypeId, CreationDate)**
- Confirmed used by planner as `tmp_idx_postlinks_fe583d40` in multiple queries (s26, s40, s41, s53, s54, s58, s59, s60, s61, s62, s63, s68–s73, s137, s139, s140–s143).
- Many complex queries join postLinks on RelatedPostId and filter on LinkTypeId=1 and/or CreationDate. The existing idx_postlinks_relatedpostid covers only the join key. Adding LinkTypeId+CreationDate enables filtering ~10,186 rows (LinkTypeId=1) or narrower with date ranges, vs. the full 11,102-row postlinks table.
- Enables index-only scans for the postLinks portion of complex 6-7 table joins, reducing intermediate result sets significantly.

### Why Other Candidates Were Rejected

- **postHistory(CreationDate, PostId)** and **postHistory(CreationDate, UserId)**: The planner showed minimal improvement (~0-100 cost) because postHistory is already well-covered by PostId and PostHistoryTypeId indexes, and date-range-only filtering still requires reading most of the table.
- **votes(PostId, VoteTypeId)** without CreationDate: Marginally weaker than the 3-column version; the planner consistently preferred the 3-column composite.
- **comments(Score, UserId, CreationDate)** (different column order): Tested and showed planner preferred the (Score, CreationDate, UserId) ordering for date range filtering after score equality.
- **posts(PostTypeId, OwnerUserId, Id)**: The existing idx_posts_posttypeid bitmap index already handles PostTypeId filtering effectively; adding OwnerUserId/Id showed negligible improvement.",39827.509,-7.39
s35,"[{""table"": ""posts"", ""columns"": [""CreationDate"", ""Id"", ""OwnerUserId""]}, {""table"": ""votes"", ""columns"": [""VoteTypeId"", ""PostId"", ""CreationDate""]}, {""table"": ""comments"", ""columns"": [""Score"", ""CreationDate"", ""UserId""]}, {""table"": ""postHistory"", ""columns"": [""PostHistoryTypeId"", ""CreationDate"", ""UserId""]}, {""table"": ""postLinks"", ""columns"": [""RelatedPostId"", ""LinkTypeId"", ""CreationDate""]}]","## Analysis Summary

After extensive cost estimation across the full 146-query workload, I identified the existing index set and the five additional indexes that deliver the most benefit. The existing schema already has a rich set of indexes (idx_badges_userid, idx_badges_userid_date, idx_comments_userid, idx_comments_score_userid, idx_comments_postid, idx_comments_postid_creationdate, idx_comments_userid_score_creationdate, idx_votes_userid, idx_votes_userid_creationdate, idx_votes_postid_creationdate, idx_posthistory_userid, idx_posthistory_postid, idx_posthistory_postid_creationdate, idx_posthistory_posttypeid, idx_posthistory_posttypeid_userid, idx_posthistory_userid_typeid_creationdate, idx_postlinks_postid, idx_postlinks_relatedpostid, idx_postlinks_postid_linktypeid_creationdate, idx_posts_posttypeid, idx_posts_owneruserid, idx_posts_viewcount, idx_posts_answercount, idx_posts_id_posttype_creationdate, idx_posts_id_owneruserid).

### Recommended New Indexes

**1. posts(CreationDate, Id, OwnerUserId)**
- Confirmed effective by query planner for many queries (s7, s8, s18, s19, s20, s22, s26, s29, s40, s41, s42, s44, s92, s100, s117, s118, s120, s122, s123, s130, s137, s145, s146 and many complex queries).
- The planner uses it as an index-only scan for date-range filtering on posts, then exposes Id for join to postLinks/postHistory/votes and OwnerUserId for join to users/comments. This eliminates large sequential scans on the posts table (2219–2679 cost) reducing them to targeted index-only scans (~2700 rows selected from ~90k).
- Cost improvement observed: from ~11,605 to ~11,441 for s20; similar savings across dozens of queries that filter posts by CreationDate.

**2. votes(VoteTypeId, PostId, CreationDate)**
- Confirmed used by planner as `tmp_idx_votes_0786ecb9` in s129 (cost ~12,767 vs ~13,703 without) and many other queries (s25, s61, s63, s70, s71, s73, s76, s96, s127, s128, s129, s143, s145).
- The VoteTypeId=2 (upvote) filter is extremely common. Combined with PostId join key and optional CreationDate range filter, this composite index enables index-only scans instead of full sequential scans on the votes table (~192k rows, seq scan cost ~4,572).
- Particularly important for medium/complex queries involving 5-7-table joins where reducing votes scan cost has multiplicative benefit.

**3. comments(Score, CreationDate, UserId)**
- Confirmed used by planner as `tmp_idx_comments_2503997b` for queries filtering Score=1 or Score=2 with CreationDate ranges (s34, s49, s50, s107, s108, s116, s131 and others).
- Supplements the existing idx_comments_score_userid by adding CreationDate to enable range pruning when both Score equality and date ranges are applied. The planner chooses this for Score=1+date patterns, delivering targeted index-only scans of ~14,754 rows vs. full comment table scans (~102k rows with filter cost ~2,882).
- Queries like s34 drop from ~149,249 cost to a much more tractable plan.

**4. postHistory(PostHistoryTypeId, CreationDate, UserId)**
- Confirmed used by planner as `tmp_idx_posthistory_84524b61` for queries filtering PostHistoryTypeId with CreationDate ranges and then joining by UserId (s38, s39, s47, s51, s106, s121, s125, s132, s145).
- For PostHistoryTypeId equality + CreationDate range, this enables index-only scans returning ~17,000–27,000 rows vs. bitmap heap scans of ~24,000–70,000 rows from the existing posttypeid-only index.
- The difference is most dramatic for s106 where the planner uses it for a 3-table join (comments+postHistory+votes on UserId) achieving cost ~474,086 vs millions without it.

**5. postLinks(RelatedPostId, LinkTypeId, CreationDate)**
- Confirmed used by planner as `tmp_idx_postlinks_fe583d40` in multiple queries (s26, s40, s41, s53, s54, s58, s59, s60, s61, s62, s63, s68–s73, s137, s139, s140–s143).
- Many complex queries join postLinks on RelatedPostId and filter on LinkTypeId=1 and/or CreationDate. The existing idx_postlinks_relatedpostid covers only the join key. Adding LinkTypeId+CreationDate enables filtering ~10,186 rows (LinkTypeId=1) or narrower with date ranges, vs. the full 11,102-row postlinks table.
- Enables index-only scans for the postLinks portion of complex 6-7 table joins, reducing intermediate result sets significantly.

### Why Other Candidates Were Rejected

- **postHistory(CreationDate, PostId)** and **postHistory(CreationDate, UserId)**: The planner showed minimal improvement (~0-100 cost) because postHistory is already well-covered by PostId and PostHistoryTypeId indexes, and date-range-only filtering still requires reading most of the table.
- **votes(PostId, VoteTypeId)** without CreationDate: Marginally weaker than the 3-column version; the planner consistently preferred the 3-column composite.
- **comments(Score, UserId, CreationDate)** (different column order): Tested and showed planner preferred the (Score, CreationDate, UserId) ordering for date range filtering after score equality.
- **posts(PostTypeId, OwnerUserId, Id)**: The existing idx_posts_posttypeid bitmap index already handles PostTypeId filtering effectively; adding OwnerUserId/Id showed negligible improvement.",215.988,-9.98
s36,"[{""table"": ""posts"", ""columns"": [""CreationDate"", ""Id"", ""OwnerUserId""]}, {""table"": ""votes"", ""columns"": [""VoteTypeId"", ""PostId"", ""CreationDate""]}, {""table"": ""comments"", ""columns"": [""Score"", ""CreationDate"", ""UserId""]}, {""table"": ""postHistory"", ""columns"": [""PostHistoryTypeId"", ""CreationDate"", ""UserId""]}, {""table"": ""postLinks"", ""columns"": [""RelatedPostId"", ""LinkTypeId"", ""CreationDate""]}]","## Analysis Summary

After extensive cost estimation across the full 146-query workload, I identified the existing index set and the five additional indexes that deliver the most benefit. The existing schema already has a rich set of indexes (idx_badges_userid, idx_badges_userid_date, idx_comments_userid, idx_comments_score_userid, idx_comments_postid, idx_comments_postid_creationdate, idx_comments_userid_score_creationdate, idx_votes_userid, idx_votes_userid_creationdate, idx_votes_postid_creationdate, idx_posthistory_userid, idx_posthistory_postid, idx_posthistory_postid_creationdate, idx_posthistory_posttypeid, idx_posthistory_posttypeid_userid, idx_posthistory_userid_typeid_creationdate, idx_postlinks_postid, idx_postlinks_relatedpostid, idx_postlinks_postid_linktypeid_creationdate, idx_posts_posttypeid, idx_posts_owneruserid, idx_posts_viewcount, idx_posts_answercount, idx_posts_id_posttype_creationdate, idx_posts_id_owneruserid).

### Recommended New Indexes

**1. posts(CreationDate, Id, OwnerUserId)**
- Confirmed effective by query planner for many queries (s7, s8, s18, s19, s20, s22, s26, s29, s40, s41, s42, s44, s92, s100, s117, s118, s120, s122, s123, s130, s137, s145, s146 and many complex queries).
- The planner uses it as an index-only scan for date-range filtering on posts, then exposes Id for join to postLinks/postHistory/votes and OwnerUserId for join to users/comments. This eliminates large sequential scans on the posts table (2219–2679 cost) reducing them to targeted index-only scans (~2700 rows selected from ~90k).
- Cost improvement observed: from ~11,605 to ~11,441 for s20; similar savings across dozens of queries that filter posts by CreationDate.

**2. votes(VoteTypeId, PostId, CreationDate)**
- Confirmed used by planner as `tmp_idx_votes_0786ecb9` in s129 (cost ~12,767 vs ~13,703 without) and many other queries (s25, s61, s63, s70, s71, s73, s76, s96, s127, s128, s129, s143, s145).
- The VoteTypeId=2 (upvote) filter is extremely common. Combined with PostId join key and optional CreationDate range filter, this composite index enables index-only scans instead of full sequential scans on the votes table (~192k rows, seq scan cost ~4,572).
- Particularly important for medium/complex queries involving 5-7-table joins where reducing votes scan cost has multiplicative benefit.

**3. comments(Score, CreationDate, UserId)**
- Confirmed used by planner as `tmp_idx_comments_2503997b` for queries filtering Score=1 or Score=2 with CreationDate ranges (s34, s49, s50, s107, s108, s116, s131 and others).
- Supplements the existing idx_comments_score_userid by adding CreationDate to enable range pruning when both Score equality and date ranges are applied. The planner chooses this for Score=1+date patterns, delivering targeted index-only scans of ~14,754 rows vs. full comment table scans (~102k rows with filter cost ~2,882).
- Queries like s34 drop from ~149,249 cost to a much more tractable plan.

**4. postHistory(PostHistoryTypeId, CreationDate, UserId)**
- Confirmed used by planner as `tmp_idx_posthistory_84524b61` for queries filtering PostHistoryTypeId with CreationDate ranges and then joining by UserId (s38, s39, s47, s51, s106, s121, s125, s132, s145).
- For PostHistoryTypeId equality + CreationDate range, this enables index-only scans returning ~17,000–27,000 rows vs. bitmap heap scans of ~24,000–70,000 rows from the existing posttypeid-only index.
- The difference is most dramatic for s106 where the planner uses it for a 3-table join (comments+postHistory+votes on UserId) achieving cost ~474,086 vs millions without it.

**5. postLinks(RelatedPostId, LinkTypeId, CreationDate)**
- Confirmed used by planner as `tmp_idx_postlinks_fe583d40` in multiple queries (s26, s40, s41, s53, s54, s58, s59, s60, s61, s62, s63, s68–s73, s137, s139, s140–s143).
- Many complex queries join postLinks on RelatedPostId and filter on LinkTypeId=1 and/or CreationDate. The existing idx_postlinks_relatedpostid covers only the join key. Adding LinkTypeId+CreationDate enables filtering ~10,186 rows (LinkTypeId=1) or narrower with date ranges, vs. the full 11,102-row postlinks table.
- Enables index-only scans for the postLinks portion of complex 6-7 table joins, reducing intermediate result sets significantly.

### Why Other Candidates Were Rejected

- **postHistory(CreationDate, PostId)** and **postHistory(CreationDate, UserId)**: The planner showed minimal improvement (~0-100 cost) because postHistory is already well-covered by PostId and PostHistoryTypeId indexes, and date-range-only filtering still requires reading most of the table.
- **votes(PostId, VoteTypeId)** without CreationDate: Marginally weaker than the 3-column version; the planner consistently preferred the 3-column composite.
- **comments(Score, UserId, CreationDate)** (different column order): Tested and showed planner preferred the (Score, CreationDate, UserId) ordering for date range filtering after score equality.
- **posts(PostTypeId, OwnerUserId, Id)**: The existing idx_posts_posttypeid bitmap index already handles PostTypeId filtering effectively; adding OwnerUserId/Id showed negligible improvement.",39.501,-1.24
s37,"[{""table"": ""posts"", ""columns"": [""CreationDate"", ""Id"", ""OwnerUserId""]}, {""table"": ""votes"", ""columns"": [""VoteTypeId"", ""PostId"", ""CreationDate""]}, {""table"": ""comments"", ""columns"": [""Score"", ""CreationDate"", ""UserId""]}, {""table"": ""postHistory"", ""columns"": [""PostHistoryTypeId"", ""CreationDate"", ""UserId""]}, {""table"": ""postLinks"", ""columns"": [""RelatedPostId"", ""LinkTypeId"", ""CreationDate""]}]","## Analysis Summary

After extensive cost estimation across the full 146-query workload, I identified the existing index set and the five additional indexes that deliver the most benefit. The existing schema already has a rich set of indexes (idx_badges_userid, idx_badges_userid_date, idx_comments_userid, idx_comments_score_userid, idx_comments_postid, idx_comments_postid_creationdate, idx_comments_userid_score_creationdate, idx_votes_userid, idx_votes_userid_creationdate, idx_votes_postid_creationdate, idx_posthistory_userid, idx_posthistory_postid, idx_posthistory_postid_creationdate, idx_posthistory_posttypeid, idx_posthistory_posttypeid_userid, idx_posthistory_userid_typeid_creationdate, idx_postlinks_postid, idx_postlinks_relatedpostid, idx_postlinks_postid_linktypeid_creationdate, idx_posts_posttypeid, idx_posts_owneruserid, idx_posts_viewcount, idx_posts_answercount, idx_posts_id_posttype_creationdate, idx_posts_id_owneruserid).

### Recommended New Indexes

**1. posts(CreationDate, Id, OwnerUserId)**
- Confirmed effective by query planner for many queries (s7, s8, s18, s19, s20, s22, s26, s29, s40, s41, s42, s44, s92, s100, s117, s118, s120, s122, s123, s130, s137, s145, s146 and many complex queries).
- The planner uses it as an index-only scan for date-range filtering on posts, then exposes Id for join to postLinks/postHistory/votes and OwnerUserId for join to users/comments. This eliminates large sequential scans on the posts table (2219–2679 cost) reducing them to targeted index-only scans (~2700 rows selected from ~90k).
- Cost improvement observed: from ~11,605 to ~11,441 for s20; similar savings across dozens of queries that filter posts by CreationDate.

**2. votes(VoteTypeId, PostId, CreationDate)**
- Confirmed used by planner as `tmp_idx_votes_0786ecb9` in s129 (cost ~12,767 vs ~13,703 without) and many other queries (s25, s61, s63, s70, s71, s73, s76, s96, s127, s128, s129, s143, s145).
- The VoteTypeId=2 (upvote) filter is extremely common. Combined with PostId join key and optional CreationDate range filter, this composite index enables index-only scans instead of full sequential scans on the votes table (~192k rows, seq scan cost ~4,572).
- Particularly important for medium/complex queries involving 5-7-table joins where reducing votes scan cost has multiplicative benefit.

**3. comments(Score, CreationDate, UserId)**
- Confirmed used by planner as `tmp_idx_comments_2503997b` for queries filtering Score=1 or Score=2 with CreationDate ranges (s34, s49, s50, s107, s108, s116, s131 and others).
- Supplements the existing idx_comments_score_userid by adding CreationDate to enable range pruning when both Score equality and date ranges are applied. The planner chooses this for Score=1+date patterns, delivering targeted index-only scans of ~14,754 rows vs. full comment table scans (~102k rows with filter cost ~2,882).
- Queries like s34 drop from ~149,249 cost to a much more tractable plan.

**4. postHistory(PostHistoryTypeId, CreationDate, UserId)**
- Confirmed used by planner as `tmp_idx_posthistory_84524b61` for queries filtering PostHistoryTypeId with CreationDate ranges and then joining by UserId (s38, s39, s47, s51, s106, s121, s125, s132, s145).
- For PostHistoryTypeId equality + CreationDate range, this enables index-only scans returning ~17,000–27,000 rows vs. bitmap heap scans of ~24,000–70,000 rows from the existing posttypeid-only index.
- The difference is most dramatic for s106 where the planner uses it for a 3-table join (comments+postHistory+votes on UserId) achieving cost ~474,086 vs millions without it.

**5. postLinks(RelatedPostId, LinkTypeId, CreationDate)**
- Confirmed used by planner as `tmp_idx_postlinks_fe583d40` in multiple queries (s26, s40, s41, s53, s54, s58, s59, s60, s61, s62, s63, s68–s73, s137, s139, s140–s143).
- Many complex queries join postLinks on RelatedPostId and filter on LinkTypeId=1 and/or CreationDate. The existing idx_postlinks_relatedpostid covers only the join key. Adding LinkTypeId+CreationDate enables filtering ~10,186 rows (LinkTypeId=1) or narrower with date ranges, vs. the full 11,102-row postlinks table.
- Enables index-only scans for the postLinks portion of complex 6-7 table joins, reducing intermediate result sets significantly.

### Why Other Candidates Were Rejected

- **postHistory(CreationDate, PostId)** and **postHistory(CreationDate, UserId)**: The planner showed minimal improvement (~0-100 cost) because postHistory is already well-covered by PostId and PostHistoryTypeId indexes, and date-range-only filtering still requires reading most of the table.
- **votes(PostId, VoteTypeId)** without CreationDate: Marginally weaker than the 3-column version; the planner consistently preferred the 3-column composite.
- **comments(Score, UserId, CreationDate)** (different column order): Tested and showed planner preferred the (Score, CreationDate, UserId) ordering for date range filtering after score equality.
- **posts(PostTypeId, OwnerUserId, Id)**: The existing idx_posts_posttypeid bitmap index already handles PostTypeId filtering effectively; adding OwnerUserId/Id showed negligible improvement.",194.577,-8.2
s38,"[{""table"": ""posts"", ""columns"": [""CreationDate"", ""Id"", ""OwnerUserId""]}, {""table"": ""votes"", ""columns"": [""VoteTypeId"", ""PostId"", ""CreationDate""]}, {""table"": ""comments"", ""columns"": [""Score"", ""CreationDate"", ""UserId""]}, {""table"": ""postHistory"", ""columns"": [""PostHistoryTypeId"", ""CreationDate"", ""UserId""]}, {""table"": ""postLinks"", ""columns"": [""RelatedPostId"", ""LinkTypeId"", ""CreationDate""]}]","## Analysis Summary

After extensive cost estimation across the full 146-query workload, I identified the existing index set and the five additional indexes that deliver the most benefit. The existing schema already has a rich set of indexes (idx_badges_userid, idx_badges_userid_date, idx_comments_userid, idx_comments_score_userid, idx_comments_postid, idx_comments_postid_creationdate, idx_comments_userid_score_creationdate, idx_votes_userid, idx_votes_userid_creationdate, idx_votes_postid_creationdate, idx_posthistory_userid, idx_posthistory_postid, idx_posthistory_postid_creationdate, idx_posthistory_posttypeid, idx_posthistory_posttypeid_userid, idx_posthistory_userid_typeid_creationdate, idx_postlinks_postid, idx_postlinks_relatedpostid, idx_postlinks_postid_linktypeid_creationdate, idx_posts_posttypeid, idx_posts_owneruserid, idx_posts_viewcount, idx_posts_answercount, idx_posts_id_posttype_creationdate, idx_posts_id_owneruserid).

### Recommended New Indexes

**1. posts(CreationDate, Id, OwnerUserId)**
- Confirmed effective by query planner for many queries (s7, s8, s18, s19, s20, s22, s26, s29, s40, s41, s42, s44, s92, s100, s117, s118, s120, s122, s123, s130, s137, s145, s146 and many complex queries).
- The planner uses it as an index-only scan for date-range filtering on posts, then exposes Id for join to postLinks/postHistory/votes and OwnerUserId for join to users/comments. This eliminates large sequential scans on the posts table (2219–2679 cost) reducing them to targeted index-only scans (~2700 rows selected from ~90k).
- Cost improvement observed: from ~11,605 to ~11,441 for s20; similar savings across dozens of queries that filter posts by CreationDate.

**2. votes(VoteTypeId, PostId, CreationDate)**
- Confirmed used by planner as `tmp_idx_votes_0786ecb9` in s129 (cost ~12,767 vs ~13,703 without) and many other queries (s25, s61, s63, s70, s71, s73, s76, s96, s127, s128, s129, s143, s145).
- The VoteTypeId=2 (upvote) filter is extremely common. Combined with PostId join key and optional CreationDate range filter, this composite index enables index-only scans instead of full sequential scans on the votes table (~192k rows, seq scan cost ~4,572).
- Particularly important for medium/complex queries involving 5-7-table joins where reducing votes scan cost has multiplicative benefit.

**3. comments(Score, CreationDate, UserId)**
- Confirmed used by planner as `tmp_idx_comments_2503997b` for queries filtering Score=1 or Score=2 with CreationDate ranges (s34, s49, s50, s107, s108, s116, s131 and others).
- Supplements the existing idx_comments_score_userid by adding CreationDate to enable range pruning when both Score equality and date ranges are applied. The planner chooses this for Score=1+date patterns, delivering targeted index-only scans of ~14,754 rows vs. full comment table scans (~102k rows with filter cost ~2,882).
- Queries like s34 drop from ~149,249 cost to a much more tractable plan.

**4. postHistory(PostHistoryTypeId, CreationDate, UserId)**
- Confirmed used by planner as `tmp_idx_posthistory_84524b61` for queries filtering PostHistoryTypeId with CreationDate ranges and then joining by UserId (s38, s39, s47, s51, s106, s121, s125, s132, s145).
- For PostHistoryTypeId equality + CreationDate range, this enables index-only scans returning ~17,000–27,000 rows vs. bitmap heap scans of ~24,000–70,000 rows from the existing posttypeid-only index.
- The difference is most dramatic for s106 where the planner uses it for a 3-table join (comments+postHistory+votes on UserId) achieving cost ~474,086 vs millions without it.

**5. postLinks(RelatedPostId, LinkTypeId, CreationDate)**
- Confirmed used by planner as `tmp_idx_postlinks_fe583d40` in multiple queries (s26, s40, s41, s53, s54, s58, s59, s60, s61, s62, s63, s68–s73, s137, s139, s140–s143).
- Many complex queries join postLinks on RelatedPostId and filter on LinkTypeId=1 and/or CreationDate. The existing idx_postlinks_relatedpostid covers only the join key. Adding LinkTypeId+CreationDate enables filtering ~10,186 rows (LinkTypeId=1) or narrower with date ranges, vs. the full 11,102-row postlinks table.
- Enables index-only scans for the postLinks portion of complex 6-7 table joins, reducing intermediate result sets significantly.

### Why Other Candidates Were Rejected

- **postHistory(CreationDate, PostId)** and **postHistory(CreationDate, UserId)**: The planner showed minimal improvement (~0-100 cost) because postHistory is already well-covered by PostId and PostHistoryTypeId indexes, and date-range-only filtering still requires reading most of the table.
- **votes(PostId, VoteTypeId)** without CreationDate: Marginally weaker than the 3-column version; the planner consistently preferred the 3-column composite.
- **comments(Score, UserId, CreationDate)** (different column order): Tested and showed planner preferred the (Score, CreationDate, UserId) ordering for date range filtering after score equality.
- **posts(PostTypeId, OwnerUserId, Id)**: The existing idx_posts_posttypeid bitmap index already handles PostTypeId filtering effectively; adding OwnerUserId/Id showed negligible improvement.",5713.445,-5.01
s39,"[{""table"": ""posts"", ""columns"": [""CreationDate"", ""Id"", ""OwnerUserId""]}, {""table"": ""votes"", ""columns"": [""VoteTypeId"", ""PostId"", ""CreationDate""]}, {""table"": ""comments"", ""columns"": [""Score"", ""CreationDate"", ""UserId""]}, {""table"": ""postHistory"", ""columns"": [""PostHistoryTypeId"", ""CreationDate"", ""UserId""]}, {""table"": ""postLinks"", ""columns"": [""RelatedPostId"", ""LinkTypeId"", ""CreationDate""]}]","## Analysis Summary

After extensive cost estimation across the full 146-query workload, I identified the existing index set and the five additional indexes that deliver the most benefit. The existing schema already has a rich set of indexes (idx_badges_userid, idx_badges_userid_date, idx_comments_userid, idx_comments_score_userid, idx_comments_postid, idx_comments_postid_creationdate, idx_comments_userid_score_creationdate, idx_votes_userid, idx_votes_userid_creationdate, idx_votes_postid_creationdate, idx_posthistory_userid, idx_posthistory_postid, idx_posthistory_postid_creationdate, idx_posthistory_posttypeid, idx_posthistory_posttypeid_userid, idx_posthistory_userid_typeid_creationdate, idx_postlinks_postid, idx_postlinks_relatedpostid, idx_postlinks_postid_linktypeid_creationdate, idx_posts_posttypeid, idx_posts_owneruserid, idx_posts_viewcount, idx_posts_answercount, idx_posts_id_posttype_creationdate, idx_posts_id_owneruserid).

### Recommended New Indexes

**1. posts(CreationDate, Id, OwnerUserId)**
- Confirmed effective by query planner for many queries (s7, s8, s18, s19, s20, s22, s26, s29, s40, s41, s42, s44, s92, s100, s117, s118, s120, s122, s123, s130, s137, s145, s146 and many complex queries).
- The planner uses it as an index-only scan for date-range filtering on posts, then exposes Id for join to postLinks/postHistory/votes and OwnerUserId for join to users/comments. This eliminates large sequential scans on the posts table (2219–2679 cost) reducing them to targeted index-only scans (~2700 rows selected from ~90k).
- Cost improvement observed: from ~11,605 to ~11,441 for s20; similar savings across dozens of queries that filter posts by CreationDate.

**2. votes(VoteTypeId, PostId, CreationDate)**
- Confirmed used by planner as `tmp_idx_votes_0786ecb9` in s129 (cost ~12,767 vs ~13,703 without) and many other queries (s25, s61, s63, s70, s71, s73, s76, s96, s127, s128, s129, s143, s145).
- The VoteTypeId=2 (upvote) filter is extremely common. Combined with PostId join key and optional CreationDate range filter, this composite index enables index-only scans instead of full sequential scans on the votes table (~192k rows, seq scan cost ~4,572).
- Particularly important for medium/complex queries involving 5-7-table joins where reducing votes scan cost has multiplicative benefit.

**3. comments(Score, CreationDate, UserId)**
- Confirmed used by planner as `tmp_idx_comments_2503997b` for queries filtering Score=1 or Score=2 with CreationDate ranges (s34, s49, s50, s107, s108, s116, s131 and others).
- Supplements the existing idx_comments_score_userid by adding CreationDate to enable range pruning when both Score equality and date ranges are applied. The planner chooses this for Score=1+date patterns, delivering targeted index-only scans of ~14,754 rows vs. full comment table scans (~102k rows with filter cost ~2,882).
- Queries like s34 drop from ~149,249 cost to a much more tractable plan.

**4. postHistory(PostHistoryTypeId, CreationDate, UserId)**
- Confirmed used by planner as `tmp_idx_posthistory_84524b61` for queries filtering PostHistoryTypeId with CreationDate ranges and then joining by UserId (s38, s39, s47, s51, s106, s121, s125, s132, s145).
- For PostHistoryTypeId equality + CreationDate range, this enables index-only scans returning ~17,000–27,000 rows vs. bitmap heap scans of ~24,000–70,000 rows from the existing posttypeid-only index.
- The difference is most dramatic for s106 where the planner uses it for a 3-table join (comments+postHistory+votes on UserId) achieving cost ~474,086 vs millions without it.

**5. postLinks(RelatedPostId, LinkTypeId, CreationDate)**
- Confirmed used by planner as `tmp_idx_postlinks_fe583d40` in multiple queries (s26, s40, s41, s53, s54, s58, s59, s60, s61, s62, s63, s68–s73, s137, s139, s140–s143).
- Many complex queries join postLinks on RelatedPostId and filter on LinkTypeId=1 and/or CreationDate. The existing idx_postlinks_relatedpostid covers only the join key. Adding LinkTypeId+CreationDate enables filtering ~10,186 rows (LinkTypeId=1) or narrower with date ranges, vs. the full 11,102-row postlinks table.
- Enables index-only scans for the postLinks portion of complex 6-7 table joins, reducing intermediate result sets significantly.

### Why Other Candidates Were Rejected

- **postHistory(CreationDate, PostId)** and **postHistory(CreationDate, UserId)**: The planner showed minimal improvement (~0-100 cost) because postHistory is already well-covered by PostId and PostHistoryTypeId indexes, and date-range-only filtering still requires reading most of the table.
- **votes(PostId, VoteTypeId)** without CreationDate: Marginally weaker than the 3-column version; the planner consistently preferred the 3-column composite.
- **comments(Score, UserId, CreationDate)** (different column order): Tested and showed planner preferred the (Score, CreationDate, UserId) ordering for date range filtering after score equality.
- **posts(PostTypeId, OwnerUserId, Id)**: The existing idx_posts_posttypeid bitmap index already handles PostTypeId filtering effectively; adding OwnerUserId/Id showed negligible improvement.",287.764,11.41
s40,"[{""table"": ""posts"", ""columns"": [""CreationDate"", ""Id"", ""OwnerUserId""]}, {""table"": ""votes"", ""columns"": [""VoteTypeId"", ""PostId"", ""CreationDate""]}, {""table"": ""comments"", ""columns"": [""Score"", ""CreationDate"", ""UserId""]}, {""table"": ""postHistory"", ""columns"": [""PostHistoryTypeId"", ""CreationDate"", ""UserId""]}, {""table"": ""postLinks"", ""columns"": [""RelatedPostId"", ""LinkTypeId"", ""CreationDate""]}]","## Analysis Summary

After extensive cost estimation across the full 146-query workload, I identified the existing index set and the five additional indexes that deliver the most benefit. The existing schema already has a rich set of indexes (idx_badges_userid, idx_badges_userid_date, idx_comments_userid, idx_comments_score_userid, idx_comments_postid, idx_comments_postid_creationdate, idx_comments_userid_score_creationdate, idx_votes_userid, idx_votes_userid_creationdate, idx_votes_postid_creationdate, idx_posthistory_userid, idx_posthistory_postid, idx_posthistory_postid_creationdate, idx_posthistory_posttypeid, idx_posthistory_posttypeid_userid, idx_posthistory_userid_typeid_creationdate, idx_postlinks_postid, idx_postlinks_relatedpostid, idx_postlinks_postid_linktypeid_creationdate, idx_posts_posttypeid, idx_posts_owneruserid, idx_posts_viewcount, idx_posts_answercount, idx_posts_id_posttype_creationdate, idx_posts_id_owneruserid).

### Recommended New Indexes

**1. posts(CreationDate, Id, OwnerUserId)**
- Confirmed effective by query planner for many queries (s7, s8, s18, s19, s20, s22, s26, s29, s40, s41, s42, s44, s92, s100, s117, s118, s120, s122, s123, s130, s137, s145, s146 and many complex queries).
- The planner uses it as an index-only scan for date-range filtering on posts, then exposes Id for join to postLinks/postHistory/votes and OwnerUserId for join to users/comments. This eliminates large sequential scans on the posts table (2219–2679 cost) reducing them to targeted index-only scans (~2700 rows selected from ~90k).
- Cost improvement observed: from ~11,605 to ~11,441 for s20; similar savings across dozens of queries that filter posts by CreationDate.

**2. votes(VoteTypeId, PostId, CreationDate)**
- Confirmed used by planner as `tmp_idx_votes_0786ecb9` in s129 (cost ~12,767 vs ~13,703 without) and many other queries (s25, s61, s63, s70, s71, s73, s76, s96, s127, s128, s129, s143, s145).
- The VoteTypeId=2 (upvote) filter is extremely common. Combined with PostId join key and optional CreationDate range filter, this composite index enables index-only scans instead of full sequential scans on the votes table (~192k rows, seq scan cost ~4,572).
- Particularly important for medium/complex queries involving 5-7-table joins where reducing votes scan cost has multiplicative benefit.

**3. comments(Score, CreationDate, UserId)**
- Confirmed used by planner as `tmp_idx_comments_2503997b` for queries filtering Score=1 or Score=2 with CreationDate ranges (s34, s49, s50, s107, s108, s116, s131 and others).
- Supplements the existing idx_comments_score_userid by adding CreationDate to enable range pruning when both Score equality and date ranges are applied. The planner chooses this for Score=1+date patterns, delivering targeted index-only scans of ~14,754 rows vs. full comment table scans (~102k rows with filter cost ~2,882).
- Queries like s34 drop from ~149,249 cost to a much more tractable plan.

**4. postHistory(PostHistoryTypeId, CreationDate, UserId)**
- Confirmed used by planner as `tmp_idx_posthistory_84524b61` for queries filtering PostHistoryTypeId with CreationDate ranges and then joining by UserId (s38, s39, s47, s51, s106, s121, s125, s132, s145).
- For PostHistoryTypeId equality + CreationDate range, this enables index-only scans returning ~17,000–27,000 rows vs. bitmap heap scans of ~24,000–70,000 rows from the existing posttypeid-only index.
- The difference is most dramatic for s106 where the planner uses it for a 3-table join (comments+postHistory+votes on UserId) achieving cost ~474,086 vs millions without it.

**5. postLinks(RelatedPostId, LinkTypeId, CreationDate)**
- Confirmed used by planner as `tmp_idx_postlinks_fe583d40` in multiple queries (s26, s40, s41, s53, s54, s58, s59, s60, s61, s62, s63, s68–s73, s137, s139, s140–s143).
- Many complex queries join postLinks on RelatedPostId and filter on LinkTypeId=1 and/or CreationDate. The existing idx_postlinks_relatedpostid covers only the join key. Adding LinkTypeId+CreationDate enables filtering ~10,186 rows (LinkTypeId=1) or narrower with date ranges, vs. the full 11,102-row postlinks table.
- Enables index-only scans for the postLinks portion of complex 6-7 table joins, reducing intermediate result sets significantly.

### Why Other Candidates Were Rejected

- **postHistory(CreationDate, PostId)** and **postHistory(CreationDate, UserId)**: The planner showed minimal improvement (~0-100 cost) because postHistory is already well-covered by PostId and PostHistoryTypeId indexes, and date-range-only filtering still requires reading most of the table.
- **votes(PostId, VoteTypeId)** without CreationDate: Marginally weaker than the 3-column version; the planner consistently preferred the 3-column composite.
- **comments(Score, UserId, CreationDate)** (different column order): Tested and showed planner preferred the (Score, CreationDate, UserId) ordering for date range filtering after score equality.
- **posts(PostTypeId, OwnerUserId, Id)**: The existing idx_posts_posttypeid bitmap index already handles PostTypeId filtering effectively; adding OwnerUserId/Id showed negligible improvement.",40.784,5.62
s41,"[{""table"": ""posts"", ""columns"": [""CreationDate"", ""Id"", ""OwnerUserId""]}, {""table"": ""votes"", ""columns"": [""VoteTypeId"", ""PostId"", ""CreationDate""]}, {""table"": ""comments"", ""columns"": [""Score"", ""CreationDate"", ""UserId""]}, {""table"": ""postHistory"", ""columns"": [""PostHistoryTypeId"", ""CreationDate"", ""UserId""]}, {""table"": ""postLinks"", ""columns"": [""RelatedPostId"", ""LinkTypeId"", ""CreationDate""]}]","## Analysis Summary

After extensive cost estimation across the full 146-query workload, I identified the existing index set and the five additional indexes that deliver the most benefit. The existing schema already has a rich set of indexes (idx_badges_userid, idx_badges_userid_date, idx_comments_userid, idx_comments_score_userid, idx_comments_postid, idx_comments_postid_creationdate, idx_comments_userid_score_creationdate, idx_votes_userid, idx_votes_userid_creationdate, idx_votes_postid_creationdate, idx_posthistory_userid, idx_posthistory_postid, idx_posthistory_postid_creationdate, idx_posthistory_posttypeid, idx_posthistory_posttypeid_userid, idx_posthistory_userid_typeid_creationdate, idx_postlinks_postid, idx_postlinks_relatedpostid, idx_postlinks_postid_linktypeid_creationdate, idx_posts_posttypeid, idx_posts_owneruserid, idx_posts_viewcount, idx_posts_answercount, idx_posts_id_posttype_creationdate, idx_posts_id_owneruserid).

### Recommended New Indexes

**1. posts(CreationDate, Id, OwnerUserId)**
- Confirmed effective by query planner for many queries (s7, s8, s18, s19, s20, s22, s26, s29, s40, s41, s42, s44, s92, s100, s117, s118, s120, s122, s123, s130, s137, s145, s146 and many complex queries).
- The planner uses it as an index-only scan for date-range filtering on posts, then exposes Id for join to postLinks/postHistory/votes and OwnerUserId for join to users/comments. This eliminates large sequential scans on the posts table (2219–2679 cost) reducing them to targeted index-only scans (~2700 rows selected from ~90k).
- Cost improvement observed: from ~11,605 to ~11,441 for s20; similar savings across dozens of queries that filter posts by CreationDate.

**2. votes(VoteTypeId, PostId, CreationDate)**
- Confirmed used by planner as `tmp_idx_votes_0786ecb9` in s129 (cost ~12,767 vs ~13,703 without) and many other queries (s25, s61, s63, s70, s71, s73, s76, s96, s127, s128, s129, s143, s145).
- The VoteTypeId=2 (upvote) filter is extremely common. Combined with PostId join key and optional CreationDate range filter, this composite index enables index-only scans instead of full sequential scans on the votes table (~192k rows, seq scan cost ~4,572).
- Particularly important for medium/complex queries involving 5-7-table joins where reducing votes scan cost has multiplicative benefit.

**3. comments(Score, CreationDate, UserId)**
- Confirmed used by planner as `tmp_idx_comments_2503997b` for queries filtering Score=1 or Score=2 with CreationDate ranges (s34, s49, s50, s107, s108, s116, s131 and others).
- Supplements the existing idx_comments_score_userid by adding CreationDate to enable range pruning when both Score equality and date ranges are applied. The planner chooses this for Score=1+date patterns, delivering targeted index-only scans of ~14,754 rows vs. full comment table scans (~102k rows with filter cost ~2,882).
- Queries like s34 drop from ~149,249 cost to a much more tractable plan.

**4. postHistory(PostHistoryTypeId, CreationDate, UserId)**
- Confirmed used by planner as `tmp_idx_posthistory_84524b61` for queries filtering PostHistoryTypeId with CreationDate ranges and then joining by UserId (s38, s39, s47, s51, s106, s121, s125, s132, s145).
- For PostHistoryTypeId equality + CreationDate range, this enables index-only scans returning ~17,000–27,000 rows vs. bitmap heap scans of ~24,000–70,000 rows from the existing posttypeid-only index.
- The difference is most dramatic for s106 where the planner uses it for a 3-table join (comments+postHistory+votes on UserId) achieving cost ~474,086 vs millions without it.

**5. postLinks(RelatedPostId, LinkTypeId, CreationDate)**
- Confirmed used by planner as `tmp_idx_postlinks_fe583d40` in multiple queries (s26, s40, s41, s53, s54, s58, s59, s60, s61, s62, s63, s68–s73, s137, s139, s140–s143).
- Many complex queries join postLinks on RelatedPostId and filter on LinkTypeId=1 and/or CreationDate. The existing idx_postlinks_relatedpostid covers only the join key. Adding LinkTypeId+CreationDate enables filtering ~10,186 rows (LinkTypeId=1) or narrower with date ranges, vs. the full 11,102-row postlinks table.
- Enables index-only scans for the postLinks portion of complex 6-7 table joins, reducing intermediate result sets significantly.

### Why Other Candidates Were Rejected

- **postHistory(CreationDate, PostId)** and **postHistory(CreationDate, UserId)**: The planner showed minimal improvement (~0-100 cost) because postHistory is already well-covered by PostId and PostHistoryTypeId indexes, and date-range-only filtering still requires reading most of the table.
- **votes(PostId, VoteTypeId)** without CreationDate: Marginally weaker than the 3-column version; the planner consistently preferred the 3-column composite.
- **comments(Score, UserId, CreationDate)** (different column order): Tested and showed planner preferred the (Score, CreationDate, UserId) ordering for date range filtering after score equality.
- **posts(PostTypeId, OwnerUserId, Id)**: The existing idx_posts_posttypeid bitmap index already handles PostTypeId filtering effectively; adding OwnerUserId/Id showed negligible improvement.",17.051,-2.44
s42,"[{""table"": ""posts"", ""columns"": [""CreationDate"", ""Id"", ""OwnerUserId""]}, {""table"": ""votes"", ""columns"": [""VoteTypeId"", ""PostId"", ""CreationDate""]}, {""table"": ""comments"", ""columns"": [""Score"", ""CreationDate"", ""UserId""]}, {""table"": ""postHistory"", ""columns"": [""PostHistoryTypeId"", ""CreationDate"", ""UserId""]}, {""table"": ""postLinks"", ""columns"": [""RelatedPostId"", ""LinkTypeId"", ""CreationDate""]}]","## Analysis Summary

After extensive cost estimation across the full 146-query workload, I identified the existing index set and the five additional indexes that deliver the most benefit. The existing schema already has a rich set of indexes (idx_badges_userid, idx_badges_userid_date, idx_comments_userid, idx_comments_score_userid, idx_comments_postid, idx_comments_postid_creationdate, idx_comments_userid_score_creationdate, idx_votes_userid, idx_votes_userid_creationdate, idx_votes_postid_creationdate, idx_posthistory_userid, idx_posthistory_postid, idx_posthistory_postid_creationdate, idx_posthistory_posttypeid, idx_posthistory_posttypeid_userid, idx_posthistory_userid_typeid_creationdate, idx_postlinks_postid, idx_postlinks_relatedpostid, idx_postlinks_postid_linktypeid_creationdate, idx_posts_posttypeid, idx_posts_owneruserid, idx_posts_viewcount, idx_posts_answercount, idx_posts_id_posttype_creationdate, idx_posts_id_owneruserid).

### Recommended New Indexes

**1. posts(CreationDate, Id, OwnerUserId)**
- Confirmed effective by query planner for many queries (s7, s8, s18, s19, s20, s22, s26, s29, s40, s41, s42, s44, s92, s100, s117, s118, s120, s122, s123, s130, s137, s145, s146 and many complex queries).
- The planner uses it as an index-only scan for date-range filtering on posts, then exposes Id for join to postLinks/postHistory/votes and OwnerUserId for join to users/comments. This eliminates large sequential scans on the posts table (2219–2679 cost) reducing them to targeted index-only scans (~2700 rows selected from ~90k).
- Cost improvement observed: from ~11,605 to ~11,441 for s20; similar savings across dozens of queries that filter posts by CreationDate.

**2. votes(VoteTypeId, PostId, CreationDate)**
- Confirmed used by planner as `tmp_idx_votes_0786ecb9` in s129 (cost ~12,767 vs ~13,703 without) and many other queries (s25, s61, s63, s70, s71, s73, s76, s96, s127, s128, s129, s143, s145).
- The VoteTypeId=2 (upvote) filter is extremely common. Combined with PostId join key and optional CreationDate range filter, this composite index enables index-only scans instead of full sequential scans on the votes table (~192k rows, seq scan cost ~4,572).
- Particularly important for medium/complex queries involving 5-7-table joins where reducing votes scan cost has multiplicative benefit.

**3. comments(Score, CreationDate, UserId)**
- Confirmed used by planner as `tmp_idx_comments_2503997b` for queries filtering Score=1 or Score=2 with CreationDate ranges (s34, s49, s50, s107, s108, s116, s131 and others).
- Supplements the existing idx_comments_score_userid by adding CreationDate to enable range pruning when both Score equality and date ranges are applied. The planner chooses this for Score=1+date patterns, delivering targeted index-only scans of ~14,754 rows vs. full comment table scans (~102k rows with filter cost ~2,882).
- Queries like s34 drop from ~149,249 cost to a much more tractable plan.

**4. postHistory(PostHistoryTypeId, CreationDate, UserId)**
- Confirmed used by planner as `tmp_idx_posthistory_84524b61` for queries filtering PostHistoryTypeId with CreationDate ranges and then joining by UserId (s38, s39, s47, s51, s106, s121, s125, s132, s145).
- For PostHistoryTypeId equality + CreationDate range, this enables index-only scans returning ~17,000–27,000 rows vs. bitmap heap scans of ~24,000–70,000 rows from the existing posttypeid-only index.
- The difference is most dramatic for s106 where the planner uses it for a 3-table join (comments+postHistory+votes on UserId) achieving cost ~474,086 vs millions without it.

**5. postLinks(RelatedPostId, LinkTypeId, CreationDate)**
- Confirmed used by planner as `tmp_idx_postlinks_fe583d40` in multiple queries (s26, s40, s41, s53, s54, s58, s59, s60, s61, s62, s63, s68–s73, s137, s139, s140–s143).
- Many complex queries join postLinks on RelatedPostId and filter on LinkTypeId=1 and/or CreationDate. The existing idx_postlinks_relatedpostid covers only the join key. Adding LinkTypeId+CreationDate enables filtering ~10,186 rows (LinkTypeId=1) or narrower with date ranges, vs. the full 11,102-row postlinks table.
- Enables index-only scans for the postLinks portion of complex 6-7 table joins, reducing intermediate result sets significantly.

### Why Other Candidates Were Rejected

- **postHistory(CreationDate, PostId)** and **postHistory(CreationDate, UserId)**: The planner showed minimal improvement (~0-100 cost) because postHistory is already well-covered by PostId and PostHistoryTypeId indexes, and date-range-only filtering still requires reading most of the table.
- **votes(PostId, VoteTypeId)** without CreationDate: Marginally weaker than the 3-column version; the planner consistently preferred the 3-column composite.
- **comments(Score, UserId, CreationDate)** (different column order): Tested and showed planner preferred the (Score, CreationDate, UserId) ordering for date range filtering after score equality.
- **posts(PostTypeId, OwnerUserId, Id)**: The existing idx_posts_posttypeid bitmap index already handles PostTypeId filtering effectively; adding OwnerUserId/Id showed negligible improvement.",157.413,4.94
s43,"[{""table"": ""posts"", ""columns"": [""CreationDate"", ""Id"", ""OwnerUserId""]}, {""table"": ""votes"", ""columns"": [""VoteTypeId"", ""PostId"", ""CreationDate""]}, {""table"": ""comments"", ""columns"": [""Score"", ""CreationDate"", ""UserId""]}, {""table"": ""postHistory"", ""columns"": [""PostHistoryTypeId"", ""CreationDate"", ""UserId""]}, {""table"": ""postLinks"", ""columns"": [""RelatedPostId"", ""LinkTypeId"", ""CreationDate""]}]","## Analysis Summary

After extensive cost estimation across the full 146-query workload, I identified the existing index set and the five additional indexes that deliver the most benefit. The existing schema already has a rich set of indexes (idx_badges_userid, idx_badges_userid_date, idx_comments_userid, idx_comments_score_userid, idx_comments_postid, idx_comments_postid_creationdate, idx_comments_userid_score_creationdate, idx_votes_userid, idx_votes_userid_creationdate, idx_votes_postid_creationdate, idx_posthistory_userid, idx_posthistory_postid, idx_posthistory_postid_creationdate, idx_posthistory_posttypeid, idx_posthistory_posttypeid_userid, idx_posthistory_userid_typeid_creationdate, idx_postlinks_postid, idx_postlinks_relatedpostid, idx_postlinks_postid_linktypeid_creationdate, idx_posts_posttypeid, idx_posts_owneruserid, idx_posts_viewcount, idx_posts_answercount, idx_posts_id_posttype_creationdate, idx_posts_id_owneruserid).

### Recommended New Indexes

**1. posts(CreationDate, Id, OwnerUserId)**
- Confirmed effective by query planner for many queries (s7, s8, s18, s19, s20, s22, s26, s29, s40, s41, s42, s44, s92, s100, s117, s118, s120, s122, s123, s130, s137, s145, s146 and many complex queries).
- The planner uses it as an index-only scan for date-range filtering on posts, then exposes Id for join to postLinks/postHistory/votes and OwnerUserId for join to users/comments. This eliminates large sequential scans on the posts table (2219–2679 cost) reducing them to targeted index-only scans (~2700 rows selected from ~90k).
- Cost improvement observed: from ~11,605 to ~11,441 for s20; similar savings across dozens of queries that filter posts by CreationDate.

**2. votes(VoteTypeId, PostId, CreationDate)**
- Confirmed used by planner as `tmp_idx_votes_0786ecb9` in s129 (cost ~12,767 vs ~13,703 without) and many other queries (s25, s61, s63, s70, s71, s73, s76, s96, s127, s128, s129, s143, s145).
- The VoteTypeId=2 (upvote) filter is extremely common. Combined with PostId join key and optional CreationDate range filter, this composite index enables index-only scans instead of full sequential scans on the votes table (~192k rows, seq scan cost ~4,572).
- Particularly important for medium/complex queries involving 5-7-table joins where reducing votes scan cost has multiplicative benefit.

**3. comments(Score, CreationDate, UserId)**
- Confirmed used by planner as `tmp_idx_comments_2503997b` for queries filtering Score=1 or Score=2 with CreationDate ranges (s34, s49, s50, s107, s108, s116, s131 and others).
- Supplements the existing idx_comments_score_userid by adding CreationDate to enable range pruning when both Score equality and date ranges are applied. The planner chooses this for Score=1+date patterns, delivering targeted index-only scans of ~14,754 rows vs. full comment table scans (~102k rows with filter cost ~2,882).
- Queries like s34 drop from ~149,249 cost to a much more tractable plan.

**4. postHistory(PostHistoryTypeId, CreationDate, UserId)**
- Confirmed used by planner as `tmp_idx_posthistory_84524b61` for queries filtering PostHistoryTypeId with CreationDate ranges and then joining by UserId (s38, s39, s47, s51, s106, s121, s125, s132, s145).
- For PostHistoryTypeId equality + CreationDate range, this enables index-only scans returning ~17,000–27,000 rows vs. bitmap heap scans of ~24,000–70,000 rows from the existing posttypeid-only index.
- The difference is most dramatic for s106 where the planner uses it for a 3-table join (comments+postHistory+votes on UserId) achieving cost ~474,086 vs millions without it.

**5. postLinks(RelatedPostId, LinkTypeId, CreationDate)**
- Confirmed used by planner as `tmp_idx_postlinks_fe583d40` in multiple queries (s26, s40, s41, s53, s54, s58, s59, s60, s61, s62, s63, s68–s73, s137, s139, s140–s143).
- Many complex queries join postLinks on RelatedPostId and filter on LinkTypeId=1 and/or CreationDate. The existing idx_postlinks_relatedpostid covers only the join key. Adding LinkTypeId+CreationDate enables filtering ~10,186 rows (LinkTypeId=1) or narrower with date ranges, vs. the full 11,102-row postlinks table.
- Enables index-only scans for the postLinks portion of complex 6-7 table joins, reducing intermediate result sets significantly.

### Why Other Candidates Were Rejected

- **postHistory(CreationDate, PostId)** and **postHistory(CreationDate, UserId)**: The planner showed minimal improvement (~0-100 cost) because postHistory is already well-covered by PostId and PostHistoryTypeId indexes, and date-range-only filtering still requires reading most of the table.
- **votes(PostId, VoteTypeId)** without CreationDate: Marginally weaker than the 3-column version; the planner consistently preferred the 3-column composite.
- **comments(Score, UserId, CreationDate)** (different column order): Tested and showed planner preferred the (Score, CreationDate, UserId) ordering for date range filtering after score equality.
- **posts(PostTypeId, OwnerUserId, Id)**: The existing idx_posts_posttypeid bitmap index already handles PostTypeId filtering effectively; adding OwnerUserId/Id showed negligible improvement.",503.174,18.1
s44,"[{""table"": ""posts"", ""columns"": [""CreationDate"", ""Id"", ""OwnerUserId""]}, {""table"": ""votes"", ""columns"": [""VoteTypeId"", ""PostId"", ""CreationDate""]}, {""table"": ""comments"", ""columns"": [""Score"", ""CreationDate"", ""UserId""]}, {""table"": ""postHistory"", ""columns"": [""PostHistoryTypeId"", ""CreationDate"", ""UserId""]}, {""table"": ""postLinks"", ""columns"": [""RelatedPostId"", ""LinkTypeId"", ""CreationDate""]}]","## Analysis Summary

After extensive cost estimation across the full 146-query workload, I identified the existing index set and the five additional indexes that deliver the most benefit. The existing schema already has a rich set of indexes (idx_badges_userid, idx_badges_userid_date, idx_comments_userid, idx_comments_score_userid, idx_comments_postid, idx_comments_postid_creationdate, idx_comments_userid_score_creationdate, idx_votes_userid, idx_votes_userid_creationdate, idx_votes_postid_creationdate, idx_posthistory_userid, idx_posthistory_postid, idx_posthistory_postid_creationdate, idx_posthistory_posttypeid, idx_posthistory_posttypeid_userid, idx_posthistory_userid_typeid_creationdate, idx_postlinks_postid, idx_postlinks_relatedpostid, idx_postlinks_postid_linktypeid_creationdate, idx_posts_posttypeid, idx_posts_owneruserid, idx_posts_viewcount, idx_posts_answercount, idx_posts_id_posttype_creationdate, idx_posts_id_owneruserid).

### Recommended New Indexes

**1. posts(CreationDate, Id, OwnerUserId)**
- Confirmed effective by query planner for many queries (s7, s8, s18, s19, s20, s22, s26, s29, s40, s41, s42, s44, s92, s100, s117, s118, s120, s122, s123, s130, s137, s145, s146 and many complex queries).
- The planner uses it as an index-only scan for date-range filtering on posts, then exposes Id for join to postLinks/postHistory/votes and OwnerUserId for join to users/comments. This eliminates large sequential scans on the posts table (2219–2679 cost) reducing them to targeted index-only scans (~2700 rows selected from ~90k).
- Cost improvement observed: from ~11,605 to ~11,441 for s20; similar savings across dozens of queries that filter posts by CreationDate.

**2. votes(VoteTypeId, PostId, CreationDate)**
- Confirmed used by planner as `tmp_idx_votes_0786ecb9` in s129 (cost ~12,767 vs ~13,703 without) and many other queries (s25, s61, s63, s70, s71, s73, s76, s96, s127, s128, s129, s143, s145).
- The VoteTypeId=2 (upvote) filter is extremely common. Combined with PostId join key and optional CreationDate range filter, this composite index enables index-only scans instead of full sequential scans on the votes table (~192k rows, seq scan cost ~4,572).
- Particularly important for medium/complex queries involving 5-7-table joins where reducing votes scan cost has multiplicative benefit.

**3. comments(Score, CreationDate, UserId)**
- Confirmed used by planner as `tmp_idx_comments_2503997b` for queries filtering Score=1 or Score=2 with CreationDate ranges (s34, s49, s50, s107, s108, s116, s131 and others).
- Supplements the existing idx_comments_score_userid by adding CreationDate to enable range pruning when both Score equality and date ranges are applied. The planner chooses this for Score=1+date patterns, delivering targeted index-only scans of ~14,754 rows vs. full comment table scans (~102k rows with filter cost ~2,882).
- Queries like s34 drop from ~149,249 cost to a much more tractable plan.

**4. postHistory(PostHistoryTypeId, CreationDate, UserId)**
- Confirmed used by planner as `tmp_idx_posthistory_84524b61` for queries filtering PostHistoryTypeId with CreationDate ranges and then joining by UserId (s38, s39, s47, s51, s106, s121, s125, s132, s145).
- For PostHistoryTypeId equality + CreationDate range, this enables index-only scans returning ~17,000–27,000 rows vs. bitmap heap scans of ~24,000–70,000 rows from the existing posttypeid-only index.
- The difference is most dramatic for s106 where the planner uses it for a 3-table join (comments+postHistory+votes on UserId) achieving cost ~474,086 vs millions without it.

**5. postLinks(RelatedPostId, LinkTypeId, CreationDate)**
- Confirmed used by planner as `tmp_idx_postlinks_fe583d40` in multiple queries (s26, s40, s41, s53, s54, s58, s59, s60, s61, s62, s63, s68–s73, s137, s139, s140–s143).
- Many complex queries join postLinks on RelatedPostId and filter on LinkTypeId=1 and/or CreationDate. The existing idx_postlinks_relatedpostid covers only the join key. Adding LinkTypeId+CreationDate enables filtering ~10,186 rows (LinkTypeId=1) or narrower with date ranges, vs. the full 11,102-row postlinks table.
- Enables index-only scans for the postLinks portion of complex 6-7 table joins, reducing intermediate result sets significantly.

### Why Other Candidates Were Rejected

- **postHistory(CreationDate, PostId)** and **postHistory(CreationDate, UserId)**: The planner showed minimal improvement (~0-100 cost) because postHistory is already well-covered by PostId and PostHistoryTypeId indexes, and date-range-only filtering still requires reading most of the table.
- **votes(PostId, VoteTypeId)** without CreationDate: Marginally weaker than the 3-column version; the planner consistently preferred the 3-column composite.
- **comments(Score, UserId, CreationDate)** (different column order): Tested and showed planner preferred the (Score, CreationDate, UserId) ordering for date range filtering after score equality.
- **posts(PostTypeId, OwnerUserId, Id)**: The existing idx_posts_posttypeid bitmap index already handles PostTypeId filtering effectively; adding OwnerUserId/Id showed negligible improvement.",171.706,-9.99
s45,"[{""table"": ""posts"", ""columns"": [""CreationDate"", ""Id"", ""OwnerUserId""]}, {""table"": ""votes"", ""columns"": [""VoteTypeId"", ""PostId"", ""CreationDate""]}, {""table"": ""comments"", ""columns"": [""Score"", ""CreationDate"", ""UserId""]}, {""table"": ""postHistory"", ""columns"": [""PostHistoryTypeId"", ""CreationDate"", ""UserId""]}, {""table"": ""postLinks"", ""columns"": [""RelatedPostId"", ""LinkTypeId"", ""CreationDate""]}]","## Analysis Summary

After extensive cost estimation across the full 146-query workload, I identified the existing index set and the five additional indexes that deliver the most benefit. The existing schema already has a rich set of indexes (idx_badges_userid, idx_badges_userid_date, idx_comments_userid, idx_comments_score_userid, idx_comments_postid, idx_comments_postid_creationdate, idx_comments_userid_score_creationdate, idx_votes_userid, idx_votes_userid_creationdate, idx_votes_postid_creationdate, idx_posthistory_userid, idx_posthistory_postid, idx_posthistory_postid_creationdate, idx_posthistory_posttypeid, idx_posthistory_posttypeid_userid, idx_posthistory_userid_typeid_creationdate, idx_postlinks_postid, idx_postlinks_relatedpostid, idx_postlinks_postid_linktypeid_creationdate, idx_posts_posttypeid, idx_posts_owneruserid, idx_posts_viewcount, idx_posts_answercount, idx_posts_id_posttype_creationdate, idx_posts_id_owneruserid).

### Recommended New Indexes

**1. posts(CreationDate, Id, OwnerUserId)**
- Confirmed effective by query planner for many queries (s7, s8, s18, s19, s20, s22, s26, s29, s40, s41, s42, s44, s92, s100, s117, s118, s120, s122, s123, s130, s137, s145, s146 and many complex queries).
- The planner uses it as an index-only scan for date-range filtering on posts, then exposes Id for join to postLinks/postHistory/votes and OwnerUserId for join to users/comments. This eliminates large sequential scans on the posts table (2219–2679 cost) reducing them to targeted index-only scans (~2700 rows selected from ~90k).
- Cost improvement observed: from ~11,605 to ~11,441 for s20; similar savings across dozens of queries that filter posts by CreationDate.

**2. votes(VoteTypeId, PostId, CreationDate)**
- Confirmed used by planner as `tmp_idx_votes_0786ecb9` in s129 (cost ~12,767 vs ~13,703 without) and many other queries (s25, s61, s63, s70, s71, s73, s76, s96, s127, s128, s129, s143, s145).
- The VoteTypeId=2 (upvote) filter is extremely common. Combined with PostId join key and optional CreationDate range filter, this composite index enables index-only scans instead of full sequential scans on the votes table (~192k rows, seq scan cost ~4,572).
- Particularly important for medium/complex queries involving 5-7-table joins where reducing votes scan cost has multiplicative benefit.

**3. comments(Score, CreationDate, UserId)**
- Confirmed used by planner as `tmp_idx_comments_2503997b` for queries filtering Score=1 or Score=2 with CreationDate ranges (s34, s49, s50, s107, s108, s116, s131 and others).
- Supplements the existing idx_comments_score_userid by adding CreationDate to enable range pruning when both Score equality and date ranges are applied. The planner chooses this for Score=1+date patterns, delivering targeted index-only scans of ~14,754 rows vs. full comment table scans (~102k rows with filter cost ~2,882).
- Queries like s34 drop from ~149,249 cost to a much more tractable plan.

**4. postHistory(PostHistoryTypeId, CreationDate, UserId)**
- Confirmed used by planner as `tmp_idx_posthistory_84524b61` for queries filtering PostHistoryTypeId with CreationDate ranges and then joining by UserId (s38, s39, s47, s51, s106, s121, s125, s132, s145).
- For PostHistoryTypeId equality + CreationDate range, this enables index-only scans returning ~17,000–27,000 rows vs. bitmap heap scans of ~24,000–70,000 rows from the existing posttypeid-only index.
- The difference is most dramatic for s106 where the planner uses it for a 3-table join (comments+postHistory+votes on UserId) achieving cost ~474,086 vs millions without it.

**5. postLinks(RelatedPostId, LinkTypeId, CreationDate)**
- Confirmed used by planner as `tmp_idx_postlinks_fe583d40` in multiple queries (s26, s40, s41, s53, s54, s58, s59, s60, s61, s62, s63, s68–s73, s137, s139, s140–s143).
- Many complex queries join postLinks on RelatedPostId and filter on LinkTypeId=1 and/or CreationDate. The existing idx_postlinks_relatedpostid covers only the join key. Adding LinkTypeId+CreationDate enables filtering ~10,186 rows (LinkTypeId=1) or narrower with date ranges, vs. the full 11,102-row postlinks table.
- Enables index-only scans for the postLinks portion of complex 6-7 table joins, reducing intermediate result sets significantly.

### Why Other Candidates Were Rejected

- **postHistory(CreationDate, PostId)** and **postHistory(CreationDate, UserId)**: The planner showed minimal improvement (~0-100 cost) because postHistory is already well-covered by PostId and PostHistoryTypeId indexes, and date-range-only filtering still requires reading most of the table.
- **votes(PostId, VoteTypeId)** without CreationDate: Marginally weaker than the 3-column version; the planner consistently preferred the 3-column composite.
- **comments(Score, UserId, CreationDate)** (different column order): Tested and showed planner preferred the (Score, CreationDate, UserId) ordering for date range filtering after score equality.
- **posts(PostTypeId, OwnerUserId, Id)**: The existing idx_posts_posttypeid bitmap index already handles PostTypeId filtering effectively; adding OwnerUserId/Id showed negligible improvement.",35.174,22.39
s46,"[{""table"": ""posts"", ""columns"": [""CreationDate"", ""Id"", ""OwnerUserId""]}, {""table"": ""votes"", ""columns"": [""VoteTypeId"", ""PostId"", ""CreationDate""]}, {""table"": ""comments"", ""columns"": [""Score"", ""CreationDate"", ""UserId""]}, {""table"": ""postHistory"", ""columns"": [""PostHistoryTypeId"", ""CreationDate"", ""UserId""]}, {""table"": ""postLinks"", ""columns"": [""RelatedPostId"", ""LinkTypeId"", ""CreationDate""]}]","## Analysis Summary

After extensive cost estimation across the full 146-query workload, I identified the existing index set and the five additional indexes that deliver the most benefit. The existing schema already has a rich set of indexes (idx_badges_userid, idx_badges_userid_date, idx_comments_userid, idx_comments_score_userid, idx_comments_postid, idx_comments_postid_creationdate, idx_comments_userid_score_creationdate, idx_votes_userid, idx_votes_userid_creationdate, idx_votes_postid_creationdate, idx_posthistory_userid, idx_posthistory_postid, idx_posthistory_postid_creationdate, idx_posthistory_posttypeid, idx_posthistory_posttypeid_userid, idx_posthistory_userid_typeid_creationdate, idx_postlinks_postid, idx_postlinks_relatedpostid, idx_postlinks_postid_linktypeid_creationdate, idx_posts_posttypeid, idx_posts_owneruserid, idx_posts_viewcount, idx_posts_answercount, idx_posts_id_posttype_creationdate, idx_posts_id_owneruserid).

### Recommended New Indexes

**1. posts(CreationDate, Id, OwnerUserId)**
- Confirmed effective by query planner for many queries (s7, s8, s18, s19, s20, s22, s26, s29, s40, s41, s42, s44, s92, s100, s117, s118, s120, s122, s123, s130, s137, s145, s146 and many complex queries).
- The planner uses it as an index-only scan for date-range filtering on posts, then exposes Id for join to postLinks/postHistory/votes and OwnerUserId for join to users/comments. This eliminates large sequential scans on the posts table (2219–2679 cost) reducing them to targeted index-only scans (~2700 rows selected from ~90k).
- Cost improvement observed: from ~11,605 to ~11,441 for s20; similar savings across dozens of queries that filter posts by CreationDate.

**2. votes(VoteTypeId, PostId, CreationDate)**
- Confirmed used by planner as `tmp_idx_votes_0786ecb9` in s129 (cost ~12,767 vs ~13,703 without) and many other queries (s25, s61, s63, s70, s71, s73, s76, s96, s127, s128, s129, s143, s145).
- The VoteTypeId=2 (upvote) filter is extremely common. Combined with PostId join key and optional CreationDate range filter, this composite index enables index-only scans instead of full sequential scans on the votes table (~192k rows, seq scan cost ~4,572).
- Particularly important for medium/complex queries involving 5-7-table joins where reducing votes scan cost has multiplicative benefit.

**3. comments(Score, CreationDate, UserId)**
- Confirmed used by planner as `tmp_idx_comments_2503997b` for queries filtering Score=1 or Score=2 with CreationDate ranges (s34, s49, s50, s107, s108, s116, s131 and others).
- Supplements the existing idx_comments_score_userid by adding CreationDate to enable range pruning when both Score equality and date ranges are applied. The planner chooses this for Score=1+date patterns, delivering targeted index-only scans of ~14,754 rows vs. full comment table scans (~102k rows with filter cost ~2,882).
- Queries like s34 drop from ~149,249 cost to a much more tractable plan.

**4. postHistory(PostHistoryTypeId, CreationDate, UserId)**
- Confirmed used by planner as `tmp_idx_posthistory_84524b61` for queries filtering PostHistoryTypeId with CreationDate ranges and then joining by UserId (s38, s39, s47, s51, s106, s121, s125, s132, s145).
- For PostHistoryTypeId equality + CreationDate range, this enables index-only scans returning ~17,000–27,000 rows vs. bitmap heap scans of ~24,000–70,000 rows from the existing posttypeid-only index.
- The difference is most dramatic for s106 where the planner uses it for a 3-table join (comments+postHistory+votes on UserId) achieving cost ~474,086 vs millions without it.

**5. postLinks(RelatedPostId, LinkTypeId, CreationDate)**
- Confirmed used by planner as `tmp_idx_postlinks_fe583d40` in multiple queries (s26, s40, s41, s53, s54, s58, s59, s60, s61, s62, s63, s68–s73, s137, s139, s140–s143).
- Many complex queries join postLinks on RelatedPostId and filter on LinkTypeId=1 and/or CreationDate. The existing idx_postlinks_relatedpostid covers only the join key. Adding LinkTypeId+CreationDate enables filtering ~10,186 rows (LinkTypeId=1) or narrower with date ranges, vs. the full 11,102-row postlinks table.
- Enables index-only scans for the postLinks portion of complex 6-7 table joins, reducing intermediate result sets significantly.

### Why Other Candidates Were Rejected

- **postHistory(CreationDate, PostId)** and **postHistory(CreationDate, UserId)**: The planner showed minimal improvement (~0-100 cost) because postHistory is already well-covered by PostId and PostHistoryTypeId indexes, and date-range-only filtering still requires reading most of the table.
- **votes(PostId, VoteTypeId)** without CreationDate: Marginally weaker than the 3-column version; the planner consistently preferred the 3-column composite.
- **comments(Score, UserId, CreationDate)** (different column order): Tested and showed planner preferred the (Score, CreationDate, UserId) ordering for date range filtering after score equality.
- **posts(PostTypeId, OwnerUserId, Id)**: The existing idx_posts_posttypeid bitmap index already handles PostTypeId filtering effectively; adding OwnerUserId/Id showed negligible improvement.",97.791,-3.4
s47,"[{""table"": ""posts"", ""columns"": [""CreationDate"", ""Id"", ""OwnerUserId""]}, {""table"": ""votes"", ""columns"": [""VoteTypeId"", ""PostId"", ""CreationDate""]}, {""table"": ""comments"", ""columns"": [""Score"", ""CreationDate"", ""UserId""]}, {""table"": ""postHistory"", ""columns"": [""PostHistoryTypeId"", ""CreationDate"", ""UserId""]}, {""table"": ""postLinks"", ""columns"": [""RelatedPostId"", ""LinkTypeId"", ""CreationDate""]}]","## Analysis Summary

After extensive cost estimation across the full 146-query workload, I identified the existing index set and the five additional indexes that deliver the most benefit. The existing schema already has a rich set of indexes (idx_badges_userid, idx_badges_userid_date, idx_comments_userid, idx_comments_score_userid, idx_comments_postid, idx_comments_postid_creationdate, idx_comments_userid_score_creationdate, idx_votes_userid, idx_votes_userid_creationdate, idx_votes_postid_creationdate, idx_posthistory_userid, idx_posthistory_postid, idx_posthistory_postid_creationdate, idx_posthistory_posttypeid, idx_posthistory_posttypeid_userid, idx_posthistory_userid_typeid_creationdate, idx_postlinks_postid, idx_postlinks_relatedpostid, idx_postlinks_postid_linktypeid_creationdate, idx_posts_posttypeid, idx_posts_owneruserid, idx_posts_viewcount, idx_posts_answercount, idx_posts_id_posttype_creationdate, idx_posts_id_owneruserid).

### Recommended New Indexes

**1. posts(CreationDate, Id, OwnerUserId)**
- Confirmed effective by query planner for many queries (s7, s8, s18, s19, s20, s22, s26, s29, s40, s41, s42, s44, s92, s100, s117, s118, s120, s122, s123, s130, s137, s145, s146 and many complex queries).
- The planner uses it as an index-only scan for date-range filtering on posts, then exposes Id for join to postLinks/postHistory/votes and OwnerUserId for join to users/comments. This eliminates large sequential scans on the posts table (2219–2679 cost) reducing them to targeted index-only scans (~2700 rows selected from ~90k).
- Cost improvement observed: from ~11,605 to ~11,441 for s20; similar savings across dozens of queries that filter posts by CreationDate.

**2. votes(VoteTypeId, PostId, CreationDate)**
- Confirmed used by planner as `tmp_idx_votes_0786ecb9` in s129 (cost ~12,767 vs ~13,703 without) and many other queries (s25, s61, s63, s70, s71, s73, s76, s96, s127, s128, s129, s143, s145).
- The VoteTypeId=2 (upvote) filter is extremely common. Combined with PostId join key and optional CreationDate range filter, this composite index enables index-only scans instead of full sequential scans on the votes table (~192k rows, seq scan cost ~4,572).
- Particularly important for medium/complex queries involving 5-7-table joins where reducing votes scan cost has multiplicative benefit.

**3. comments(Score, CreationDate, UserId)**
- Confirmed used by planner as `tmp_idx_comments_2503997b` for queries filtering Score=1 or Score=2 with CreationDate ranges (s34, s49, s50, s107, s108, s116, s131 and others).
- Supplements the existing idx_comments_score_userid by adding CreationDate to enable range pruning when both Score equality and date ranges are applied. The planner chooses this for Score=1+date patterns, delivering targeted index-only scans of ~14,754 rows vs. full comment table scans (~102k rows with filter cost ~2,882).
- Queries like s34 drop from ~149,249 cost to a much more tractable plan.

**4. postHistory(PostHistoryTypeId, CreationDate, UserId)**
- Confirmed used by planner as `tmp_idx_posthistory_84524b61` for queries filtering PostHistoryTypeId with CreationDate ranges and then joining by UserId (s38, s39, s47, s51, s106, s121, s125, s132, s145).
- For PostHistoryTypeId equality + CreationDate range, this enables index-only scans returning ~17,000–27,000 rows vs. bitmap heap scans of ~24,000–70,000 rows from the existing posttypeid-only index.
- The difference is most dramatic for s106 where the planner uses it for a 3-table join (comments+postHistory+votes on UserId) achieving cost ~474,086 vs millions without it.

**5. postLinks(RelatedPostId, LinkTypeId, CreationDate)**
- Confirmed used by planner as `tmp_idx_postlinks_fe583d40` in multiple queries (s26, s40, s41, s53, s54, s58, s59, s60, s61, s62, s63, s68–s73, s137, s139, s140–s143).
- Many complex queries join postLinks on RelatedPostId and filter on LinkTypeId=1 and/or CreationDate. The existing idx_postlinks_relatedpostid covers only the join key. Adding LinkTypeId+CreationDate enables filtering ~10,186 rows (LinkTypeId=1) or narrower with date ranges, vs. the full 11,102-row postlinks table.
- Enables index-only scans for the postLinks portion of complex 6-7 table joins, reducing intermediate result sets significantly.

### Why Other Candidates Were Rejected

- **postHistory(CreationDate, PostId)** and **postHistory(CreationDate, UserId)**: The planner showed minimal improvement (~0-100 cost) because postHistory is already well-covered by PostId and PostHistoryTypeId indexes, and date-range-only filtering still requires reading most of the table.
- **votes(PostId, VoteTypeId)** without CreationDate: Marginally weaker than the 3-column version; the planner consistently preferred the 3-column composite.
- **comments(Score, UserId, CreationDate)** (different column order): Tested and showed planner preferred the (Score, CreationDate, UserId) ordering for date range filtering after score equality.
- **posts(PostTypeId, OwnerUserId, Id)**: The existing idx_posts_posttypeid bitmap index already handles PostTypeId filtering effectively; adding OwnerUserId/Id showed negligible improvement.",4086.92,-0.99
s48,"[{""table"": ""posts"", ""columns"": [""CreationDate"", ""Id"", ""OwnerUserId""]}, {""table"": ""votes"", ""columns"": [""VoteTypeId"", ""PostId"", ""CreationDate""]}, {""table"": ""comments"", ""columns"": [""Score"", ""CreationDate"", ""UserId""]}, {""table"": ""postHistory"", ""columns"": [""PostHistoryTypeId"", ""CreationDate"", ""UserId""]}, {""table"": ""postLinks"", ""columns"": [""RelatedPostId"", ""LinkTypeId"", ""CreationDate""]}]","## Analysis Summary

After extensive cost estimation across the full 146-query workload, I identified the existing index set and the five additional indexes that deliver the most benefit. The existing schema already has a rich set of indexes (idx_badges_userid, idx_badges_userid_date, idx_comments_userid, idx_comments_score_userid, idx_comments_postid, idx_comments_postid_creationdate, idx_comments_userid_score_creationdate, idx_votes_userid, idx_votes_userid_creationdate, idx_votes_postid_creationdate, idx_posthistory_userid, idx_posthistory_postid, idx_posthistory_postid_creationdate, idx_posthistory_posttypeid, idx_posthistory_posttypeid_userid, idx_posthistory_userid_typeid_creationdate, idx_postlinks_postid, idx_postlinks_relatedpostid, idx_postlinks_postid_linktypeid_creationdate, idx_posts_posttypeid, idx_posts_owneruserid, idx_posts_viewcount, idx_posts_answercount, idx_posts_id_posttype_creationdate, idx_posts_id_owneruserid).

### Recommended New Indexes

**1. posts(CreationDate, Id, OwnerUserId)**
- Confirmed effective by query planner for many queries (s7, s8, s18, s19, s20, s22, s26, s29, s40, s41, s42, s44, s92, s100, s117, s118, s120, s122, s123, s130, s137, s145, s146 and many complex queries).
- The planner uses it as an index-only scan for date-range filtering on posts, then exposes Id for join to postLinks/postHistory/votes and OwnerUserId for join to users/comments. This eliminates large sequential scans on the posts table (2219–2679 cost) reducing them to targeted index-only scans (~2700 rows selected from ~90k).
- Cost improvement observed: from ~11,605 to ~11,441 for s20; similar savings across dozens of queries that filter posts by CreationDate.

**2. votes(VoteTypeId, PostId, CreationDate)**
- Confirmed used by planner as `tmp_idx_votes_0786ecb9` in s129 (cost ~12,767 vs ~13,703 without) and many other queries (s25, s61, s63, s70, s71, s73, s76, s96, s127, s128, s129, s143, s145).
- The VoteTypeId=2 (upvote) filter is extremely common. Combined with PostId join key and optional CreationDate range filter, this composite index enables index-only scans instead of full sequential scans on the votes table (~192k rows, seq scan cost ~4,572).
- Particularly important for medium/complex queries involving 5-7-table joins where reducing votes scan cost has multiplicative benefit.

**3. comments(Score, CreationDate, UserId)**
- Confirmed used by planner as `tmp_idx_comments_2503997b` for queries filtering Score=1 or Score=2 with CreationDate ranges (s34, s49, s50, s107, s108, s116, s131 and others).
- Supplements the existing idx_comments_score_userid by adding CreationDate to enable range pruning when both Score equality and date ranges are applied. The planner chooses this for Score=1+date patterns, delivering targeted index-only scans of ~14,754 rows vs. full comment table scans (~102k rows with filter cost ~2,882).
- Queries like s34 drop from ~149,249 cost to a much more tractable plan.

**4. postHistory(PostHistoryTypeId, CreationDate, UserId)**
- Confirmed used by planner as `tmp_idx_posthistory_84524b61` for queries filtering PostHistoryTypeId with CreationDate ranges and then joining by UserId (s38, s39, s47, s51, s106, s121, s125, s132, s145).
- For PostHistoryTypeId equality + CreationDate range, this enables index-only scans returning ~17,000–27,000 rows vs. bitmap heap scans of ~24,000–70,000 rows from the existing posttypeid-only index.
- The difference is most dramatic for s106 where the planner uses it for a 3-table join (comments+postHistory+votes on UserId) achieving cost ~474,086 vs millions without it.

**5. postLinks(RelatedPostId, LinkTypeId, CreationDate)**
- Confirmed used by planner as `tmp_idx_postlinks_fe583d40` in multiple queries (s26, s40, s41, s53, s54, s58, s59, s60, s61, s62, s63, s68–s73, s137, s139, s140–s143).
- Many complex queries join postLinks on RelatedPostId and filter on LinkTypeId=1 and/or CreationDate. The existing idx_postlinks_relatedpostid covers only the join key. Adding LinkTypeId+CreationDate enables filtering ~10,186 rows (LinkTypeId=1) or narrower with date ranges, vs. the full 11,102-row postlinks table.
- Enables index-only scans for the postLinks portion of complex 6-7 table joins, reducing intermediate result sets significantly.

### Why Other Candidates Were Rejected

- **postHistory(CreationDate, PostId)** and **postHistory(CreationDate, UserId)**: The planner showed minimal improvement (~0-100 cost) because postHistory is already well-covered by PostId and PostHistoryTypeId indexes, and date-range-only filtering still requires reading most of the table.
- **votes(PostId, VoteTypeId)** without CreationDate: Marginally weaker than the 3-column version; the planner consistently preferred the 3-column composite.
- **comments(Score, UserId, CreationDate)** (different column order): Tested and showed planner preferred the (Score, CreationDate, UserId) ordering for date range filtering after score equality.
- **posts(PostTypeId, OwnerUserId, Id)**: The existing idx_posts_posttypeid bitmap index already handles PostTypeId filtering effectively; adding OwnerUserId/Id showed negligible improvement.",64.718,7.04
s49,"[{""table"": ""posts"", ""columns"": [""CreationDate"", ""Id"", ""OwnerUserId""]}, {""table"": ""votes"", ""columns"": [""VoteTypeId"", ""PostId"", ""CreationDate""]}, {""table"": ""comments"", ""columns"": [""Score"", ""CreationDate"", ""UserId""]}, {""table"": ""postHistory"", ""columns"": [""PostHistoryTypeId"", ""CreationDate"", ""UserId""]}, {""table"": ""postLinks"", ""columns"": [""RelatedPostId"", ""LinkTypeId"", ""CreationDate""]}]","## Analysis Summary

After extensive cost estimation across the full 146-query workload, I identified the existing index set and the five additional indexes that deliver the most benefit. The existing schema already has a rich set of indexes (idx_badges_userid, idx_badges_userid_date, idx_comments_userid, idx_comments_score_userid, idx_comments_postid, idx_comments_postid_creationdate, idx_comments_userid_score_creationdate, idx_votes_userid, idx_votes_userid_creationdate, idx_votes_postid_creationdate, idx_posthistory_userid, idx_posthistory_postid, idx_posthistory_postid_creationdate, idx_posthistory_posttypeid, idx_posthistory_posttypeid_userid, idx_posthistory_userid_typeid_creationdate, idx_postlinks_postid, idx_postlinks_relatedpostid, idx_postlinks_postid_linktypeid_creationdate, idx_posts_posttypeid, idx_posts_owneruserid, idx_posts_viewcount, idx_posts_answercount, idx_posts_id_posttype_creationdate, idx_posts_id_owneruserid).

### Recommended New Indexes

**1. posts(CreationDate, Id, OwnerUserId)**
- Confirmed effective by query planner for many queries (s7, s8, s18, s19, s20, s22, s26, s29, s40, s41, s42, s44, s92, s100, s117, s118, s120, s122, s123, s130, s137, s145, s146 and many complex queries).
- The planner uses it as an index-only scan for date-range filtering on posts, then exposes Id for join to postLinks/postHistory/votes and OwnerUserId for join to users/comments. This eliminates large sequential scans on the posts table (2219–2679 cost) reducing them to targeted index-only scans (~2700 rows selected from ~90k).
- Cost improvement observed: from ~11,605 to ~11,441 for s20; similar savings across dozens of queries that filter posts by CreationDate.

**2. votes(VoteTypeId, PostId, CreationDate)**
- Confirmed used by planner as `tmp_idx_votes_0786ecb9` in s129 (cost ~12,767 vs ~13,703 without) and many other queries (s25, s61, s63, s70, s71, s73, s76, s96, s127, s128, s129, s143, s145).
- The VoteTypeId=2 (upvote) filter is extremely common. Combined with PostId join key and optional CreationDate range filter, this composite index enables index-only scans instead of full sequential scans on the votes table (~192k rows, seq scan cost ~4,572).
- Particularly important for medium/complex queries involving 5-7-table joins where reducing votes scan cost has multiplicative benefit.

**3. comments(Score, CreationDate, UserId)**
- Confirmed used by planner as `tmp_idx_comments_2503997b` for queries filtering Score=1 or Score=2 with CreationDate ranges (s34, s49, s50, s107, s108, s116, s131 and others).
- Supplements the existing idx_comments_score_userid by adding CreationDate to enable range pruning when both Score equality and date ranges are applied. The planner chooses this for Score=1+date patterns, delivering targeted index-only scans of ~14,754 rows vs. full comment table scans (~102k rows with filter cost ~2,882).
- Queries like s34 drop from ~149,249 cost to a much more tractable plan.

**4. postHistory(PostHistoryTypeId, CreationDate, UserId)**
- Confirmed used by planner as `tmp_idx_posthistory_84524b61` for queries filtering PostHistoryTypeId with CreationDate ranges and then joining by UserId (s38, s39, s47, s51, s106, s121, s125, s132, s145).
- For PostHistoryTypeId equality + CreationDate range, this enables index-only scans returning ~17,000–27,000 rows vs. bitmap heap scans of ~24,000–70,000 rows from the existing posttypeid-only index.
- The difference is most dramatic for s106 where the planner uses it for a 3-table join (comments+postHistory+votes on UserId) achieving cost ~474,086 vs millions without it.

**5. postLinks(RelatedPostId, LinkTypeId, CreationDate)**
- Confirmed used by planner as `tmp_idx_postlinks_fe583d40` in multiple queries (s26, s40, s41, s53, s54, s58, s59, s60, s61, s62, s63, s68–s73, s137, s139, s140–s143).
- Many complex queries join postLinks on RelatedPostId and filter on LinkTypeId=1 and/or CreationDate. The existing idx_postlinks_relatedpostid covers only the join key. Adding LinkTypeId+CreationDate enables filtering ~10,186 rows (LinkTypeId=1) or narrower with date ranges, vs. the full 11,102-row postlinks table.
- Enables index-only scans for the postLinks portion of complex 6-7 table joins, reducing intermediate result sets significantly.

### Why Other Candidates Were Rejected

- **postHistory(CreationDate, PostId)** and **postHistory(CreationDate, UserId)**: The planner showed minimal improvement (~0-100 cost) because postHistory is already well-covered by PostId and PostHistoryTypeId indexes, and date-range-only filtering still requires reading most of the table.
- **votes(PostId, VoteTypeId)** without CreationDate: Marginally weaker than the 3-column version; the planner consistently preferred the 3-column composite.
- **comments(Score, UserId, CreationDate)** (different column order): Tested and showed planner preferred the (Score, CreationDate, UserId) ordering for date range filtering after score equality.
- **posts(PostTypeId, OwnerUserId, Id)**: The existing idx_posts_posttypeid bitmap index already handles PostTypeId filtering effectively; adding OwnerUserId/Id showed negligible improvement.",1378.967,-0.2
s50,"[{""table"": ""posts"", ""columns"": [""CreationDate"", ""Id"", ""OwnerUserId""]}, {""table"": ""votes"", ""columns"": [""VoteTypeId"", ""PostId"", ""CreationDate""]}, {""table"": ""comments"", ""columns"": [""Score"", ""CreationDate"", ""UserId""]}, {""table"": ""postHistory"", ""columns"": [""PostHistoryTypeId"", ""CreationDate"", ""UserId""]}, {""table"": ""postLinks"", ""columns"": [""RelatedPostId"", ""LinkTypeId"", ""CreationDate""]}]","## Analysis Summary

After extensive cost estimation across the full 146-query workload, I identified the existing index set and the five additional indexes that deliver the most benefit. The existing schema already has a rich set of indexes (idx_badges_userid, idx_badges_userid_date, idx_comments_userid, idx_comments_score_userid, idx_comments_postid, idx_comments_postid_creationdate, idx_comments_userid_score_creationdate, idx_votes_userid, idx_votes_userid_creationdate, idx_votes_postid_creationdate, idx_posthistory_userid, idx_posthistory_postid, idx_posthistory_postid_creationdate, idx_posthistory_posttypeid, idx_posthistory_posttypeid_userid, idx_posthistory_userid_typeid_creationdate, idx_postlinks_postid, idx_postlinks_relatedpostid, idx_postlinks_postid_linktypeid_creationdate, idx_posts_posttypeid, idx_posts_owneruserid, idx_posts_viewcount, idx_posts_answercount, idx_posts_id_posttype_creationdate, idx_posts_id_owneruserid).

### Recommended New Indexes

**1. posts(CreationDate, Id, OwnerUserId)**
- Confirmed effective by query planner for many queries (s7, s8, s18, s19, s20, s22, s26, s29, s40, s41, s42, s44, s92, s100, s117, s118, s120, s122, s123, s130, s137, s145, s146 and many complex queries).
- The planner uses it as an index-only scan for date-range filtering on posts, then exposes Id for join to postLinks/postHistory/votes and OwnerUserId for join to users/comments. This eliminates large sequential scans on the posts table (2219–2679 cost) reducing them to targeted index-only scans (~2700 rows selected from ~90k).
- Cost improvement observed: from ~11,605 to ~11,441 for s20; similar savings across dozens of queries that filter posts by CreationDate.

**2. votes(VoteTypeId, PostId, CreationDate)**
- Confirmed used by planner as `tmp_idx_votes_0786ecb9` in s129 (cost ~12,767 vs ~13,703 without) and many other queries (s25, s61, s63, s70, s71, s73, s76, s96, s127, s128, s129, s143, s145).
- The VoteTypeId=2 (upvote) filter is extremely common. Combined with PostId join key and optional CreationDate range filter, this composite index enables index-only scans instead of full sequential scans on the votes table (~192k rows, seq scan cost ~4,572).
- Particularly important for medium/complex queries involving 5-7-table joins where reducing votes scan cost has multiplicative benefit.

**3. comments(Score, CreationDate, UserId)**
- Confirmed used by planner as `tmp_idx_comments_2503997b` for queries filtering Score=1 or Score=2 with CreationDate ranges (s34, s49, s50, s107, s108, s116, s131 and others).
- Supplements the existing idx_comments_score_userid by adding CreationDate to enable range pruning when both Score equality and date ranges are applied. The planner chooses this for Score=1+date patterns, delivering targeted index-only scans of ~14,754 rows vs. full comment table scans (~102k rows with filter cost ~2,882).
- Queries like s34 drop from ~149,249 cost to a much more tractable plan.

**4. postHistory(PostHistoryTypeId, CreationDate, UserId)**
- Confirmed used by planner as `tmp_idx_posthistory_84524b61` for queries filtering PostHistoryTypeId with CreationDate ranges and then joining by UserId (s38, s39, s47, s51, s106, s121, s125, s132, s145).
- For PostHistoryTypeId equality + CreationDate range, this enables index-only scans returning ~17,000–27,000 rows vs. bitmap heap scans of ~24,000–70,000 rows from the existing posttypeid-only index.
- The difference is most dramatic for s106 where the planner uses it for a 3-table join (comments+postHistory+votes on UserId) achieving cost ~474,086 vs millions without it.

**5. postLinks(RelatedPostId, LinkTypeId, CreationDate)**
- Confirmed used by planner as `tmp_idx_postlinks_fe583d40` in multiple queries (s26, s40, s41, s53, s54, s58, s59, s60, s61, s62, s63, s68–s73, s137, s139, s140–s143).
- Many complex queries join postLinks on RelatedPostId and filter on LinkTypeId=1 and/or CreationDate. The existing idx_postlinks_relatedpostid covers only the join key. Adding LinkTypeId+CreationDate enables filtering ~10,186 rows (LinkTypeId=1) or narrower with date ranges, vs. the full 11,102-row postlinks table.
- Enables index-only scans for the postLinks portion of complex 6-7 table joins, reducing intermediate result sets significantly.

### Why Other Candidates Were Rejected

- **postHistory(CreationDate, PostId)** and **postHistory(CreationDate, UserId)**: The planner showed minimal improvement (~0-100 cost) because postHistory is already well-covered by PostId and PostHistoryTypeId indexes, and date-range-only filtering still requires reading most of the table.
- **votes(PostId, VoteTypeId)** without CreationDate: Marginally weaker than the 3-column version; the planner consistently preferred the 3-column composite.
- **comments(Score, UserId, CreationDate)** (different column order): Tested and showed planner preferred the (Score, CreationDate, UserId) ordering for date range filtering after score equality.
- **posts(PostTypeId, OwnerUserId, Id)**: The existing idx_posts_posttypeid bitmap index already handles PostTypeId filtering effectively; adding OwnerUserId/Id showed negligible improvement.",205.311,9.5
s51,"[{""table"": ""posts"", ""columns"": [""CreationDate"", ""Id"", ""OwnerUserId""]}, {""table"": ""votes"", ""columns"": [""VoteTypeId"", ""PostId"", ""CreationDate""]}, {""table"": ""comments"", ""columns"": [""Score"", ""CreationDate"", ""UserId""]}, {""table"": ""postHistory"", ""columns"": [""PostHistoryTypeId"", ""CreationDate"", ""UserId""]}, {""table"": ""postLinks"", ""columns"": [""RelatedPostId"", ""LinkTypeId"", ""CreationDate""]}]","## Analysis Summary

After extensive cost estimation across the full 146-query workload, I identified the existing index set and the five additional indexes that deliver the most benefit. The existing schema already has a rich set of indexes (idx_badges_userid, idx_badges_userid_date, idx_comments_userid, idx_comments_score_userid, idx_comments_postid, idx_comments_postid_creationdate, idx_comments_userid_score_creationdate, idx_votes_userid, idx_votes_userid_creationdate, idx_votes_postid_creationdate, idx_posthistory_userid, idx_posthistory_postid, idx_posthistory_postid_creationdate, idx_posthistory_posttypeid, idx_posthistory_posttypeid_userid, idx_posthistory_userid_typeid_creationdate, idx_postlinks_postid, idx_postlinks_relatedpostid, idx_postlinks_postid_linktypeid_creationdate, idx_posts_posttypeid, idx_posts_owneruserid, idx_posts_viewcount, idx_posts_answercount, idx_posts_id_posttype_creationdate, idx_posts_id_owneruserid).

### Recommended New Indexes

**1. posts(CreationDate, Id, OwnerUserId)**
- Confirmed effective by query planner for many queries (s7, s8, s18, s19, s20, s22, s26, s29, s40, s41, s42, s44, s92, s100, s117, s118, s120, s122, s123, s130, s137, s145, s146 and many complex queries).
- The planner uses it as an index-only scan for date-range filtering on posts, then exposes Id for join to postLinks/postHistory/votes and OwnerUserId for join to users/comments. This eliminates large sequential scans on the posts table (2219–2679 cost) reducing them to targeted index-only scans (~2700 rows selected from ~90k).
- Cost improvement observed: from ~11,605 to ~11,441 for s20; similar savings across dozens of queries that filter posts by CreationDate.

**2. votes(VoteTypeId, PostId, CreationDate)**
- Confirmed used by planner as `tmp_idx_votes_0786ecb9` in s129 (cost ~12,767 vs ~13,703 without) and many other queries (s25, s61, s63, s70, s71, s73, s76, s96, s127, s128, s129, s143, s145).
- The VoteTypeId=2 (upvote) filter is extremely common. Combined with PostId join key and optional CreationDate range filter, this composite index enables index-only scans instead of full sequential scans on the votes table (~192k rows, seq scan cost ~4,572).
- Particularly important for medium/complex queries involving 5-7-table joins where reducing votes scan cost has multiplicative benefit.

**3. comments(Score, CreationDate, UserId)**
- Confirmed used by planner as `tmp_idx_comments_2503997b` for queries filtering Score=1 or Score=2 with CreationDate ranges (s34, s49, s50, s107, s108, s116, s131 and others).
- Supplements the existing idx_comments_score_userid by adding CreationDate to enable range pruning when both Score equality and date ranges are applied. The planner chooses this for Score=1+date patterns, delivering targeted index-only scans of ~14,754 rows vs. full comment table scans (~102k rows with filter cost ~2,882).
- Queries like s34 drop from ~149,249 cost to a much more tractable plan.

**4. postHistory(PostHistoryTypeId, CreationDate, UserId)**
- Confirmed used by planner as `tmp_idx_posthistory_84524b61` for queries filtering PostHistoryTypeId with CreationDate ranges and then joining by UserId (s38, s39, s47, s51, s106, s121, s125, s132, s145).
- For PostHistoryTypeId equality + CreationDate range, this enables index-only scans returning ~17,000–27,000 rows vs. bitmap heap scans of ~24,000–70,000 rows from the existing posttypeid-only index.
- The difference is most dramatic for s106 where the planner uses it for a 3-table join (comments+postHistory+votes on UserId) achieving cost ~474,086 vs millions without it.

**5. postLinks(RelatedPostId, LinkTypeId, CreationDate)**
- Confirmed used by planner as `tmp_idx_postlinks_fe583d40` in multiple queries (s26, s40, s41, s53, s54, s58, s59, s60, s61, s62, s63, s68–s73, s137, s139, s140–s143).
- Many complex queries join postLinks on RelatedPostId and filter on LinkTypeId=1 and/or CreationDate. The existing idx_postlinks_relatedpostid covers only the join key. Adding LinkTypeId+CreationDate enables filtering ~10,186 rows (LinkTypeId=1) or narrower with date ranges, vs. the full 11,102-row postlinks table.
- Enables index-only scans for the postLinks portion of complex 6-7 table joins, reducing intermediate result sets significantly.

### Why Other Candidates Were Rejected

- **postHistory(CreationDate, PostId)** and **postHistory(CreationDate, UserId)**: The planner showed minimal improvement (~0-100 cost) because postHistory is already well-covered by PostId and PostHistoryTypeId indexes, and date-range-only filtering still requires reading most of the table.
- **votes(PostId, VoteTypeId)** without CreationDate: Marginally weaker than the 3-column version; the planner consistently preferred the 3-column composite.
- **comments(Score, UserId, CreationDate)** (different column order): Tested and showed planner preferred the (Score, CreationDate, UserId) ordering for date range filtering after score equality.
- **posts(PostTypeId, OwnerUserId, Id)**: The existing idx_posts_posttypeid bitmap index already handles PostTypeId filtering effectively; adding OwnerUserId/Id showed negligible improvement.",6934.457,26.8
s52,"[{""table"": ""posts"", ""columns"": [""CreationDate"", ""Id"", ""OwnerUserId""]}, {""table"": ""votes"", ""columns"": [""VoteTypeId"", ""PostId"", ""CreationDate""]}, {""table"": ""comments"", ""columns"": [""Score"", ""CreationDate"", ""UserId""]}, {""table"": ""postHistory"", ""columns"": [""PostHistoryTypeId"", ""CreationDate"", ""UserId""]}, {""table"": ""postLinks"", ""columns"": [""RelatedPostId"", ""LinkTypeId"", ""CreationDate""]}]","## Analysis Summary

After extensive cost estimation across the full 146-query workload, I identified the existing index set and the five additional indexes that deliver the most benefit. The existing schema already has a rich set of indexes (idx_badges_userid, idx_badges_userid_date, idx_comments_userid, idx_comments_score_userid, idx_comments_postid, idx_comments_postid_creationdate, idx_comments_userid_score_creationdate, idx_votes_userid, idx_votes_userid_creationdate, idx_votes_postid_creationdate, idx_posthistory_userid, idx_posthistory_postid, idx_posthistory_postid_creationdate, idx_posthistory_posttypeid, idx_posthistory_posttypeid_userid, idx_posthistory_userid_typeid_creationdate, idx_postlinks_postid, idx_postlinks_relatedpostid, idx_postlinks_postid_linktypeid_creationdate, idx_posts_posttypeid, idx_posts_owneruserid, idx_posts_viewcount, idx_posts_answercount, idx_posts_id_posttype_creationdate, idx_posts_id_owneruserid).

### Recommended New Indexes

**1. posts(CreationDate, Id, OwnerUserId)**
- Confirmed effective by query planner for many queries (s7, s8, s18, s19, s20, s22, s26, s29, s40, s41, s42, s44, s92, s100, s117, s118, s120, s122, s123, s130, s137, s145, s146 and many complex queries).
- The planner uses it as an index-only scan for date-range filtering on posts, then exposes Id for join to postLinks/postHistory/votes and OwnerUserId for join to users/comments. This eliminates large sequential scans on the posts table (2219–2679 cost) reducing them to targeted index-only scans (~2700 rows selected from ~90k).
- Cost improvement observed: from ~11,605 to ~11,441 for s20; similar savings across dozens of queries that filter posts by CreationDate.

**2. votes(VoteTypeId, PostId, CreationDate)**
- Confirmed used by planner as `tmp_idx_votes_0786ecb9` in s129 (cost ~12,767 vs ~13,703 without) and many other queries (s25, s61, s63, s70, s71, s73, s76, s96, s127, s128, s129, s143, s145).
- The VoteTypeId=2 (upvote) filter is extremely common. Combined with PostId join key and optional CreationDate range filter, this composite index enables index-only scans instead of full sequential scans on the votes table (~192k rows, seq scan cost ~4,572).
- Particularly important for medium/complex queries involving 5-7-table joins where reducing votes scan cost has multiplicative benefit.

**3. comments(Score, CreationDate, UserId)**
- Confirmed used by planner as `tmp_idx_comments_2503997b` for queries filtering Score=1 or Score=2 with CreationDate ranges (s34, s49, s50, s107, s108, s116, s131 and others).
- Supplements the existing idx_comments_score_userid by adding CreationDate to enable range pruning when both Score equality and date ranges are applied. The planner chooses this for Score=1+date patterns, delivering targeted index-only scans of ~14,754 rows vs. full comment table scans (~102k rows with filter cost ~2,882).
- Queries like s34 drop from ~149,249 cost to a much more tractable plan.

**4. postHistory(PostHistoryTypeId, CreationDate, UserId)**
- Confirmed used by planner as `tmp_idx_posthistory_84524b61` for queries filtering PostHistoryTypeId with CreationDate ranges and then joining by UserId (s38, s39, s47, s51, s106, s121, s125, s132, s145).
- For PostHistoryTypeId equality + CreationDate range, this enables index-only scans returning ~17,000–27,000 rows vs. bitmap heap scans of ~24,000–70,000 rows from the existing posttypeid-only index.
- The difference is most dramatic for s106 where the planner uses it for a 3-table join (comments+postHistory+votes on UserId) achieving cost ~474,086 vs millions without it.

**5. postLinks(RelatedPostId, LinkTypeId, CreationDate)**
- Confirmed used by planner as `tmp_idx_postlinks_fe583d40` in multiple queries (s26, s40, s41, s53, s54, s58, s59, s60, s61, s62, s63, s68–s73, s137, s139, s140–s143).
- Many complex queries join postLinks on RelatedPostId and filter on LinkTypeId=1 and/or CreationDate. The existing idx_postlinks_relatedpostid covers only the join key. Adding LinkTypeId+CreationDate enables filtering ~10,186 rows (LinkTypeId=1) or narrower with date ranges, vs. the full 11,102-row postlinks table.
- Enables index-only scans for the postLinks portion of complex 6-7 table joins, reducing intermediate result sets significantly.

### Why Other Candidates Were Rejected

- **postHistory(CreationDate, PostId)** and **postHistory(CreationDate, UserId)**: The planner showed minimal improvement (~0-100 cost) because postHistory is already well-covered by PostId and PostHistoryTypeId indexes, and date-range-only filtering still requires reading most of the table.
- **votes(PostId, VoteTypeId)** without CreationDate: Marginally weaker than the 3-column version; the planner consistently preferred the 3-column composite.
- **comments(Score, UserId, CreationDate)** (different column order): Tested and showed planner preferred the (Score, CreationDate, UserId) ordering for date range filtering after score equality.
- **posts(PostTypeId, OwnerUserId, Id)**: The existing idx_posts_posttypeid bitmap index already handles PostTypeId filtering effectively; adding OwnerUserId/Id showed negligible improvement.",16868.997,-10.97
s53,"[{""table"": ""posts"", ""columns"": [""CreationDate"", ""Id"", ""OwnerUserId""]}, {""table"": ""votes"", ""columns"": [""VoteTypeId"", ""PostId"", ""CreationDate""]}, {""table"": ""comments"", ""columns"": [""Score"", ""CreationDate"", ""UserId""]}, {""table"": ""postHistory"", ""columns"": [""PostHistoryTypeId"", ""CreationDate"", ""UserId""]}, {""table"": ""postLinks"", ""columns"": [""RelatedPostId"", ""LinkTypeId"", ""CreationDate""]}]","## Analysis Summary

After extensive cost estimation across the full 146-query workload, I identified the existing index set and the five additional indexes that deliver the most benefit. The existing schema already has a rich set of indexes (idx_badges_userid, idx_badges_userid_date, idx_comments_userid, idx_comments_score_userid, idx_comments_postid, idx_comments_postid_creationdate, idx_comments_userid_score_creationdate, idx_votes_userid, idx_votes_userid_creationdate, idx_votes_postid_creationdate, idx_posthistory_userid, idx_posthistory_postid, idx_posthistory_postid_creationdate, idx_posthistory_posttypeid, idx_posthistory_posttypeid_userid, idx_posthistory_userid_typeid_creationdate, idx_postlinks_postid, idx_postlinks_relatedpostid, idx_postlinks_postid_linktypeid_creationdate, idx_posts_posttypeid, idx_posts_owneruserid, idx_posts_viewcount, idx_posts_answercount, idx_posts_id_posttype_creationdate, idx_posts_id_owneruserid).

### Recommended New Indexes

**1. posts(CreationDate, Id, OwnerUserId)**
- Confirmed effective by query planner for many queries (s7, s8, s18, s19, s20, s22, s26, s29, s40, s41, s42, s44, s92, s100, s117, s118, s120, s122, s123, s130, s137, s145, s146 and many complex queries).
- The planner uses it as an index-only scan for date-range filtering on posts, then exposes Id for join to postLinks/postHistory/votes and OwnerUserId for join to users/comments. This eliminates large sequential scans on the posts table (2219–2679 cost) reducing them to targeted index-only scans (~2700 rows selected from ~90k).
- Cost improvement observed: from ~11,605 to ~11,441 for s20; similar savings across dozens of queries that filter posts by CreationDate.

**2. votes(VoteTypeId, PostId, CreationDate)**
- Confirmed used by planner as `tmp_idx_votes_0786ecb9` in s129 (cost ~12,767 vs ~13,703 without) and many other queries (s25, s61, s63, s70, s71, s73, s76, s96, s127, s128, s129, s143, s145).
- The VoteTypeId=2 (upvote) filter is extremely common. Combined with PostId join key and optional CreationDate range filter, this composite index enables index-only scans instead of full sequential scans on the votes table (~192k rows, seq scan cost ~4,572).
- Particularly important for medium/complex queries involving 5-7-table joins where reducing votes scan cost has multiplicative benefit.

**3. comments(Score, CreationDate, UserId)**
- Confirmed used by planner as `tmp_idx_comments_2503997b` for queries filtering Score=1 or Score=2 with CreationDate ranges (s34, s49, s50, s107, s108, s116, s131 and others).
- Supplements the existing idx_comments_score_userid by adding CreationDate to enable range pruning when both Score equality and date ranges are applied. The planner chooses this for Score=1+date patterns, delivering targeted index-only scans of ~14,754 rows vs. full comment table scans (~102k rows with filter cost ~2,882).
- Queries like s34 drop from ~149,249 cost to a much more tractable plan.

**4. postHistory(PostHistoryTypeId, CreationDate, UserId)**
- Confirmed used by planner as `tmp_idx_posthistory_84524b61` for queries filtering PostHistoryTypeId with CreationDate ranges and then joining by UserId (s38, s39, s47, s51, s106, s121, s125, s132, s145).
- For PostHistoryTypeId equality + CreationDate range, this enables index-only scans returning ~17,000–27,000 rows vs. bitmap heap scans of ~24,000–70,000 rows from the existing posttypeid-only index.
- The difference is most dramatic for s106 where the planner uses it for a 3-table join (comments+postHistory+votes on UserId) achieving cost ~474,086 vs millions without it.

**5. postLinks(RelatedPostId, LinkTypeId, CreationDate)**
- Confirmed used by planner as `tmp_idx_postlinks_fe583d40` in multiple queries (s26, s40, s41, s53, s54, s58, s59, s60, s61, s62, s63, s68–s73, s137, s139, s140–s143).
- Many complex queries join postLinks on RelatedPostId and filter on LinkTypeId=1 and/or CreationDate. The existing idx_postlinks_relatedpostid covers only the join key. Adding LinkTypeId+CreationDate enables filtering ~10,186 rows (LinkTypeId=1) or narrower with date ranges, vs. the full 11,102-row postlinks table.
- Enables index-only scans for the postLinks portion of complex 6-7 table joins, reducing intermediate result sets significantly.

### Why Other Candidates Were Rejected

- **postHistory(CreationDate, PostId)** and **postHistory(CreationDate, UserId)**: The planner showed minimal improvement (~0-100 cost) because postHistory is already well-covered by PostId and PostHistoryTypeId indexes, and date-range-only filtering still requires reading most of the table.
- **votes(PostId, VoteTypeId)** without CreationDate: Marginally weaker than the 3-column version; the planner consistently preferred the 3-column composite.
- **comments(Score, UserId, CreationDate)** (different column order): Tested and showed planner preferred the (Score, CreationDate, UserId) ordering for date range filtering after score equality.
- **posts(PostTypeId, OwnerUserId, Id)**: The existing idx_posts_posttypeid bitmap index already handles PostTypeId filtering effectively; adding OwnerUserId/Id showed negligible improvement.",164.742,-2.89
s54,"[{""table"": ""posts"", ""columns"": [""CreationDate"", ""Id"", ""OwnerUserId""]}, {""table"": ""votes"", ""columns"": [""VoteTypeId"", ""PostId"", ""CreationDate""]}, {""table"": ""comments"", ""columns"": [""Score"", ""CreationDate"", ""UserId""]}, {""table"": ""postHistory"", ""columns"": [""PostHistoryTypeId"", ""CreationDate"", ""UserId""]}, {""table"": ""postLinks"", ""columns"": [""RelatedPostId"", ""LinkTypeId"", ""CreationDate""]}]","## Analysis Summary

After extensive cost estimation across the full 146-query workload, I identified the existing index set and the five additional indexes that deliver the most benefit. The existing schema already has a rich set of indexes (idx_badges_userid, idx_badges_userid_date, idx_comments_userid, idx_comments_score_userid, idx_comments_postid, idx_comments_postid_creationdate, idx_comments_userid_score_creationdate, idx_votes_userid, idx_votes_userid_creationdate, idx_votes_postid_creationdate, idx_posthistory_userid, idx_posthistory_postid, idx_posthistory_postid_creationdate, idx_posthistory_posttypeid, idx_posthistory_posttypeid_userid, idx_posthistory_userid_typeid_creationdate, idx_postlinks_postid, idx_postlinks_relatedpostid, idx_postlinks_postid_linktypeid_creationdate, idx_posts_posttypeid, idx_posts_owneruserid, idx_posts_viewcount, idx_posts_answercount, idx_posts_id_posttype_creationdate, idx_posts_id_owneruserid).

### Recommended New Indexes

**1. posts(CreationDate, Id, OwnerUserId)**
- Confirmed effective by query planner for many queries (s7, s8, s18, s19, s20, s22, s26, s29, s40, s41, s42, s44, s92, s100, s117, s118, s120, s122, s123, s130, s137, s145, s146 and many complex queries).
- The planner uses it as an index-only scan for date-range filtering on posts, then exposes Id for join to postLinks/postHistory/votes and OwnerUserId for join to users/comments. This eliminates large sequential scans on the posts table (2219–2679 cost) reducing them to targeted index-only scans (~2700 rows selected from ~90k).
- Cost improvement observed: from ~11,605 to ~11,441 for s20; similar savings across dozens of queries that filter posts by CreationDate.

**2. votes(VoteTypeId, PostId, CreationDate)**
- Confirmed used by planner as `tmp_idx_votes_0786ecb9` in s129 (cost ~12,767 vs ~13,703 without) and many other queries (s25, s61, s63, s70, s71, s73, s76, s96, s127, s128, s129, s143, s145).
- The VoteTypeId=2 (upvote) filter is extremely common. Combined with PostId join key and optional CreationDate range filter, this composite index enables index-only scans instead of full sequential scans on the votes table (~192k rows, seq scan cost ~4,572).
- Particularly important for medium/complex queries involving 5-7-table joins where reducing votes scan cost has multiplicative benefit.

**3. comments(Score, CreationDate, UserId)**
- Confirmed used by planner as `tmp_idx_comments_2503997b` for queries filtering Score=1 or Score=2 with CreationDate ranges (s34, s49, s50, s107, s108, s116, s131 and others).
- Supplements the existing idx_comments_score_userid by adding CreationDate to enable range pruning when both Score equality and date ranges are applied. The planner chooses this for Score=1+date patterns, delivering targeted index-only scans of ~14,754 rows vs. full comment table scans (~102k rows with filter cost ~2,882).
- Queries like s34 drop from ~149,249 cost to a much more tractable plan.

**4. postHistory(PostHistoryTypeId, CreationDate, UserId)**
- Confirmed used by planner as `tmp_idx_posthistory_84524b61` for queries filtering PostHistoryTypeId with CreationDate ranges and then joining by UserId (s38, s39, s47, s51, s106, s121, s125, s132, s145).
- For PostHistoryTypeId equality + CreationDate range, this enables index-only scans returning ~17,000–27,000 rows vs. bitmap heap scans of ~24,000–70,000 rows from the existing posttypeid-only index.
- The difference is most dramatic for s106 where the planner uses it for a 3-table join (comments+postHistory+votes on UserId) achieving cost ~474,086 vs millions without it.

**5. postLinks(RelatedPostId, LinkTypeId, CreationDate)**
- Confirmed used by planner as `tmp_idx_postlinks_fe583d40` in multiple queries (s26, s40, s41, s53, s54, s58, s59, s60, s61, s62, s63, s68–s73, s137, s139, s140–s143).
- Many complex queries join postLinks on RelatedPostId and filter on LinkTypeId=1 and/or CreationDate. The existing idx_postlinks_relatedpostid covers only the join key. Adding LinkTypeId+CreationDate enables filtering ~10,186 rows (LinkTypeId=1) or narrower with date ranges, vs. the full 11,102-row postlinks table.
- Enables index-only scans for the postLinks portion of complex 6-7 table joins, reducing intermediate result sets significantly.

### Why Other Candidates Were Rejected

- **postHistory(CreationDate, PostId)** and **postHistory(CreationDate, UserId)**: The planner showed minimal improvement (~0-100 cost) because postHistory is already well-covered by PostId and PostHistoryTypeId indexes, and date-range-only filtering still requires reading most of the table.
- **votes(PostId, VoteTypeId)** without CreationDate: Marginally weaker than the 3-column version; the planner consistently preferred the 3-column composite.
- **comments(Score, UserId, CreationDate)** (different column order): Tested and showed planner preferred the (Score, CreationDate, UserId) ordering for date range filtering after score equality.
- **posts(PostTypeId, OwnerUserId, Id)**: The existing idx_posts_posttypeid bitmap index already handles PostTypeId filtering effectively; adding OwnerUserId/Id showed negligible improvement.",36.185,-11.21
s55,"[{""table"": ""posts"", ""columns"": [""CreationDate"", ""Id"", ""OwnerUserId""]}, {""table"": ""votes"", ""columns"": [""VoteTypeId"", ""PostId"", ""CreationDate""]}, {""table"": ""comments"", ""columns"": [""Score"", ""CreationDate"", ""UserId""]}, {""table"": ""postHistory"", ""columns"": [""PostHistoryTypeId"", ""CreationDate"", ""UserId""]}, {""table"": ""postLinks"", ""columns"": [""RelatedPostId"", ""LinkTypeId"", ""CreationDate""]}]","## Analysis Summary

After extensive cost estimation across the full 146-query workload, I identified the existing index set and the five additional indexes that deliver the most benefit. The existing schema already has a rich set of indexes (idx_badges_userid, idx_badges_userid_date, idx_comments_userid, idx_comments_score_userid, idx_comments_postid, idx_comments_postid_creationdate, idx_comments_userid_score_creationdate, idx_votes_userid, idx_votes_userid_creationdate, idx_votes_postid_creationdate, idx_posthistory_userid, idx_posthistory_postid, idx_posthistory_postid_creationdate, idx_posthistory_posttypeid, idx_posthistory_posttypeid_userid, idx_posthistory_userid_typeid_creationdate, idx_postlinks_postid, idx_postlinks_relatedpostid, idx_postlinks_postid_linktypeid_creationdate, idx_posts_posttypeid, idx_posts_owneruserid, idx_posts_viewcount, idx_posts_answercount, idx_posts_id_posttype_creationdate, idx_posts_id_owneruserid).

### Recommended New Indexes

**1. posts(CreationDate, Id, OwnerUserId)**
- Confirmed effective by query planner for many queries (s7, s8, s18, s19, s20, s22, s26, s29, s40, s41, s42, s44, s92, s100, s117, s118, s120, s122, s123, s130, s137, s145, s146 and many complex queries).
- The planner uses it as an index-only scan for date-range filtering on posts, then exposes Id for join to postLinks/postHistory/votes and OwnerUserId for join to users/comments. This eliminates large sequential scans on the posts table (2219–2679 cost) reducing them to targeted index-only scans (~2700 rows selected from ~90k).
- Cost improvement observed: from ~11,605 to ~11,441 for s20; similar savings across dozens of queries that filter posts by CreationDate.

**2. votes(VoteTypeId, PostId, CreationDate)**
- Confirmed used by planner as `tmp_idx_votes_0786ecb9` in s129 (cost ~12,767 vs ~13,703 without) and many other queries (s25, s61, s63, s70, s71, s73, s76, s96, s127, s128, s129, s143, s145).
- The VoteTypeId=2 (upvote) filter is extremely common. Combined with PostId join key and optional CreationDate range filter, this composite index enables index-only scans instead of full sequential scans on the votes table (~192k rows, seq scan cost ~4,572).
- Particularly important for medium/complex queries involving 5-7-table joins where reducing votes scan cost has multiplicative benefit.

**3. comments(Score, CreationDate, UserId)**
- Confirmed used by planner as `tmp_idx_comments_2503997b` for queries filtering Score=1 or Score=2 with CreationDate ranges (s34, s49, s50, s107, s108, s116, s131 and others).
- Supplements the existing idx_comments_score_userid by adding CreationDate to enable range pruning when both Score equality and date ranges are applied. The planner chooses this for Score=1+date patterns, delivering targeted index-only scans of ~14,754 rows vs. full comment table scans (~102k rows with filter cost ~2,882).
- Queries like s34 drop from ~149,249 cost to a much more tractable plan.

**4. postHistory(PostHistoryTypeId, CreationDate, UserId)**
- Confirmed used by planner as `tmp_idx_posthistory_84524b61` for queries filtering PostHistoryTypeId with CreationDate ranges and then joining by UserId (s38, s39, s47, s51, s106, s121, s125, s132, s145).
- For PostHistoryTypeId equality + CreationDate range, this enables index-only scans returning ~17,000–27,000 rows vs. bitmap heap scans of ~24,000–70,000 rows from the existing posttypeid-only index.
- The difference is most dramatic for s106 where the planner uses it for a 3-table join (comments+postHistory+votes on UserId) achieving cost ~474,086 vs millions without it.

**5. postLinks(RelatedPostId, LinkTypeId, CreationDate)**
- Confirmed used by planner as `tmp_idx_postlinks_fe583d40` in multiple queries (s26, s40, s41, s53, s54, s58, s59, s60, s61, s62, s63, s68–s73, s137, s139, s140–s143).
- Many complex queries join postLinks on RelatedPostId and filter on LinkTypeId=1 and/or CreationDate. The existing idx_postlinks_relatedpostid covers only the join key. Adding LinkTypeId+CreationDate enables filtering ~10,186 rows (LinkTypeId=1) or narrower with date ranges, vs. the full 11,102-row postlinks table.
- Enables index-only scans for the postLinks portion of complex 6-7 table joins, reducing intermediate result sets significantly.

### Why Other Candidates Were Rejected

- **postHistory(CreationDate, PostId)** and **postHistory(CreationDate, UserId)**: The planner showed minimal improvement (~0-100 cost) because postHistory is already well-covered by PostId and PostHistoryTypeId indexes, and date-range-only filtering still requires reading most of the table.
- **votes(PostId, VoteTypeId)** without CreationDate: Marginally weaker than the 3-column version; the planner consistently preferred the 3-column composite.
- **comments(Score, UserId, CreationDate)** (different column order): Tested and showed planner preferred the (Score, CreationDate, UserId) ordering for date range filtering after score equality.
- **posts(PostTypeId, OwnerUserId, Id)**: The existing idx_posts_posttypeid bitmap index already handles PostTypeId filtering effectively; adding OwnerUserId/Id showed negligible improvement.",35.31,-2.81
s56,"[{""table"": ""posts"", ""columns"": [""CreationDate"", ""Id"", ""OwnerUserId""]}, {""table"": ""votes"", ""columns"": [""VoteTypeId"", ""PostId"", ""CreationDate""]}, {""table"": ""comments"", ""columns"": [""Score"", ""CreationDate"", ""UserId""]}, {""table"": ""postHistory"", ""columns"": [""PostHistoryTypeId"", ""CreationDate"", ""UserId""]}, {""table"": ""postLinks"", ""columns"": [""RelatedPostId"", ""LinkTypeId"", ""CreationDate""]}]","## Analysis Summary

After extensive cost estimation across the full 146-query workload, I identified the existing index set and the five additional indexes that deliver the most benefit. The existing schema already has a rich set of indexes (idx_badges_userid, idx_badges_userid_date, idx_comments_userid, idx_comments_score_userid, idx_comments_postid, idx_comments_postid_creationdate, idx_comments_userid_score_creationdate, idx_votes_userid, idx_votes_userid_creationdate, idx_votes_postid_creationdate, idx_posthistory_userid, idx_posthistory_postid, idx_posthistory_postid_creationdate, idx_posthistory_posttypeid, idx_posthistory_posttypeid_userid, idx_posthistory_userid_typeid_creationdate, idx_postlinks_postid, idx_postlinks_relatedpostid, idx_postlinks_postid_linktypeid_creationdate, idx_posts_posttypeid, idx_posts_owneruserid, idx_posts_viewcount, idx_posts_answercount, idx_posts_id_posttype_creationdate, idx_posts_id_owneruserid).

### Recommended New Indexes

**1. posts(CreationDate, Id, OwnerUserId)**
- Confirmed effective by query planner for many queries (s7, s8, s18, s19, s20, s22, s26, s29, s40, s41, s42, s44, s92, s100, s117, s118, s120, s122, s123, s130, s137, s145, s146 and many complex queries).
- The planner uses it as an index-only scan for date-range filtering on posts, then exposes Id for join to postLinks/postHistory/votes and OwnerUserId for join to users/comments. This eliminates large sequential scans on the posts table (2219–2679 cost) reducing them to targeted index-only scans (~2700 rows selected from ~90k).
- Cost improvement observed: from ~11,605 to ~11,441 for s20; similar savings across dozens of queries that filter posts by CreationDate.

**2. votes(VoteTypeId, PostId, CreationDate)**
- Confirmed used by planner as `tmp_idx_votes_0786ecb9` in s129 (cost ~12,767 vs ~13,703 without) and many other queries (s25, s61, s63, s70, s71, s73, s76, s96, s127, s128, s129, s143, s145).
- The VoteTypeId=2 (upvote) filter is extremely common. Combined with PostId join key and optional CreationDate range filter, this composite index enables index-only scans instead of full sequential scans on the votes table (~192k rows, seq scan cost ~4,572).
- Particularly important for medium/complex queries involving 5-7-table joins where reducing votes scan cost has multiplicative benefit.

**3. comments(Score, CreationDate, UserId)**
- Confirmed used by planner as `tmp_idx_comments_2503997b` for queries filtering Score=1 or Score=2 with CreationDate ranges (s34, s49, s50, s107, s108, s116, s131 and others).
- Supplements the existing idx_comments_score_userid by adding CreationDate to enable range pruning when both Score equality and date ranges are applied. The planner chooses this for Score=1+date patterns, delivering targeted index-only scans of ~14,754 rows vs. full comment table scans (~102k rows with filter cost ~2,882).
- Queries like s34 drop from ~149,249 cost to a much more tractable plan.

**4. postHistory(PostHistoryTypeId, CreationDate, UserId)**
- Confirmed used by planner as `tmp_idx_posthistory_84524b61` for queries filtering PostHistoryTypeId with CreationDate ranges and then joining by UserId (s38, s39, s47, s51, s106, s121, s125, s132, s145).
- For PostHistoryTypeId equality + CreationDate range, this enables index-only scans returning ~17,000–27,000 rows vs. bitmap heap scans of ~24,000–70,000 rows from the existing posttypeid-only index.
- The difference is most dramatic for s106 where the planner uses it for a 3-table join (comments+postHistory+votes on UserId) achieving cost ~474,086 vs millions without it.

**5. postLinks(RelatedPostId, LinkTypeId, CreationDate)**
- Confirmed used by planner as `tmp_idx_postlinks_fe583d40` in multiple queries (s26, s40, s41, s53, s54, s58, s59, s60, s61, s62, s63, s68–s73, s137, s139, s140–s143).
- Many complex queries join postLinks on RelatedPostId and filter on LinkTypeId=1 and/or CreationDate. The existing idx_postlinks_relatedpostid covers only the join key. Adding LinkTypeId+CreationDate enables filtering ~10,186 rows (LinkTypeId=1) or narrower with date ranges, vs. the full 11,102-row postlinks table.
- Enables index-only scans for the postLinks portion of complex 6-7 table joins, reducing intermediate result sets significantly.

### Why Other Candidates Were Rejected

- **postHistory(CreationDate, PostId)** and **postHistory(CreationDate, UserId)**: The planner showed minimal improvement (~0-100 cost) because postHistory is already well-covered by PostId and PostHistoryTypeId indexes, and date-range-only filtering still requires reading most of the table.
- **votes(PostId, VoteTypeId)** without CreationDate: Marginally weaker than the 3-column version; the planner consistently preferred the 3-column composite.
- **comments(Score, UserId, CreationDate)** (different column order): Tested and showed planner preferred the (Score, CreationDate, UserId) ordering for date range filtering after score equality.
- **posts(PostTypeId, OwnerUserId, Id)**: The existing idx_posts_posttypeid bitmap index already handles PostTypeId filtering effectively; adding OwnerUserId/Id showed negligible improvement.",883.263,-18.46
s57,"[{""table"": ""posts"", ""columns"": [""CreationDate"", ""Id"", ""OwnerUserId""]}, {""table"": ""votes"", ""columns"": [""VoteTypeId"", ""PostId"", ""CreationDate""]}, {""table"": ""comments"", ""columns"": [""Score"", ""CreationDate"", ""UserId""]}, {""table"": ""postHistory"", ""columns"": [""PostHistoryTypeId"", ""CreationDate"", ""UserId""]}, {""table"": ""postLinks"", ""columns"": [""RelatedPostId"", ""LinkTypeId"", ""CreationDate""]}]","## Analysis Summary

After extensive cost estimation across the full 146-query workload, I identified the existing index set and the five additional indexes that deliver the most benefit. The existing schema already has a rich set of indexes (idx_badges_userid, idx_badges_userid_date, idx_comments_userid, idx_comments_score_userid, idx_comments_postid, idx_comments_postid_creationdate, idx_comments_userid_score_creationdate, idx_votes_userid, idx_votes_userid_creationdate, idx_votes_postid_creationdate, idx_posthistory_userid, idx_posthistory_postid, idx_posthistory_postid_creationdate, idx_posthistory_posttypeid, idx_posthistory_posttypeid_userid, idx_posthistory_userid_typeid_creationdate, idx_postlinks_postid, idx_postlinks_relatedpostid, idx_postlinks_postid_linktypeid_creationdate, idx_posts_posttypeid, idx_posts_owneruserid, idx_posts_viewcount, idx_posts_answercount, idx_posts_id_posttype_creationdate, idx_posts_id_owneruserid).

### Recommended New Indexes

**1. posts(CreationDate, Id, OwnerUserId)**
- Confirmed effective by query planner for many queries (s7, s8, s18, s19, s20, s22, s26, s29, s40, s41, s42, s44, s92, s100, s117, s118, s120, s122, s123, s130, s137, s145, s146 and many complex queries).
- The planner uses it as an index-only scan for date-range filtering on posts, then exposes Id for join to postLinks/postHistory/votes and OwnerUserId for join to users/comments. This eliminates large sequential scans on the posts table (2219–2679 cost) reducing them to targeted index-only scans (~2700 rows selected from ~90k).
- Cost improvement observed: from ~11,605 to ~11,441 for s20; similar savings across dozens of queries that filter posts by CreationDate.

**2. votes(VoteTypeId, PostId, CreationDate)**
- Confirmed used by planner as `tmp_idx_votes_0786ecb9` in s129 (cost ~12,767 vs ~13,703 without) and many other queries (s25, s61, s63, s70, s71, s73, s76, s96, s127, s128, s129, s143, s145).
- The VoteTypeId=2 (upvote) filter is extremely common. Combined with PostId join key and optional CreationDate range filter, this composite index enables index-only scans instead of full sequential scans on the votes table (~192k rows, seq scan cost ~4,572).
- Particularly important for medium/complex queries involving 5-7-table joins where reducing votes scan cost has multiplicative benefit.

**3. comments(Score, CreationDate, UserId)**
- Confirmed used by planner as `tmp_idx_comments_2503997b` for queries filtering Score=1 or Score=2 with CreationDate ranges (s34, s49, s50, s107, s108, s116, s131 and others).
- Supplements the existing idx_comments_score_userid by adding CreationDate to enable range pruning when both Score equality and date ranges are applied. The planner chooses this for Score=1+date patterns, delivering targeted index-only scans of ~14,754 rows vs. full comment table scans (~102k rows with filter cost ~2,882).
- Queries like s34 drop from ~149,249 cost to a much more tractable plan.

**4. postHistory(PostHistoryTypeId, CreationDate, UserId)**
- Confirmed used by planner as `tmp_idx_posthistory_84524b61` for queries filtering PostHistoryTypeId with CreationDate ranges and then joining by UserId (s38, s39, s47, s51, s106, s121, s125, s132, s145).
- For PostHistoryTypeId equality + CreationDate range, this enables index-only scans returning ~17,000–27,000 rows vs. bitmap heap scans of ~24,000–70,000 rows from the existing posttypeid-only index.
- The difference is most dramatic for s106 where the planner uses it for a 3-table join (comments+postHistory+votes on UserId) achieving cost ~474,086 vs millions without it.

**5. postLinks(RelatedPostId, LinkTypeId, CreationDate)**
- Confirmed used by planner as `tmp_idx_postlinks_fe583d40` in multiple queries (s26, s40, s41, s53, s54, s58, s59, s60, s61, s62, s63, s68–s73, s137, s139, s140–s143).
- Many complex queries join postLinks on RelatedPostId and filter on LinkTypeId=1 and/or CreationDate. The existing idx_postlinks_relatedpostid covers only the join key. Adding LinkTypeId+CreationDate enables filtering ~10,186 rows (LinkTypeId=1) or narrower with date ranges, vs. the full 11,102-row postlinks table.
- Enables index-only scans for the postLinks portion of complex 6-7 table joins, reducing intermediate result sets significantly.

### Why Other Candidates Were Rejected

- **postHistory(CreationDate, PostId)** and **postHistory(CreationDate, UserId)**: The planner showed minimal improvement (~0-100 cost) because postHistory is already well-covered by PostId and PostHistoryTypeId indexes, and date-range-only filtering still requires reading most of the table.
- **votes(PostId, VoteTypeId)** without CreationDate: Marginally weaker than the 3-column version; the planner consistently preferred the 3-column composite.
- **comments(Score, UserId, CreationDate)** (different column order): Tested and showed planner preferred the (Score, CreationDate, UserId) ordering for date range filtering after score equality.
- **posts(PostTypeId, OwnerUserId, Id)**: The existing idx_posts_posttypeid bitmap index already handles PostTypeId filtering effectively; adding OwnerUserId/Id showed negligible improvement.",33.431,-6.28
s58,"[{""table"": ""posts"", ""columns"": [""CreationDate"", ""Id"", ""OwnerUserId""]}, {""table"": ""votes"", ""columns"": [""VoteTypeId"", ""PostId"", ""CreationDate""]}, {""table"": ""comments"", ""columns"": [""Score"", ""CreationDate"", ""UserId""]}, {""table"": ""postHistory"", ""columns"": [""PostHistoryTypeId"", ""CreationDate"", ""UserId""]}, {""table"": ""postLinks"", ""columns"": [""RelatedPostId"", ""LinkTypeId"", ""CreationDate""]}]","## Analysis Summary

After extensive cost estimation across the full 146-query workload, I identified the existing index set and the five additional indexes that deliver the most benefit. The existing schema already has a rich set of indexes (idx_badges_userid, idx_badges_userid_date, idx_comments_userid, idx_comments_score_userid, idx_comments_postid, idx_comments_postid_creationdate, idx_comments_userid_score_creationdate, idx_votes_userid, idx_votes_userid_creationdate, idx_votes_postid_creationdate, idx_posthistory_userid, idx_posthistory_postid, idx_posthistory_postid_creationdate, idx_posthistory_posttypeid, idx_posthistory_posttypeid_userid, idx_posthistory_userid_typeid_creationdate, idx_postlinks_postid, idx_postlinks_relatedpostid, idx_postlinks_postid_linktypeid_creationdate, idx_posts_posttypeid, idx_posts_owneruserid, idx_posts_viewcount, idx_posts_answercount, idx_posts_id_posttype_creationdate, idx_posts_id_owneruserid).

### Recommended New Indexes

**1. posts(CreationDate, Id, OwnerUserId)**
- Confirmed effective by query planner for many queries (s7, s8, s18, s19, s20, s22, s26, s29, s40, s41, s42, s44, s92, s100, s117, s118, s120, s122, s123, s130, s137, s145, s146 and many complex queries).
- The planner uses it as an index-only scan for date-range filtering on posts, then exposes Id for join to postLinks/postHistory/votes and OwnerUserId for join to users/comments. This eliminates large sequential scans on the posts table (2219–2679 cost) reducing them to targeted index-only scans (~2700 rows selected from ~90k).
- Cost improvement observed: from ~11,605 to ~11,441 for s20; similar savings across dozens of queries that filter posts by CreationDate.

**2. votes(VoteTypeId, PostId, CreationDate)**
- Confirmed used by planner as `tmp_idx_votes_0786ecb9` in s129 (cost ~12,767 vs ~13,703 without) and many other queries (s25, s61, s63, s70, s71, s73, s76, s96, s127, s128, s129, s143, s145).
- The VoteTypeId=2 (upvote) filter is extremely common. Combined with PostId join key and optional CreationDate range filter, this composite index enables index-only scans instead of full sequential scans on the votes table (~192k rows, seq scan cost ~4,572).
- Particularly important for medium/complex queries involving 5-7-table joins where reducing votes scan cost has multiplicative benefit.

**3. comments(Score, CreationDate, UserId)**
- Confirmed used by planner as `tmp_idx_comments_2503997b` for queries filtering Score=1 or Score=2 with CreationDate ranges (s34, s49, s50, s107, s108, s116, s131 and others).
- Supplements the existing idx_comments_score_userid by adding CreationDate to enable range pruning when both Score equality and date ranges are applied. The planner chooses this for Score=1+date patterns, delivering targeted index-only scans of ~14,754 rows vs. full comment table scans (~102k rows with filter cost ~2,882).
- Queries like s34 drop from ~149,249 cost to a much more tractable plan.

**4. postHistory(PostHistoryTypeId, CreationDate, UserId)**
- Confirmed used by planner as `tmp_idx_posthistory_84524b61` for queries filtering PostHistoryTypeId with CreationDate ranges and then joining by UserId (s38, s39, s47, s51, s106, s121, s125, s132, s145).
- For PostHistoryTypeId equality + CreationDate range, this enables index-only scans returning ~17,000–27,000 rows vs. bitmap heap scans of ~24,000–70,000 rows from the existing posttypeid-only index.
- The difference is most dramatic for s106 where the planner uses it for a 3-table join (comments+postHistory+votes on UserId) achieving cost ~474,086 vs millions without it.

**5. postLinks(RelatedPostId, LinkTypeId, CreationDate)**
- Confirmed used by planner as `tmp_idx_postlinks_fe583d40` in multiple queries (s26, s40, s41, s53, s54, s58, s59, s60, s61, s62, s63, s68–s73, s137, s139, s140–s143).
- Many complex queries join postLinks on RelatedPostId and filter on LinkTypeId=1 and/or CreationDate. The existing idx_postlinks_relatedpostid covers only the join key. Adding LinkTypeId+CreationDate enables filtering ~10,186 rows (LinkTypeId=1) or narrower with date ranges, vs. the full 11,102-row postlinks table.
- Enables index-only scans for the postLinks portion of complex 6-7 table joins, reducing intermediate result sets significantly.

### Why Other Candidates Were Rejected

- **postHistory(CreationDate, PostId)** and **postHistory(CreationDate, UserId)**: The planner showed minimal improvement (~0-100 cost) because postHistory is already well-covered by PostId and PostHistoryTypeId indexes, and date-range-only filtering still requires reading most of the table.
- **votes(PostId, VoteTypeId)** without CreationDate: Marginally weaker than the 3-column version; the planner consistently preferred the 3-column composite.
- **comments(Score, UserId, CreationDate)** (different column order): Tested and showed planner preferred the (Score, CreationDate, UserId) ordering for date range filtering after score equality.
- **posts(PostTypeId, OwnerUserId, Id)**: The existing idx_posts_posttypeid bitmap index already handles PostTypeId filtering effectively; adding OwnerUserId/Id showed negligible improvement.",730025.227,17.41
s59,"[{""table"": ""posts"", ""columns"": [""CreationDate"", ""Id"", ""OwnerUserId""]}, {""table"": ""votes"", ""columns"": [""VoteTypeId"", ""PostId"", ""CreationDate""]}, {""table"": ""comments"", ""columns"": [""Score"", ""CreationDate"", ""UserId""]}, {""table"": ""postHistory"", ""columns"": [""PostHistoryTypeId"", ""CreationDate"", ""UserId""]}, {""table"": ""postLinks"", ""columns"": [""RelatedPostId"", ""LinkTypeId"", ""CreationDate""]}]","## Analysis Summary

After extensive cost estimation across the full 146-query workload, I identified the existing index set and the five additional indexes that deliver the most benefit. The existing schema already has a rich set of indexes (idx_badges_userid, idx_badges_userid_date, idx_comments_userid, idx_comments_score_userid, idx_comments_postid, idx_comments_postid_creationdate, idx_comments_userid_score_creationdate, idx_votes_userid, idx_votes_userid_creationdate, idx_votes_postid_creationdate, idx_posthistory_userid, idx_posthistory_postid, idx_posthistory_postid_creationdate, idx_posthistory_posttypeid, idx_posthistory_posttypeid_userid, idx_posthistory_userid_typeid_creationdate, idx_postlinks_postid, idx_postlinks_relatedpostid, idx_postlinks_postid_linktypeid_creationdate, idx_posts_posttypeid, idx_posts_owneruserid, idx_posts_viewcount, idx_posts_answercount, idx_posts_id_posttype_creationdate, idx_posts_id_owneruserid).

### Recommended New Indexes

**1. posts(CreationDate, Id, OwnerUserId)**
- Confirmed effective by query planner for many queries (s7, s8, s18, s19, s20, s22, s26, s29, s40, s41, s42, s44, s92, s100, s117, s118, s120, s122, s123, s130, s137, s145, s146 and many complex queries).
- The planner uses it as an index-only scan for date-range filtering on posts, then exposes Id for join to postLinks/postHistory/votes and OwnerUserId for join to users/comments. This eliminates large sequential scans on the posts table (2219–2679 cost) reducing them to targeted index-only scans (~2700 rows selected from ~90k).
- Cost improvement observed: from ~11,605 to ~11,441 for s20; similar savings across dozens of queries that filter posts by CreationDate.

**2. votes(VoteTypeId, PostId, CreationDate)**
- Confirmed used by planner as `tmp_idx_votes_0786ecb9` in s129 (cost ~12,767 vs ~13,703 without) and many other queries (s25, s61, s63, s70, s71, s73, s76, s96, s127, s128, s129, s143, s145).
- The VoteTypeId=2 (upvote) filter is extremely common. Combined with PostId join key and optional CreationDate range filter, this composite index enables index-only scans instead of full sequential scans on the votes table (~192k rows, seq scan cost ~4,572).
- Particularly important for medium/complex queries involving 5-7-table joins where reducing votes scan cost has multiplicative benefit.

**3. comments(Score, CreationDate, UserId)**
- Confirmed used by planner as `tmp_idx_comments_2503997b` for queries filtering Score=1 or Score=2 with CreationDate ranges (s34, s49, s50, s107, s108, s116, s131 and others).
- Supplements the existing idx_comments_score_userid by adding CreationDate to enable range pruning when both Score equality and date ranges are applied. The planner chooses this for Score=1+date patterns, delivering targeted index-only scans of ~14,754 rows vs. full comment table scans (~102k rows with filter cost ~2,882).
- Queries like s34 drop from ~149,249 cost to a much more tractable plan.

**4. postHistory(PostHistoryTypeId, CreationDate, UserId)**
- Confirmed used by planner as `tmp_idx_posthistory_84524b61` for queries filtering PostHistoryTypeId with CreationDate ranges and then joining by UserId (s38, s39, s47, s51, s106, s121, s125, s132, s145).
- For PostHistoryTypeId equality + CreationDate range, this enables index-only scans returning ~17,000–27,000 rows vs. bitmap heap scans of ~24,000–70,000 rows from the existing posttypeid-only index.
- The difference is most dramatic for s106 where the planner uses it for a 3-table join (comments+postHistory+votes on UserId) achieving cost ~474,086 vs millions without it.

**5. postLinks(RelatedPostId, LinkTypeId, CreationDate)**
- Confirmed used by planner as `tmp_idx_postlinks_fe583d40` in multiple queries (s26, s40, s41, s53, s54, s58, s59, s60, s61, s62, s63, s68–s73, s137, s139, s140–s143).
- Many complex queries join postLinks on RelatedPostId and filter on LinkTypeId=1 and/or CreationDate. The existing idx_postlinks_relatedpostid covers only the join key. Adding LinkTypeId+CreationDate enables filtering ~10,186 rows (LinkTypeId=1) or narrower with date ranges, vs. the full 11,102-row postlinks table.
- Enables index-only scans for the postLinks portion of complex 6-7 table joins, reducing intermediate result sets significantly.

### Why Other Candidates Were Rejected

- **postHistory(CreationDate, PostId)** and **postHistory(CreationDate, UserId)**: The planner showed minimal improvement (~0-100 cost) because postHistory is already well-covered by PostId and PostHistoryTypeId indexes, and date-range-only filtering still requires reading most of the table.
- **votes(PostId, VoteTypeId)** without CreationDate: Marginally weaker than the 3-column version; the planner consistently preferred the 3-column composite.
- **comments(Score, UserId, CreationDate)** (different column order): Tested and showed planner preferred the (Score, CreationDate, UserId) ordering for date range filtering after score equality.
- **posts(PostTypeId, OwnerUserId, Id)**: The existing idx_posts_posttypeid bitmap index already handles PostTypeId filtering effectively; adding OwnerUserId/Id showed negligible improvement.",4018.534,39.82
s60,"[{""table"": ""posts"", ""columns"": [""CreationDate"", ""Id"", ""OwnerUserId""]}, {""table"": ""votes"", ""columns"": [""VoteTypeId"", ""PostId"", ""CreationDate""]}, {""table"": ""comments"", ""columns"": [""Score"", ""CreationDate"", ""UserId""]}, {""table"": ""postHistory"", ""columns"": [""PostHistoryTypeId"", ""CreationDate"", ""UserId""]}, {""table"": ""postLinks"", ""columns"": [""RelatedPostId"", ""LinkTypeId"", ""CreationDate""]}]","## Analysis Summary

After extensive cost estimation across the full 146-query workload, I identified the existing index set and the five additional indexes that deliver the most benefit. The existing schema already has a rich set of indexes (idx_badges_userid, idx_badges_userid_date, idx_comments_userid, idx_comments_score_userid, idx_comments_postid, idx_comments_postid_creationdate, idx_comments_userid_score_creationdate, idx_votes_userid, idx_votes_userid_creationdate, idx_votes_postid_creationdate, idx_posthistory_userid, idx_posthistory_postid, idx_posthistory_postid_creationdate, idx_posthistory_posttypeid, idx_posthistory_posttypeid_userid, idx_posthistory_userid_typeid_creationdate, idx_postlinks_postid, idx_postlinks_relatedpostid, idx_postlinks_postid_linktypeid_creationdate, idx_posts_posttypeid, idx_posts_owneruserid, idx_posts_viewcount, idx_posts_answercount, idx_posts_id_posttype_creationdate, idx_posts_id_owneruserid).

### Recommended New Indexes

**1. posts(CreationDate, Id, OwnerUserId)**
- Confirmed effective by query planner for many queries (s7, s8, s18, s19, s20, s22, s26, s29, s40, s41, s42, s44, s92, s100, s117, s118, s120, s122, s123, s130, s137, s145, s146 and many complex queries).
- The planner uses it as an index-only scan for date-range filtering on posts, then exposes Id for join to postLinks/postHistory/votes and OwnerUserId for join to users/comments. This eliminates large sequential scans on the posts table (2219–2679 cost) reducing them to targeted index-only scans (~2700 rows selected from ~90k).
- Cost improvement observed: from ~11,605 to ~11,441 for s20; similar savings across dozens of queries that filter posts by CreationDate.

**2. votes(VoteTypeId, PostId, CreationDate)**
- Confirmed used by planner as `tmp_idx_votes_0786ecb9` in s129 (cost ~12,767 vs ~13,703 without) and many other queries (s25, s61, s63, s70, s71, s73, s76, s96, s127, s128, s129, s143, s145).
- The VoteTypeId=2 (upvote) filter is extremely common. Combined with PostId join key and optional CreationDate range filter, this composite index enables index-only scans instead of full sequential scans on the votes table (~192k rows, seq scan cost ~4,572).
- Particularly important for medium/complex queries involving 5-7-table joins where reducing votes scan cost has multiplicative benefit.

**3. comments(Score, CreationDate, UserId)**
- Confirmed used by planner as `tmp_idx_comments_2503997b` for queries filtering Score=1 or Score=2 with CreationDate ranges (s34, s49, s50, s107, s108, s116, s131 and others).
- Supplements the existing idx_comments_score_userid by adding CreationDate to enable range pruning when both Score equality and date ranges are applied. The planner chooses this for Score=1+date patterns, delivering targeted index-only scans of ~14,754 rows vs. full comment table scans (~102k rows with filter cost ~2,882).
- Queries like s34 drop from ~149,249 cost to a much more tractable plan.

**4. postHistory(PostHistoryTypeId, CreationDate, UserId)**
- Confirmed used by planner as `tmp_idx_posthistory_84524b61` for queries filtering PostHistoryTypeId with CreationDate ranges and then joining by UserId (s38, s39, s47, s51, s106, s121, s125, s132, s145).
- For PostHistoryTypeId equality + CreationDate range, this enables index-only scans returning ~17,000–27,000 rows vs. bitmap heap scans of ~24,000–70,000 rows from the existing posttypeid-only index.
- The difference is most dramatic for s106 where the planner uses it for a 3-table join (comments+postHistory+votes on UserId) achieving cost ~474,086 vs millions without it.

**5. postLinks(RelatedPostId, LinkTypeId, CreationDate)**
- Confirmed used by planner as `tmp_idx_postlinks_fe583d40` in multiple queries (s26, s40, s41, s53, s54, s58, s59, s60, s61, s62, s63, s68–s73, s137, s139, s140–s143).
- Many complex queries join postLinks on RelatedPostId and filter on LinkTypeId=1 and/or CreationDate. The existing idx_postlinks_relatedpostid covers only the join key. Adding LinkTypeId+CreationDate enables filtering ~10,186 rows (LinkTypeId=1) or narrower with date ranges, vs. the full 11,102-row postlinks table.
- Enables index-only scans for the postLinks portion of complex 6-7 table joins, reducing intermediate result sets significantly.

### Why Other Candidates Were Rejected

- **postHistory(CreationDate, PostId)** and **postHistory(CreationDate, UserId)**: The planner showed minimal improvement (~0-100 cost) because postHistory is already well-covered by PostId and PostHistoryTypeId indexes, and date-range-only filtering still requires reading most of the table.
- **votes(PostId, VoteTypeId)** without CreationDate: Marginally weaker than the 3-column version; the planner consistently preferred the 3-column composite.
- **comments(Score, UserId, CreationDate)** (different column order): Tested and showed planner preferred the (Score, CreationDate, UserId) ordering for date range filtering after score equality.
- **posts(PostTypeId, OwnerUserId, Id)**: The existing idx_posts_posttypeid bitmap index already handles PostTypeId filtering effectively; adding OwnerUserId/Id showed negligible improvement.",790.734,-6.56
s61,"[{""table"": ""posts"", ""columns"": [""CreationDate"", ""Id"", ""OwnerUserId""]}, {""table"": ""votes"", ""columns"": [""VoteTypeId"", ""PostId"", ""CreationDate""]}, {""table"": ""comments"", ""columns"": [""Score"", ""CreationDate"", ""UserId""]}, {""table"": ""postHistory"", ""columns"": [""PostHistoryTypeId"", ""CreationDate"", ""UserId""]}, {""table"": ""postLinks"", ""columns"": [""RelatedPostId"", ""LinkTypeId"", ""CreationDate""]}]","## Analysis Summary

After extensive cost estimation across the full 146-query workload, I identified the existing index set and the five additional indexes that deliver the most benefit. The existing schema already has a rich set of indexes (idx_badges_userid, idx_badges_userid_date, idx_comments_userid, idx_comments_score_userid, idx_comments_postid, idx_comments_postid_creationdate, idx_comments_userid_score_creationdate, idx_votes_userid, idx_votes_userid_creationdate, idx_votes_postid_creationdate, idx_posthistory_userid, idx_posthistory_postid, idx_posthistory_postid_creationdate, idx_posthistory_posttypeid, idx_posthistory_posttypeid_userid, idx_posthistory_userid_typeid_creationdate, idx_postlinks_postid, idx_postlinks_relatedpostid, idx_postlinks_postid_linktypeid_creationdate, idx_posts_posttypeid, idx_posts_owneruserid, idx_posts_viewcount, idx_posts_answercount, idx_posts_id_posttype_creationdate, idx_posts_id_owneruserid).

### Recommended New Indexes

**1. posts(CreationDate, Id, OwnerUserId)**
- Confirmed effective by query planner for many queries (s7, s8, s18, s19, s20, s22, s26, s29, s40, s41, s42, s44, s92, s100, s117, s118, s120, s122, s123, s130, s137, s145, s146 and many complex queries).
- The planner uses it as an index-only scan for date-range filtering on posts, then exposes Id for join to postLinks/postHistory/votes and OwnerUserId for join to users/comments. This eliminates large sequential scans on the posts table (2219–2679 cost) reducing them to targeted index-only scans (~2700 rows selected from ~90k).
- Cost improvement observed: from ~11,605 to ~11,441 for s20; similar savings across dozens of queries that filter posts by CreationDate.

**2. votes(VoteTypeId, PostId, CreationDate)**
- Confirmed used by planner as `tmp_idx_votes_0786ecb9` in s129 (cost ~12,767 vs ~13,703 without) and many other queries (s25, s61, s63, s70, s71, s73, s76, s96, s127, s128, s129, s143, s145).
- The VoteTypeId=2 (upvote) filter is extremely common. Combined with PostId join key and optional CreationDate range filter, this composite index enables index-only scans instead of full sequential scans on the votes table (~192k rows, seq scan cost ~4,572).
- Particularly important for medium/complex queries involving 5-7-table joins where reducing votes scan cost has multiplicative benefit.

**3. comments(Score, CreationDate, UserId)**
- Confirmed used by planner as `tmp_idx_comments_2503997b` for queries filtering Score=1 or Score=2 with CreationDate ranges (s34, s49, s50, s107, s108, s116, s131 and others).
- Supplements the existing idx_comments_score_userid by adding CreationDate to enable range pruning when both Score equality and date ranges are applied. The planner chooses this for Score=1+date patterns, delivering targeted index-only scans of ~14,754 rows vs. full comment table scans (~102k rows with filter cost ~2,882).
- Queries like s34 drop from ~149,249 cost to a much more tractable plan.

**4. postHistory(PostHistoryTypeId, CreationDate, UserId)**
- Confirmed used by planner as `tmp_idx_posthistory_84524b61` for queries filtering PostHistoryTypeId with CreationDate ranges and then joining by UserId (s38, s39, s47, s51, s106, s121, s125, s132, s145).
- For PostHistoryTypeId equality + CreationDate range, this enables index-only scans returning ~17,000–27,000 rows vs. bitmap heap scans of ~24,000–70,000 rows from the existing posttypeid-only index.
- The difference is most dramatic for s106 where the planner uses it for a 3-table join (comments+postHistory+votes on UserId) achieving cost ~474,086 vs millions without it.

**5. postLinks(RelatedPostId, LinkTypeId, CreationDate)**
- Confirmed used by planner as `tmp_idx_postlinks_fe583d40` in multiple queries (s26, s40, s41, s53, s54, s58, s59, s60, s61, s62, s63, s68–s73, s137, s139, s140–s143).
- Many complex queries join postLinks on RelatedPostId and filter on LinkTypeId=1 and/or CreationDate. The existing idx_postlinks_relatedpostid covers only the join key. Adding LinkTypeId+CreationDate enables filtering ~10,186 rows (LinkTypeId=1) or narrower with date ranges, vs. the full 11,102-row postlinks table.
- Enables index-only scans for the postLinks portion of complex 6-7 table joins, reducing intermediate result sets significantly.

### Why Other Candidates Were Rejected

- **postHistory(CreationDate, PostId)** and **postHistory(CreationDate, UserId)**: The planner showed minimal improvement (~0-100 cost) because postHistory is already well-covered by PostId and PostHistoryTypeId indexes, and date-range-only filtering still requires reading most of the table.
- **votes(PostId, VoteTypeId)** without CreationDate: Marginally weaker than the 3-column version; the planner consistently preferred the 3-column composite.
- **comments(Score, UserId, CreationDate)** (different column order): Tested and showed planner preferred the (Score, CreationDate, UserId) ordering for date range filtering after score equality.
- **posts(PostTypeId, OwnerUserId, Id)**: The existing idx_posts_posttypeid bitmap index already handles PostTypeId filtering effectively; adding OwnerUserId/Id showed negligible improvement.",140.126,12.95
s62,"[{""table"": ""posts"", ""columns"": [""CreationDate"", ""Id"", ""OwnerUserId""]}, {""table"": ""votes"", ""columns"": [""VoteTypeId"", ""PostId"", ""CreationDate""]}, {""table"": ""comments"", ""columns"": [""Score"", ""CreationDate"", ""UserId""]}, {""table"": ""postHistory"", ""columns"": [""PostHistoryTypeId"", ""CreationDate"", ""UserId""]}, {""table"": ""postLinks"", ""columns"": [""RelatedPostId"", ""LinkTypeId"", ""CreationDate""]}]","## Analysis Summary

After extensive cost estimation across the full 146-query workload, I identified the existing index set and the five additional indexes that deliver the most benefit. The existing schema already has a rich set of indexes (idx_badges_userid, idx_badges_userid_date, idx_comments_userid, idx_comments_score_userid, idx_comments_postid, idx_comments_postid_creationdate, idx_comments_userid_score_creationdate, idx_votes_userid, idx_votes_userid_creationdate, idx_votes_postid_creationdate, idx_posthistory_userid, idx_posthistory_postid, idx_posthistory_postid_creationdate, idx_posthistory_posttypeid, idx_posthistory_posttypeid_userid, idx_posthistory_userid_typeid_creationdate, idx_postlinks_postid, idx_postlinks_relatedpostid, idx_postlinks_postid_linktypeid_creationdate, idx_posts_posttypeid, idx_posts_owneruserid, idx_posts_viewcount, idx_posts_answercount, idx_posts_id_posttype_creationdate, idx_posts_id_owneruserid).

### Recommended New Indexes

**1. posts(CreationDate, Id, OwnerUserId)**
- Confirmed effective by query planner for many queries (s7, s8, s18, s19, s20, s22, s26, s29, s40, s41, s42, s44, s92, s100, s117, s118, s120, s122, s123, s130, s137, s145, s146 and many complex queries).
- The planner uses it as an index-only scan for date-range filtering on posts, then exposes Id for join to postLinks/postHistory/votes and OwnerUserId for join to users/comments. This eliminates large sequential scans on the posts table (2219–2679 cost) reducing them to targeted index-only scans (~2700 rows selected from ~90k).
- Cost improvement observed: from ~11,605 to ~11,441 for s20; similar savings across dozens of queries that filter posts by CreationDate.

**2. votes(VoteTypeId, PostId, CreationDate)**
- Confirmed used by planner as `tmp_idx_votes_0786ecb9` in s129 (cost ~12,767 vs ~13,703 without) and many other queries (s25, s61, s63, s70, s71, s73, s76, s96, s127, s128, s129, s143, s145).
- The VoteTypeId=2 (upvote) filter is extremely common. Combined with PostId join key and optional CreationDate range filter, this composite index enables index-only scans instead of full sequential scans on the votes table (~192k rows, seq scan cost ~4,572).
- Particularly important for medium/complex queries involving 5-7-table joins where reducing votes scan cost has multiplicative benefit.

**3. comments(Score, CreationDate, UserId)**
- Confirmed used by planner as `tmp_idx_comments_2503997b` for queries filtering Score=1 or Score=2 with CreationDate ranges (s34, s49, s50, s107, s108, s116, s131 and others).
- Supplements the existing idx_comments_score_userid by adding CreationDate to enable range pruning when both Score equality and date ranges are applied. The planner chooses this for Score=1+date patterns, delivering targeted index-only scans of ~14,754 rows vs. full comment table scans (~102k rows with filter cost ~2,882).
- Queries like s34 drop from ~149,249 cost to a much more tractable plan.

**4. postHistory(PostHistoryTypeId, CreationDate, UserId)**
- Confirmed used by planner as `tmp_idx_posthistory_84524b61` for queries filtering PostHistoryTypeId with CreationDate ranges and then joining by UserId (s38, s39, s47, s51, s106, s121, s125, s132, s145).
- For PostHistoryTypeId equality + CreationDate range, this enables index-only scans returning ~17,000–27,000 rows vs. bitmap heap scans of ~24,000–70,000 rows from the existing posttypeid-only index.
- The difference is most dramatic for s106 where the planner uses it for a 3-table join (comments+postHistory+votes on UserId) achieving cost ~474,086 vs millions without it.

**5. postLinks(RelatedPostId, LinkTypeId, CreationDate)**
- Confirmed used by planner as `tmp_idx_postlinks_fe583d40` in multiple queries (s26, s40, s41, s53, s54, s58, s59, s60, s61, s62, s63, s68–s73, s137, s139, s140–s143).
- Many complex queries join postLinks on RelatedPostId and filter on LinkTypeId=1 and/or CreationDate. The existing idx_postlinks_relatedpostid covers only the join key. Adding LinkTypeId+CreationDate enables filtering ~10,186 rows (LinkTypeId=1) or narrower with date ranges, vs. the full 11,102-row postlinks table.
- Enables index-only scans for the postLinks portion of complex 6-7 table joins, reducing intermediate result sets significantly.

### Why Other Candidates Were Rejected

- **postHistory(CreationDate, PostId)** and **postHistory(CreationDate, UserId)**: The planner showed minimal improvement (~0-100 cost) because postHistory is already well-covered by PostId and PostHistoryTypeId indexes, and date-range-only filtering still requires reading most of the table.
- **votes(PostId, VoteTypeId)** without CreationDate: Marginally weaker than the 3-column version; the planner consistently preferred the 3-column composite.
- **comments(Score, UserId, CreationDate)** (different column order): Tested and showed planner preferred the (Score, CreationDate, UserId) ordering for date range filtering after score equality.
- **posts(PostTypeId, OwnerUserId, Id)**: The existing idx_posts_posttypeid bitmap index already handles PostTypeId filtering effectively; adding OwnerUserId/Id showed negligible improvement.",49.961,4.37
s63,"[{""table"": ""posts"", ""columns"": [""CreationDate"", ""Id"", ""OwnerUserId""]}, {""table"": ""votes"", ""columns"": [""VoteTypeId"", ""PostId"", ""CreationDate""]}, {""table"": ""comments"", ""columns"": [""Score"", ""CreationDate"", ""UserId""]}, {""table"": ""postHistory"", ""columns"": [""PostHistoryTypeId"", ""CreationDate"", ""UserId""]}, {""table"": ""postLinks"", ""columns"": [""RelatedPostId"", ""LinkTypeId"", ""CreationDate""]}]","## Analysis Summary

After extensive cost estimation across the full 146-query workload, I identified the existing index set and the five additional indexes that deliver the most benefit. The existing schema already has a rich set of indexes (idx_badges_userid, idx_badges_userid_date, idx_comments_userid, idx_comments_score_userid, idx_comments_postid, idx_comments_postid_creationdate, idx_comments_userid_score_creationdate, idx_votes_userid, idx_votes_userid_creationdate, idx_votes_postid_creationdate, idx_posthistory_userid, idx_posthistory_postid, idx_posthistory_postid_creationdate, idx_posthistory_posttypeid, idx_posthistory_posttypeid_userid, idx_posthistory_userid_typeid_creationdate, idx_postlinks_postid, idx_postlinks_relatedpostid, idx_postlinks_postid_linktypeid_creationdate, idx_posts_posttypeid, idx_posts_owneruserid, idx_posts_viewcount, idx_posts_answercount, idx_posts_id_posttype_creationdate, idx_posts_id_owneruserid).

### Recommended New Indexes

**1. posts(CreationDate, Id, OwnerUserId)**
- Confirmed effective by query planner for many queries (s7, s8, s18, s19, s20, s22, s26, s29, s40, s41, s42, s44, s92, s100, s117, s118, s120, s122, s123, s130, s137, s145, s146 and many complex queries).
- The planner uses it as an index-only scan for date-range filtering on posts, then exposes Id for join to postLinks/postHistory/votes and OwnerUserId for join to users/comments. This eliminates large sequential scans on the posts table (2219–2679 cost) reducing them to targeted index-only scans (~2700 rows selected from ~90k).
- Cost improvement observed: from ~11,605 to ~11,441 for s20; similar savings across dozens of queries that filter posts by CreationDate.

**2. votes(VoteTypeId, PostId, CreationDate)**
- Confirmed used by planner as `tmp_idx_votes_0786ecb9` in s129 (cost ~12,767 vs ~13,703 without) and many other queries (s25, s61, s63, s70, s71, s73, s76, s96, s127, s128, s129, s143, s145).
- The VoteTypeId=2 (upvote) filter is extremely common. Combined with PostId join key and optional CreationDate range filter, this composite index enables index-only scans instead of full sequential scans on the votes table (~192k rows, seq scan cost ~4,572).
- Particularly important for medium/complex queries involving 5-7-table joins where reducing votes scan cost has multiplicative benefit.

**3. comments(Score, CreationDate, UserId)**
- Confirmed used by planner as `tmp_idx_comments_2503997b` for queries filtering Score=1 or Score=2 with CreationDate ranges (s34, s49, s50, s107, s108, s116, s131 and others).
- Supplements the existing idx_comments_score_userid by adding CreationDate to enable range pruning when both Score equality and date ranges are applied. The planner chooses this for Score=1+date patterns, delivering targeted index-only scans of ~14,754 rows vs. full comment table scans (~102k rows with filter cost ~2,882).
- Queries like s34 drop from ~149,249 cost to a much more tractable plan.

**4. postHistory(PostHistoryTypeId, CreationDate, UserId)**
- Confirmed used by planner as `tmp_idx_posthistory_84524b61` for queries filtering PostHistoryTypeId with CreationDate ranges and then joining by UserId (s38, s39, s47, s51, s106, s121, s125, s132, s145).
- For PostHistoryTypeId equality + CreationDate range, this enables index-only scans returning ~17,000–27,000 rows vs. bitmap heap scans of ~24,000–70,000 rows from the existing posttypeid-only index.
- The difference is most dramatic for s106 where the planner uses it for a 3-table join (comments+postHistory+votes on UserId) achieving cost ~474,086 vs millions without it.

**5. postLinks(RelatedPostId, LinkTypeId, CreationDate)**
- Confirmed used by planner as `tmp_idx_postlinks_fe583d40` in multiple queries (s26, s40, s41, s53, s54, s58, s59, s60, s61, s62, s63, s68–s73, s137, s139, s140–s143).
- Many complex queries join postLinks on RelatedPostId and filter on LinkTypeId=1 and/or CreationDate. The existing idx_postlinks_relatedpostid covers only the join key. Adding LinkTypeId+CreationDate enables filtering ~10,186 rows (LinkTypeId=1) or narrower with date ranges, vs. the full 11,102-row postlinks table.
- Enables index-only scans for the postLinks portion of complex 6-7 table joins, reducing intermediate result sets significantly.

### Why Other Candidates Were Rejected

- **postHistory(CreationDate, PostId)** and **postHistory(CreationDate, UserId)**: The planner showed minimal improvement (~0-100 cost) because postHistory is already well-covered by PostId and PostHistoryTypeId indexes, and date-range-only filtering still requires reading most of the table.
- **votes(PostId, VoteTypeId)** without CreationDate: Marginally weaker than the 3-column version; the planner consistently preferred the 3-column composite.
- **comments(Score, UserId, CreationDate)** (different column order): Tested and showed planner preferred the (Score, CreationDate, UserId) ordering for date range filtering after score equality.
- **posts(PostTypeId, OwnerUserId, Id)**: The existing idx_posts_posttypeid bitmap index already handles PostTypeId filtering effectively; adding OwnerUserId/Id showed negligible improvement.",31.965,-1.43
s64,"[{""table"": ""posts"", ""columns"": [""CreationDate"", ""Id"", ""OwnerUserId""]}, {""table"": ""votes"", ""columns"": [""VoteTypeId"", ""PostId"", ""CreationDate""]}, {""table"": ""comments"", ""columns"": [""Score"", ""CreationDate"", ""UserId""]}, {""table"": ""postHistory"", ""columns"": [""PostHistoryTypeId"", ""CreationDate"", ""UserId""]}, {""table"": ""postLinks"", ""columns"": [""RelatedPostId"", ""LinkTypeId"", ""CreationDate""]}]","## Analysis Summary

After extensive cost estimation across the full 146-query workload, I identified the existing index set and the five additional indexes that deliver the most benefit. The existing schema already has a rich set of indexes (idx_badges_userid, idx_badges_userid_date, idx_comments_userid, idx_comments_score_userid, idx_comments_postid, idx_comments_postid_creationdate, idx_comments_userid_score_creationdate, idx_votes_userid, idx_votes_userid_creationdate, idx_votes_postid_creationdate, idx_posthistory_userid, idx_posthistory_postid, idx_posthistory_postid_creationdate, idx_posthistory_posttypeid, idx_posthistory_posttypeid_userid, idx_posthistory_userid_typeid_creationdate, idx_postlinks_postid, idx_postlinks_relatedpostid, idx_postlinks_postid_linktypeid_creationdate, idx_posts_posttypeid, idx_posts_owneruserid, idx_posts_viewcount, idx_posts_answercount, idx_posts_id_posttype_creationdate, idx_posts_id_owneruserid).

### Recommended New Indexes

**1. posts(CreationDate, Id, OwnerUserId)**
- Confirmed effective by query planner for many queries (s7, s8, s18, s19, s20, s22, s26, s29, s40, s41, s42, s44, s92, s100, s117, s118, s120, s122, s123, s130, s137, s145, s146 and many complex queries).
- The planner uses it as an index-only scan for date-range filtering on posts, then exposes Id for join to postLinks/postHistory/votes and OwnerUserId for join to users/comments. This eliminates large sequential scans on the posts table (2219–2679 cost) reducing them to targeted index-only scans (~2700 rows selected from ~90k).
- Cost improvement observed: from ~11,605 to ~11,441 for s20; similar savings across dozens of queries that filter posts by CreationDate.

**2. votes(VoteTypeId, PostId, CreationDate)**
- Confirmed used by planner as `tmp_idx_votes_0786ecb9` in s129 (cost ~12,767 vs ~13,703 without) and many other queries (s25, s61, s63, s70, s71, s73, s76, s96, s127, s128, s129, s143, s145).
- The VoteTypeId=2 (upvote) filter is extremely common. Combined with PostId join key and optional CreationDate range filter, this composite index enables index-only scans instead of full sequential scans on the votes table (~192k rows, seq scan cost ~4,572).
- Particularly important for medium/complex queries involving 5-7-table joins where reducing votes scan cost has multiplicative benefit.

**3. comments(Score, CreationDate, UserId)**
- Confirmed used by planner as `tmp_idx_comments_2503997b` for queries filtering Score=1 or Score=2 with CreationDate ranges (s34, s49, s50, s107, s108, s116, s131 and others).
- Supplements the existing idx_comments_score_userid by adding CreationDate to enable range pruning when both Score equality and date ranges are applied. The planner chooses this for Score=1+date patterns, delivering targeted index-only scans of ~14,754 rows vs. full comment table scans (~102k rows with filter cost ~2,882).
- Queries like s34 drop from ~149,249 cost to a much more tractable plan.

**4. postHistory(PostHistoryTypeId, CreationDate, UserId)**
- Confirmed used by planner as `tmp_idx_posthistory_84524b61` for queries filtering PostHistoryTypeId with CreationDate ranges and then joining by UserId (s38, s39, s47, s51, s106, s121, s125, s132, s145).
- For PostHistoryTypeId equality + CreationDate range, this enables index-only scans returning ~17,000–27,000 rows vs. bitmap heap scans of ~24,000–70,000 rows from the existing posttypeid-only index.
- The difference is most dramatic for s106 where the planner uses it for a 3-table join (comments+postHistory+votes on UserId) achieving cost ~474,086 vs millions without it.

**5. postLinks(RelatedPostId, LinkTypeId, CreationDate)**
- Confirmed used by planner as `tmp_idx_postlinks_fe583d40` in multiple queries (s26, s40, s41, s53, s54, s58, s59, s60, s61, s62, s63, s68–s73, s137, s139, s140–s143).
- Many complex queries join postLinks on RelatedPostId and filter on LinkTypeId=1 and/or CreationDate. The existing idx_postlinks_relatedpostid covers only the join key. Adding LinkTypeId+CreationDate enables filtering ~10,186 rows (LinkTypeId=1) or narrower with date ranges, vs. the full 11,102-row postlinks table.
- Enables index-only scans for the postLinks portion of complex 6-7 table joins, reducing intermediate result sets significantly.

### Why Other Candidates Were Rejected

- **postHistory(CreationDate, PostId)** and **postHistory(CreationDate, UserId)**: The planner showed minimal improvement (~0-100 cost) because postHistory is already well-covered by PostId and PostHistoryTypeId indexes, and date-range-only filtering still requires reading most of the table.
- **votes(PostId, VoteTypeId)** without CreationDate: Marginally weaker than the 3-column version; the planner consistently preferred the 3-column composite.
- **comments(Score, UserId, CreationDate)** (different column order): Tested and showed planner preferred the (Score, CreationDate, UserId) ordering for date range filtering after score equality.
- **posts(PostTypeId, OwnerUserId, Id)**: The existing idx_posts_posttypeid bitmap index already handles PostTypeId filtering effectively; adding OwnerUserId/Id showed negligible improvement.",101.96,-4.89
s65,"[{""table"": ""posts"", ""columns"": [""CreationDate"", ""Id"", ""OwnerUserId""]}, {""table"": ""votes"", ""columns"": [""VoteTypeId"", ""PostId"", ""CreationDate""]}, {""table"": ""comments"", ""columns"": [""Score"", ""CreationDate"", ""UserId""]}, {""table"": ""postHistory"", ""columns"": [""PostHistoryTypeId"", ""CreationDate"", ""UserId""]}, {""table"": ""postLinks"", ""columns"": [""RelatedPostId"", ""LinkTypeId"", ""CreationDate""]}]","## Analysis Summary

After extensive cost estimation across the full 146-query workload, I identified the existing index set and the five additional indexes that deliver the most benefit. The existing schema already has a rich set of indexes (idx_badges_userid, idx_badges_userid_date, idx_comments_userid, idx_comments_score_userid, idx_comments_postid, idx_comments_postid_creationdate, idx_comments_userid_score_creationdate, idx_votes_userid, idx_votes_userid_creationdate, idx_votes_postid_creationdate, idx_posthistory_userid, idx_posthistory_postid, idx_posthistory_postid_creationdate, idx_posthistory_posttypeid, idx_posthistory_posttypeid_userid, idx_posthistory_userid_typeid_creationdate, idx_postlinks_postid, idx_postlinks_relatedpostid, idx_postlinks_postid_linktypeid_creationdate, idx_posts_posttypeid, idx_posts_owneruserid, idx_posts_viewcount, idx_posts_answercount, idx_posts_id_posttype_creationdate, idx_posts_id_owneruserid).

### Recommended New Indexes

**1. posts(CreationDate, Id, OwnerUserId)**
- Confirmed effective by query planner for many queries (s7, s8, s18, s19, s20, s22, s26, s29, s40, s41, s42, s44, s92, s100, s117, s118, s120, s122, s123, s130, s137, s145, s146 and many complex queries).
- The planner uses it as an index-only scan for date-range filtering on posts, then exposes Id for join to postLinks/postHistory/votes and OwnerUserId for join to users/comments. This eliminates large sequential scans on the posts table (2219–2679 cost) reducing them to targeted index-only scans (~2700 rows selected from ~90k).
- Cost improvement observed: from ~11,605 to ~11,441 for s20; similar savings across dozens of queries that filter posts by CreationDate.

**2. votes(VoteTypeId, PostId, CreationDate)**
- Confirmed used by planner as `tmp_idx_votes_0786ecb9` in s129 (cost ~12,767 vs ~13,703 without) and many other queries (s25, s61, s63, s70, s71, s73, s76, s96, s127, s128, s129, s143, s145).
- The VoteTypeId=2 (upvote) filter is extremely common. Combined with PostId join key and optional CreationDate range filter, this composite index enables index-only scans instead of full sequential scans on the votes table (~192k rows, seq scan cost ~4,572).
- Particularly important for medium/complex queries involving 5-7-table joins where reducing votes scan cost has multiplicative benefit.

**3. comments(Score, CreationDate, UserId)**
- Confirmed used by planner as `tmp_idx_comments_2503997b` for queries filtering Score=1 or Score=2 with CreationDate ranges (s34, s49, s50, s107, s108, s116, s131 and others).
- Supplements the existing idx_comments_score_userid by adding CreationDate to enable range pruning when both Score equality and date ranges are applied. The planner chooses this for Score=1+date patterns, delivering targeted index-only scans of ~14,754 rows vs. full comment table scans (~102k rows with filter cost ~2,882).
- Queries like s34 drop from ~149,249 cost to a much more tractable plan.

**4. postHistory(PostHistoryTypeId, CreationDate, UserId)**
- Confirmed used by planner as `tmp_idx_posthistory_84524b61` for queries filtering PostHistoryTypeId with CreationDate ranges and then joining by UserId (s38, s39, s47, s51, s106, s121, s125, s132, s145).
- For PostHistoryTypeId equality + CreationDate range, this enables index-only scans returning ~17,000–27,000 rows vs. bitmap heap scans of ~24,000–70,000 rows from the existing posttypeid-only index.
- The difference is most dramatic for s106 where the planner uses it for a 3-table join (comments+postHistory+votes on UserId) achieving cost ~474,086 vs millions without it.

**5. postLinks(RelatedPostId, LinkTypeId, CreationDate)**
- Confirmed used by planner as `tmp_idx_postlinks_fe583d40` in multiple queries (s26, s40, s41, s53, s54, s58, s59, s60, s61, s62, s63, s68–s73, s137, s139, s140–s143).
- Many complex queries join postLinks on RelatedPostId and filter on LinkTypeId=1 and/or CreationDate. The existing idx_postlinks_relatedpostid covers only the join key. Adding LinkTypeId+CreationDate enables filtering ~10,186 rows (LinkTypeId=1) or narrower with date ranges, vs. the full 11,102-row postlinks table.
- Enables index-only scans for the postLinks portion of complex 6-7 table joins, reducing intermediate result sets significantly.

### Why Other Candidates Were Rejected

- **postHistory(CreationDate, PostId)** and **postHistory(CreationDate, UserId)**: The planner showed minimal improvement (~0-100 cost) because postHistory is already well-covered by PostId and PostHistoryTypeId indexes, and date-range-only filtering still requires reading most of the table.
- **votes(PostId, VoteTypeId)** without CreationDate: Marginally weaker than the 3-column version; the planner consistently preferred the 3-column composite.
- **comments(Score, UserId, CreationDate)** (different column order): Tested and showed planner preferred the (Score, CreationDate, UserId) ordering for date range filtering after score equality.
- **posts(PostTypeId, OwnerUserId, Id)**: The existing idx_posts_posttypeid bitmap index already handles PostTypeId filtering effectively; adding OwnerUserId/Id showed negligible improvement.",62.25,2.86
s66,"[{""table"": ""posts"", ""columns"": [""CreationDate"", ""Id"", ""OwnerUserId""]}, {""table"": ""votes"", ""columns"": [""VoteTypeId"", ""PostId"", ""CreationDate""]}, {""table"": ""comments"", ""columns"": [""Score"", ""CreationDate"", ""UserId""]}, {""table"": ""postHistory"", ""columns"": [""PostHistoryTypeId"", ""CreationDate"", ""UserId""]}, {""table"": ""postLinks"", ""columns"": [""RelatedPostId"", ""LinkTypeId"", ""CreationDate""]}]","## Analysis Summary

After extensive cost estimation across the full 146-query workload, I identified the existing index set and the five additional indexes that deliver the most benefit. The existing schema already has a rich set of indexes (idx_badges_userid, idx_badges_userid_date, idx_comments_userid, idx_comments_score_userid, idx_comments_postid, idx_comments_postid_creationdate, idx_comments_userid_score_creationdate, idx_votes_userid, idx_votes_userid_creationdate, idx_votes_postid_creationdate, idx_posthistory_userid, idx_posthistory_postid, idx_posthistory_postid_creationdate, idx_posthistory_posttypeid, idx_posthistory_posttypeid_userid, idx_posthistory_userid_typeid_creationdate, idx_postlinks_postid, idx_postlinks_relatedpostid, idx_postlinks_postid_linktypeid_creationdate, idx_posts_posttypeid, idx_posts_owneruserid, idx_posts_viewcount, idx_posts_answercount, idx_posts_id_posttype_creationdate, idx_posts_id_owneruserid).

### Recommended New Indexes

**1. posts(CreationDate, Id, OwnerUserId)**
- Confirmed effective by query planner for many queries (s7, s8, s18, s19, s20, s22, s26, s29, s40, s41, s42, s44, s92, s100, s117, s118, s120, s122, s123, s130, s137, s145, s146 and many complex queries).
- The planner uses it as an index-only scan for date-range filtering on posts, then exposes Id for join to postLinks/postHistory/votes and OwnerUserId for join to users/comments. This eliminates large sequential scans on the posts table (2219–2679 cost) reducing them to targeted index-only scans (~2700 rows selected from ~90k).
- Cost improvement observed: from ~11,605 to ~11,441 for s20; similar savings across dozens of queries that filter posts by CreationDate.

**2. votes(VoteTypeId, PostId, CreationDate)**
- Confirmed used by planner as `tmp_idx_votes_0786ecb9` in s129 (cost ~12,767 vs ~13,703 without) and many other queries (s25, s61, s63, s70, s71, s73, s76, s96, s127, s128, s129, s143, s145).
- The VoteTypeId=2 (upvote) filter is extremely common. Combined with PostId join key and optional CreationDate range filter, this composite index enables index-only scans instead of full sequential scans on the votes table (~192k rows, seq scan cost ~4,572).
- Particularly important for medium/complex queries involving 5-7-table joins where reducing votes scan cost has multiplicative benefit.

**3. comments(Score, CreationDate, UserId)**
- Confirmed used by planner as `tmp_idx_comments_2503997b` for queries filtering Score=1 or Score=2 with CreationDate ranges (s34, s49, s50, s107, s108, s116, s131 and others).
- Supplements the existing idx_comments_score_userid by adding CreationDate to enable range pruning when both Score equality and date ranges are applied. The planner chooses this for Score=1+date patterns, delivering targeted index-only scans of ~14,754 rows vs. full comment table scans (~102k rows with filter cost ~2,882).
- Queries like s34 drop from ~149,249 cost to a much more tractable plan.

**4. postHistory(PostHistoryTypeId, CreationDate, UserId)**
- Confirmed used by planner as `tmp_idx_posthistory_84524b61` for queries filtering PostHistoryTypeId with CreationDate ranges and then joining by UserId (s38, s39, s47, s51, s106, s121, s125, s132, s145).
- For PostHistoryTypeId equality + CreationDate range, this enables index-only scans returning ~17,000–27,000 rows vs. bitmap heap scans of ~24,000–70,000 rows from the existing posttypeid-only index.
- The difference is most dramatic for s106 where the planner uses it for a 3-table join (comments+postHistory+votes on UserId) achieving cost ~474,086 vs millions without it.

**5. postLinks(RelatedPostId, LinkTypeId, CreationDate)**
- Confirmed used by planner as `tmp_idx_postlinks_fe583d40` in multiple queries (s26, s40, s41, s53, s54, s58, s59, s60, s61, s62, s63, s68–s73, s137, s139, s140–s143).
- Many complex queries join postLinks on RelatedPostId and filter on LinkTypeId=1 and/or CreationDate. The existing idx_postlinks_relatedpostid covers only the join key. Adding LinkTypeId+CreationDate enables filtering ~10,186 rows (LinkTypeId=1) or narrower with date ranges, vs. the full 11,102-row postlinks table.
- Enables index-only scans for the postLinks portion of complex 6-7 table joins, reducing intermediate result sets significantly.

### Why Other Candidates Were Rejected

- **postHistory(CreationDate, PostId)** and **postHistory(CreationDate, UserId)**: The planner showed minimal improvement (~0-100 cost) because postHistory is already well-covered by PostId and PostHistoryTypeId indexes, and date-range-only filtering still requires reading most of the table.
- **votes(PostId, VoteTypeId)** without CreationDate: Marginally weaker than the 3-column version; the planner consistently preferred the 3-column composite.
- **comments(Score, UserId, CreationDate)** (different column order): Tested and showed planner preferred the (Score, CreationDate, UserId) ordering for date range filtering after score equality.
- **posts(PostTypeId, OwnerUserId, Id)**: The existing idx_posts_posttypeid bitmap index already handles PostTypeId filtering effectively; adding OwnerUserId/Id showed negligible improvement.",114.907,5.34
s67,"[{""table"": ""posts"", ""columns"": [""CreationDate"", ""Id"", ""OwnerUserId""]}, {""table"": ""votes"", ""columns"": [""VoteTypeId"", ""PostId"", ""CreationDate""]}, {""table"": ""comments"", ""columns"": [""Score"", ""CreationDate"", ""UserId""]}, {""table"": ""postHistory"", ""columns"": [""PostHistoryTypeId"", ""CreationDate"", ""UserId""]}, {""table"": ""postLinks"", ""columns"": [""RelatedPostId"", ""LinkTypeId"", ""CreationDate""]}]","## Analysis Summary

After extensive cost estimation across the full 146-query workload, I identified the existing index set and the five additional indexes that deliver the most benefit. The existing schema already has a rich set of indexes (idx_badges_userid, idx_badges_userid_date, idx_comments_userid, idx_comments_score_userid, idx_comments_postid, idx_comments_postid_creationdate, idx_comments_userid_score_creationdate, idx_votes_userid, idx_votes_userid_creationdate, idx_votes_postid_creationdate, idx_posthistory_userid, idx_posthistory_postid, idx_posthistory_postid_creationdate, idx_posthistory_posttypeid, idx_posthistory_posttypeid_userid, idx_posthistory_userid_typeid_creationdate, idx_postlinks_postid, idx_postlinks_relatedpostid, idx_postlinks_postid_linktypeid_creationdate, idx_posts_posttypeid, idx_posts_owneruserid, idx_posts_viewcount, idx_posts_answercount, idx_posts_id_posttype_creationdate, idx_posts_id_owneruserid).

### Recommended New Indexes

**1. posts(CreationDate, Id, OwnerUserId)**
- Confirmed effective by query planner for many queries (s7, s8, s18, s19, s20, s22, s26, s29, s40, s41, s42, s44, s92, s100, s117, s118, s120, s122, s123, s130, s137, s145, s146 and many complex queries).
- The planner uses it as an index-only scan for date-range filtering on posts, then exposes Id for join to postLinks/postHistory/votes and OwnerUserId for join to users/comments. This eliminates large sequential scans on the posts table (2219–2679 cost) reducing them to targeted index-only scans (~2700 rows selected from ~90k).
- Cost improvement observed: from ~11,605 to ~11,441 for s20; similar savings across dozens of queries that filter posts by CreationDate.

**2. votes(VoteTypeId, PostId, CreationDate)**
- Confirmed used by planner as `tmp_idx_votes_0786ecb9` in s129 (cost ~12,767 vs ~13,703 without) and many other queries (s25, s61, s63, s70, s71, s73, s76, s96, s127, s128, s129, s143, s145).
- The VoteTypeId=2 (upvote) filter is extremely common. Combined with PostId join key and optional CreationDate range filter, this composite index enables index-only scans instead of full sequential scans on the votes table (~192k rows, seq scan cost ~4,572).
- Particularly important for medium/complex queries involving 5-7-table joins where reducing votes scan cost has multiplicative benefit.

**3. comments(Score, CreationDate, UserId)**
- Confirmed used by planner as `tmp_idx_comments_2503997b` for queries filtering Score=1 or Score=2 with CreationDate ranges (s34, s49, s50, s107, s108, s116, s131 and others).
- Supplements the existing idx_comments_score_userid by adding CreationDate to enable range pruning when both Score equality and date ranges are applied. The planner chooses this for Score=1+date patterns, delivering targeted index-only scans of ~14,754 rows vs. full comment table scans (~102k rows with filter cost ~2,882).
- Queries like s34 drop from ~149,249 cost to a much more tractable plan.

**4. postHistory(PostHistoryTypeId, CreationDate, UserId)**
- Confirmed used by planner as `tmp_idx_posthistory_84524b61` for queries filtering PostHistoryTypeId with CreationDate ranges and then joining by UserId (s38, s39, s47, s51, s106, s121, s125, s132, s145).
- For PostHistoryTypeId equality + CreationDate range, this enables index-only scans returning ~17,000–27,000 rows vs. bitmap heap scans of ~24,000–70,000 rows from the existing posttypeid-only index.
- The difference is most dramatic for s106 where the planner uses it for a 3-table join (comments+postHistory+votes on UserId) achieving cost ~474,086 vs millions without it.

**5. postLinks(RelatedPostId, LinkTypeId, CreationDate)**
- Confirmed used by planner as `tmp_idx_postlinks_fe583d40` in multiple queries (s26, s40, s41, s53, s54, s58, s59, s60, s61, s62, s63, s68–s73, s137, s139, s140–s143).
- Many complex queries join postLinks on RelatedPostId and filter on LinkTypeId=1 and/or CreationDate. The existing idx_postlinks_relatedpostid covers only the join key. Adding LinkTypeId+CreationDate enables filtering ~10,186 rows (LinkTypeId=1) or narrower with date ranges, vs. the full 11,102-row postlinks table.
- Enables index-only scans for the postLinks portion of complex 6-7 table joins, reducing intermediate result sets significantly.

### Why Other Candidates Were Rejected

- **postHistory(CreationDate, PostId)** and **postHistory(CreationDate, UserId)**: The planner showed minimal improvement (~0-100 cost) because postHistory is already well-covered by PostId and PostHistoryTypeId indexes, and date-range-only filtering still requires reading most of the table.
- **votes(PostId, VoteTypeId)** without CreationDate: Marginally weaker than the 3-column version; the planner consistently preferred the 3-column composite.
- **comments(Score, UserId, CreationDate)** (different column order): Tested and showed planner preferred the (Score, CreationDate, UserId) ordering for date range filtering after score equality.
- **posts(PostTypeId, OwnerUserId, Id)**: The existing idx_posts_posttypeid bitmap index already handles PostTypeId filtering effectively; adding OwnerUserId/Id showed negligible improvement.",46.017,8.96
s68,"[{""table"": ""posts"", ""columns"": [""CreationDate"", ""Id"", ""OwnerUserId""]}, {""table"": ""votes"", ""columns"": [""VoteTypeId"", ""PostId"", ""CreationDate""]}, {""table"": ""comments"", ""columns"": [""Score"", ""CreationDate"", ""UserId""]}, {""table"": ""postHistory"", ""columns"": [""PostHistoryTypeId"", ""CreationDate"", ""UserId""]}, {""table"": ""postLinks"", ""columns"": [""RelatedPostId"", ""LinkTypeId"", ""CreationDate""]}]","## Analysis Summary

After extensive cost estimation across the full 146-query workload, I identified the existing index set and the five additional indexes that deliver the most benefit. The existing schema already has a rich set of indexes (idx_badges_userid, idx_badges_userid_date, idx_comments_userid, idx_comments_score_userid, idx_comments_postid, idx_comments_postid_creationdate, idx_comments_userid_score_creationdate, idx_votes_userid, idx_votes_userid_creationdate, idx_votes_postid_creationdate, idx_posthistory_userid, idx_posthistory_postid, idx_posthistory_postid_creationdate, idx_posthistory_posttypeid, idx_posthistory_posttypeid_userid, idx_posthistory_userid_typeid_creationdate, idx_postlinks_postid, idx_postlinks_relatedpostid, idx_postlinks_postid_linktypeid_creationdate, idx_posts_posttypeid, idx_posts_owneruserid, idx_posts_viewcount, idx_posts_answercount, idx_posts_id_posttype_creationdate, idx_posts_id_owneruserid).

### Recommended New Indexes

**1. posts(CreationDate, Id, OwnerUserId)**
- Confirmed effective by query planner for many queries (s7, s8, s18, s19, s20, s22, s26, s29, s40, s41, s42, s44, s92, s100, s117, s118, s120, s122, s123, s130, s137, s145, s146 and many complex queries).
- The planner uses it as an index-only scan for date-range filtering on posts, then exposes Id for join to postLinks/postHistory/votes and OwnerUserId for join to users/comments. This eliminates large sequential scans on the posts table (2219–2679 cost) reducing them to targeted index-only scans (~2700 rows selected from ~90k).
- Cost improvement observed: from ~11,605 to ~11,441 for s20; similar savings across dozens of queries that filter posts by CreationDate.

**2. votes(VoteTypeId, PostId, CreationDate)**
- Confirmed used by planner as `tmp_idx_votes_0786ecb9` in s129 (cost ~12,767 vs ~13,703 without) and many other queries (s25, s61, s63, s70, s71, s73, s76, s96, s127, s128, s129, s143, s145).
- The VoteTypeId=2 (upvote) filter is extremely common. Combined with PostId join key and optional CreationDate range filter, this composite index enables index-only scans instead of full sequential scans on the votes table (~192k rows, seq scan cost ~4,572).
- Particularly important for medium/complex queries involving 5-7-table joins where reducing votes scan cost has multiplicative benefit.

**3. comments(Score, CreationDate, UserId)**
- Confirmed used by planner as `tmp_idx_comments_2503997b` for queries filtering Score=1 or Score=2 with CreationDate ranges (s34, s49, s50, s107, s108, s116, s131 and others).
- Supplements the existing idx_comments_score_userid by adding CreationDate to enable range pruning when both Score equality and date ranges are applied. The planner chooses this for Score=1+date patterns, delivering targeted index-only scans of ~14,754 rows vs. full comment table scans (~102k rows with filter cost ~2,882).
- Queries like s34 drop from ~149,249 cost to a much more tractable plan.

**4. postHistory(PostHistoryTypeId, CreationDate, UserId)**
- Confirmed used by planner as `tmp_idx_posthistory_84524b61` for queries filtering PostHistoryTypeId with CreationDate ranges and then joining by UserId (s38, s39, s47, s51, s106, s121, s125, s132, s145).
- For PostHistoryTypeId equality + CreationDate range, this enables index-only scans returning ~17,000–27,000 rows vs. bitmap heap scans of ~24,000–70,000 rows from the existing posttypeid-only index.
- The difference is most dramatic for s106 where the planner uses it for a 3-table join (comments+postHistory+votes on UserId) achieving cost ~474,086 vs millions without it.

**5. postLinks(RelatedPostId, LinkTypeId, CreationDate)**
- Confirmed used by planner as `tmp_idx_postlinks_fe583d40` in multiple queries (s26, s40, s41, s53, s54, s58, s59, s60, s61, s62, s63, s68–s73, s137, s139, s140–s143).
- Many complex queries join postLinks on RelatedPostId and filter on LinkTypeId=1 and/or CreationDate. The existing idx_postlinks_relatedpostid covers only the join key. Adding LinkTypeId+CreationDate enables filtering ~10,186 rows (LinkTypeId=1) or narrower with date ranges, vs. the full 11,102-row postlinks table.
- Enables index-only scans for the postLinks portion of complex 6-7 table joins, reducing intermediate result sets significantly.

### Why Other Candidates Were Rejected

- **postHistory(CreationDate, PostId)** and **postHistory(CreationDate, UserId)**: The planner showed minimal improvement (~0-100 cost) because postHistory is already well-covered by PostId and PostHistoryTypeId indexes, and date-range-only filtering still requires reading most of the table.
- **votes(PostId, VoteTypeId)** without CreationDate: Marginally weaker than the 3-column version; the planner consistently preferred the 3-column composite.
- **comments(Score, UserId, CreationDate)** (different column order): Tested and showed planner preferred the (Score, CreationDate, UserId) ordering for date range filtering after score equality.
- **posts(PostTypeId, OwnerUserId, Id)**: The existing idx_posts_posttypeid bitmap index already handles PostTypeId filtering effectively; adding OwnerUserId/Id showed negligible improvement.",69542.071,9.52
s69,"[{""table"": ""posts"", ""columns"": [""CreationDate"", ""Id"", ""OwnerUserId""]}, {""table"": ""votes"", ""columns"": [""VoteTypeId"", ""PostId"", ""CreationDate""]}, {""table"": ""comments"", ""columns"": [""Score"", ""CreationDate"", ""UserId""]}, {""table"": ""postHistory"", ""columns"": [""PostHistoryTypeId"", ""CreationDate"", ""UserId""]}, {""table"": ""postLinks"", ""columns"": [""RelatedPostId"", ""LinkTypeId"", ""CreationDate""]}]","## Analysis Summary

After extensive cost estimation across the full 146-query workload, I identified the existing index set and the five additional indexes that deliver the most benefit. The existing schema already has a rich set of indexes (idx_badges_userid, idx_badges_userid_date, idx_comments_userid, idx_comments_score_userid, idx_comments_postid, idx_comments_postid_creationdate, idx_comments_userid_score_creationdate, idx_votes_userid, idx_votes_userid_creationdate, idx_votes_postid_creationdate, idx_posthistory_userid, idx_posthistory_postid, idx_posthistory_postid_creationdate, idx_posthistory_posttypeid, idx_posthistory_posttypeid_userid, idx_posthistory_userid_typeid_creationdate, idx_postlinks_postid, idx_postlinks_relatedpostid, idx_postlinks_postid_linktypeid_creationdate, idx_posts_posttypeid, idx_posts_owneruserid, idx_posts_viewcount, idx_posts_answercount, idx_posts_id_posttype_creationdate, idx_posts_id_owneruserid).

### Recommended New Indexes

**1. posts(CreationDate, Id, OwnerUserId)**
- Confirmed effective by query planner for many queries (s7, s8, s18, s19, s20, s22, s26, s29, s40, s41, s42, s44, s92, s100, s117, s118, s120, s122, s123, s130, s137, s145, s146 and many complex queries).
- The planner uses it as an index-only scan for date-range filtering on posts, then exposes Id for join to postLinks/postHistory/votes and OwnerUserId for join to users/comments. This eliminates large sequential scans on the posts table (2219–2679 cost) reducing them to targeted index-only scans (~2700 rows selected from ~90k).
- Cost improvement observed: from ~11,605 to ~11,441 for s20; similar savings across dozens of queries that filter posts by CreationDate.

**2. votes(VoteTypeId, PostId, CreationDate)**
- Confirmed used by planner as `tmp_idx_votes_0786ecb9` in s129 (cost ~12,767 vs ~13,703 without) and many other queries (s25, s61, s63, s70, s71, s73, s76, s96, s127, s128, s129, s143, s145).
- The VoteTypeId=2 (upvote) filter is extremely common. Combined with PostId join key and optional CreationDate range filter, this composite index enables index-only scans instead of full sequential scans on the votes table (~192k rows, seq scan cost ~4,572).
- Particularly important for medium/complex queries involving 5-7-table joins where reducing votes scan cost has multiplicative benefit.

**3. comments(Score, CreationDate, UserId)**
- Confirmed used by planner as `tmp_idx_comments_2503997b` for queries filtering Score=1 or Score=2 with CreationDate ranges (s34, s49, s50, s107, s108, s116, s131 and others).
- Supplements the existing idx_comments_score_userid by adding CreationDate to enable range pruning when both Score equality and date ranges are applied. The planner chooses this for Score=1+date patterns, delivering targeted index-only scans of ~14,754 rows vs. full comment table scans (~102k rows with filter cost ~2,882).
- Queries like s34 drop from ~149,249 cost to a much more tractable plan.

**4. postHistory(PostHistoryTypeId, CreationDate, UserId)**
- Confirmed used by planner as `tmp_idx_posthistory_84524b61` for queries filtering PostHistoryTypeId with CreationDate ranges and then joining by UserId (s38, s39, s47, s51, s106, s121, s125, s132, s145).
- For PostHistoryTypeId equality + CreationDate range, this enables index-only scans returning ~17,000–27,000 rows vs. bitmap heap scans of ~24,000–70,000 rows from the existing posttypeid-only index.
- The difference is most dramatic for s106 where the planner uses it for a 3-table join (comments+postHistory+votes on UserId) achieving cost ~474,086 vs millions without it.

**5. postLinks(RelatedPostId, LinkTypeId, CreationDate)**
- Confirmed used by planner as `tmp_idx_postlinks_fe583d40` in multiple queries (s26, s40, s41, s53, s54, s58, s59, s60, s61, s62, s63, s68–s73, s137, s139, s140–s143).
- Many complex queries join postLinks on RelatedPostId and filter on LinkTypeId=1 and/or CreationDate. The existing idx_postlinks_relatedpostid covers only the join key. Adding LinkTypeId+CreationDate enables filtering ~10,186 rows (LinkTypeId=1) or narrower with date ranges, vs. the full 11,102-row postlinks table.
- Enables index-only scans for the postLinks portion of complex 6-7 table joins, reducing intermediate result sets significantly.

### Why Other Candidates Were Rejected

- **postHistory(CreationDate, PostId)** and **postHistory(CreationDate, UserId)**: The planner showed minimal improvement (~0-100 cost) because postHistory is already well-covered by PostId and PostHistoryTypeId indexes, and date-range-only filtering still requires reading most of the table.
- **votes(PostId, VoteTypeId)** without CreationDate: Marginally weaker than the 3-column version; the planner consistently preferred the 3-column composite.
- **comments(Score, UserId, CreationDate)** (different column order): Tested and showed planner preferred the (Score, CreationDate, UserId) ordering for date range filtering after score equality.
- **posts(PostTypeId, OwnerUserId, Id)**: The existing idx_posts_posttypeid bitmap index already handles PostTypeId filtering effectively; adding OwnerUserId/Id showed negligible improvement.",5767.043,7.77
s70,"[{""table"": ""posts"", ""columns"": [""CreationDate"", ""Id"", ""OwnerUserId""]}, {""table"": ""votes"", ""columns"": [""VoteTypeId"", ""PostId"", ""CreationDate""]}, {""table"": ""comments"", ""columns"": [""Score"", ""CreationDate"", ""UserId""]}, {""table"": ""postHistory"", ""columns"": [""PostHistoryTypeId"", ""CreationDate"", ""UserId""]}, {""table"": ""postLinks"", ""columns"": [""RelatedPostId"", ""LinkTypeId"", ""CreationDate""]}]","## Analysis Summary

After extensive cost estimation across the full 146-query workload, I identified the existing index set and the five additional indexes that deliver the most benefit. The existing schema already has a rich set of indexes (idx_badges_userid, idx_badges_userid_date, idx_comments_userid, idx_comments_score_userid, idx_comments_postid, idx_comments_postid_creationdate, idx_comments_userid_score_creationdate, idx_votes_userid, idx_votes_userid_creationdate, idx_votes_postid_creationdate, idx_posthistory_userid, idx_posthistory_postid, idx_posthistory_postid_creationdate, idx_posthistory_posttypeid, idx_posthistory_posttypeid_userid, idx_posthistory_userid_typeid_creationdate, idx_postlinks_postid, idx_postlinks_relatedpostid, idx_postlinks_postid_linktypeid_creationdate, idx_posts_posttypeid, idx_posts_owneruserid, idx_posts_viewcount, idx_posts_answercount, idx_posts_id_posttype_creationdate, idx_posts_id_owneruserid).

### Recommended New Indexes

**1. posts(CreationDate, Id, OwnerUserId)**
- Confirmed effective by query planner for many queries (s7, s8, s18, s19, s20, s22, s26, s29, s40, s41, s42, s44, s92, s100, s117, s118, s120, s122, s123, s130, s137, s145, s146 and many complex queries).
- The planner uses it as an index-only scan for date-range filtering on posts, then exposes Id for join to postLinks/postHistory/votes and OwnerUserId for join to users/comments. This eliminates large sequential scans on the posts table (2219–2679 cost) reducing them to targeted index-only scans (~2700 rows selected from ~90k).
- Cost improvement observed: from ~11,605 to ~11,441 for s20; similar savings across dozens of queries that filter posts by CreationDate.

**2. votes(VoteTypeId, PostId, CreationDate)**
- Confirmed used by planner as `tmp_idx_votes_0786ecb9` in s129 (cost ~12,767 vs ~13,703 without) and many other queries (s25, s61, s63, s70, s71, s73, s76, s96, s127, s128, s129, s143, s145).
- The VoteTypeId=2 (upvote) filter is extremely common. Combined with PostId join key and optional CreationDate range filter, this composite index enables index-only scans instead of full sequential scans on the votes table (~192k rows, seq scan cost ~4,572).
- Particularly important for medium/complex queries involving 5-7-table joins where reducing votes scan cost has multiplicative benefit.

**3. comments(Score, CreationDate, UserId)**
- Confirmed used by planner as `tmp_idx_comments_2503997b` for queries filtering Score=1 or Score=2 with CreationDate ranges (s34, s49, s50, s107, s108, s116, s131 and others).
- Supplements the existing idx_comments_score_userid by adding CreationDate to enable range pruning when both Score equality and date ranges are applied. The planner chooses this for Score=1+date patterns, delivering targeted index-only scans of ~14,754 rows vs. full comment table scans (~102k rows with filter cost ~2,882).
- Queries like s34 drop from ~149,249 cost to a much more tractable plan.

**4. postHistory(PostHistoryTypeId, CreationDate, UserId)**
- Confirmed used by planner as `tmp_idx_posthistory_84524b61` for queries filtering PostHistoryTypeId with CreationDate ranges and then joining by UserId (s38, s39, s47, s51, s106, s121, s125, s132, s145).
- For PostHistoryTypeId equality + CreationDate range, this enables index-only scans returning ~17,000–27,000 rows vs. bitmap heap scans of ~24,000–70,000 rows from the existing posttypeid-only index.
- The difference is most dramatic for s106 where the planner uses it for a 3-table join (comments+postHistory+votes on UserId) achieving cost ~474,086 vs millions without it.

**5. postLinks(RelatedPostId, LinkTypeId, CreationDate)**
- Confirmed used by planner as `tmp_idx_postlinks_fe583d40` in multiple queries (s26, s40, s41, s53, s54, s58, s59, s60, s61, s62, s63, s68–s73, s137, s139, s140–s143).
- Many complex queries join postLinks on RelatedPostId and filter on LinkTypeId=1 and/or CreationDate. The existing idx_postlinks_relatedpostid covers only the join key. Adding LinkTypeId+CreationDate enables filtering ~10,186 rows (LinkTypeId=1) or narrower with date ranges, vs. the full 11,102-row postlinks table.
- Enables index-only scans for the postLinks portion of complex 6-7 table joins, reducing intermediate result sets significantly.

### Why Other Candidates Were Rejected

- **postHistory(CreationDate, PostId)** and **postHistory(CreationDate, UserId)**: The planner showed minimal improvement (~0-100 cost) because postHistory is already well-covered by PostId and PostHistoryTypeId indexes, and date-range-only filtering still requires reading most of the table.
- **votes(PostId, VoteTypeId)** without CreationDate: Marginally weaker than the 3-column version; the planner consistently preferred the 3-column composite.
- **comments(Score, UserId, CreationDate)** (different column order): Tested and showed planner preferred the (Score, CreationDate, UserId) ordering for date range filtering after score equality.
- **posts(PostTypeId, OwnerUserId, Id)**: The existing idx_posts_posttypeid bitmap index already handles PostTypeId filtering effectively; adding OwnerUserId/Id showed negligible improvement.",4250.535,-13.92
s71,"[{""table"": ""posts"", ""columns"": [""CreationDate"", ""Id"", ""OwnerUserId""]}, {""table"": ""votes"", ""columns"": [""VoteTypeId"", ""PostId"", ""CreationDate""]}, {""table"": ""comments"", ""columns"": [""Score"", ""CreationDate"", ""UserId""]}, {""table"": ""postHistory"", ""columns"": [""PostHistoryTypeId"", ""CreationDate"", ""UserId""]}, {""table"": ""postLinks"", ""columns"": [""RelatedPostId"", ""LinkTypeId"", ""CreationDate""]}]","## Analysis Summary

After extensive cost estimation across the full 146-query workload, I identified the existing index set and the five additional indexes that deliver the most benefit. The existing schema already has a rich set of indexes (idx_badges_userid, idx_badges_userid_date, idx_comments_userid, idx_comments_score_userid, idx_comments_postid, idx_comments_postid_creationdate, idx_comments_userid_score_creationdate, idx_votes_userid, idx_votes_userid_creationdate, idx_votes_postid_creationdate, idx_posthistory_userid, idx_posthistory_postid, idx_posthistory_postid_creationdate, idx_posthistory_posttypeid, idx_posthistory_posttypeid_userid, idx_posthistory_userid_typeid_creationdate, idx_postlinks_postid, idx_postlinks_relatedpostid, idx_postlinks_postid_linktypeid_creationdate, idx_posts_posttypeid, idx_posts_owneruserid, idx_posts_viewcount, idx_posts_answercount, idx_posts_id_posttype_creationdate, idx_posts_id_owneruserid).

### Recommended New Indexes

**1. posts(CreationDate, Id, OwnerUserId)**
- Confirmed effective by query planner for many queries (s7, s8, s18, s19, s20, s22, s26, s29, s40, s41, s42, s44, s92, s100, s117, s118, s120, s122, s123, s130, s137, s145, s146 and many complex queries).
- The planner uses it as an index-only scan for date-range filtering on posts, then exposes Id for join to postLinks/postHistory/votes and OwnerUserId for join to users/comments. This eliminates large sequential scans on the posts table (2219–2679 cost) reducing them to targeted index-only scans (~2700 rows selected from ~90k).
- Cost improvement observed: from ~11,605 to ~11,441 for s20; similar savings across dozens of queries that filter posts by CreationDate.

**2. votes(VoteTypeId, PostId, CreationDate)**
- Confirmed used by planner as `tmp_idx_votes_0786ecb9` in s129 (cost ~12,767 vs ~13,703 without) and many other queries (s25, s61, s63, s70, s71, s73, s76, s96, s127, s128, s129, s143, s145).
- The VoteTypeId=2 (upvote) filter is extremely common. Combined with PostId join key and optional CreationDate range filter, this composite index enables index-only scans instead of full sequential scans on the votes table (~192k rows, seq scan cost ~4,572).
- Particularly important for medium/complex queries involving 5-7-table joins where reducing votes scan cost has multiplicative benefit.

**3. comments(Score, CreationDate, UserId)**
- Confirmed used by planner as `tmp_idx_comments_2503997b` for queries filtering Score=1 or Score=2 with CreationDate ranges (s34, s49, s50, s107, s108, s116, s131 and others).
- Supplements the existing idx_comments_score_userid by adding CreationDate to enable range pruning when both Score equality and date ranges are applied. The planner chooses this for Score=1+date patterns, delivering targeted index-only scans of ~14,754 rows vs. full comment table scans (~102k rows with filter cost ~2,882).
- Queries like s34 drop from ~149,249 cost to a much more tractable plan.

**4. postHistory(PostHistoryTypeId, CreationDate, UserId)**
- Confirmed used by planner as `tmp_idx_posthistory_84524b61` for queries filtering PostHistoryTypeId with CreationDate ranges and then joining by UserId (s38, s39, s47, s51, s106, s121, s125, s132, s145).
- For PostHistoryTypeId equality + CreationDate range, this enables index-only scans returning ~17,000–27,000 rows vs. bitmap heap scans of ~24,000–70,000 rows from the existing posttypeid-only index.
- The difference is most dramatic for s106 where the planner uses it for a 3-table join (comments+postHistory+votes on UserId) achieving cost ~474,086 vs millions without it.

**5. postLinks(RelatedPostId, LinkTypeId, CreationDate)**
- Confirmed used by planner as `tmp_idx_postlinks_fe583d40` in multiple queries (s26, s40, s41, s53, s54, s58, s59, s60, s61, s62, s63, s68–s73, s137, s139, s140–s143).
- Many complex queries join postLinks on RelatedPostId and filter on LinkTypeId=1 and/or CreationDate. The existing idx_postlinks_relatedpostid covers only the join key. Adding LinkTypeId+CreationDate enables filtering ~10,186 rows (LinkTypeId=1) or narrower with date ranges, vs. the full 11,102-row postlinks table.
- Enables index-only scans for the postLinks portion of complex 6-7 table joins, reducing intermediate result sets significantly.

### Why Other Candidates Were Rejected

- **postHistory(CreationDate, PostId)** and **postHistory(CreationDate, UserId)**: The planner showed minimal improvement (~0-100 cost) because postHistory is already well-covered by PostId and PostHistoryTypeId indexes, and date-range-only filtering still requires reading most of the table.
- **votes(PostId, VoteTypeId)** without CreationDate: Marginally weaker than the 3-column version; the planner consistently preferred the 3-column composite.
- **comments(Score, UserId, CreationDate)** (different column order): Tested and showed planner preferred the (Score, CreationDate, UserId) ordering for date range filtering after score equality.
- **posts(PostTypeId, OwnerUserId, Id)**: The existing idx_posts_posttypeid bitmap index already handles PostTypeId filtering effectively; adding OwnerUserId/Id showed negligible improvement.",3157.913,-11.33
s72,"[{""table"": ""posts"", ""columns"": [""CreationDate"", ""Id"", ""OwnerUserId""]}, {""table"": ""votes"", ""columns"": [""VoteTypeId"", ""PostId"", ""CreationDate""]}, {""table"": ""comments"", ""columns"": [""Score"", ""CreationDate"", ""UserId""]}, {""table"": ""postHistory"", ""columns"": [""PostHistoryTypeId"", ""CreationDate"", ""UserId""]}, {""table"": ""postLinks"", ""columns"": [""RelatedPostId"", ""LinkTypeId"", ""CreationDate""]}]","## Analysis Summary

After extensive cost estimation across the full 146-query workload, I identified the existing index set and the five additional indexes that deliver the most benefit. The existing schema already has a rich set of indexes (idx_badges_userid, idx_badges_userid_date, idx_comments_userid, idx_comments_score_userid, idx_comments_postid, idx_comments_postid_creationdate, idx_comments_userid_score_creationdate, idx_votes_userid, idx_votes_userid_creationdate, idx_votes_postid_creationdate, idx_posthistory_userid, idx_posthistory_postid, idx_posthistory_postid_creationdate, idx_posthistory_posttypeid, idx_posthistory_posttypeid_userid, idx_posthistory_userid_typeid_creationdate, idx_postlinks_postid, idx_postlinks_relatedpostid, idx_postlinks_postid_linktypeid_creationdate, idx_posts_posttypeid, idx_posts_owneruserid, idx_posts_viewcount, idx_posts_answercount, idx_posts_id_posttype_creationdate, idx_posts_id_owneruserid).

### Recommended New Indexes

**1. posts(CreationDate, Id, OwnerUserId)**
- Confirmed effective by query planner for many queries (s7, s8, s18, s19, s20, s22, s26, s29, s40, s41, s42, s44, s92, s100, s117, s118, s120, s122, s123, s130, s137, s145, s146 and many complex queries).
- The planner uses it as an index-only scan for date-range filtering on posts, then exposes Id for join to postLinks/postHistory/votes and OwnerUserId for join to users/comments. This eliminates large sequential scans on the posts table (2219–2679 cost) reducing them to targeted index-only scans (~2700 rows selected from ~90k).
- Cost improvement observed: from ~11,605 to ~11,441 for s20; similar savings across dozens of queries that filter posts by CreationDate.

**2. votes(VoteTypeId, PostId, CreationDate)**
- Confirmed used by planner as `tmp_idx_votes_0786ecb9` in s129 (cost ~12,767 vs ~13,703 without) and many other queries (s25, s61, s63, s70, s71, s73, s76, s96, s127, s128, s129, s143, s145).
- The VoteTypeId=2 (upvote) filter is extremely common. Combined with PostId join key and optional CreationDate range filter, this composite index enables index-only scans instead of full sequential scans on the votes table (~192k rows, seq scan cost ~4,572).
- Particularly important for medium/complex queries involving 5-7-table joins where reducing votes scan cost has multiplicative benefit.

**3. comments(Score, CreationDate, UserId)**
- Confirmed used by planner as `tmp_idx_comments_2503997b` for queries filtering Score=1 or Score=2 with CreationDate ranges (s34, s49, s50, s107, s108, s116, s131 and others).
- Supplements the existing idx_comments_score_userid by adding CreationDate to enable range pruning when both Score equality and date ranges are applied. The planner chooses this for Score=1+date patterns, delivering targeted index-only scans of ~14,754 rows vs. full comment table scans (~102k rows with filter cost ~2,882).
- Queries like s34 drop from ~149,249 cost to a much more tractable plan.

**4. postHistory(PostHistoryTypeId, CreationDate, UserId)**
- Confirmed used by planner as `tmp_idx_posthistory_84524b61` for queries filtering PostHistoryTypeId with CreationDate ranges and then joining by UserId (s38, s39, s47, s51, s106, s121, s125, s132, s145).
- For PostHistoryTypeId equality + CreationDate range, this enables index-only scans returning ~17,000–27,000 rows vs. bitmap heap scans of ~24,000–70,000 rows from the existing posttypeid-only index.
- The difference is most dramatic for s106 where the planner uses it for a 3-table join (comments+postHistory+votes on UserId) achieving cost ~474,086 vs millions without it.

**5. postLinks(RelatedPostId, LinkTypeId, CreationDate)**
- Confirmed used by planner as `tmp_idx_postlinks_fe583d40` in multiple queries (s26, s40, s41, s53, s54, s58, s59, s60, s61, s62, s63, s68–s73, s137, s139, s140–s143).
- Many complex queries join postLinks on RelatedPostId and filter on LinkTypeId=1 and/or CreationDate. The existing idx_postlinks_relatedpostid covers only the join key. Adding LinkTypeId+CreationDate enables filtering ~10,186 rows (LinkTypeId=1) or narrower with date ranges, vs. the full 11,102-row postlinks table.
- Enables index-only scans for the postLinks portion of complex 6-7 table joins, reducing intermediate result sets significantly.

### Why Other Candidates Were Rejected

- **postHistory(CreationDate, PostId)** and **postHistory(CreationDate, UserId)**: The planner showed minimal improvement (~0-100 cost) because postHistory is already well-covered by PostId and PostHistoryTypeId indexes, and date-range-only filtering still requires reading most of the table.
- **votes(PostId, VoteTypeId)** without CreationDate: Marginally weaker than the 3-column version; the planner consistently preferred the 3-column composite.
- **comments(Score, UserId, CreationDate)** (different column order): Tested and showed planner preferred the (Score, CreationDate, UserId) ordering for date range filtering after score equality.
- **posts(PostTypeId, OwnerUserId, Id)**: The existing idx_posts_posttypeid bitmap index already handles PostTypeId filtering effectively; adding OwnerUserId/Id showed negligible improvement.",145.734,8.61
s73,"[{""table"": ""posts"", ""columns"": [""CreationDate"", ""Id"", ""OwnerUserId""]}, {""table"": ""votes"", ""columns"": [""VoteTypeId"", ""PostId"", ""CreationDate""]}, {""table"": ""comments"", ""columns"": [""Score"", ""CreationDate"", ""UserId""]}, {""table"": ""postHistory"", ""columns"": [""PostHistoryTypeId"", ""CreationDate"", ""UserId""]}, {""table"": ""postLinks"", ""columns"": [""RelatedPostId"", ""LinkTypeId"", ""CreationDate""]}]","## Analysis Summary

After extensive cost estimation across the full 146-query workload, I identified the existing index set and the five additional indexes that deliver the most benefit. The existing schema already has a rich set of indexes (idx_badges_userid, idx_badges_userid_date, idx_comments_userid, idx_comments_score_userid, idx_comments_postid, idx_comments_postid_creationdate, idx_comments_userid_score_creationdate, idx_votes_userid, idx_votes_userid_creationdate, idx_votes_postid_creationdate, idx_posthistory_userid, idx_posthistory_postid, idx_posthistory_postid_creationdate, idx_posthistory_posttypeid, idx_posthistory_posttypeid_userid, idx_posthistory_userid_typeid_creationdate, idx_postlinks_postid, idx_postlinks_relatedpostid, idx_postlinks_postid_linktypeid_creationdate, idx_posts_posttypeid, idx_posts_owneruserid, idx_posts_viewcount, idx_posts_answercount, idx_posts_id_posttype_creationdate, idx_posts_id_owneruserid).

### Recommended New Indexes

**1. posts(CreationDate, Id, OwnerUserId)**
- Confirmed effective by query planner for many queries (s7, s8, s18, s19, s20, s22, s26, s29, s40, s41, s42, s44, s92, s100, s117, s118, s120, s122, s123, s130, s137, s145, s146 and many complex queries).
- The planner uses it as an index-only scan for date-range filtering on posts, then exposes Id for join to postLinks/postHistory/votes and OwnerUserId for join to users/comments. This eliminates large sequential scans on the posts table (2219–2679 cost) reducing them to targeted index-only scans (~2700 rows selected from ~90k).
- Cost improvement observed: from ~11,605 to ~11,441 for s20; similar savings across dozens of queries that filter posts by CreationDate.

**2. votes(VoteTypeId, PostId, CreationDate)**
- Confirmed used by planner as `tmp_idx_votes_0786ecb9` in s129 (cost ~12,767 vs ~13,703 without) and many other queries (s25, s61, s63, s70, s71, s73, s76, s96, s127, s128, s129, s143, s145).
- The VoteTypeId=2 (upvote) filter is extremely common. Combined with PostId join key and optional CreationDate range filter, this composite index enables index-only scans instead of full sequential scans on the votes table (~192k rows, seq scan cost ~4,572).
- Particularly important for medium/complex queries involving 5-7-table joins where reducing votes scan cost has multiplicative benefit.

**3. comments(Score, CreationDate, UserId)**
- Confirmed used by planner as `tmp_idx_comments_2503997b` for queries filtering Score=1 or Score=2 with CreationDate ranges (s34, s49, s50, s107, s108, s116, s131 and others).
- Supplements the existing idx_comments_score_userid by adding CreationDate to enable range pruning when both Score equality and date ranges are applied. The planner chooses this for Score=1+date patterns, delivering targeted index-only scans of ~14,754 rows vs. full comment table scans (~102k rows with filter cost ~2,882).
- Queries like s34 drop from ~149,249 cost to a much more tractable plan.

**4. postHistory(PostHistoryTypeId, CreationDate, UserId)**
- Confirmed used by planner as `tmp_idx_posthistory_84524b61` for queries filtering PostHistoryTypeId with CreationDate ranges and then joining by UserId (s38, s39, s47, s51, s106, s121, s125, s132, s145).
- For PostHistoryTypeId equality + CreationDate range, this enables index-only scans returning ~17,000–27,000 rows vs. bitmap heap scans of ~24,000–70,000 rows from the existing posttypeid-only index.
- The difference is most dramatic for s106 where the planner uses it for a 3-table join (comments+postHistory+votes on UserId) achieving cost ~474,086 vs millions without it.

**5. postLinks(RelatedPostId, LinkTypeId, CreationDate)**
- Confirmed used by planner as `tmp_idx_postlinks_fe583d40` in multiple queries (s26, s40, s41, s53, s54, s58, s59, s60, s61, s62, s63, s68–s73, s137, s139, s140–s143).
- Many complex queries join postLinks on RelatedPostId and filter on LinkTypeId=1 and/or CreationDate. The existing idx_postlinks_relatedpostid covers only the join key. Adding LinkTypeId+CreationDate enables filtering ~10,186 rows (LinkTypeId=1) or narrower with date ranges, vs. the full 11,102-row postlinks table.
- Enables index-only scans for the postLinks portion of complex 6-7 table joins, reducing intermediate result sets significantly.

### Why Other Candidates Were Rejected

- **postHistory(CreationDate, PostId)** and **postHistory(CreationDate, UserId)**: The planner showed minimal improvement (~0-100 cost) because postHistory is already well-covered by PostId and PostHistoryTypeId indexes, and date-range-only filtering still requires reading most of the table.
- **votes(PostId, VoteTypeId)** without CreationDate: Marginally weaker than the 3-column version; the planner consistently preferred the 3-column composite.
- **comments(Score, UserId, CreationDate)** (different column order): Tested and showed planner preferred the (Score, CreationDate, UserId) ordering for date range filtering after score equality.
- **posts(PostTypeId, OwnerUserId, Id)**: The existing idx_posts_posttypeid bitmap index already handles PostTypeId filtering effectively; adding OwnerUserId/Id showed negligible improvement.",162.916,5.86
s74,"[{""table"": ""posts"", ""columns"": [""CreationDate"", ""Id"", ""OwnerUserId""]}, {""table"": ""votes"", ""columns"": [""VoteTypeId"", ""PostId"", ""CreationDate""]}, {""table"": ""comments"", ""columns"": [""Score"", ""CreationDate"", ""UserId""]}, {""table"": ""postHistory"", ""columns"": [""PostHistoryTypeId"", ""CreationDate"", ""UserId""]}, {""table"": ""postLinks"", ""columns"": [""RelatedPostId"", ""LinkTypeId"", ""CreationDate""]}]","## Analysis Summary

After extensive cost estimation across the full 146-query workload, I identified the existing index set and the five additional indexes that deliver the most benefit. The existing schema already has a rich set of indexes (idx_badges_userid, idx_badges_userid_date, idx_comments_userid, idx_comments_score_userid, idx_comments_postid, idx_comments_postid_creationdate, idx_comments_userid_score_creationdate, idx_votes_userid, idx_votes_userid_creationdate, idx_votes_postid_creationdate, idx_posthistory_userid, idx_posthistory_postid, idx_posthistory_postid_creationdate, idx_posthistory_posttypeid, idx_posthistory_posttypeid_userid, idx_posthistory_userid_typeid_creationdate, idx_postlinks_postid, idx_postlinks_relatedpostid, idx_postlinks_postid_linktypeid_creationdate, idx_posts_posttypeid, idx_posts_owneruserid, idx_posts_viewcount, idx_posts_answercount, idx_posts_id_posttype_creationdate, idx_posts_id_owneruserid).

### Recommended New Indexes

**1. posts(CreationDate, Id, OwnerUserId)**
- Confirmed effective by query planner for many queries (s7, s8, s18, s19, s20, s22, s26, s29, s40, s41, s42, s44, s92, s100, s117, s118, s120, s122, s123, s130, s137, s145, s146 and many complex queries).
- The planner uses it as an index-only scan for date-range filtering on posts, then exposes Id for join to postLinks/postHistory/votes and OwnerUserId for join to users/comments. This eliminates large sequential scans on the posts table (2219–2679 cost) reducing them to targeted index-only scans (~2700 rows selected from ~90k).
- Cost improvement observed: from ~11,605 to ~11,441 for s20; similar savings across dozens of queries that filter posts by CreationDate.

**2. votes(VoteTypeId, PostId, CreationDate)**
- Confirmed used by planner as `tmp_idx_votes_0786ecb9` in s129 (cost ~12,767 vs ~13,703 without) and many other queries (s25, s61, s63, s70, s71, s73, s76, s96, s127, s128, s129, s143, s145).
- The VoteTypeId=2 (upvote) filter is extremely common. Combined with PostId join key and optional CreationDate range filter, this composite index enables index-only scans instead of full sequential scans on the votes table (~192k rows, seq scan cost ~4,572).
- Particularly important for medium/complex queries involving 5-7-table joins where reducing votes scan cost has multiplicative benefit.

**3. comments(Score, CreationDate, UserId)**
- Confirmed used by planner as `tmp_idx_comments_2503997b` for queries filtering Score=1 or Score=2 with CreationDate ranges (s34, s49, s50, s107, s108, s116, s131 and others).
- Supplements the existing idx_comments_score_userid by adding CreationDate to enable range pruning when both Score equality and date ranges are applied. The planner chooses this for Score=1+date patterns, delivering targeted index-only scans of ~14,754 rows vs. full comment table scans (~102k rows with filter cost ~2,882).
- Queries like s34 drop from ~149,249 cost to a much more tractable plan.

**4. postHistory(PostHistoryTypeId, CreationDate, UserId)**
- Confirmed used by planner as `tmp_idx_posthistory_84524b61` for queries filtering PostHistoryTypeId with CreationDate ranges and then joining by UserId (s38, s39, s47, s51, s106, s121, s125, s132, s145).
- For PostHistoryTypeId equality + CreationDate range, this enables index-only scans returning ~17,000–27,000 rows vs. bitmap heap scans of ~24,000–70,000 rows from the existing posttypeid-only index.
- The difference is most dramatic for s106 where the planner uses it for a 3-table join (comments+postHistory+votes on UserId) achieving cost ~474,086 vs millions without it.

**5. postLinks(RelatedPostId, LinkTypeId, CreationDate)**
- Confirmed used by planner as `tmp_idx_postlinks_fe583d40` in multiple queries (s26, s40, s41, s53, s54, s58, s59, s60, s61, s62, s63, s68–s73, s137, s139, s140–s143).
- Many complex queries join postLinks on RelatedPostId and filter on LinkTypeId=1 and/or CreationDate. The existing idx_postlinks_relatedpostid covers only the join key. Adding LinkTypeId+CreationDate enables filtering ~10,186 rows (LinkTypeId=1) or narrower with date ranges, vs. the full 11,102-row postlinks table.
- Enables index-only scans for the postLinks portion of complex 6-7 table joins, reducing intermediate result sets significantly.

### Why Other Candidates Were Rejected

- **postHistory(CreationDate, PostId)** and **postHistory(CreationDate, UserId)**: The planner showed minimal improvement (~0-100 cost) because postHistory is already well-covered by PostId and PostHistoryTypeId indexes, and date-range-only filtering still requires reading most of the table.
- **votes(PostId, VoteTypeId)** without CreationDate: Marginally weaker than the 3-column version; the planner consistently preferred the 3-column composite.
- **comments(Score, UserId, CreationDate)** (different column order): Tested and showed planner preferred the (Score, CreationDate, UserId) ordering for date range filtering after score equality.
- **posts(PostTypeId, OwnerUserId, Id)**: The existing idx_posts_posttypeid bitmap index already handles PostTypeId filtering effectively; adding OwnerUserId/Id showed negligible improvement.",2325.739,-8.26
s75,"[{""table"": ""posts"", ""columns"": [""CreationDate"", ""Id"", ""OwnerUserId""]}, {""table"": ""votes"", ""columns"": [""VoteTypeId"", ""PostId"", ""CreationDate""]}, {""table"": ""comments"", ""columns"": [""Score"", ""CreationDate"", ""UserId""]}, {""table"": ""postHistory"", ""columns"": [""PostHistoryTypeId"", ""CreationDate"", ""UserId""]}, {""table"": ""postLinks"", ""columns"": [""RelatedPostId"", ""LinkTypeId"", ""CreationDate""]}]","## Analysis Summary

After extensive cost estimation across the full 146-query workload, I identified the existing index set and the five additional indexes that deliver the most benefit. The existing schema already has a rich set of indexes (idx_badges_userid, idx_badges_userid_date, idx_comments_userid, idx_comments_score_userid, idx_comments_postid, idx_comments_postid_creationdate, idx_comments_userid_score_creationdate, idx_votes_userid, idx_votes_userid_creationdate, idx_votes_postid_creationdate, idx_posthistory_userid, idx_posthistory_postid, idx_posthistory_postid_creationdate, idx_posthistory_posttypeid, idx_posthistory_posttypeid_userid, idx_posthistory_userid_typeid_creationdate, idx_postlinks_postid, idx_postlinks_relatedpostid, idx_postlinks_postid_linktypeid_creationdate, idx_posts_posttypeid, idx_posts_owneruserid, idx_posts_viewcount, idx_posts_answercount, idx_posts_id_posttype_creationdate, idx_posts_id_owneruserid).

### Recommended New Indexes

**1. posts(CreationDate, Id, OwnerUserId)**
- Confirmed effective by query planner for many queries (s7, s8, s18, s19, s20, s22, s26, s29, s40, s41, s42, s44, s92, s100, s117, s118, s120, s122, s123, s130, s137, s145, s146 and many complex queries).
- The planner uses it as an index-only scan for date-range filtering on posts, then exposes Id for join to postLinks/postHistory/votes and OwnerUserId for join to users/comments. This eliminates large sequential scans on the posts table (2219–2679 cost) reducing them to targeted index-only scans (~2700 rows selected from ~90k).
- Cost improvement observed: from ~11,605 to ~11,441 for s20; similar savings across dozens of queries that filter posts by CreationDate.

**2. votes(VoteTypeId, PostId, CreationDate)**
- Confirmed used by planner as `tmp_idx_votes_0786ecb9` in s129 (cost ~12,767 vs ~13,703 without) and many other queries (s25, s61, s63, s70, s71, s73, s76, s96, s127, s128, s129, s143, s145).
- The VoteTypeId=2 (upvote) filter is extremely common. Combined with PostId join key and optional CreationDate range filter, this composite index enables index-only scans instead of full sequential scans on the votes table (~192k rows, seq scan cost ~4,572).
- Particularly important for medium/complex queries involving 5-7-table joins where reducing votes scan cost has multiplicative benefit.

**3. comments(Score, CreationDate, UserId)**
- Confirmed used by planner as `tmp_idx_comments_2503997b` for queries filtering Score=1 or Score=2 with CreationDate ranges (s34, s49, s50, s107, s108, s116, s131 and others).
- Supplements the existing idx_comments_score_userid by adding CreationDate to enable range pruning when both Score equality and date ranges are applied. The planner chooses this for Score=1+date patterns, delivering targeted index-only scans of ~14,754 rows vs. full comment table scans (~102k rows with filter cost ~2,882).
- Queries like s34 drop from ~149,249 cost to a much more tractable plan.

**4. postHistory(PostHistoryTypeId, CreationDate, UserId)**
- Confirmed used by planner as `tmp_idx_posthistory_84524b61` for queries filtering PostHistoryTypeId with CreationDate ranges and then joining by UserId (s38, s39, s47, s51, s106, s121, s125, s132, s145).
- For PostHistoryTypeId equality + CreationDate range, this enables index-only scans returning ~17,000–27,000 rows vs. bitmap heap scans of ~24,000–70,000 rows from the existing posttypeid-only index.
- The difference is most dramatic for s106 where the planner uses it for a 3-table join (comments+postHistory+votes on UserId) achieving cost ~474,086 vs millions without it.

**5. postLinks(RelatedPostId, LinkTypeId, CreationDate)**
- Confirmed used by planner as `tmp_idx_postlinks_fe583d40` in multiple queries (s26, s40, s41, s53, s54, s58, s59, s60, s61, s62, s63, s68–s73, s137, s139, s140–s143).
- Many complex queries join postLinks on RelatedPostId and filter on LinkTypeId=1 and/or CreationDate. The existing idx_postlinks_relatedpostid covers only the join key. Adding LinkTypeId+CreationDate enables filtering ~10,186 rows (LinkTypeId=1) or narrower with date ranges, vs. the full 11,102-row postlinks table.
- Enables index-only scans for the postLinks portion of complex 6-7 table joins, reducing intermediate result sets significantly.

### Why Other Candidates Were Rejected

- **postHistory(CreationDate, PostId)** and **postHistory(CreationDate, UserId)**: The planner showed minimal improvement (~0-100 cost) because postHistory is already well-covered by PostId and PostHistoryTypeId indexes, and date-range-only filtering still requires reading most of the table.
- **votes(PostId, VoteTypeId)** without CreationDate: Marginally weaker than the 3-column version; the planner consistently preferred the 3-column composite.
- **comments(Score, UserId, CreationDate)** (different column order): Tested and showed planner preferred the (Score, CreationDate, UserId) ordering for date range filtering after score equality.
- **posts(PostTypeId, OwnerUserId, Id)**: The existing idx_posts_posttypeid bitmap index already handles PostTypeId filtering effectively; adding OwnerUserId/Id showed negligible improvement.",445.259,-6.77
s76,"[{""table"": ""posts"", ""columns"": [""CreationDate"", ""Id"", ""OwnerUserId""]}, {""table"": ""votes"", ""columns"": [""VoteTypeId"", ""PostId"", ""CreationDate""]}, {""table"": ""comments"", ""columns"": [""Score"", ""CreationDate"", ""UserId""]}, {""table"": ""postHistory"", ""columns"": [""PostHistoryTypeId"", ""CreationDate"", ""UserId""]}, {""table"": ""postLinks"", ""columns"": [""RelatedPostId"", ""LinkTypeId"", ""CreationDate""]}]","## Analysis Summary

After extensive cost estimation across the full 146-query workload, I identified the existing index set and the five additional indexes that deliver the most benefit. The existing schema already has a rich set of indexes (idx_badges_userid, idx_badges_userid_date, idx_comments_userid, idx_comments_score_userid, idx_comments_postid, idx_comments_postid_creationdate, idx_comments_userid_score_creationdate, idx_votes_userid, idx_votes_userid_creationdate, idx_votes_postid_creationdate, idx_posthistory_userid, idx_posthistory_postid, idx_posthistory_postid_creationdate, idx_posthistory_posttypeid, idx_posthistory_posttypeid_userid, idx_posthistory_userid_typeid_creationdate, idx_postlinks_postid, idx_postlinks_relatedpostid, idx_postlinks_postid_linktypeid_creationdate, idx_posts_posttypeid, idx_posts_owneruserid, idx_posts_viewcount, idx_posts_answercount, idx_posts_id_posttype_creationdate, idx_posts_id_owneruserid).

### Recommended New Indexes

**1. posts(CreationDate, Id, OwnerUserId)**
- Confirmed effective by query planner for many queries (s7, s8, s18, s19, s20, s22, s26, s29, s40, s41, s42, s44, s92, s100, s117, s118, s120, s122, s123, s130, s137, s145, s146 and many complex queries).
- The planner uses it as an index-only scan for date-range filtering on posts, then exposes Id for join to postLinks/postHistory/votes and OwnerUserId for join to users/comments. This eliminates large sequential scans on the posts table (2219–2679 cost) reducing them to targeted index-only scans (~2700 rows selected from ~90k).
- Cost improvement observed: from ~11,605 to ~11,441 for s20; similar savings across dozens of queries that filter posts by CreationDate.

**2. votes(VoteTypeId, PostId, CreationDate)**
- Confirmed used by planner as `tmp_idx_votes_0786ecb9` in s129 (cost ~12,767 vs ~13,703 without) and many other queries (s25, s61, s63, s70, s71, s73, s76, s96, s127, s128, s129, s143, s145).
- The VoteTypeId=2 (upvote) filter is extremely common. Combined with PostId join key and optional CreationDate range filter, this composite index enables index-only scans instead of full sequential scans on the votes table (~192k rows, seq scan cost ~4,572).
- Particularly important for medium/complex queries involving 5-7-table joins where reducing votes scan cost has multiplicative benefit.

**3. comments(Score, CreationDate, UserId)**
- Confirmed used by planner as `tmp_idx_comments_2503997b` for queries filtering Score=1 or Score=2 with CreationDate ranges (s34, s49, s50, s107, s108, s116, s131 and others).
- Supplements the existing idx_comments_score_userid by adding CreationDate to enable range pruning when both Score equality and date ranges are applied. The planner chooses this for Score=1+date patterns, delivering targeted index-only scans of ~14,754 rows vs. full comment table scans (~102k rows with filter cost ~2,882).
- Queries like s34 drop from ~149,249 cost to a much more tractable plan.

**4. postHistory(PostHistoryTypeId, CreationDate, UserId)**
- Confirmed used by planner as `tmp_idx_posthistory_84524b61` for queries filtering PostHistoryTypeId with CreationDate ranges and then joining by UserId (s38, s39, s47, s51, s106, s121, s125, s132, s145).
- For PostHistoryTypeId equality + CreationDate range, this enables index-only scans returning ~17,000–27,000 rows vs. bitmap heap scans of ~24,000–70,000 rows from the existing posttypeid-only index.
- The difference is most dramatic for s106 where the planner uses it for a 3-table join (comments+postHistory+votes on UserId) achieving cost ~474,086 vs millions without it.

**5. postLinks(RelatedPostId, LinkTypeId, CreationDate)**
- Confirmed used by planner as `tmp_idx_postlinks_fe583d40` in multiple queries (s26, s40, s41, s53, s54, s58, s59, s60, s61, s62, s63, s68–s73, s137, s139, s140–s143).
- Many complex queries join postLinks on RelatedPostId and filter on LinkTypeId=1 and/or CreationDate. The existing idx_postlinks_relatedpostid covers only the join key. Adding LinkTypeId+CreationDate enables filtering ~10,186 rows (LinkTypeId=1) or narrower with date ranges, vs. the full 11,102-row postlinks table.
- Enables index-only scans for the postLinks portion of complex 6-7 table joins, reducing intermediate result sets significantly.

### Why Other Candidates Were Rejected

- **postHistory(CreationDate, PostId)** and **postHistory(CreationDate, UserId)**: The planner showed minimal improvement (~0-100 cost) because postHistory is already well-covered by PostId and PostHistoryTypeId indexes, and date-range-only filtering still requires reading most of the table.
- **votes(PostId, VoteTypeId)** without CreationDate: Marginally weaker than the 3-column version; the planner consistently preferred the 3-column composite.
- **comments(Score, UserId, CreationDate)** (different column order): Tested and showed planner preferred the (Score, CreationDate, UserId) ordering for date range filtering after score equality.
- **posts(PostTypeId, OwnerUserId, Id)**: The existing idx_posts_posttypeid bitmap index already handles PostTypeId filtering effectively; adding OwnerUserId/Id showed negligible improvement.",142.54,-0.68
s77,"[{""table"": ""posts"", ""columns"": [""CreationDate"", ""Id"", ""OwnerUserId""]}, {""table"": ""votes"", ""columns"": [""VoteTypeId"", ""PostId"", ""CreationDate""]}, {""table"": ""comments"", ""columns"": [""Score"", ""CreationDate"", ""UserId""]}, {""table"": ""postHistory"", ""columns"": [""PostHistoryTypeId"", ""CreationDate"", ""UserId""]}, {""table"": ""postLinks"", ""columns"": [""RelatedPostId"", ""LinkTypeId"", ""CreationDate""]}]","## Analysis Summary

After extensive cost estimation across the full 146-query workload, I identified the existing index set and the five additional indexes that deliver the most benefit. The existing schema already has a rich set of indexes (idx_badges_userid, idx_badges_userid_date, idx_comments_userid, idx_comments_score_userid, idx_comments_postid, idx_comments_postid_creationdate, idx_comments_userid_score_creationdate, idx_votes_userid, idx_votes_userid_creationdate, idx_votes_postid_creationdate, idx_posthistory_userid, idx_posthistory_postid, idx_posthistory_postid_creationdate, idx_posthistory_posttypeid, idx_posthistory_posttypeid_userid, idx_posthistory_userid_typeid_creationdate, idx_postlinks_postid, idx_postlinks_relatedpostid, idx_postlinks_postid_linktypeid_creationdate, idx_posts_posttypeid, idx_posts_owneruserid, idx_posts_viewcount, idx_posts_answercount, idx_posts_id_posttype_creationdate, idx_posts_id_owneruserid).

### Recommended New Indexes

**1. posts(CreationDate, Id, OwnerUserId)**
- Confirmed effective by query planner for many queries (s7, s8, s18, s19, s20, s22, s26, s29, s40, s41, s42, s44, s92, s100, s117, s118, s120, s122, s123, s130, s137, s145, s146 and many complex queries).
- The planner uses it as an index-only scan for date-range filtering on posts, then exposes Id for join to postLinks/postHistory/votes and OwnerUserId for join to users/comments. This eliminates large sequential scans on the posts table (2219–2679 cost) reducing them to targeted index-only scans (~2700 rows selected from ~90k).
- Cost improvement observed: from ~11,605 to ~11,441 for s20; similar savings across dozens of queries that filter posts by CreationDate.

**2. votes(VoteTypeId, PostId, CreationDate)**
- Confirmed used by planner as `tmp_idx_votes_0786ecb9` in s129 (cost ~12,767 vs ~13,703 without) and many other queries (s25, s61, s63, s70, s71, s73, s76, s96, s127, s128, s129, s143, s145).
- The VoteTypeId=2 (upvote) filter is extremely common. Combined with PostId join key and optional CreationDate range filter, this composite index enables index-only scans instead of full sequential scans on the votes table (~192k rows, seq scan cost ~4,572).
- Particularly important for medium/complex queries involving 5-7-table joins where reducing votes scan cost has multiplicative benefit.

**3. comments(Score, CreationDate, UserId)**
- Confirmed used by planner as `tmp_idx_comments_2503997b` for queries filtering Score=1 or Score=2 with CreationDate ranges (s34, s49, s50, s107, s108, s116, s131 and others).
- Supplements the existing idx_comments_score_userid by adding CreationDate to enable range pruning when both Score equality and date ranges are applied. The planner chooses this for Score=1+date patterns, delivering targeted index-only scans of ~14,754 rows vs. full comment table scans (~102k rows with filter cost ~2,882).
- Queries like s34 drop from ~149,249 cost to a much more tractable plan.

**4. postHistory(PostHistoryTypeId, CreationDate, UserId)**
- Confirmed used by planner as `tmp_idx_posthistory_84524b61` for queries filtering PostHistoryTypeId with CreationDate ranges and then joining by UserId (s38, s39, s47, s51, s106, s121, s125, s132, s145).
- For PostHistoryTypeId equality + CreationDate range, this enables index-only scans returning ~17,000–27,000 rows vs. bitmap heap scans of ~24,000–70,000 rows from the existing posttypeid-only index.
- The difference is most dramatic for s106 where the planner uses it for a 3-table join (comments+postHistory+votes on UserId) achieving cost ~474,086 vs millions without it.

**5. postLinks(RelatedPostId, LinkTypeId, CreationDate)**
- Confirmed used by planner as `tmp_idx_postlinks_fe583d40` in multiple queries (s26, s40, s41, s53, s54, s58, s59, s60, s61, s62, s63, s68–s73, s137, s139, s140–s143).
- Many complex queries join postLinks on RelatedPostId and filter on LinkTypeId=1 and/or CreationDate. The existing idx_postlinks_relatedpostid covers only the join key. Adding LinkTypeId+CreationDate enables filtering ~10,186 rows (LinkTypeId=1) or narrower with date ranges, vs. the full 11,102-row postlinks table.
- Enables index-only scans for the postLinks portion of complex 6-7 table joins, reducing intermediate result sets significantly.

### Why Other Candidates Were Rejected

- **postHistory(CreationDate, PostId)** and **postHistory(CreationDate, UserId)**: The planner showed minimal improvement (~0-100 cost) because postHistory is already well-covered by PostId and PostHistoryTypeId indexes, and date-range-only filtering still requires reading most of the table.
- **votes(PostId, VoteTypeId)** without CreationDate: Marginally weaker than the 3-column version; the planner consistently preferred the 3-column composite.
- **comments(Score, UserId, CreationDate)** (different column order): Tested and showed planner preferred the (Score, CreationDate, UserId) ordering for date range filtering after score equality.
- **posts(PostTypeId, OwnerUserId, Id)**: The existing idx_posts_posttypeid bitmap index already handles PostTypeId filtering effectively; adding OwnerUserId/Id showed negligible improvement.",739.363,0.11
s78,"[{""table"": ""posts"", ""columns"": [""CreationDate"", ""Id"", ""OwnerUserId""]}, {""table"": ""votes"", ""columns"": [""VoteTypeId"", ""PostId"", ""CreationDate""]}, {""table"": ""comments"", ""columns"": [""Score"", ""CreationDate"", ""UserId""]}, {""table"": ""postHistory"", ""columns"": [""PostHistoryTypeId"", ""CreationDate"", ""UserId""]}, {""table"": ""postLinks"", ""columns"": [""RelatedPostId"", ""LinkTypeId"", ""CreationDate""]}]","## Analysis Summary

After extensive cost estimation across the full 146-query workload, I identified the existing index set and the five additional indexes that deliver the most benefit. The existing schema already has a rich set of indexes (idx_badges_userid, idx_badges_userid_date, idx_comments_userid, idx_comments_score_userid, idx_comments_postid, idx_comments_postid_creationdate, idx_comments_userid_score_creationdate, idx_votes_userid, idx_votes_userid_creationdate, idx_votes_postid_creationdate, idx_posthistory_userid, idx_posthistory_postid, idx_posthistory_postid_creationdate, idx_posthistory_posttypeid, idx_posthistory_posttypeid_userid, idx_posthistory_userid_typeid_creationdate, idx_postlinks_postid, idx_postlinks_relatedpostid, idx_postlinks_postid_linktypeid_creationdate, idx_posts_posttypeid, idx_posts_owneruserid, idx_posts_viewcount, idx_posts_answercount, idx_posts_id_posttype_creationdate, idx_posts_id_owneruserid).

### Recommended New Indexes

**1. posts(CreationDate, Id, OwnerUserId)**
- Confirmed effective by query planner for many queries (s7, s8, s18, s19, s20, s22, s26, s29, s40, s41, s42, s44, s92, s100, s117, s118, s120, s122, s123, s130, s137, s145, s146 and many complex queries).
- The planner uses it as an index-only scan for date-range filtering on posts, then exposes Id for join to postLinks/postHistory/votes and OwnerUserId for join to users/comments. This eliminates large sequential scans on the posts table (2219–2679 cost) reducing them to targeted index-only scans (~2700 rows selected from ~90k).
- Cost improvement observed: from ~11,605 to ~11,441 for s20; similar savings across dozens of queries that filter posts by CreationDate.

**2. votes(VoteTypeId, PostId, CreationDate)**
- Confirmed used by planner as `tmp_idx_votes_0786ecb9` in s129 (cost ~12,767 vs ~13,703 without) and many other queries (s25, s61, s63, s70, s71, s73, s76, s96, s127, s128, s129, s143, s145).
- The VoteTypeId=2 (upvote) filter is extremely common. Combined with PostId join key and optional CreationDate range filter, this composite index enables index-only scans instead of full sequential scans on the votes table (~192k rows, seq scan cost ~4,572).
- Particularly important for medium/complex queries involving 5-7-table joins where reducing votes scan cost has multiplicative benefit.

**3. comments(Score, CreationDate, UserId)**
- Confirmed used by planner as `tmp_idx_comments_2503997b` for queries filtering Score=1 or Score=2 with CreationDate ranges (s34, s49, s50, s107, s108, s116, s131 and others).
- Supplements the existing idx_comments_score_userid by adding CreationDate to enable range pruning when both Score equality and date ranges are applied. The planner chooses this for Score=1+date patterns, delivering targeted index-only scans of ~14,754 rows vs. full comment table scans (~102k rows with filter cost ~2,882).
- Queries like s34 drop from ~149,249 cost to a much more tractable plan.

**4. postHistory(PostHistoryTypeId, CreationDate, UserId)**
- Confirmed used by planner as `tmp_idx_posthistory_84524b61` for queries filtering PostHistoryTypeId with CreationDate ranges and then joining by UserId (s38, s39, s47, s51, s106, s121, s125, s132, s145).
- For PostHistoryTypeId equality + CreationDate range, this enables index-only scans returning ~17,000–27,000 rows vs. bitmap heap scans of ~24,000–70,000 rows from the existing posttypeid-only index.
- The difference is most dramatic for s106 where the planner uses it for a 3-table join (comments+postHistory+votes on UserId) achieving cost ~474,086 vs millions without it.

**5. postLinks(RelatedPostId, LinkTypeId, CreationDate)**
- Confirmed used by planner as `tmp_idx_postlinks_fe583d40` in multiple queries (s26, s40, s41, s53, s54, s58, s59, s60, s61, s62, s63, s68–s73, s137, s139, s140–s143).
- Many complex queries join postLinks on RelatedPostId and filter on LinkTypeId=1 and/or CreationDate. The existing idx_postlinks_relatedpostid covers only the join key. Adding LinkTypeId+CreationDate enables filtering ~10,186 rows (LinkTypeId=1) or narrower with date ranges, vs. the full 11,102-row postlinks table.
- Enables index-only scans for the postLinks portion of complex 6-7 table joins, reducing intermediate result sets significantly.

### Why Other Candidates Were Rejected

- **postHistory(CreationDate, PostId)** and **postHistory(CreationDate, UserId)**: The planner showed minimal improvement (~0-100 cost) because postHistory is already well-covered by PostId and PostHistoryTypeId indexes, and date-range-only filtering still requires reading most of the table.
- **votes(PostId, VoteTypeId)** without CreationDate: Marginally weaker than the 3-column version; the planner consistently preferred the 3-column composite.
- **comments(Score, UserId, CreationDate)** (different column order): Tested and showed planner preferred the (Score, CreationDate, UserId) ordering for date range filtering after score equality.
- **posts(PostTypeId, OwnerUserId, Id)**: The existing idx_posts_posttypeid bitmap index already handles PostTypeId filtering effectively; adding OwnerUserId/Id showed negligible improvement.",101.839,1.73
s79,"[{""table"": ""posts"", ""columns"": [""CreationDate"", ""Id"", ""OwnerUserId""]}, {""table"": ""votes"", ""columns"": [""VoteTypeId"", ""PostId"", ""CreationDate""]}, {""table"": ""comments"", ""columns"": [""Score"", ""CreationDate"", ""UserId""]}, {""table"": ""postHistory"", ""columns"": [""PostHistoryTypeId"", ""CreationDate"", ""UserId""]}, {""table"": ""postLinks"", ""columns"": [""RelatedPostId"", ""LinkTypeId"", ""CreationDate""]}]","## Analysis Summary

After extensive cost estimation across the full 146-query workload, I identified the existing index set and the five additional indexes that deliver the most benefit. The existing schema already has a rich set of indexes (idx_badges_userid, idx_badges_userid_date, idx_comments_userid, idx_comments_score_userid, idx_comments_postid, idx_comments_postid_creationdate, idx_comments_userid_score_creationdate, idx_votes_userid, idx_votes_userid_creationdate, idx_votes_postid_creationdate, idx_posthistory_userid, idx_posthistory_postid, idx_posthistory_postid_creationdate, idx_posthistory_posttypeid, idx_posthistory_posttypeid_userid, idx_posthistory_userid_typeid_creationdate, idx_postlinks_postid, idx_postlinks_relatedpostid, idx_postlinks_postid_linktypeid_creationdate, idx_posts_posttypeid, idx_posts_owneruserid, idx_posts_viewcount, idx_posts_answercount, idx_posts_id_posttype_creationdate, idx_posts_id_owneruserid).

### Recommended New Indexes

**1. posts(CreationDate, Id, OwnerUserId)**
- Confirmed effective by query planner for many queries (s7, s8, s18, s19, s20, s22, s26, s29, s40, s41, s42, s44, s92, s100, s117, s118, s120, s122, s123, s130, s137, s145, s146 and many complex queries).
- The planner uses it as an index-only scan for date-range filtering on posts, then exposes Id for join to postLinks/postHistory/votes and OwnerUserId for join to users/comments. This eliminates large sequential scans on the posts table (2219–2679 cost) reducing them to targeted index-only scans (~2700 rows selected from ~90k).
- Cost improvement observed: from ~11,605 to ~11,441 for s20; similar savings across dozens of queries that filter posts by CreationDate.

**2. votes(VoteTypeId, PostId, CreationDate)**
- Confirmed used by planner as `tmp_idx_votes_0786ecb9` in s129 (cost ~12,767 vs ~13,703 without) and many other queries (s25, s61, s63, s70, s71, s73, s76, s96, s127, s128, s129, s143, s145).
- The VoteTypeId=2 (upvote) filter is extremely common. Combined with PostId join key and optional CreationDate range filter, this composite index enables index-only scans instead of full sequential scans on the votes table (~192k rows, seq scan cost ~4,572).
- Particularly important for medium/complex queries involving 5-7-table joins where reducing votes scan cost has multiplicative benefit.

**3. comments(Score, CreationDate, UserId)**
- Confirmed used by planner as `tmp_idx_comments_2503997b` for queries filtering Score=1 or Score=2 with CreationDate ranges (s34, s49, s50, s107, s108, s116, s131 and others).
- Supplements the existing idx_comments_score_userid by adding CreationDate to enable range pruning when both Score equality and date ranges are applied. The planner chooses this for Score=1+date patterns, delivering targeted index-only scans of ~14,754 rows vs. full comment table scans (~102k rows with filter cost ~2,882).
- Queries like s34 drop from ~149,249 cost to a much more tractable plan.

**4. postHistory(PostHistoryTypeId, CreationDate, UserId)**
- Confirmed used by planner as `tmp_idx_posthistory_84524b61` for queries filtering PostHistoryTypeId with CreationDate ranges and then joining by UserId (s38, s39, s47, s51, s106, s121, s125, s132, s145).
- For PostHistoryTypeId equality + CreationDate range, this enables index-only scans returning ~17,000–27,000 rows vs. bitmap heap scans of ~24,000–70,000 rows from the existing posttypeid-only index.
- The difference is most dramatic for s106 where the planner uses it for a 3-table join (comments+postHistory+votes on UserId) achieving cost ~474,086 vs millions without it.

**5. postLinks(RelatedPostId, LinkTypeId, CreationDate)**
- Confirmed used by planner as `tmp_idx_postlinks_fe583d40` in multiple queries (s26, s40, s41, s53, s54, s58, s59, s60, s61, s62, s63, s68–s73, s137, s139, s140–s143).
- Many complex queries join postLinks on RelatedPostId and filter on LinkTypeId=1 and/or CreationDate. The existing idx_postlinks_relatedpostid covers only the join key. Adding LinkTypeId+CreationDate enables filtering ~10,186 rows (LinkTypeId=1) or narrower with date ranges, vs. the full 11,102-row postlinks table.
- Enables index-only scans for the postLinks portion of complex 6-7 table joins, reducing intermediate result sets significantly.

### Why Other Candidates Were Rejected

- **postHistory(CreationDate, PostId)** and **postHistory(CreationDate, UserId)**: The planner showed minimal improvement (~0-100 cost) because postHistory is already well-covered by PostId and PostHistoryTypeId indexes, and date-range-only filtering still requires reading most of the table.
- **votes(PostId, VoteTypeId)** without CreationDate: Marginally weaker than the 3-column version; the planner consistently preferred the 3-column composite.
- **comments(Score, UserId, CreationDate)** (different column order): Tested and showed planner preferred the (Score, CreationDate, UserId) ordering for date range filtering after score equality.
- **posts(PostTypeId, OwnerUserId, Id)**: The existing idx_posts_posttypeid bitmap index already handles PostTypeId filtering effectively; adding OwnerUserId/Id showed negligible improvement.",312.141,-6.83
s80,"[{""table"": ""posts"", ""columns"": [""CreationDate"", ""Id"", ""OwnerUserId""]}, {""table"": ""votes"", ""columns"": [""VoteTypeId"", ""PostId"", ""CreationDate""]}, {""table"": ""comments"", ""columns"": [""Score"", ""CreationDate"", ""UserId""]}, {""table"": ""postHistory"", ""columns"": [""PostHistoryTypeId"", ""CreationDate"", ""UserId""]}, {""table"": ""postLinks"", ""columns"": [""RelatedPostId"", ""LinkTypeId"", ""CreationDate""]}]","## Analysis Summary

After extensive cost estimation across the full 146-query workload, I identified the existing index set and the five additional indexes that deliver the most benefit. The existing schema already has a rich set of indexes (idx_badges_userid, idx_badges_userid_date, idx_comments_userid, idx_comments_score_userid, idx_comments_postid, idx_comments_postid_creationdate, idx_comments_userid_score_creationdate, idx_votes_userid, idx_votes_userid_creationdate, idx_votes_postid_creationdate, idx_posthistory_userid, idx_posthistory_postid, idx_posthistory_postid_creationdate, idx_posthistory_posttypeid, idx_posthistory_posttypeid_userid, idx_posthistory_userid_typeid_creationdate, idx_postlinks_postid, idx_postlinks_relatedpostid, idx_postlinks_postid_linktypeid_creationdate, idx_posts_posttypeid, idx_posts_owneruserid, idx_posts_viewcount, idx_posts_answercount, idx_posts_id_posttype_creationdate, idx_posts_id_owneruserid).

### Recommended New Indexes

**1. posts(CreationDate, Id, OwnerUserId)**
- Confirmed effective by query planner for many queries (s7, s8, s18, s19, s20, s22, s26, s29, s40, s41, s42, s44, s92, s100, s117, s118, s120, s122, s123, s130, s137, s145, s146 and many complex queries).
- The planner uses it as an index-only scan for date-range filtering on posts, then exposes Id for join to postLinks/postHistory/votes and OwnerUserId for join to users/comments. This eliminates large sequential scans on the posts table (2219–2679 cost) reducing them to targeted index-only scans (~2700 rows selected from ~90k).
- Cost improvement observed: from ~11,605 to ~11,441 for s20; similar savings across dozens of queries that filter posts by CreationDate.

**2. votes(VoteTypeId, PostId, CreationDate)**
- Confirmed used by planner as `tmp_idx_votes_0786ecb9` in s129 (cost ~12,767 vs ~13,703 without) and many other queries (s25, s61, s63, s70, s71, s73, s76, s96, s127, s128, s129, s143, s145).
- The VoteTypeId=2 (upvote) filter is extremely common. Combined with PostId join key and optional CreationDate range filter, this composite index enables index-only scans instead of full sequential scans on the votes table (~192k rows, seq scan cost ~4,572).
- Particularly important for medium/complex queries involving 5-7-table joins where reducing votes scan cost has multiplicative benefit.

**3. comments(Score, CreationDate, UserId)**
- Confirmed used by planner as `tmp_idx_comments_2503997b` for queries filtering Score=1 or Score=2 with CreationDate ranges (s34, s49, s50, s107, s108, s116, s131 and others).
- Supplements the existing idx_comments_score_userid by adding CreationDate to enable range pruning when both Score equality and date ranges are applied. The planner chooses this for Score=1+date patterns, delivering targeted index-only scans of ~14,754 rows vs. full comment table scans (~102k rows with filter cost ~2,882).
- Queries like s34 drop from ~149,249 cost to a much more tractable plan.

**4. postHistory(PostHistoryTypeId, CreationDate, UserId)**
- Confirmed used by planner as `tmp_idx_posthistory_84524b61` for queries filtering PostHistoryTypeId with CreationDate ranges and then joining by UserId (s38, s39, s47, s51, s106, s121, s125, s132, s145).
- For PostHistoryTypeId equality + CreationDate range, this enables index-only scans returning ~17,000–27,000 rows vs. bitmap heap scans of ~24,000–70,000 rows from the existing posttypeid-only index.
- The difference is most dramatic for s106 where the planner uses it for a 3-table join (comments+postHistory+votes on UserId) achieving cost ~474,086 vs millions without it.

**5. postLinks(RelatedPostId, LinkTypeId, CreationDate)**
- Confirmed used by planner as `tmp_idx_postlinks_fe583d40` in multiple queries (s26, s40, s41, s53, s54, s58, s59, s60, s61, s62, s63, s68–s73, s137, s139, s140–s143).
- Many complex queries join postLinks on RelatedPostId and filter on LinkTypeId=1 and/or CreationDate. The existing idx_postlinks_relatedpostid covers only the join key. Adding LinkTypeId+CreationDate enables filtering ~10,186 rows (LinkTypeId=1) or narrower with date ranges, vs. the full 11,102-row postlinks table.
- Enables index-only scans for the postLinks portion of complex 6-7 table joins, reducing intermediate result sets significantly.

### Why Other Candidates Were Rejected

- **postHistory(CreationDate, PostId)** and **postHistory(CreationDate, UserId)**: The planner showed minimal improvement (~0-100 cost) because postHistory is already well-covered by PostId and PostHistoryTypeId indexes, and date-range-only filtering still requires reading most of the table.
- **votes(PostId, VoteTypeId)** without CreationDate: Marginally weaker than the 3-column version; the planner consistently preferred the 3-column composite.
- **comments(Score, UserId, CreationDate)** (different column order): Tested and showed planner preferred the (Score, CreationDate, UserId) ordering for date range filtering after score equality.
- **posts(PostTypeId, OwnerUserId, Id)**: The existing idx_posts_posttypeid bitmap index already handles PostTypeId filtering effectively; adding OwnerUserId/Id showed negligible improvement.",119.971,-5.77
s81,"[{""table"": ""posts"", ""columns"": [""CreationDate"", ""Id"", ""OwnerUserId""]}, {""table"": ""votes"", ""columns"": [""VoteTypeId"", ""PostId"", ""CreationDate""]}, {""table"": ""comments"", ""columns"": [""Score"", ""CreationDate"", ""UserId""]}, {""table"": ""postHistory"", ""columns"": [""PostHistoryTypeId"", ""CreationDate"", ""UserId""]}, {""table"": ""postLinks"", ""columns"": [""RelatedPostId"", ""LinkTypeId"", ""CreationDate""]}]","## Analysis Summary

After extensive cost estimation across the full 146-query workload, I identified the existing index set and the five additional indexes that deliver the most benefit. The existing schema already has a rich set of indexes (idx_badges_userid, idx_badges_userid_date, idx_comments_userid, idx_comments_score_userid, idx_comments_postid, idx_comments_postid_creationdate, idx_comments_userid_score_creationdate, idx_votes_userid, idx_votes_userid_creationdate, idx_votes_postid_creationdate, idx_posthistory_userid, idx_posthistory_postid, idx_posthistory_postid_creationdate, idx_posthistory_posttypeid, idx_posthistory_posttypeid_userid, idx_posthistory_userid_typeid_creationdate, idx_postlinks_postid, idx_postlinks_relatedpostid, idx_postlinks_postid_linktypeid_creationdate, idx_posts_posttypeid, idx_posts_owneruserid, idx_posts_viewcount, idx_posts_answercount, idx_posts_id_posttype_creationdate, idx_posts_id_owneruserid).

### Recommended New Indexes

**1. posts(CreationDate, Id, OwnerUserId)**
- Confirmed effective by query planner for many queries (s7, s8, s18, s19, s20, s22, s26, s29, s40, s41, s42, s44, s92, s100, s117, s118, s120, s122, s123, s130, s137, s145, s146 and many complex queries).
- The planner uses it as an index-only scan for date-range filtering on posts, then exposes Id for join to postLinks/postHistory/votes and OwnerUserId for join to users/comments. This eliminates large sequential scans on the posts table (2219–2679 cost) reducing them to targeted index-only scans (~2700 rows selected from ~90k).
- Cost improvement observed: from ~11,605 to ~11,441 for s20; similar savings across dozens of queries that filter posts by CreationDate.

**2. votes(VoteTypeId, PostId, CreationDate)**
- Confirmed used by planner as `tmp_idx_votes_0786ecb9` in s129 (cost ~12,767 vs ~13,703 without) and many other queries (s25, s61, s63, s70, s71, s73, s76, s96, s127, s128, s129, s143, s145).
- The VoteTypeId=2 (upvote) filter is extremely common. Combined with PostId join key and optional CreationDate range filter, this composite index enables index-only scans instead of full sequential scans on the votes table (~192k rows, seq scan cost ~4,572).
- Particularly important for medium/complex queries involving 5-7-table joins where reducing votes scan cost has multiplicative benefit.

**3. comments(Score, CreationDate, UserId)**
- Confirmed used by planner as `tmp_idx_comments_2503997b` for queries filtering Score=1 or Score=2 with CreationDate ranges (s34, s49, s50, s107, s108, s116, s131 and others).
- Supplements the existing idx_comments_score_userid by adding CreationDate to enable range pruning when both Score equality and date ranges are applied. The planner chooses this for Score=1+date patterns, delivering targeted index-only scans of ~14,754 rows vs. full comment table scans (~102k rows with filter cost ~2,882).
- Queries like s34 drop from ~149,249 cost to a much more tractable plan.

**4. postHistory(PostHistoryTypeId, CreationDate, UserId)**
- Confirmed used by planner as `tmp_idx_posthistory_84524b61` for queries filtering PostHistoryTypeId with CreationDate ranges and then joining by UserId (s38, s39, s47, s51, s106, s121, s125, s132, s145).
- For PostHistoryTypeId equality + CreationDate range, this enables index-only scans returning ~17,000–27,000 rows vs. bitmap heap scans of ~24,000–70,000 rows from the existing posttypeid-only index.
- The difference is most dramatic for s106 where the planner uses it for a 3-table join (comments+postHistory+votes on UserId) achieving cost ~474,086 vs millions without it.

**5. postLinks(RelatedPostId, LinkTypeId, CreationDate)**
- Confirmed used by planner as `tmp_idx_postlinks_fe583d40` in multiple queries (s26, s40, s41, s53, s54, s58, s59, s60, s61, s62, s63, s68–s73, s137, s139, s140–s143).
- Many complex queries join postLinks on RelatedPostId and filter on LinkTypeId=1 and/or CreationDate. The existing idx_postlinks_relatedpostid covers only the join key. Adding LinkTypeId+CreationDate enables filtering ~10,186 rows (LinkTypeId=1) or narrower with date ranges, vs. the full 11,102-row postlinks table.
- Enables index-only scans for the postLinks portion of complex 6-7 table joins, reducing intermediate result sets significantly.

### Why Other Candidates Were Rejected

- **postHistory(CreationDate, PostId)** and **postHistory(CreationDate, UserId)**: The planner showed minimal improvement (~0-100 cost) because postHistory is already well-covered by PostId and PostHistoryTypeId indexes, and date-range-only filtering still requires reading most of the table.
- **votes(PostId, VoteTypeId)** without CreationDate: Marginally weaker than the 3-column version; the planner consistently preferred the 3-column composite.
- **comments(Score, UserId, CreationDate)** (different column order): Tested and showed planner preferred the (Score, CreationDate, UserId) ordering for date range filtering after score equality.
- **posts(PostTypeId, OwnerUserId, Id)**: The existing idx_posts_posttypeid bitmap index already handles PostTypeId filtering effectively; adding OwnerUserId/Id showed negligible improvement.",65.849,-5.23
s82,"[{""table"": ""posts"", ""columns"": [""CreationDate"", ""Id"", ""OwnerUserId""]}, {""table"": ""votes"", ""columns"": [""VoteTypeId"", ""PostId"", ""CreationDate""]}, {""table"": ""comments"", ""columns"": [""Score"", ""CreationDate"", ""UserId""]}, {""table"": ""postHistory"", ""columns"": [""PostHistoryTypeId"", ""CreationDate"", ""UserId""]}, {""table"": ""postLinks"", ""columns"": [""RelatedPostId"", ""LinkTypeId"", ""CreationDate""]}]","## Analysis Summary

After extensive cost estimation across the full 146-query workload, I identified the existing index set and the five additional indexes that deliver the most benefit. The existing schema already has a rich set of indexes (idx_badges_userid, idx_badges_userid_date, idx_comments_userid, idx_comments_score_userid, idx_comments_postid, idx_comments_postid_creationdate, idx_comments_userid_score_creationdate, idx_votes_userid, idx_votes_userid_creationdate, idx_votes_postid_creationdate, idx_posthistory_userid, idx_posthistory_postid, idx_posthistory_postid_creationdate, idx_posthistory_posttypeid, idx_posthistory_posttypeid_userid, idx_posthistory_userid_typeid_creationdate, idx_postlinks_postid, idx_postlinks_relatedpostid, idx_postlinks_postid_linktypeid_creationdate, idx_posts_posttypeid, idx_posts_owneruserid, idx_posts_viewcount, idx_posts_answercount, idx_posts_id_posttype_creationdate, idx_posts_id_owneruserid).

### Recommended New Indexes

**1. posts(CreationDate, Id, OwnerUserId)**
- Confirmed effective by query planner for many queries (s7, s8, s18, s19, s20, s22, s26, s29, s40, s41, s42, s44, s92, s100, s117, s118, s120, s122, s123, s130, s137, s145, s146 and many complex queries).
- The planner uses it as an index-only scan for date-range filtering on posts, then exposes Id for join to postLinks/postHistory/votes and OwnerUserId for join to users/comments. This eliminates large sequential scans on the posts table (2219–2679 cost) reducing them to targeted index-only scans (~2700 rows selected from ~90k).
- Cost improvement observed: from ~11,605 to ~11,441 for s20; similar savings across dozens of queries that filter posts by CreationDate.

**2. votes(VoteTypeId, PostId, CreationDate)**
- Confirmed used by planner as `tmp_idx_votes_0786ecb9` in s129 (cost ~12,767 vs ~13,703 without) and many other queries (s25, s61, s63, s70, s71, s73, s76, s96, s127, s128, s129, s143, s145).
- The VoteTypeId=2 (upvote) filter is extremely common. Combined with PostId join key and optional CreationDate range filter, this composite index enables index-only scans instead of full sequential scans on the votes table (~192k rows, seq scan cost ~4,572).
- Particularly important for medium/complex queries involving 5-7-table joins where reducing votes scan cost has multiplicative benefit.

**3. comments(Score, CreationDate, UserId)**
- Confirmed used by planner as `tmp_idx_comments_2503997b` for queries filtering Score=1 or Score=2 with CreationDate ranges (s34, s49, s50, s107, s108, s116, s131 and others).
- Supplements the existing idx_comments_score_userid by adding CreationDate to enable range pruning when both Score equality and date ranges are applied. The planner chooses this for Score=1+date patterns, delivering targeted index-only scans of ~14,754 rows vs. full comment table scans (~102k rows with filter cost ~2,882).
- Queries like s34 drop from ~149,249 cost to a much more tractable plan.

**4. postHistory(PostHistoryTypeId, CreationDate, UserId)**
- Confirmed used by planner as `tmp_idx_posthistory_84524b61` for queries filtering PostHistoryTypeId with CreationDate ranges and then joining by UserId (s38, s39, s47, s51, s106, s121, s125, s132, s145).
- For PostHistoryTypeId equality + CreationDate range, this enables index-only scans returning ~17,000–27,000 rows vs. bitmap heap scans of ~24,000–70,000 rows from the existing posttypeid-only index.
- The difference is most dramatic for s106 where the planner uses it for a 3-table join (comments+postHistory+votes on UserId) achieving cost ~474,086 vs millions without it.

**5. postLinks(RelatedPostId, LinkTypeId, CreationDate)**
- Confirmed used by planner as `tmp_idx_postlinks_fe583d40` in multiple queries (s26, s40, s41, s53, s54, s58, s59, s60, s61, s62, s63, s68–s73, s137, s139, s140–s143).
- Many complex queries join postLinks on RelatedPostId and filter on LinkTypeId=1 and/or CreationDate. The existing idx_postlinks_relatedpostid covers only the join key. Adding LinkTypeId+CreationDate enables filtering ~10,186 rows (LinkTypeId=1) or narrower with date ranges, vs. the full 11,102-row postlinks table.
- Enables index-only scans for the postLinks portion of complex 6-7 table joins, reducing intermediate result sets significantly.

### Why Other Candidates Were Rejected

- **postHistory(CreationDate, PostId)** and **postHistory(CreationDate, UserId)**: The planner showed minimal improvement (~0-100 cost) because postHistory is already well-covered by PostId and PostHistoryTypeId indexes, and date-range-only filtering still requires reading most of the table.
- **votes(PostId, VoteTypeId)** without CreationDate: Marginally weaker than the 3-column version; the planner consistently preferred the 3-column composite.
- **comments(Score, UserId, CreationDate)** (different column order): Tested and showed planner preferred the (Score, CreationDate, UserId) ordering for date range filtering after score equality.
- **posts(PostTypeId, OwnerUserId, Id)**: The existing idx_posts_posttypeid bitmap index already handles PostTypeId filtering effectively; adding OwnerUserId/Id showed negligible improvement.",191.818,-0.01
s83,"[{""table"": ""posts"", ""columns"": [""CreationDate"", ""Id"", ""OwnerUserId""]}, {""table"": ""votes"", ""columns"": [""VoteTypeId"", ""PostId"", ""CreationDate""]}, {""table"": ""comments"", ""columns"": [""Score"", ""CreationDate"", ""UserId""]}, {""table"": ""postHistory"", ""columns"": [""PostHistoryTypeId"", ""CreationDate"", ""UserId""]}, {""table"": ""postLinks"", ""columns"": [""RelatedPostId"", ""LinkTypeId"", ""CreationDate""]}]","## Analysis Summary

After extensive cost estimation across the full 146-query workload, I identified the existing index set and the five additional indexes that deliver the most benefit. The existing schema already has a rich set of indexes (idx_badges_userid, idx_badges_userid_date, idx_comments_userid, idx_comments_score_userid, idx_comments_postid, idx_comments_postid_creationdate, idx_comments_userid_score_creationdate, idx_votes_userid, idx_votes_userid_creationdate, idx_votes_postid_creationdate, idx_posthistory_userid, idx_posthistory_postid, idx_posthistory_postid_creationdate, idx_posthistory_posttypeid, idx_posthistory_posttypeid_userid, idx_posthistory_userid_typeid_creationdate, idx_postlinks_postid, idx_postlinks_relatedpostid, idx_postlinks_postid_linktypeid_creationdate, idx_posts_posttypeid, idx_posts_owneruserid, idx_posts_viewcount, idx_posts_answercount, idx_posts_id_posttype_creationdate, idx_posts_id_owneruserid).

### Recommended New Indexes

**1. posts(CreationDate, Id, OwnerUserId)**
- Confirmed effective by query planner for many queries (s7, s8, s18, s19, s20, s22, s26, s29, s40, s41, s42, s44, s92, s100, s117, s118, s120, s122, s123, s130, s137, s145, s146 and many complex queries).
- The planner uses it as an index-only scan for date-range filtering on posts, then exposes Id for join to postLinks/postHistory/votes and OwnerUserId for join to users/comments. This eliminates large sequential scans on the posts table (2219–2679 cost) reducing them to targeted index-only scans (~2700 rows selected from ~90k).
- Cost improvement observed: from ~11,605 to ~11,441 for s20; similar savings across dozens of queries that filter posts by CreationDate.

**2. votes(VoteTypeId, PostId, CreationDate)**
- Confirmed used by planner as `tmp_idx_votes_0786ecb9` in s129 (cost ~12,767 vs ~13,703 without) and many other queries (s25, s61, s63, s70, s71, s73, s76, s96, s127, s128, s129, s143, s145).
- The VoteTypeId=2 (upvote) filter is extremely common. Combined with PostId join key and optional CreationDate range filter, this composite index enables index-only scans instead of full sequential scans on the votes table (~192k rows, seq scan cost ~4,572).
- Particularly important for medium/complex queries involving 5-7-table joins where reducing votes scan cost has multiplicative benefit.

**3. comments(Score, CreationDate, UserId)**
- Confirmed used by planner as `tmp_idx_comments_2503997b` for queries filtering Score=1 or Score=2 with CreationDate ranges (s34, s49, s50, s107, s108, s116, s131 and others).
- Supplements the existing idx_comments_score_userid by adding CreationDate to enable range pruning when both Score equality and date ranges are applied. The planner chooses this for Score=1+date patterns, delivering targeted index-only scans of ~14,754 rows vs. full comment table scans (~102k rows with filter cost ~2,882).
- Queries like s34 drop from ~149,249 cost to a much more tractable plan.

**4. postHistory(PostHistoryTypeId, CreationDate, UserId)**
- Confirmed used by planner as `tmp_idx_posthistory_84524b61` for queries filtering PostHistoryTypeId with CreationDate ranges and then joining by UserId (s38, s39, s47, s51, s106, s121, s125, s132, s145).
- For PostHistoryTypeId equality + CreationDate range, this enables index-only scans returning ~17,000–27,000 rows vs. bitmap heap scans of ~24,000–70,000 rows from the existing posttypeid-only index.
- The difference is most dramatic for s106 where the planner uses it for a 3-table join (comments+postHistory+votes on UserId) achieving cost ~474,086 vs millions without it.

**5. postLinks(RelatedPostId, LinkTypeId, CreationDate)**
- Confirmed used by planner as `tmp_idx_postlinks_fe583d40` in multiple queries (s26, s40, s41, s53, s54, s58, s59, s60, s61, s62, s63, s68–s73, s137, s139, s140–s143).
- Many complex queries join postLinks on RelatedPostId and filter on LinkTypeId=1 and/or CreationDate. The existing idx_postlinks_relatedpostid covers only the join key. Adding LinkTypeId+CreationDate enables filtering ~10,186 rows (LinkTypeId=1) or narrower with date ranges, vs. the full 11,102-row postlinks table.
- Enables index-only scans for the postLinks portion of complex 6-7 table joins, reducing intermediate result sets significantly.

### Why Other Candidates Were Rejected

- **postHistory(CreationDate, PostId)** and **postHistory(CreationDate, UserId)**: The planner showed minimal improvement (~0-100 cost) because postHistory is already well-covered by PostId and PostHistoryTypeId indexes, and date-range-only filtering still requires reading most of the table.
- **votes(PostId, VoteTypeId)** without CreationDate: Marginally weaker than the 3-column version; the planner consistently preferred the 3-column composite.
- **comments(Score, UserId, CreationDate)** (different column order): Tested and showed planner preferred the (Score, CreationDate, UserId) ordering for date range filtering after score equality.
- **posts(PostTypeId, OwnerUserId, Id)**: The existing idx_posts_posttypeid bitmap index already handles PostTypeId filtering effectively; adding OwnerUserId/Id showed negligible improvement.",227.016,-2.18
s84,"[{""table"": ""posts"", ""columns"": [""CreationDate"", ""Id"", ""OwnerUserId""]}, {""table"": ""votes"", ""columns"": [""VoteTypeId"", ""PostId"", ""CreationDate""]}, {""table"": ""comments"", ""columns"": [""Score"", ""CreationDate"", ""UserId""]}, {""table"": ""postHistory"", ""columns"": [""PostHistoryTypeId"", ""CreationDate"", ""UserId""]}, {""table"": ""postLinks"", ""columns"": [""RelatedPostId"", ""LinkTypeId"", ""CreationDate""]}]","## Analysis Summary

After extensive cost estimation across the full 146-query workload, I identified the existing index set and the five additional indexes that deliver the most benefit. The existing schema already has a rich set of indexes (idx_badges_userid, idx_badges_userid_date, idx_comments_userid, idx_comments_score_userid, idx_comments_postid, idx_comments_postid_creationdate, idx_comments_userid_score_creationdate, idx_votes_userid, idx_votes_userid_creationdate, idx_votes_postid_creationdate, idx_posthistory_userid, idx_posthistory_postid, idx_posthistory_postid_creationdate, idx_posthistory_posttypeid, idx_posthistory_posttypeid_userid, idx_posthistory_userid_typeid_creationdate, idx_postlinks_postid, idx_postlinks_relatedpostid, idx_postlinks_postid_linktypeid_creationdate, idx_posts_posttypeid, idx_posts_owneruserid, idx_posts_viewcount, idx_posts_answercount, idx_posts_id_posttype_creationdate, idx_posts_id_owneruserid).

### Recommended New Indexes

**1. posts(CreationDate, Id, OwnerUserId)**
- Confirmed effective by query planner for many queries (s7, s8, s18, s19, s20, s22, s26, s29, s40, s41, s42, s44, s92, s100, s117, s118, s120, s122, s123, s130, s137, s145, s146 and many complex queries).
- The planner uses it as an index-only scan for date-range filtering on posts, then exposes Id for join to postLinks/postHistory/votes and OwnerUserId for join to users/comments. This eliminates large sequential scans on the posts table (2219–2679 cost) reducing them to targeted index-only scans (~2700 rows selected from ~90k).
- Cost improvement observed: from ~11,605 to ~11,441 for s20; similar savings across dozens of queries that filter posts by CreationDate.

**2. votes(VoteTypeId, PostId, CreationDate)**
- Confirmed used by planner as `tmp_idx_votes_0786ecb9` in s129 (cost ~12,767 vs ~13,703 without) and many other queries (s25, s61, s63, s70, s71, s73, s76, s96, s127, s128, s129, s143, s145).
- The VoteTypeId=2 (upvote) filter is extremely common. Combined with PostId join key and optional CreationDate range filter, this composite index enables index-only scans instead of full sequential scans on the votes table (~192k rows, seq scan cost ~4,572).
- Particularly important for medium/complex queries involving 5-7-table joins where reducing votes scan cost has multiplicative benefit.

**3. comments(Score, CreationDate, UserId)**
- Confirmed used by planner as `tmp_idx_comments_2503997b` for queries filtering Score=1 or Score=2 with CreationDate ranges (s34, s49, s50, s107, s108, s116, s131 and others).
- Supplements the existing idx_comments_score_userid by adding CreationDate to enable range pruning when both Score equality and date ranges are applied. The planner chooses this for Score=1+date patterns, delivering targeted index-only scans of ~14,754 rows vs. full comment table scans (~102k rows with filter cost ~2,882).
- Queries like s34 drop from ~149,249 cost to a much more tractable plan.

**4. postHistory(PostHistoryTypeId, CreationDate, UserId)**
- Confirmed used by planner as `tmp_idx_posthistory_84524b61` for queries filtering PostHistoryTypeId with CreationDate ranges and then joining by UserId (s38, s39, s47, s51, s106, s121, s125, s132, s145).
- For PostHistoryTypeId equality + CreationDate range, this enables index-only scans returning ~17,000–27,000 rows vs. bitmap heap scans of ~24,000–70,000 rows from the existing posttypeid-only index.
- The difference is most dramatic for s106 where the planner uses it for a 3-table join (comments+postHistory+votes on UserId) achieving cost ~474,086 vs millions without it.

**5. postLinks(RelatedPostId, LinkTypeId, CreationDate)**
- Confirmed used by planner as `tmp_idx_postlinks_fe583d40` in multiple queries (s26, s40, s41, s53, s54, s58, s59, s60, s61, s62, s63, s68–s73, s137, s139, s140–s143).
- Many complex queries join postLinks on RelatedPostId and filter on LinkTypeId=1 and/or CreationDate. The existing idx_postlinks_relatedpostid covers only the join key. Adding LinkTypeId+CreationDate enables filtering ~10,186 rows (LinkTypeId=1) or narrower with date ranges, vs. the full 11,102-row postlinks table.
- Enables index-only scans for the postLinks portion of complex 6-7 table joins, reducing intermediate result sets significantly.

### Why Other Candidates Were Rejected

- **postHistory(CreationDate, PostId)** and **postHistory(CreationDate, UserId)**: The planner showed minimal improvement (~0-100 cost) because postHistory is already well-covered by PostId and PostHistoryTypeId indexes, and date-range-only filtering still requires reading most of the table.
- **votes(PostId, VoteTypeId)** without CreationDate: Marginally weaker than the 3-column version; the planner consistently preferred the 3-column composite.
- **comments(Score, UserId, CreationDate)** (different column order): Tested and showed planner preferred the (Score, CreationDate, UserId) ordering for date range filtering after score equality.
- **posts(PostTypeId, OwnerUserId, Id)**: The existing idx_posts_posttypeid bitmap index already handles PostTypeId filtering effectively; adding OwnerUserId/Id showed negligible improvement.",647.618,-6.52
s85,"[{""table"": ""posts"", ""columns"": [""CreationDate"", ""Id"", ""OwnerUserId""]}, {""table"": ""votes"", ""columns"": [""VoteTypeId"", ""PostId"", ""CreationDate""]}, {""table"": ""comments"", ""columns"": [""Score"", ""CreationDate"", ""UserId""]}, {""table"": ""postHistory"", ""columns"": [""PostHistoryTypeId"", ""CreationDate"", ""UserId""]}, {""table"": ""postLinks"", ""columns"": [""RelatedPostId"", ""LinkTypeId"", ""CreationDate""]}]","## Analysis Summary

After extensive cost estimation across the full 146-query workload, I identified the existing index set and the five additional indexes that deliver the most benefit. The existing schema already has a rich set of indexes (idx_badges_userid, idx_badges_userid_date, idx_comments_userid, idx_comments_score_userid, idx_comments_postid, idx_comments_postid_creationdate, idx_comments_userid_score_creationdate, idx_votes_userid, idx_votes_userid_creationdate, idx_votes_postid_creationdate, idx_posthistory_userid, idx_posthistory_postid, idx_posthistory_postid_creationdate, idx_posthistory_posttypeid, idx_posthistory_posttypeid_userid, idx_posthistory_userid_typeid_creationdate, idx_postlinks_postid, idx_postlinks_relatedpostid, idx_postlinks_postid_linktypeid_creationdate, idx_posts_posttypeid, idx_posts_owneruserid, idx_posts_viewcount, idx_posts_answercount, idx_posts_id_posttype_creationdate, idx_posts_id_owneruserid).

### Recommended New Indexes

**1. posts(CreationDate, Id, OwnerUserId)**
- Confirmed effective by query planner for many queries (s7, s8, s18, s19, s20, s22, s26, s29, s40, s41, s42, s44, s92, s100, s117, s118, s120, s122, s123, s130, s137, s145, s146 and many complex queries).
- The planner uses it as an index-only scan for date-range filtering on posts, then exposes Id for join to postLinks/postHistory/votes and OwnerUserId for join to users/comments. This eliminates large sequential scans on the posts table (2219–2679 cost) reducing them to targeted index-only scans (~2700 rows selected from ~90k).
- Cost improvement observed: from ~11,605 to ~11,441 for s20; similar savings across dozens of queries that filter posts by CreationDate.

**2. votes(VoteTypeId, PostId, CreationDate)**
- Confirmed used by planner as `tmp_idx_votes_0786ecb9` in s129 (cost ~12,767 vs ~13,703 without) and many other queries (s25, s61, s63, s70, s71, s73, s76, s96, s127, s128, s129, s143, s145).
- The VoteTypeId=2 (upvote) filter is extremely common. Combined with PostId join key and optional CreationDate range filter, this composite index enables index-only scans instead of full sequential scans on the votes table (~192k rows, seq scan cost ~4,572).
- Particularly important for medium/complex queries involving 5-7-table joins where reducing votes scan cost has multiplicative benefit.

**3. comments(Score, CreationDate, UserId)**
- Confirmed used by planner as `tmp_idx_comments_2503997b` for queries filtering Score=1 or Score=2 with CreationDate ranges (s34, s49, s50, s107, s108, s116, s131 and others).
- Supplements the existing idx_comments_score_userid by adding CreationDate to enable range pruning when both Score equality and date ranges are applied. The planner chooses this for Score=1+date patterns, delivering targeted index-only scans of ~14,754 rows vs. full comment table scans (~102k rows with filter cost ~2,882).
- Queries like s34 drop from ~149,249 cost to a much more tractable plan.

**4. postHistory(PostHistoryTypeId, CreationDate, UserId)**
- Confirmed used by planner as `tmp_idx_posthistory_84524b61` for queries filtering PostHistoryTypeId with CreationDate ranges and then joining by UserId (s38, s39, s47, s51, s106, s121, s125, s132, s145).
- For PostHistoryTypeId equality + CreationDate range, this enables index-only scans returning ~17,000–27,000 rows vs. bitmap heap scans of ~24,000–70,000 rows from the existing posttypeid-only index.
- The difference is most dramatic for s106 where the planner uses it for a 3-table join (comments+postHistory+votes on UserId) achieving cost ~474,086 vs millions without it.

**5. postLinks(RelatedPostId, LinkTypeId, CreationDate)**
- Confirmed used by planner as `tmp_idx_postlinks_fe583d40` in multiple queries (s26, s40, s41, s53, s54, s58, s59, s60, s61, s62, s63, s68–s73, s137, s139, s140–s143).
- Many complex queries join postLinks on RelatedPostId and filter on LinkTypeId=1 and/or CreationDate. The existing idx_postlinks_relatedpostid covers only the join key. Adding LinkTypeId+CreationDate enables filtering ~10,186 rows (LinkTypeId=1) or narrower with date ranges, vs. the full 11,102-row postlinks table.
- Enables index-only scans for the postLinks portion of complex 6-7 table joins, reducing intermediate result sets significantly.

### Why Other Candidates Were Rejected

- **postHistory(CreationDate, PostId)** and **postHistory(CreationDate, UserId)**: The planner showed minimal improvement (~0-100 cost) because postHistory is already well-covered by PostId and PostHistoryTypeId indexes, and date-range-only filtering still requires reading most of the table.
- **votes(PostId, VoteTypeId)** without CreationDate: Marginally weaker than the 3-column version; the planner consistently preferred the 3-column composite.
- **comments(Score, UserId, CreationDate)** (different column order): Tested and showed planner preferred the (Score, CreationDate, UserId) ordering for date range filtering after score equality.
- **posts(PostTypeId, OwnerUserId, Id)**: The existing idx_posts_posttypeid bitmap index already handles PostTypeId filtering effectively; adding OwnerUserId/Id showed negligible improvement.",647.268,-11.21
s86,"[{""table"": ""posts"", ""columns"": [""CreationDate"", ""Id"", ""OwnerUserId""]}, {""table"": ""votes"", ""columns"": [""VoteTypeId"", ""PostId"", ""CreationDate""]}, {""table"": ""comments"", ""columns"": [""Score"", ""CreationDate"", ""UserId""]}, {""table"": ""postHistory"", ""columns"": [""PostHistoryTypeId"", ""CreationDate"", ""UserId""]}, {""table"": ""postLinks"", ""columns"": [""RelatedPostId"", ""LinkTypeId"", ""CreationDate""]}]","## Analysis Summary

After extensive cost estimation across the full 146-query workload, I identified the existing index set and the five additional indexes that deliver the most benefit. The existing schema already has a rich set of indexes (idx_badges_userid, idx_badges_userid_date, idx_comments_userid, idx_comments_score_userid, idx_comments_postid, idx_comments_postid_creationdate, idx_comments_userid_score_creationdate, idx_votes_userid, idx_votes_userid_creationdate, idx_votes_postid_creationdate, idx_posthistory_userid, idx_posthistory_postid, idx_posthistory_postid_creationdate, idx_posthistory_posttypeid, idx_posthistory_posttypeid_userid, idx_posthistory_userid_typeid_creationdate, idx_postlinks_postid, idx_postlinks_relatedpostid, idx_postlinks_postid_linktypeid_creationdate, idx_posts_posttypeid, idx_posts_owneruserid, idx_posts_viewcount, idx_posts_answercount, idx_posts_id_posttype_creationdate, idx_posts_id_owneruserid).

### Recommended New Indexes

**1. posts(CreationDate, Id, OwnerUserId)**
- Confirmed effective by query planner for many queries (s7, s8, s18, s19, s20, s22, s26, s29, s40, s41, s42, s44, s92, s100, s117, s118, s120, s122, s123, s130, s137, s145, s146 and many complex queries).
- The planner uses it as an index-only scan for date-range filtering on posts, then exposes Id for join to postLinks/postHistory/votes and OwnerUserId for join to users/comments. This eliminates large sequential scans on the posts table (2219–2679 cost) reducing them to targeted index-only scans (~2700 rows selected from ~90k).
- Cost improvement observed: from ~11,605 to ~11,441 for s20; similar savings across dozens of queries that filter posts by CreationDate.

**2. votes(VoteTypeId, PostId, CreationDate)**
- Confirmed used by planner as `tmp_idx_votes_0786ecb9` in s129 (cost ~12,767 vs ~13,703 without) and many other queries (s25, s61, s63, s70, s71, s73, s76, s96, s127, s128, s129, s143, s145).
- The VoteTypeId=2 (upvote) filter is extremely common. Combined with PostId join key and optional CreationDate range filter, this composite index enables index-only scans instead of full sequential scans on the votes table (~192k rows, seq scan cost ~4,572).
- Particularly important for medium/complex queries involving 5-7-table joins where reducing votes scan cost has multiplicative benefit.

**3. comments(Score, CreationDate, UserId)**
- Confirmed used by planner as `tmp_idx_comments_2503997b` for queries filtering Score=1 or Score=2 with CreationDate ranges (s34, s49, s50, s107, s108, s116, s131 and others).
- Supplements the existing idx_comments_score_userid by adding CreationDate to enable range pruning when both Score equality and date ranges are applied. The planner chooses this for Score=1+date patterns, delivering targeted index-only scans of ~14,754 rows vs. full comment table scans (~102k rows with filter cost ~2,882).
- Queries like s34 drop from ~149,249 cost to a much more tractable plan.

**4. postHistory(PostHistoryTypeId, CreationDate, UserId)**
- Confirmed used by planner as `tmp_idx_posthistory_84524b61` for queries filtering PostHistoryTypeId with CreationDate ranges and then joining by UserId (s38, s39, s47, s51, s106, s121, s125, s132, s145).
- For PostHistoryTypeId equality + CreationDate range, this enables index-only scans returning ~17,000–27,000 rows vs. bitmap heap scans of ~24,000–70,000 rows from the existing posttypeid-only index.
- The difference is most dramatic for s106 where the planner uses it for a 3-table join (comments+postHistory+votes on UserId) achieving cost ~474,086 vs millions without it.

**5. postLinks(RelatedPostId, LinkTypeId, CreationDate)**
- Confirmed used by planner as `tmp_idx_postlinks_fe583d40` in multiple queries (s26, s40, s41, s53, s54, s58, s59, s60, s61, s62, s63, s68–s73, s137, s139, s140–s143).
- Many complex queries join postLinks on RelatedPostId and filter on LinkTypeId=1 and/or CreationDate. The existing idx_postlinks_relatedpostid covers only the join key. Adding LinkTypeId+CreationDate enables filtering ~10,186 rows (LinkTypeId=1) or narrower with date ranges, vs. the full 11,102-row postlinks table.
- Enables index-only scans for the postLinks portion of complex 6-7 table joins, reducing intermediate result sets significantly.

### Why Other Candidates Were Rejected

- **postHistory(CreationDate, PostId)** and **postHistory(CreationDate, UserId)**: The planner showed minimal improvement (~0-100 cost) because postHistory is already well-covered by PostId and PostHistoryTypeId indexes, and date-range-only filtering still requires reading most of the table.
- **votes(PostId, VoteTypeId)** without CreationDate: Marginally weaker than the 3-column version; the planner consistently preferred the 3-column composite.
- **comments(Score, UserId, CreationDate)** (different column order): Tested and showed planner preferred the (Score, CreationDate, UserId) ordering for date range filtering after score equality.
- **posts(PostTypeId, OwnerUserId, Id)**: The existing idx_posts_posttypeid bitmap index already handles PostTypeId filtering effectively; adding OwnerUserId/Id showed negligible improvement.",111.236,13.62
s87,"[{""table"": ""posts"", ""columns"": [""CreationDate"", ""Id"", ""OwnerUserId""]}, {""table"": ""votes"", ""columns"": [""VoteTypeId"", ""PostId"", ""CreationDate""]}, {""table"": ""comments"", ""columns"": [""Score"", ""CreationDate"", ""UserId""]}, {""table"": ""postHistory"", ""columns"": [""PostHistoryTypeId"", ""CreationDate"", ""UserId""]}, {""table"": ""postLinks"", ""columns"": [""RelatedPostId"", ""LinkTypeId"", ""CreationDate""]}]","## Analysis Summary

After extensive cost estimation across the full 146-query workload, I identified the existing index set and the five additional indexes that deliver the most benefit. The existing schema already has a rich set of indexes (idx_badges_userid, idx_badges_userid_date, idx_comments_userid, idx_comments_score_userid, idx_comments_postid, idx_comments_postid_creationdate, idx_comments_userid_score_creationdate, idx_votes_userid, idx_votes_userid_creationdate, idx_votes_postid_creationdate, idx_posthistory_userid, idx_posthistory_postid, idx_posthistory_postid_creationdate, idx_posthistory_posttypeid, idx_posthistory_posttypeid_userid, idx_posthistory_userid_typeid_creationdate, idx_postlinks_postid, idx_postlinks_relatedpostid, idx_postlinks_postid_linktypeid_creationdate, idx_posts_posttypeid, idx_posts_owneruserid, idx_posts_viewcount, idx_posts_answercount, idx_posts_id_posttype_creationdate, idx_posts_id_owneruserid).

### Recommended New Indexes

**1. posts(CreationDate, Id, OwnerUserId)**
- Confirmed effective by query planner for many queries (s7, s8, s18, s19, s20, s22, s26, s29, s40, s41, s42, s44, s92, s100, s117, s118, s120, s122, s123, s130, s137, s145, s146 and many complex queries).
- The planner uses it as an index-only scan for date-range filtering on posts, then exposes Id for join to postLinks/postHistory/votes and OwnerUserId for join to users/comments. This eliminates large sequential scans on the posts table (2219–2679 cost) reducing them to targeted index-only scans (~2700 rows selected from ~90k).
- Cost improvement observed: from ~11,605 to ~11,441 for s20; similar savings across dozens of queries that filter posts by CreationDate.

**2. votes(VoteTypeId, PostId, CreationDate)**
- Confirmed used by planner as `tmp_idx_votes_0786ecb9` in s129 (cost ~12,767 vs ~13,703 without) and many other queries (s25, s61, s63, s70, s71, s73, s76, s96, s127, s128, s129, s143, s145).
- The VoteTypeId=2 (upvote) filter is extremely common. Combined with PostId join key and optional CreationDate range filter, this composite index enables index-only scans instead of full sequential scans on the votes table (~192k rows, seq scan cost ~4,572).
- Particularly important for medium/complex queries involving 5-7-table joins where reducing votes scan cost has multiplicative benefit.

**3. comments(Score, CreationDate, UserId)**
- Confirmed used by planner as `tmp_idx_comments_2503997b` for queries filtering Score=1 or Score=2 with CreationDate ranges (s34, s49, s50, s107, s108, s116, s131 and others).
- Supplements the existing idx_comments_score_userid by adding CreationDate to enable range pruning when both Score equality and date ranges are applied. The planner chooses this for Score=1+date patterns, delivering targeted index-only scans of ~14,754 rows vs. full comment table scans (~102k rows with filter cost ~2,882).
- Queries like s34 drop from ~149,249 cost to a much more tractable plan.

**4. postHistory(PostHistoryTypeId, CreationDate, UserId)**
- Confirmed used by planner as `tmp_idx_posthistory_84524b61` for queries filtering PostHistoryTypeId with CreationDate ranges and then joining by UserId (s38, s39, s47, s51, s106, s121, s125, s132, s145).
- For PostHistoryTypeId equality + CreationDate range, this enables index-only scans returning ~17,000–27,000 rows vs. bitmap heap scans of ~24,000–70,000 rows from the existing posttypeid-only index.
- The difference is most dramatic for s106 where the planner uses it for a 3-table join (comments+postHistory+votes on UserId) achieving cost ~474,086 vs millions without it.

**5. postLinks(RelatedPostId, LinkTypeId, CreationDate)**
- Confirmed used by planner as `tmp_idx_postlinks_fe583d40` in multiple queries (s26, s40, s41, s53, s54, s58, s59, s60, s61, s62, s63, s68–s73, s137, s139, s140–s143).
- Many complex queries join postLinks on RelatedPostId and filter on LinkTypeId=1 and/or CreationDate. The existing idx_postlinks_relatedpostid covers only the join key. Adding LinkTypeId+CreationDate enables filtering ~10,186 rows (LinkTypeId=1) or narrower with date ranges, vs. the full 11,102-row postlinks table.
- Enables index-only scans for the postLinks portion of complex 6-7 table joins, reducing intermediate result sets significantly.

### Why Other Candidates Were Rejected

- **postHistory(CreationDate, PostId)** and **postHistory(CreationDate, UserId)**: The planner showed minimal improvement (~0-100 cost) because postHistory is already well-covered by PostId and PostHistoryTypeId indexes, and date-range-only filtering still requires reading most of the table.
- **votes(PostId, VoteTypeId)** without CreationDate: Marginally weaker than the 3-column version; the planner consistently preferred the 3-column composite.
- **comments(Score, UserId, CreationDate)** (different column order): Tested and showed planner preferred the (Score, CreationDate, UserId) ordering for date range filtering after score equality.
- **posts(PostTypeId, OwnerUserId, Id)**: The existing idx_posts_posttypeid bitmap index already handles PostTypeId filtering effectively; adding OwnerUserId/Id showed negligible improvement.",89.997,1.13
s88,"[{""table"": ""posts"", ""columns"": [""CreationDate"", ""Id"", ""OwnerUserId""]}, {""table"": ""votes"", ""columns"": [""VoteTypeId"", ""PostId"", ""CreationDate""]}, {""table"": ""comments"", ""columns"": [""Score"", ""CreationDate"", ""UserId""]}, {""table"": ""postHistory"", ""columns"": [""PostHistoryTypeId"", ""CreationDate"", ""UserId""]}, {""table"": ""postLinks"", ""columns"": [""RelatedPostId"", ""LinkTypeId"", ""CreationDate""]}]","## Analysis Summary

After extensive cost estimation across the full 146-query workload, I identified the existing index set and the five additional indexes that deliver the most benefit. The existing schema already has a rich set of indexes (idx_badges_userid, idx_badges_userid_date, idx_comments_userid, idx_comments_score_userid, idx_comments_postid, idx_comments_postid_creationdate, idx_comments_userid_score_creationdate, idx_votes_userid, idx_votes_userid_creationdate, idx_votes_postid_creationdate, idx_posthistory_userid, idx_posthistory_postid, idx_posthistory_postid_creationdate, idx_posthistory_posttypeid, idx_posthistory_posttypeid_userid, idx_posthistory_userid_typeid_creationdate, idx_postlinks_postid, idx_postlinks_relatedpostid, idx_postlinks_postid_linktypeid_creationdate, idx_posts_posttypeid, idx_posts_owneruserid, idx_posts_viewcount, idx_posts_answercount, idx_posts_id_posttype_creationdate, idx_posts_id_owneruserid).

### Recommended New Indexes

**1. posts(CreationDate, Id, OwnerUserId)**
- Confirmed effective by query planner for many queries (s7, s8, s18, s19, s20, s22, s26, s29, s40, s41, s42, s44, s92, s100, s117, s118, s120, s122, s123, s130, s137, s145, s146 and many complex queries).
- The planner uses it as an index-only scan for date-range filtering on posts, then exposes Id for join to postLinks/postHistory/votes and OwnerUserId for join to users/comments. This eliminates large sequential scans on the posts table (2219–2679 cost) reducing them to targeted index-only scans (~2700 rows selected from ~90k).
- Cost improvement observed: from ~11,605 to ~11,441 for s20; similar savings across dozens of queries that filter posts by CreationDate.

**2. votes(VoteTypeId, PostId, CreationDate)**
- Confirmed used by planner as `tmp_idx_votes_0786ecb9` in s129 (cost ~12,767 vs ~13,703 without) and many other queries (s25, s61, s63, s70, s71, s73, s76, s96, s127, s128, s129, s143, s145).
- The VoteTypeId=2 (upvote) filter is extremely common. Combined with PostId join key and optional CreationDate range filter, this composite index enables index-only scans instead of full sequential scans on the votes table (~192k rows, seq scan cost ~4,572).
- Particularly important for medium/complex queries involving 5-7-table joins where reducing votes scan cost has multiplicative benefit.

**3. comments(Score, CreationDate, UserId)**
- Confirmed used by planner as `tmp_idx_comments_2503997b` for queries filtering Score=1 or Score=2 with CreationDate ranges (s34, s49, s50, s107, s108, s116, s131 and others).
- Supplements the existing idx_comments_score_userid by adding CreationDate to enable range pruning when both Score equality and date ranges are applied. The planner chooses this for Score=1+date patterns, delivering targeted index-only scans of ~14,754 rows vs. full comment table scans (~102k rows with filter cost ~2,882).
- Queries like s34 drop from ~149,249 cost to a much more tractable plan.

**4. postHistory(PostHistoryTypeId, CreationDate, UserId)**
- Confirmed used by planner as `tmp_idx_posthistory_84524b61` for queries filtering PostHistoryTypeId with CreationDate ranges and then joining by UserId (s38, s39, s47, s51, s106, s121, s125, s132, s145).
- For PostHistoryTypeId equality + CreationDate range, this enables index-only scans returning ~17,000–27,000 rows vs. bitmap heap scans of ~24,000–70,000 rows from the existing posttypeid-only index.
- The difference is most dramatic for s106 where the planner uses it for a 3-table join (comments+postHistory+votes on UserId) achieving cost ~474,086 vs millions without it.

**5. postLinks(RelatedPostId, LinkTypeId, CreationDate)**
- Confirmed used by planner as `tmp_idx_postlinks_fe583d40` in multiple queries (s26, s40, s41, s53, s54, s58, s59, s60, s61, s62, s63, s68–s73, s137, s139, s140–s143).
- Many complex queries join postLinks on RelatedPostId and filter on LinkTypeId=1 and/or CreationDate. The existing idx_postlinks_relatedpostid covers only the join key. Adding LinkTypeId+CreationDate enables filtering ~10,186 rows (LinkTypeId=1) or narrower with date ranges, vs. the full 11,102-row postlinks table.
- Enables index-only scans for the postLinks portion of complex 6-7 table joins, reducing intermediate result sets significantly.

### Why Other Candidates Were Rejected

- **postHistory(CreationDate, PostId)** and **postHistory(CreationDate, UserId)**: The planner showed minimal improvement (~0-100 cost) because postHistory is already well-covered by PostId and PostHistoryTypeId indexes, and date-range-only filtering still requires reading most of the table.
- **votes(PostId, VoteTypeId)** without CreationDate: Marginally weaker than the 3-column version; the planner consistently preferred the 3-column composite.
- **comments(Score, UserId, CreationDate)** (different column order): Tested and showed planner preferred the (Score, CreationDate, UserId) ordering for date range filtering after score equality.
- **posts(PostTypeId, OwnerUserId, Id)**: The existing idx_posts_posttypeid bitmap index already handles PostTypeId filtering effectively; adding OwnerUserId/Id showed negligible improvement.",595.277,-11.61
s89,"[{""table"": ""posts"", ""columns"": [""CreationDate"", ""Id"", ""OwnerUserId""]}, {""table"": ""votes"", ""columns"": [""VoteTypeId"", ""PostId"", ""CreationDate""]}, {""table"": ""comments"", ""columns"": [""Score"", ""CreationDate"", ""UserId""]}, {""table"": ""postHistory"", ""columns"": [""PostHistoryTypeId"", ""CreationDate"", ""UserId""]}, {""table"": ""postLinks"", ""columns"": [""RelatedPostId"", ""LinkTypeId"", ""CreationDate""]}]","## Analysis Summary

After extensive cost estimation across the full 146-query workload, I identified the existing index set and the five additional indexes that deliver the most benefit. The existing schema already has a rich set of indexes (idx_badges_userid, idx_badges_userid_date, idx_comments_userid, idx_comments_score_userid, idx_comments_postid, idx_comments_postid_creationdate, idx_comments_userid_score_creationdate, idx_votes_userid, idx_votes_userid_creationdate, idx_votes_postid_creationdate, idx_posthistory_userid, idx_posthistory_postid, idx_posthistory_postid_creationdate, idx_posthistory_posttypeid, idx_posthistory_posttypeid_userid, idx_posthistory_userid_typeid_creationdate, idx_postlinks_postid, idx_postlinks_relatedpostid, idx_postlinks_postid_linktypeid_creationdate, idx_posts_posttypeid, idx_posts_owneruserid, idx_posts_viewcount, idx_posts_answercount, idx_posts_id_posttype_creationdate, idx_posts_id_owneruserid).

### Recommended New Indexes

**1. posts(CreationDate, Id, OwnerUserId)**
- Confirmed effective by query planner for many queries (s7, s8, s18, s19, s20, s22, s26, s29, s40, s41, s42, s44, s92, s100, s117, s118, s120, s122, s123, s130, s137, s145, s146 and many complex queries).
- The planner uses it as an index-only scan for date-range filtering on posts, then exposes Id for join to postLinks/postHistory/votes and OwnerUserId for join to users/comments. This eliminates large sequential scans on the posts table (2219–2679 cost) reducing them to targeted index-only scans (~2700 rows selected from ~90k).
- Cost improvement observed: from ~11,605 to ~11,441 for s20; similar savings across dozens of queries that filter posts by CreationDate.

**2. votes(VoteTypeId, PostId, CreationDate)**
- Confirmed used by planner as `tmp_idx_votes_0786ecb9` in s129 (cost ~12,767 vs ~13,703 without) and many other queries (s25, s61, s63, s70, s71, s73, s76, s96, s127, s128, s129, s143, s145).
- The VoteTypeId=2 (upvote) filter is extremely common. Combined with PostId join key and optional CreationDate range filter, this composite index enables index-only scans instead of full sequential scans on the votes table (~192k rows, seq scan cost ~4,572).
- Particularly important for medium/complex queries involving 5-7-table joins where reducing votes scan cost has multiplicative benefit.

**3. comments(Score, CreationDate, UserId)**
- Confirmed used by planner as `tmp_idx_comments_2503997b` for queries filtering Score=1 or Score=2 with CreationDate ranges (s34, s49, s50, s107, s108, s116, s131 and others).
- Supplements the existing idx_comments_score_userid by adding CreationDate to enable range pruning when both Score equality and date ranges are applied. The planner chooses this for Score=1+date patterns, delivering targeted index-only scans of ~14,754 rows vs. full comment table scans (~102k rows with filter cost ~2,882).
- Queries like s34 drop from ~149,249 cost to a much more tractable plan.

**4. postHistory(PostHistoryTypeId, CreationDate, UserId)**
- Confirmed used by planner as `tmp_idx_posthistory_84524b61` for queries filtering PostHistoryTypeId with CreationDate ranges and then joining by UserId (s38, s39, s47, s51, s106, s121, s125, s132, s145).
- For PostHistoryTypeId equality + CreationDate range, this enables index-only scans returning ~17,000–27,000 rows vs. bitmap heap scans of ~24,000–70,000 rows from the existing posttypeid-only index.
- The difference is most dramatic for s106 where the planner uses it for a 3-table join (comments+postHistory+votes on UserId) achieving cost ~474,086 vs millions without it.

**5. postLinks(RelatedPostId, LinkTypeId, CreationDate)**
- Confirmed used by planner as `tmp_idx_postlinks_fe583d40` in multiple queries (s26, s40, s41, s53, s54, s58, s59, s60, s61, s62, s63, s68–s73, s137, s139, s140–s143).
- Many complex queries join postLinks on RelatedPostId and filter on LinkTypeId=1 and/or CreationDate. The existing idx_postlinks_relatedpostid covers only the join key. Adding LinkTypeId+CreationDate enables filtering ~10,186 rows (LinkTypeId=1) or narrower with date ranges, vs. the full 11,102-row postlinks table.
- Enables index-only scans for the postLinks portion of complex 6-7 table joins, reducing intermediate result sets significantly.

### Why Other Candidates Were Rejected

- **postHistory(CreationDate, PostId)** and **postHistory(CreationDate, UserId)**: The planner showed minimal improvement (~0-100 cost) because postHistory is already well-covered by PostId and PostHistoryTypeId indexes, and date-range-only filtering still requires reading most of the table.
- **votes(PostId, VoteTypeId)** without CreationDate: Marginally weaker than the 3-column version; the planner consistently preferred the 3-column composite.
- **comments(Score, UserId, CreationDate)** (different column order): Tested and showed planner preferred the (Score, CreationDate, UserId) ordering for date range filtering after score equality.
- **posts(PostTypeId, OwnerUserId, Id)**: The existing idx_posts_posttypeid bitmap index already handles PostTypeId filtering effectively; adding OwnerUserId/Id showed negligible improvement.",225.496,1.45
s90,"[{""table"": ""posts"", ""columns"": [""CreationDate"", ""Id"", ""OwnerUserId""]}, {""table"": ""votes"", ""columns"": [""VoteTypeId"", ""PostId"", ""CreationDate""]}, {""table"": ""comments"", ""columns"": [""Score"", ""CreationDate"", ""UserId""]}, {""table"": ""postHistory"", ""columns"": [""PostHistoryTypeId"", ""CreationDate"", ""UserId""]}, {""table"": ""postLinks"", ""columns"": [""RelatedPostId"", ""LinkTypeId"", ""CreationDate""]}]","## Analysis Summary

After extensive cost estimation across the full 146-query workload, I identified the existing index set and the five additional indexes that deliver the most benefit. The existing schema already has a rich set of indexes (idx_badges_userid, idx_badges_userid_date, idx_comments_userid, idx_comments_score_userid, idx_comments_postid, idx_comments_postid_creationdate, idx_comments_userid_score_creationdate, idx_votes_userid, idx_votes_userid_creationdate, idx_votes_postid_creationdate, idx_posthistory_userid, idx_posthistory_postid, idx_posthistory_postid_creationdate, idx_posthistory_posttypeid, idx_posthistory_posttypeid_userid, idx_posthistory_userid_typeid_creationdate, idx_postlinks_postid, idx_postlinks_relatedpostid, idx_postlinks_postid_linktypeid_creationdate, idx_posts_posttypeid, idx_posts_owneruserid, idx_posts_viewcount, idx_posts_answercount, idx_posts_id_posttype_creationdate, idx_posts_id_owneruserid).

### Recommended New Indexes

**1. posts(CreationDate, Id, OwnerUserId)**
- Confirmed effective by query planner for many queries (s7, s8, s18, s19, s20, s22, s26, s29, s40, s41, s42, s44, s92, s100, s117, s118, s120, s122, s123, s130, s137, s145, s146 and many complex queries).
- The planner uses it as an index-only scan for date-range filtering on posts, then exposes Id for join to postLinks/postHistory/votes and OwnerUserId for join to users/comments. This eliminates large sequential scans on the posts table (2219–2679 cost) reducing them to targeted index-only scans (~2700 rows selected from ~90k).
- Cost improvement observed: from ~11,605 to ~11,441 for s20; similar savings across dozens of queries that filter posts by CreationDate.

**2. votes(VoteTypeId, PostId, CreationDate)**
- Confirmed used by planner as `tmp_idx_votes_0786ecb9` in s129 (cost ~12,767 vs ~13,703 without) and many other queries (s25, s61, s63, s70, s71, s73, s76, s96, s127, s128, s129, s143, s145).
- The VoteTypeId=2 (upvote) filter is extremely common. Combined with PostId join key and optional CreationDate range filter, this composite index enables index-only scans instead of full sequential scans on the votes table (~192k rows, seq scan cost ~4,572).
- Particularly important for medium/complex queries involving 5-7-table joins where reducing votes scan cost has multiplicative benefit.

**3. comments(Score, CreationDate, UserId)**
- Confirmed used by planner as `tmp_idx_comments_2503997b` for queries filtering Score=1 or Score=2 with CreationDate ranges (s34, s49, s50, s107, s108, s116, s131 and others).
- Supplements the existing idx_comments_score_userid by adding CreationDate to enable range pruning when both Score equality and date ranges are applied. The planner chooses this for Score=1+date patterns, delivering targeted index-only scans of ~14,754 rows vs. full comment table scans (~102k rows with filter cost ~2,882).
- Queries like s34 drop from ~149,249 cost to a much more tractable plan.

**4. postHistory(PostHistoryTypeId, CreationDate, UserId)**
- Confirmed used by planner as `tmp_idx_posthistory_84524b61` for queries filtering PostHistoryTypeId with CreationDate ranges and then joining by UserId (s38, s39, s47, s51, s106, s121, s125, s132, s145).
- For PostHistoryTypeId equality + CreationDate range, this enables index-only scans returning ~17,000–27,000 rows vs. bitmap heap scans of ~24,000–70,000 rows from the existing posttypeid-only index.
- The difference is most dramatic for s106 where the planner uses it for a 3-table join (comments+postHistory+votes on UserId) achieving cost ~474,086 vs millions without it.

**5. postLinks(RelatedPostId, LinkTypeId, CreationDate)**
- Confirmed used by planner as `tmp_idx_postlinks_fe583d40` in multiple queries (s26, s40, s41, s53, s54, s58, s59, s60, s61, s62, s63, s68–s73, s137, s139, s140–s143).
- Many complex queries join postLinks on RelatedPostId and filter on LinkTypeId=1 and/or CreationDate. The existing idx_postlinks_relatedpostid covers only the join key. Adding LinkTypeId+CreationDate enables filtering ~10,186 rows (LinkTypeId=1) or narrower with date ranges, vs. the full 11,102-row postlinks table.
- Enables index-only scans for the postLinks portion of complex 6-7 table joins, reducing intermediate result sets significantly.

### Why Other Candidates Were Rejected

- **postHistory(CreationDate, PostId)** and **postHistory(CreationDate, UserId)**: The planner showed minimal improvement (~0-100 cost) because postHistory is already well-covered by PostId and PostHistoryTypeId indexes, and date-range-only filtering still requires reading most of the table.
- **votes(PostId, VoteTypeId)** without CreationDate: Marginally weaker than the 3-column version; the planner consistently preferred the 3-column composite.
- **comments(Score, UserId, CreationDate)** (different column order): Tested and showed planner preferred the (Score, CreationDate, UserId) ordering for date range filtering after score equality.
- **posts(PostTypeId, OwnerUserId, Id)**: The existing idx_posts_posttypeid bitmap index already handles PostTypeId filtering effectively; adding OwnerUserId/Id showed negligible improvement.",145.349,2.59
s91,"[{""table"": ""posts"", ""columns"": [""CreationDate"", ""Id"", ""OwnerUserId""]}, {""table"": ""votes"", ""columns"": [""VoteTypeId"", ""PostId"", ""CreationDate""]}, {""table"": ""comments"", ""columns"": [""Score"", ""CreationDate"", ""UserId""]}, {""table"": ""postHistory"", ""columns"": [""PostHistoryTypeId"", ""CreationDate"", ""UserId""]}, {""table"": ""postLinks"", ""columns"": [""RelatedPostId"", ""LinkTypeId"", ""CreationDate""]}]","## Analysis Summary

After extensive cost estimation across the full 146-query workload, I identified the existing index set and the five additional indexes that deliver the most benefit. The existing schema already has a rich set of indexes (idx_badges_userid, idx_badges_userid_date, idx_comments_userid, idx_comments_score_userid, idx_comments_postid, idx_comments_postid_creationdate, idx_comments_userid_score_creationdate, idx_votes_userid, idx_votes_userid_creationdate, idx_votes_postid_creationdate, idx_posthistory_userid, idx_posthistory_postid, idx_posthistory_postid_creationdate, idx_posthistory_posttypeid, idx_posthistory_posttypeid_userid, idx_posthistory_userid_typeid_creationdate, idx_postlinks_postid, idx_postlinks_relatedpostid, idx_postlinks_postid_linktypeid_creationdate, idx_posts_posttypeid, idx_posts_owneruserid, idx_posts_viewcount, idx_posts_answercount, idx_posts_id_posttype_creationdate, idx_posts_id_owneruserid).

### Recommended New Indexes

**1. posts(CreationDate, Id, OwnerUserId)**
- Confirmed effective by query planner for many queries (s7, s8, s18, s19, s20, s22, s26, s29, s40, s41, s42, s44, s92, s100, s117, s118, s120, s122, s123, s130, s137, s145, s146 and many complex queries).
- The planner uses it as an index-only scan for date-range filtering on posts, then exposes Id for join to postLinks/postHistory/votes and OwnerUserId for join to users/comments. This eliminates large sequential scans on the posts table (2219–2679 cost) reducing them to targeted index-only scans (~2700 rows selected from ~90k).
- Cost improvement observed: from ~11,605 to ~11,441 for s20; similar savings across dozens of queries that filter posts by CreationDate.

**2. votes(VoteTypeId, PostId, CreationDate)**
- Confirmed used by planner as `tmp_idx_votes_0786ecb9` in s129 (cost ~12,767 vs ~13,703 without) and many other queries (s25, s61, s63, s70, s71, s73, s76, s96, s127, s128, s129, s143, s145).
- The VoteTypeId=2 (upvote) filter is extremely common. Combined with PostId join key and optional CreationDate range filter, this composite index enables index-only scans instead of full sequential scans on the votes table (~192k rows, seq scan cost ~4,572).
- Particularly important for medium/complex queries involving 5-7-table joins where reducing votes scan cost has multiplicative benefit.

**3. comments(Score, CreationDate, UserId)**
- Confirmed used by planner as `tmp_idx_comments_2503997b` for queries filtering Score=1 or Score=2 with CreationDate ranges (s34, s49, s50, s107, s108, s116, s131 and others).
- Supplements the existing idx_comments_score_userid by adding CreationDate to enable range pruning when both Score equality and date ranges are applied. The planner chooses this for Score=1+date patterns, delivering targeted index-only scans of ~14,754 rows vs. full comment table scans (~102k rows with filter cost ~2,882).
- Queries like s34 drop from ~149,249 cost to a much more tractable plan.

**4. postHistory(PostHistoryTypeId, CreationDate, UserId)**
- Confirmed used by planner as `tmp_idx_posthistory_84524b61` for queries filtering PostHistoryTypeId with CreationDate ranges and then joining by UserId (s38, s39, s47, s51, s106, s121, s125, s132, s145).
- For PostHistoryTypeId equality + CreationDate range, this enables index-only scans returning ~17,000–27,000 rows vs. bitmap heap scans of ~24,000–70,000 rows from the existing posttypeid-only index.
- The difference is most dramatic for s106 where the planner uses it for a 3-table join (comments+postHistory+votes on UserId) achieving cost ~474,086 vs millions without it.

**5. postLinks(RelatedPostId, LinkTypeId, CreationDate)**
- Confirmed used by planner as `tmp_idx_postlinks_fe583d40` in multiple queries (s26, s40, s41, s53, s54, s58, s59, s60, s61, s62, s63, s68–s73, s137, s139, s140–s143).
- Many complex queries join postLinks on RelatedPostId and filter on LinkTypeId=1 and/or CreationDate. The existing idx_postlinks_relatedpostid covers only the join key. Adding LinkTypeId+CreationDate enables filtering ~10,186 rows (LinkTypeId=1) or narrower with date ranges, vs. the full 11,102-row postlinks table.
- Enables index-only scans for the postLinks portion of complex 6-7 table joins, reducing intermediate result sets significantly.

### Why Other Candidates Were Rejected

- **postHistory(CreationDate, PostId)** and **postHistory(CreationDate, UserId)**: The planner showed minimal improvement (~0-100 cost) because postHistory is already well-covered by PostId and PostHistoryTypeId indexes, and date-range-only filtering still requires reading most of the table.
- **votes(PostId, VoteTypeId)** without CreationDate: Marginally weaker than the 3-column version; the planner consistently preferred the 3-column composite.
- **comments(Score, UserId, CreationDate)** (different column order): Tested and showed planner preferred the (Score, CreationDate, UserId) ordering for date range filtering after score equality.
- **posts(PostTypeId, OwnerUserId, Id)**: The existing idx_posts_posttypeid bitmap index already handles PostTypeId filtering effectively; adding OwnerUserId/Id showed negligible improvement.",525.631,3.05
s92,"[{""table"": ""posts"", ""columns"": [""CreationDate"", ""Id"", ""OwnerUserId""]}, {""table"": ""votes"", ""columns"": [""VoteTypeId"", ""PostId"", ""CreationDate""]}, {""table"": ""comments"", ""columns"": [""Score"", ""CreationDate"", ""UserId""]}, {""table"": ""postHistory"", ""columns"": [""PostHistoryTypeId"", ""CreationDate"", ""UserId""]}, {""table"": ""postLinks"", ""columns"": [""RelatedPostId"", ""LinkTypeId"", ""CreationDate""]}]","## Analysis Summary

After extensive cost estimation across the full 146-query workload, I identified the existing index set and the five additional indexes that deliver the most benefit. The existing schema already has a rich set of indexes (idx_badges_userid, idx_badges_userid_date, idx_comments_userid, idx_comments_score_userid, idx_comments_postid, idx_comments_postid_creationdate, idx_comments_userid_score_creationdate, idx_votes_userid, idx_votes_userid_creationdate, idx_votes_postid_creationdate, idx_posthistory_userid, idx_posthistory_postid, idx_posthistory_postid_creationdate, idx_posthistory_posttypeid, idx_posthistory_posttypeid_userid, idx_posthistory_userid_typeid_creationdate, idx_postlinks_postid, idx_postlinks_relatedpostid, idx_postlinks_postid_linktypeid_creationdate, idx_posts_posttypeid, idx_posts_owneruserid, idx_posts_viewcount, idx_posts_answercount, idx_posts_id_posttype_creationdate, idx_posts_id_owneruserid).

### Recommended New Indexes

**1. posts(CreationDate, Id, OwnerUserId)**
- Confirmed effective by query planner for many queries (s7, s8, s18, s19, s20, s22, s26, s29, s40, s41, s42, s44, s92, s100, s117, s118, s120, s122, s123, s130, s137, s145, s146 and many complex queries).
- The planner uses it as an index-only scan for date-range filtering on posts, then exposes Id for join to postLinks/postHistory/votes and OwnerUserId for join to users/comments. This eliminates large sequential scans on the posts table (2219–2679 cost) reducing them to targeted index-only scans (~2700 rows selected from ~90k).
- Cost improvement observed: from ~11,605 to ~11,441 for s20; similar savings across dozens of queries that filter posts by CreationDate.

**2. votes(VoteTypeId, PostId, CreationDate)**
- Confirmed used by planner as `tmp_idx_votes_0786ecb9` in s129 (cost ~12,767 vs ~13,703 without) and many other queries (s25, s61, s63, s70, s71, s73, s76, s96, s127, s128, s129, s143, s145).
- The VoteTypeId=2 (upvote) filter is extremely common. Combined with PostId join key and optional CreationDate range filter, this composite index enables index-only scans instead of full sequential scans on the votes table (~192k rows, seq scan cost ~4,572).
- Particularly important for medium/complex queries involving 5-7-table joins where reducing votes scan cost has multiplicative benefit.

**3. comments(Score, CreationDate, UserId)**
- Confirmed used by planner as `tmp_idx_comments_2503997b` for queries filtering Score=1 or Score=2 with CreationDate ranges (s34, s49, s50, s107, s108, s116, s131 and others).
- Supplements the existing idx_comments_score_userid by adding CreationDate to enable range pruning when both Score equality and date ranges are applied. The planner chooses this for Score=1+date patterns, delivering targeted index-only scans of ~14,754 rows vs. full comment table scans (~102k rows with filter cost ~2,882).
- Queries like s34 drop from ~149,249 cost to a much more tractable plan.

**4. postHistory(PostHistoryTypeId, CreationDate, UserId)**
- Confirmed used by planner as `tmp_idx_posthistory_84524b61` for queries filtering PostHistoryTypeId with CreationDate ranges and then joining by UserId (s38, s39, s47, s51, s106, s121, s125, s132, s145).
- For PostHistoryTypeId equality + CreationDate range, this enables index-only scans returning ~17,000–27,000 rows vs. bitmap heap scans of ~24,000–70,000 rows from the existing posttypeid-only index.
- The difference is most dramatic for s106 where the planner uses it for a 3-table join (comments+postHistory+votes on UserId) achieving cost ~474,086 vs millions without it.

**5. postLinks(RelatedPostId, LinkTypeId, CreationDate)**
- Confirmed used by planner as `tmp_idx_postlinks_fe583d40` in multiple queries (s26, s40, s41, s53, s54, s58, s59, s60, s61, s62, s63, s68–s73, s137, s139, s140–s143).
- Many complex queries join postLinks on RelatedPostId and filter on LinkTypeId=1 and/or CreationDate. The existing idx_postlinks_relatedpostid covers only the join key. Adding LinkTypeId+CreationDate enables filtering ~10,186 rows (LinkTypeId=1) or narrower with date ranges, vs. the full 11,102-row postlinks table.
- Enables index-only scans for the postLinks portion of complex 6-7 table joins, reducing intermediate result sets significantly.

### Why Other Candidates Were Rejected

- **postHistory(CreationDate, PostId)** and **postHistory(CreationDate, UserId)**: The planner showed minimal improvement (~0-100 cost) because postHistory is already well-covered by PostId and PostHistoryTypeId indexes, and date-range-only filtering still requires reading most of the table.
- **votes(PostId, VoteTypeId)** without CreationDate: Marginally weaker than the 3-column version; the planner consistently preferred the 3-column composite.
- **comments(Score, UserId, CreationDate)** (different column order): Tested and showed planner preferred the (Score, CreationDate, UserId) ordering for date range filtering after score equality.
- **posts(PostTypeId, OwnerUserId, Id)**: The existing idx_posts_posttypeid bitmap index already handles PostTypeId filtering effectively; adding OwnerUserId/Id showed negligible improvement.",70.953,8.5
s93,"[{""table"": ""posts"", ""columns"": [""CreationDate"", ""Id"", ""OwnerUserId""]}, {""table"": ""votes"", ""columns"": [""VoteTypeId"", ""PostId"", ""CreationDate""]}, {""table"": ""comments"", ""columns"": [""Score"", ""CreationDate"", ""UserId""]}, {""table"": ""postHistory"", ""columns"": [""PostHistoryTypeId"", ""CreationDate"", ""UserId""]}, {""table"": ""postLinks"", ""columns"": [""RelatedPostId"", ""LinkTypeId"", ""CreationDate""]}]","## Analysis Summary

After extensive cost estimation across the full 146-query workload, I identified the existing index set and the five additional indexes that deliver the most benefit. The existing schema already has a rich set of indexes (idx_badges_userid, idx_badges_userid_date, idx_comments_userid, idx_comments_score_userid, idx_comments_postid, idx_comments_postid_creationdate, idx_comments_userid_score_creationdate, idx_votes_userid, idx_votes_userid_creationdate, idx_votes_postid_creationdate, idx_posthistory_userid, idx_posthistory_postid, idx_posthistory_postid_creationdate, idx_posthistory_posttypeid, idx_posthistory_posttypeid_userid, idx_posthistory_userid_typeid_creationdate, idx_postlinks_postid, idx_postlinks_relatedpostid, idx_postlinks_postid_linktypeid_creationdate, idx_posts_posttypeid, idx_posts_owneruserid, idx_posts_viewcount, idx_posts_answercount, idx_posts_id_posttype_creationdate, idx_posts_id_owneruserid).

### Recommended New Indexes

**1. posts(CreationDate, Id, OwnerUserId)**
- Confirmed effective by query planner for many queries (s7, s8, s18, s19, s20, s22, s26, s29, s40, s41, s42, s44, s92, s100, s117, s118, s120, s122, s123, s130, s137, s145, s146 and many complex queries).
- The planner uses it as an index-only scan for date-range filtering on posts, then exposes Id for join to postLinks/postHistory/votes and OwnerUserId for join to users/comments. This eliminates large sequential scans on the posts table (2219–2679 cost) reducing them to targeted index-only scans (~2700 rows selected from ~90k).
- Cost improvement observed: from ~11,605 to ~11,441 for s20; similar savings across dozens of queries that filter posts by CreationDate.

**2. votes(VoteTypeId, PostId, CreationDate)**
- Confirmed used by planner as `tmp_idx_votes_0786ecb9` in s129 (cost ~12,767 vs ~13,703 without) and many other queries (s25, s61, s63, s70, s71, s73, s76, s96, s127, s128, s129, s143, s145).
- The VoteTypeId=2 (upvote) filter is extremely common. Combined with PostId join key and optional CreationDate range filter, this composite index enables index-only scans instead of full sequential scans on the votes table (~192k rows, seq scan cost ~4,572).
- Particularly important for medium/complex queries involving 5-7-table joins where reducing votes scan cost has multiplicative benefit.

**3. comments(Score, CreationDate, UserId)**
- Confirmed used by planner as `tmp_idx_comments_2503997b` for queries filtering Score=1 or Score=2 with CreationDate ranges (s34, s49, s50, s107, s108, s116, s131 and others).
- Supplements the existing idx_comments_score_userid by adding CreationDate to enable range pruning when both Score equality and date ranges are applied. The planner chooses this for Score=1+date patterns, delivering targeted index-only scans of ~14,754 rows vs. full comment table scans (~102k rows with filter cost ~2,882).
- Queries like s34 drop from ~149,249 cost to a much more tractable plan.

**4. postHistory(PostHistoryTypeId, CreationDate, UserId)**
- Confirmed used by planner as `tmp_idx_posthistory_84524b61` for queries filtering PostHistoryTypeId with CreationDate ranges and then joining by UserId (s38, s39, s47, s51, s106, s121, s125, s132, s145).
- For PostHistoryTypeId equality + CreationDate range, this enables index-only scans returning ~17,000–27,000 rows vs. bitmap heap scans of ~24,000–70,000 rows from the existing posttypeid-only index.
- The difference is most dramatic for s106 where the planner uses it for a 3-table join (comments+postHistory+votes on UserId) achieving cost ~474,086 vs millions without it.

**5. postLinks(RelatedPostId, LinkTypeId, CreationDate)**
- Confirmed used by planner as `tmp_idx_postlinks_fe583d40` in multiple queries (s26, s40, s41, s53, s54, s58, s59, s60, s61, s62, s63, s68–s73, s137, s139, s140–s143).
- Many complex queries join postLinks on RelatedPostId and filter on LinkTypeId=1 and/or CreationDate. The existing idx_postlinks_relatedpostid covers only the join key. Adding LinkTypeId+CreationDate enables filtering ~10,186 rows (LinkTypeId=1) or narrower with date ranges, vs. the full 11,102-row postlinks table.
- Enables index-only scans for the postLinks portion of complex 6-7 table joins, reducing intermediate result sets significantly.

### Why Other Candidates Were Rejected

- **postHistory(CreationDate, PostId)** and **postHistory(CreationDate, UserId)**: The planner showed minimal improvement (~0-100 cost) because postHistory is already well-covered by PostId and PostHistoryTypeId indexes, and date-range-only filtering still requires reading most of the table.
- **votes(PostId, VoteTypeId)** without CreationDate: Marginally weaker than the 3-column version; the planner consistently preferred the 3-column composite.
- **comments(Score, UserId, CreationDate)** (different column order): Tested and showed planner preferred the (Score, CreationDate, UserId) ordering for date range filtering after score equality.
- **posts(PostTypeId, OwnerUserId, Id)**: The existing idx_posts_posttypeid bitmap index already handles PostTypeId filtering effectively; adding OwnerUserId/Id showed negligible improvement.",162.708,-6.39
s94,"[{""table"": ""posts"", ""columns"": [""CreationDate"", ""Id"", ""OwnerUserId""]}, {""table"": ""votes"", ""columns"": [""VoteTypeId"", ""PostId"", ""CreationDate""]}, {""table"": ""comments"", ""columns"": [""Score"", ""CreationDate"", ""UserId""]}, {""table"": ""postHistory"", ""columns"": [""PostHistoryTypeId"", ""CreationDate"", ""UserId""]}, {""table"": ""postLinks"", ""columns"": [""RelatedPostId"", ""LinkTypeId"", ""CreationDate""]}]","## Analysis Summary

After extensive cost estimation across the full 146-query workload, I identified the existing index set and the five additional indexes that deliver the most benefit. The existing schema already has a rich set of indexes (idx_badges_userid, idx_badges_userid_date, idx_comments_userid, idx_comments_score_userid, idx_comments_postid, idx_comments_postid_creationdate, idx_comments_userid_score_creationdate, idx_votes_userid, idx_votes_userid_creationdate, idx_votes_postid_creationdate, idx_posthistory_userid, idx_posthistory_postid, idx_posthistory_postid_creationdate, idx_posthistory_posttypeid, idx_posthistory_posttypeid_userid, idx_posthistory_userid_typeid_creationdate, idx_postlinks_postid, idx_postlinks_relatedpostid, idx_postlinks_postid_linktypeid_creationdate, idx_posts_posttypeid, idx_posts_owneruserid, idx_posts_viewcount, idx_posts_answercount, idx_posts_id_posttype_creationdate, idx_posts_id_owneruserid).

### Recommended New Indexes

**1. posts(CreationDate, Id, OwnerUserId)**
- Confirmed effective by query planner for many queries (s7, s8, s18, s19, s20, s22, s26, s29, s40, s41, s42, s44, s92, s100, s117, s118, s120, s122, s123, s130, s137, s145, s146 and many complex queries).
- The planner uses it as an index-only scan for date-range filtering on posts, then exposes Id for join to postLinks/postHistory/votes and OwnerUserId for join to users/comments. This eliminates large sequential scans on the posts table (2219–2679 cost) reducing them to targeted index-only scans (~2700 rows selected from ~90k).
- Cost improvement observed: from ~11,605 to ~11,441 for s20; similar savings across dozens of queries that filter posts by CreationDate.

**2. votes(VoteTypeId, PostId, CreationDate)**
- Confirmed used by planner as `tmp_idx_votes_0786ecb9` in s129 (cost ~12,767 vs ~13,703 without) and many other queries (s25, s61, s63, s70, s71, s73, s76, s96, s127, s128, s129, s143, s145).
- The VoteTypeId=2 (upvote) filter is extremely common. Combined with PostId join key and optional CreationDate range filter, this composite index enables index-only scans instead of full sequential scans on the votes table (~192k rows, seq scan cost ~4,572).
- Particularly important for medium/complex queries involving 5-7-table joins where reducing votes scan cost has multiplicative benefit.

**3. comments(Score, CreationDate, UserId)**
- Confirmed used by planner as `tmp_idx_comments_2503997b` for queries filtering Score=1 or Score=2 with CreationDate ranges (s34, s49, s50, s107, s108, s116, s131 and others).
- Supplements the existing idx_comments_score_userid by adding CreationDate to enable range pruning when both Score equality and date ranges are applied. The planner chooses this for Score=1+date patterns, delivering targeted index-only scans of ~14,754 rows vs. full comment table scans (~102k rows with filter cost ~2,882).
- Queries like s34 drop from ~149,249 cost to a much more tractable plan.

**4. postHistory(PostHistoryTypeId, CreationDate, UserId)**
- Confirmed used by planner as `tmp_idx_posthistory_84524b61` for queries filtering PostHistoryTypeId with CreationDate ranges and then joining by UserId (s38, s39, s47, s51, s106, s121, s125, s132, s145).
- For PostHistoryTypeId equality + CreationDate range, this enables index-only scans returning ~17,000–27,000 rows vs. bitmap heap scans of ~24,000–70,000 rows from the existing posttypeid-only index.
- The difference is most dramatic for s106 where the planner uses it for a 3-table join (comments+postHistory+votes on UserId) achieving cost ~474,086 vs millions without it.

**5. postLinks(RelatedPostId, LinkTypeId, CreationDate)**
- Confirmed used by planner as `tmp_idx_postlinks_fe583d40` in multiple queries (s26, s40, s41, s53, s54, s58, s59, s60, s61, s62, s63, s68–s73, s137, s139, s140–s143).
- Many complex queries join postLinks on RelatedPostId and filter on LinkTypeId=1 and/or CreationDate. The existing idx_postlinks_relatedpostid covers only the join key. Adding LinkTypeId+CreationDate enables filtering ~10,186 rows (LinkTypeId=1) or narrower with date ranges, vs. the full 11,102-row postlinks table.
- Enables index-only scans for the postLinks portion of complex 6-7 table joins, reducing intermediate result sets significantly.

### Why Other Candidates Were Rejected

- **postHistory(CreationDate, PostId)** and **postHistory(CreationDate, UserId)**: The planner showed minimal improvement (~0-100 cost) because postHistory is already well-covered by PostId and PostHistoryTypeId indexes, and date-range-only filtering still requires reading most of the table.
- **votes(PostId, VoteTypeId)** without CreationDate: Marginally weaker than the 3-column version; the planner consistently preferred the 3-column composite.
- **comments(Score, UserId, CreationDate)** (different column order): Tested and showed planner preferred the (Score, CreationDate, UserId) ordering for date range filtering after score equality.
- **posts(PostTypeId, OwnerUserId, Id)**: The existing idx_posts_posttypeid bitmap index already handles PostTypeId filtering effectively; adding OwnerUserId/Id showed negligible improvement.",115.566,-1.4
s95,"[{""table"": ""posts"", ""columns"": [""CreationDate"", ""Id"", ""OwnerUserId""]}, {""table"": ""votes"", ""columns"": [""VoteTypeId"", ""PostId"", ""CreationDate""]}, {""table"": ""comments"", ""columns"": [""Score"", ""CreationDate"", ""UserId""]}, {""table"": ""postHistory"", ""columns"": [""PostHistoryTypeId"", ""CreationDate"", ""UserId""]}, {""table"": ""postLinks"", ""columns"": [""RelatedPostId"", ""LinkTypeId"", ""CreationDate""]}]","## Analysis Summary

After extensive cost estimation across the full 146-query workload, I identified the existing index set and the five additional indexes that deliver the most benefit. The existing schema already has a rich set of indexes (idx_badges_userid, idx_badges_userid_date, idx_comments_userid, idx_comments_score_userid, idx_comments_postid, idx_comments_postid_creationdate, idx_comments_userid_score_creationdate, idx_votes_userid, idx_votes_userid_creationdate, idx_votes_postid_creationdate, idx_posthistory_userid, idx_posthistory_postid, idx_posthistory_postid_creationdate, idx_posthistory_posttypeid, idx_posthistory_posttypeid_userid, idx_posthistory_userid_typeid_creationdate, idx_postlinks_postid, idx_postlinks_relatedpostid, idx_postlinks_postid_linktypeid_creationdate, idx_posts_posttypeid, idx_posts_owneruserid, idx_posts_viewcount, idx_posts_answercount, idx_posts_id_posttype_creationdate, idx_posts_id_owneruserid).

### Recommended New Indexes

**1. posts(CreationDate, Id, OwnerUserId)**
- Confirmed effective by query planner for many queries (s7, s8, s18, s19, s20, s22, s26, s29, s40, s41, s42, s44, s92, s100, s117, s118, s120, s122, s123, s130, s137, s145, s146 and many complex queries).
- The planner uses it as an index-only scan for date-range filtering on posts, then exposes Id for join to postLinks/postHistory/votes and OwnerUserId for join to users/comments. This eliminates large sequential scans on the posts table (2219–2679 cost) reducing them to targeted index-only scans (~2700 rows selected from ~90k).
- Cost improvement observed: from ~11,605 to ~11,441 for s20; similar savings across dozens of queries that filter posts by CreationDate.

**2. votes(VoteTypeId, PostId, CreationDate)**
- Confirmed used by planner as `tmp_idx_votes_0786ecb9` in s129 (cost ~12,767 vs ~13,703 without) and many other queries (s25, s61, s63, s70, s71, s73, s76, s96, s127, s128, s129, s143, s145).
- The VoteTypeId=2 (upvote) filter is extremely common. Combined with PostId join key and optional CreationDate range filter, this composite index enables index-only scans instead of full sequential scans on the votes table (~192k rows, seq scan cost ~4,572).
- Particularly important for medium/complex queries involving 5-7-table joins where reducing votes scan cost has multiplicative benefit.

**3. comments(Score, CreationDate, UserId)**
- Confirmed used by planner as `tmp_idx_comments_2503997b` for queries filtering Score=1 or Score=2 with CreationDate ranges (s34, s49, s50, s107, s108, s116, s131 and others).
- Supplements the existing idx_comments_score_userid by adding CreationDate to enable range pruning when both Score equality and date ranges are applied. The planner chooses this for Score=1+date patterns, delivering targeted index-only scans of ~14,754 rows vs. full comment table scans (~102k rows with filter cost ~2,882).
- Queries like s34 drop from ~149,249 cost to a much more tractable plan.

**4. postHistory(PostHistoryTypeId, CreationDate, UserId)**
- Confirmed used by planner as `tmp_idx_posthistory_84524b61` for queries filtering PostHistoryTypeId with CreationDate ranges and then joining by UserId (s38, s39, s47, s51, s106, s121, s125, s132, s145).
- For PostHistoryTypeId equality + CreationDate range, this enables index-only scans returning ~17,000–27,000 rows vs. bitmap heap scans of ~24,000–70,000 rows from the existing posttypeid-only index.
- The difference is most dramatic for s106 where the planner uses it for a 3-table join (comments+postHistory+votes on UserId) achieving cost ~474,086 vs millions without it.

**5. postLinks(RelatedPostId, LinkTypeId, CreationDate)**
- Confirmed used by planner as `tmp_idx_postlinks_fe583d40` in multiple queries (s26, s40, s41, s53, s54, s58, s59, s60, s61, s62, s63, s68–s73, s137, s139, s140–s143).
- Many complex queries join postLinks on RelatedPostId and filter on LinkTypeId=1 and/or CreationDate. The existing idx_postlinks_relatedpostid covers only the join key. Adding LinkTypeId+CreationDate enables filtering ~10,186 rows (LinkTypeId=1) or narrower with date ranges, vs. the full 11,102-row postlinks table.
- Enables index-only scans for the postLinks portion of complex 6-7 table joins, reducing intermediate result sets significantly.

### Why Other Candidates Were Rejected

- **postHistory(CreationDate, PostId)** and **postHistory(CreationDate, UserId)**: The planner showed minimal improvement (~0-100 cost) because postHistory is already well-covered by PostId and PostHistoryTypeId indexes, and date-range-only filtering still requires reading most of the table.
- **votes(PostId, VoteTypeId)** without CreationDate: Marginally weaker than the 3-column version; the planner consistently preferred the 3-column composite.
- **comments(Score, UserId, CreationDate)** (different column order): Tested and showed planner preferred the (Score, CreationDate, UserId) ordering for date range filtering after score equality.
- **posts(PostTypeId, OwnerUserId, Id)**: The existing idx_posts_posttypeid bitmap index already handles PostTypeId filtering effectively; adding OwnerUserId/Id showed negligible improvement.",432.38,-1.15
s96,"[{""table"": ""posts"", ""columns"": [""CreationDate"", ""Id"", ""OwnerUserId""]}, {""table"": ""votes"", ""columns"": [""VoteTypeId"", ""PostId"", ""CreationDate""]}, {""table"": ""comments"", ""columns"": [""Score"", ""CreationDate"", ""UserId""]}, {""table"": ""postHistory"", ""columns"": [""PostHistoryTypeId"", ""CreationDate"", ""UserId""]}, {""table"": ""postLinks"", ""columns"": [""RelatedPostId"", ""LinkTypeId"", ""CreationDate""]}]","## Analysis Summary

After extensive cost estimation across the full 146-query workload, I identified the existing index set and the five additional indexes that deliver the most benefit. The existing schema already has a rich set of indexes (idx_badges_userid, idx_badges_userid_date, idx_comments_userid, idx_comments_score_userid, idx_comments_postid, idx_comments_postid_creationdate, idx_comments_userid_score_creationdate, idx_votes_userid, idx_votes_userid_creationdate, idx_votes_postid_creationdate, idx_posthistory_userid, idx_posthistory_postid, idx_posthistory_postid_creationdate, idx_posthistory_posttypeid, idx_posthistory_posttypeid_userid, idx_posthistory_userid_typeid_creationdate, idx_postlinks_postid, idx_postlinks_relatedpostid, idx_postlinks_postid_linktypeid_creationdate, idx_posts_posttypeid, idx_posts_owneruserid, idx_posts_viewcount, idx_posts_answercount, idx_posts_id_posttype_creationdate, idx_posts_id_owneruserid).

### Recommended New Indexes

**1. posts(CreationDate, Id, OwnerUserId)**
- Confirmed effective by query planner for many queries (s7, s8, s18, s19, s20, s22, s26, s29, s40, s41, s42, s44, s92, s100, s117, s118, s120, s122, s123, s130, s137, s145, s146 and many complex queries).
- The planner uses it as an index-only scan for date-range filtering on posts, then exposes Id for join to postLinks/postHistory/votes and OwnerUserId for join to users/comments. This eliminates large sequential scans on the posts table (2219–2679 cost) reducing them to targeted index-only scans (~2700 rows selected from ~90k).
- Cost improvement observed: from ~11,605 to ~11,441 for s20; similar savings across dozens of queries that filter posts by CreationDate.

**2. votes(VoteTypeId, PostId, CreationDate)**
- Confirmed used by planner as `tmp_idx_votes_0786ecb9` in s129 (cost ~12,767 vs ~13,703 without) and many other queries (s25, s61, s63, s70, s71, s73, s76, s96, s127, s128, s129, s143, s145).
- The VoteTypeId=2 (upvote) filter is extremely common. Combined with PostId join key and optional CreationDate range filter, this composite index enables index-only scans instead of full sequential scans on the votes table (~192k rows, seq scan cost ~4,572).
- Particularly important for medium/complex queries involving 5-7-table joins where reducing votes scan cost has multiplicative benefit.

**3. comments(Score, CreationDate, UserId)**
- Confirmed used by planner as `tmp_idx_comments_2503997b` for queries filtering Score=1 or Score=2 with CreationDate ranges (s34, s49, s50, s107, s108, s116, s131 and others).
- Supplements the existing idx_comments_score_userid by adding CreationDate to enable range pruning when both Score equality and date ranges are applied. The planner chooses this for Score=1+date patterns, delivering targeted index-only scans of ~14,754 rows vs. full comment table scans (~102k rows with filter cost ~2,882).
- Queries like s34 drop from ~149,249 cost to a much more tractable plan.

**4. postHistory(PostHistoryTypeId, CreationDate, UserId)**
- Confirmed used by planner as `tmp_idx_posthistory_84524b61` for queries filtering PostHistoryTypeId with CreationDate ranges and then joining by UserId (s38, s39, s47, s51, s106, s121, s125, s132, s145).
- For PostHistoryTypeId equality + CreationDate range, this enables index-only scans returning ~17,000–27,000 rows vs. bitmap heap scans of ~24,000–70,000 rows from the existing posttypeid-only index.
- The difference is most dramatic for s106 where the planner uses it for a 3-table join (comments+postHistory+votes on UserId) achieving cost ~474,086 vs millions without it.

**5. postLinks(RelatedPostId, LinkTypeId, CreationDate)**
- Confirmed used by planner as `tmp_idx_postlinks_fe583d40` in multiple queries (s26, s40, s41, s53, s54, s58, s59, s60, s61, s62, s63, s68–s73, s137, s139, s140–s143).
- Many complex queries join postLinks on RelatedPostId and filter on LinkTypeId=1 and/or CreationDate. The existing idx_postlinks_relatedpostid covers only the join key. Adding LinkTypeId+CreationDate enables filtering ~10,186 rows (LinkTypeId=1) or narrower with date ranges, vs. the full 11,102-row postlinks table.
- Enables index-only scans for the postLinks portion of complex 6-7 table joins, reducing intermediate result sets significantly.

### Why Other Candidates Were Rejected

- **postHistory(CreationDate, PostId)** and **postHistory(CreationDate, UserId)**: The planner showed minimal improvement (~0-100 cost) because postHistory is already well-covered by PostId and PostHistoryTypeId indexes, and date-range-only filtering still requires reading most of the table.
- **votes(PostId, VoteTypeId)** without CreationDate: Marginally weaker than the 3-column version; the planner consistently preferred the 3-column composite.
- **comments(Score, UserId, CreationDate)** (different column order): Tested and showed planner preferred the (Score, CreationDate, UserId) ordering for date range filtering after score equality.
- **posts(PostTypeId, OwnerUserId, Id)**: The existing idx_posts_posttypeid bitmap index already handles PostTypeId filtering effectively; adding OwnerUserId/Id showed negligible improvement.",258.543,2.8
s97,"[{""table"": ""posts"", ""columns"": [""CreationDate"", ""Id"", ""OwnerUserId""]}, {""table"": ""votes"", ""columns"": [""VoteTypeId"", ""PostId"", ""CreationDate""]}, {""table"": ""comments"", ""columns"": [""Score"", ""CreationDate"", ""UserId""]}, {""table"": ""postHistory"", ""columns"": [""PostHistoryTypeId"", ""CreationDate"", ""UserId""]}, {""table"": ""postLinks"", ""columns"": [""RelatedPostId"", ""LinkTypeId"", ""CreationDate""]}]","## Analysis Summary

After extensive cost estimation across the full 146-query workload, I identified the existing index set and the five additional indexes that deliver the most benefit. The existing schema already has a rich set of indexes (idx_badges_userid, idx_badges_userid_date, idx_comments_userid, idx_comments_score_userid, idx_comments_postid, idx_comments_postid_creationdate, idx_comments_userid_score_creationdate, idx_votes_userid, idx_votes_userid_creationdate, idx_votes_postid_creationdate, idx_posthistory_userid, idx_posthistory_postid, idx_posthistory_postid_creationdate, idx_posthistory_posttypeid, idx_posthistory_posttypeid_userid, idx_posthistory_userid_typeid_creationdate, idx_postlinks_postid, idx_postlinks_relatedpostid, idx_postlinks_postid_linktypeid_creationdate, idx_posts_posttypeid, idx_posts_owneruserid, idx_posts_viewcount, idx_posts_answercount, idx_posts_id_posttype_creationdate, idx_posts_id_owneruserid).

### Recommended New Indexes

**1. posts(CreationDate, Id, OwnerUserId)**
- Confirmed effective by query planner for many queries (s7, s8, s18, s19, s20, s22, s26, s29, s40, s41, s42, s44, s92, s100, s117, s118, s120, s122, s123, s130, s137, s145, s146 and many complex queries).
- The planner uses it as an index-only scan for date-range filtering on posts, then exposes Id for join to postLinks/postHistory/votes and OwnerUserId for join to users/comments. This eliminates large sequential scans on the posts table (2219–2679 cost) reducing them to targeted index-only scans (~2700 rows selected from ~90k).
- Cost improvement observed: from ~11,605 to ~11,441 for s20; similar savings across dozens of queries that filter posts by CreationDate.

**2. votes(VoteTypeId, PostId, CreationDate)**
- Confirmed used by planner as `tmp_idx_votes_0786ecb9` in s129 (cost ~12,767 vs ~13,703 without) and many other queries (s25, s61, s63, s70, s71, s73, s76, s96, s127, s128, s129, s143, s145).
- The VoteTypeId=2 (upvote) filter is extremely common. Combined with PostId join key and optional CreationDate range filter, this composite index enables index-only scans instead of full sequential scans on the votes table (~192k rows, seq scan cost ~4,572).
- Particularly important for medium/complex queries involving 5-7-table joins where reducing votes scan cost has multiplicative benefit.

**3. comments(Score, CreationDate, UserId)**
- Confirmed used by planner as `tmp_idx_comments_2503997b` for queries filtering Score=1 or Score=2 with CreationDate ranges (s34, s49, s50, s107, s108, s116, s131 and others).
- Supplements the existing idx_comments_score_userid by adding CreationDate to enable range pruning when both Score equality and date ranges are applied. The planner chooses this for Score=1+date patterns, delivering targeted index-only scans of ~14,754 rows vs. full comment table scans (~102k rows with filter cost ~2,882).
- Queries like s34 drop from ~149,249 cost to a much more tractable plan.

**4. postHistory(PostHistoryTypeId, CreationDate, UserId)**
- Confirmed used by planner as `tmp_idx_posthistory_84524b61` for queries filtering PostHistoryTypeId with CreationDate ranges and then joining by UserId (s38, s39, s47, s51, s106, s121, s125, s132, s145).
- For PostHistoryTypeId equality + CreationDate range, this enables index-only scans returning ~17,000–27,000 rows vs. bitmap heap scans of ~24,000–70,000 rows from the existing posttypeid-only index.
- The difference is most dramatic for s106 where the planner uses it for a 3-table join (comments+postHistory+votes on UserId) achieving cost ~474,086 vs millions without it.

**5. postLinks(RelatedPostId, LinkTypeId, CreationDate)**
- Confirmed used by planner as `tmp_idx_postlinks_fe583d40` in multiple queries (s26, s40, s41, s53, s54, s58, s59, s60, s61, s62, s63, s68–s73, s137, s139, s140–s143).
- Many complex queries join postLinks on RelatedPostId and filter on LinkTypeId=1 and/or CreationDate. The existing idx_postlinks_relatedpostid covers only the join key. Adding LinkTypeId+CreationDate enables filtering ~10,186 rows (LinkTypeId=1) or narrower with date ranges, vs. the full 11,102-row postlinks table.
- Enables index-only scans for the postLinks portion of complex 6-7 table joins, reducing intermediate result sets significantly.

### Why Other Candidates Were Rejected

- **postHistory(CreationDate, PostId)** and **postHistory(CreationDate, UserId)**: The planner showed minimal improvement (~0-100 cost) because postHistory is already well-covered by PostId and PostHistoryTypeId indexes, and date-range-only filtering still requires reading most of the table.
- **votes(PostId, VoteTypeId)** without CreationDate: Marginally weaker than the 3-column version; the planner consistently preferred the 3-column composite.
- **comments(Score, UserId, CreationDate)** (different column order): Tested and showed planner preferred the (Score, CreationDate, UserId) ordering for date range filtering after score equality.
- **posts(PostTypeId, OwnerUserId, Id)**: The existing idx_posts_posttypeid bitmap index already handles PostTypeId filtering effectively; adding OwnerUserId/Id showed negligible improvement.",3170.329,-9.57
s98,"[{""table"": ""posts"", ""columns"": [""CreationDate"", ""Id"", ""OwnerUserId""]}, {""table"": ""votes"", ""columns"": [""VoteTypeId"", ""PostId"", ""CreationDate""]}, {""table"": ""comments"", ""columns"": [""Score"", ""CreationDate"", ""UserId""]}, {""table"": ""postHistory"", ""columns"": [""PostHistoryTypeId"", ""CreationDate"", ""UserId""]}, {""table"": ""postLinks"", ""columns"": [""RelatedPostId"", ""LinkTypeId"", ""CreationDate""]}]","## Analysis Summary

After extensive cost estimation across the full 146-query workload, I identified the existing index set and the five additional indexes that deliver the most benefit. The existing schema already has a rich set of indexes (idx_badges_userid, idx_badges_userid_date, idx_comments_userid, idx_comments_score_userid, idx_comments_postid, idx_comments_postid_creationdate, idx_comments_userid_score_creationdate, idx_votes_userid, idx_votes_userid_creationdate, idx_votes_postid_creationdate, idx_posthistory_userid, idx_posthistory_postid, idx_posthistory_postid_creationdate, idx_posthistory_posttypeid, idx_posthistory_posttypeid_userid, idx_posthistory_userid_typeid_creationdate, idx_postlinks_postid, idx_postlinks_relatedpostid, idx_postlinks_postid_linktypeid_creationdate, idx_posts_posttypeid, idx_posts_owneruserid, idx_posts_viewcount, idx_posts_answercount, idx_posts_id_posttype_creationdate, idx_posts_id_owneruserid).

### Recommended New Indexes

**1. posts(CreationDate, Id, OwnerUserId)**
- Confirmed effective by query planner for many queries (s7, s8, s18, s19, s20, s22, s26, s29, s40, s41, s42, s44, s92, s100, s117, s118, s120, s122, s123, s130, s137, s145, s146 and many complex queries).
- The planner uses it as an index-only scan for date-range filtering on posts, then exposes Id for join to postLinks/postHistory/votes and OwnerUserId for join to users/comments. This eliminates large sequential scans on the posts table (2219–2679 cost) reducing them to targeted index-only scans (~2700 rows selected from ~90k).
- Cost improvement observed: from ~11,605 to ~11,441 for s20; similar savings across dozens of queries that filter posts by CreationDate.

**2. votes(VoteTypeId, PostId, CreationDate)**
- Confirmed used by planner as `tmp_idx_votes_0786ecb9` in s129 (cost ~12,767 vs ~13,703 without) and many other queries (s25, s61, s63, s70, s71, s73, s76, s96, s127, s128, s129, s143, s145).
- The VoteTypeId=2 (upvote) filter is extremely common. Combined with PostId join key and optional CreationDate range filter, this composite index enables index-only scans instead of full sequential scans on the votes table (~192k rows, seq scan cost ~4,572).
- Particularly important for medium/complex queries involving 5-7-table joins where reducing votes scan cost has multiplicative benefit.

**3. comments(Score, CreationDate, UserId)**
- Confirmed used by planner as `tmp_idx_comments_2503997b` for queries filtering Score=1 or Score=2 with CreationDate ranges (s34, s49, s50, s107, s108, s116, s131 and others).
- Supplements the existing idx_comments_score_userid by adding CreationDate to enable range pruning when both Score equality and date ranges are applied. The planner chooses this for Score=1+date patterns, delivering targeted index-only scans of ~14,754 rows vs. full comment table scans (~102k rows with filter cost ~2,882).
- Queries like s34 drop from ~149,249 cost to a much more tractable plan.

**4. postHistory(PostHistoryTypeId, CreationDate, UserId)**
- Confirmed used by planner as `tmp_idx_posthistory_84524b61` for queries filtering PostHistoryTypeId with CreationDate ranges and then joining by UserId (s38, s39, s47, s51, s106, s121, s125, s132, s145).
- For PostHistoryTypeId equality + CreationDate range, this enables index-only scans returning ~17,000–27,000 rows vs. bitmap heap scans of ~24,000–70,000 rows from the existing posttypeid-only index.
- The difference is most dramatic for s106 where the planner uses it for a 3-table join (comments+postHistory+votes on UserId) achieving cost ~474,086 vs millions without it.

**5. postLinks(RelatedPostId, LinkTypeId, CreationDate)**
- Confirmed used by planner as `tmp_idx_postlinks_fe583d40` in multiple queries (s26, s40, s41, s53, s54, s58, s59, s60, s61, s62, s63, s68–s73, s137, s139, s140–s143).
- Many complex queries join postLinks on RelatedPostId and filter on LinkTypeId=1 and/or CreationDate. The existing idx_postlinks_relatedpostid covers only the join key. Adding LinkTypeId+CreationDate enables filtering ~10,186 rows (LinkTypeId=1) or narrower with date ranges, vs. the full 11,102-row postlinks table.
- Enables index-only scans for the postLinks portion of complex 6-7 table joins, reducing intermediate result sets significantly.

### Why Other Candidates Were Rejected

- **postHistory(CreationDate, PostId)** and **postHistory(CreationDate, UserId)**: The planner showed minimal improvement (~0-100 cost) because postHistory is already well-covered by PostId and PostHistoryTypeId indexes, and date-range-only filtering still requires reading most of the table.
- **votes(PostId, VoteTypeId)** without CreationDate: Marginally weaker than the 3-column version; the planner consistently preferred the 3-column composite.
- **comments(Score, UserId, CreationDate)** (different column order): Tested and showed planner preferred the (Score, CreationDate, UserId) ordering for date range filtering after score equality.
- **posts(PostTypeId, OwnerUserId, Id)**: The existing idx_posts_posttypeid bitmap index already handles PostTypeId filtering effectively; adding OwnerUserId/Id showed negligible improvement.",2353.968,-4.61
s99,"[{""table"": ""posts"", ""columns"": [""CreationDate"", ""Id"", ""OwnerUserId""]}, {""table"": ""votes"", ""columns"": [""VoteTypeId"", ""PostId"", ""CreationDate""]}, {""table"": ""comments"", ""columns"": [""Score"", ""CreationDate"", ""UserId""]}, {""table"": ""postHistory"", ""columns"": [""PostHistoryTypeId"", ""CreationDate"", ""UserId""]}, {""table"": ""postLinks"", ""columns"": [""RelatedPostId"", ""LinkTypeId"", ""CreationDate""]}]","## Analysis Summary

After extensive cost estimation across the full 146-query workload, I identified the existing index set and the five additional indexes that deliver the most benefit. The existing schema already has a rich set of indexes (idx_badges_userid, idx_badges_userid_date, idx_comments_userid, idx_comments_score_userid, idx_comments_postid, idx_comments_postid_creationdate, idx_comments_userid_score_creationdate, idx_votes_userid, idx_votes_userid_creationdate, idx_votes_postid_creationdate, idx_posthistory_userid, idx_posthistory_postid, idx_posthistory_postid_creationdate, idx_posthistory_posttypeid, idx_posthistory_posttypeid_userid, idx_posthistory_userid_typeid_creationdate, idx_postlinks_postid, idx_postlinks_relatedpostid, idx_postlinks_postid_linktypeid_creationdate, idx_posts_posttypeid, idx_posts_owneruserid, idx_posts_viewcount, idx_posts_answercount, idx_posts_id_posttype_creationdate, idx_posts_id_owneruserid).

### Recommended New Indexes

**1. posts(CreationDate, Id, OwnerUserId)**
- Confirmed effective by query planner for many queries (s7, s8, s18, s19, s20, s22, s26, s29, s40, s41, s42, s44, s92, s100, s117, s118, s120, s122, s123, s130, s137, s145, s146 and many complex queries).
- The planner uses it as an index-only scan for date-range filtering on posts, then exposes Id for join to postLinks/postHistory/votes and OwnerUserId for join to users/comments. This eliminates large sequential scans on the posts table (2219–2679 cost) reducing them to targeted index-only scans (~2700 rows selected from ~90k).
- Cost improvement observed: from ~11,605 to ~11,441 for s20; similar savings across dozens of queries that filter posts by CreationDate.

**2. votes(VoteTypeId, PostId, CreationDate)**
- Confirmed used by planner as `tmp_idx_votes_0786ecb9` in s129 (cost ~12,767 vs ~13,703 without) and many other queries (s25, s61, s63, s70, s71, s73, s76, s96, s127, s128, s129, s143, s145).
- The VoteTypeId=2 (upvote) filter is extremely common. Combined with PostId join key and optional CreationDate range filter, this composite index enables index-only scans instead of full sequential scans on the votes table (~192k rows, seq scan cost ~4,572).
- Particularly important for medium/complex queries involving 5-7-table joins where reducing votes scan cost has multiplicative benefit.

**3. comments(Score, CreationDate, UserId)**
- Confirmed used by planner as `tmp_idx_comments_2503997b` for queries filtering Score=1 or Score=2 with CreationDate ranges (s34, s49, s50, s107, s108, s116, s131 and others).
- Supplements the existing idx_comments_score_userid by adding CreationDate to enable range pruning when both Score equality and date ranges are applied. The planner chooses this for Score=1+date patterns, delivering targeted index-only scans of ~14,754 rows vs. full comment table scans (~102k rows with filter cost ~2,882).
- Queries like s34 drop from ~149,249 cost to a much more tractable plan.

**4. postHistory(PostHistoryTypeId, CreationDate, UserId)**
- Confirmed used by planner as `tmp_idx_posthistory_84524b61` for queries filtering PostHistoryTypeId with CreationDate ranges and then joining by UserId (s38, s39, s47, s51, s106, s121, s125, s132, s145).
- For PostHistoryTypeId equality + CreationDate range, this enables index-only scans returning ~17,000–27,000 rows vs. bitmap heap scans of ~24,000–70,000 rows from the existing posttypeid-only index.
- The difference is most dramatic for s106 where the planner uses it for a 3-table join (comments+postHistory+votes on UserId) achieving cost ~474,086 vs millions without it.

**5. postLinks(RelatedPostId, LinkTypeId, CreationDate)**
- Confirmed used by planner as `tmp_idx_postlinks_fe583d40` in multiple queries (s26, s40, s41, s53, s54, s58, s59, s60, s61, s62, s63, s68–s73, s137, s139, s140–s143).
- Many complex queries join postLinks on RelatedPostId and filter on LinkTypeId=1 and/or CreationDate. The existing idx_postlinks_relatedpostid covers only the join key. Adding LinkTypeId+CreationDate enables filtering ~10,186 rows (LinkTypeId=1) or narrower with date ranges, vs. the full 11,102-row postlinks table.
- Enables index-only scans for the postLinks portion of complex 6-7 table joins, reducing intermediate result sets significantly.

### Why Other Candidates Were Rejected

- **postHistory(CreationDate, PostId)** and **postHistory(CreationDate, UserId)**: The planner showed minimal improvement (~0-100 cost) because postHistory is already well-covered by PostId and PostHistoryTypeId indexes, and date-range-only filtering still requires reading most of the table.
- **votes(PostId, VoteTypeId)** without CreationDate: Marginally weaker than the 3-column version; the planner consistently preferred the 3-column composite.
- **comments(Score, UserId, CreationDate)** (different column order): Tested and showed planner preferred the (Score, CreationDate, UserId) ordering for date range filtering after score equality.
- **posts(PostTypeId, OwnerUserId, Id)**: The existing idx_posts_posttypeid bitmap index already handles PostTypeId filtering effectively; adding OwnerUserId/Id showed negligible improvement.",283.993,-1.31
s100,"[{""table"": ""posts"", ""columns"": [""CreationDate"", ""Id"", ""OwnerUserId""]}, {""table"": ""votes"", ""columns"": [""VoteTypeId"", ""PostId"", ""CreationDate""]}, {""table"": ""comments"", ""columns"": [""Score"", ""CreationDate"", ""UserId""]}, {""table"": ""postHistory"", ""columns"": [""PostHistoryTypeId"", ""CreationDate"", ""UserId""]}, {""table"": ""postLinks"", ""columns"": [""RelatedPostId"", ""LinkTypeId"", ""CreationDate""]}]","## Analysis Summary

After extensive cost estimation across the full 146-query workload, I identified the existing index set and the five additional indexes that deliver the most benefit. The existing schema already has a rich set of indexes (idx_badges_userid, idx_badges_userid_date, idx_comments_userid, idx_comments_score_userid, idx_comments_postid, idx_comments_postid_creationdate, idx_comments_userid_score_creationdate, idx_votes_userid, idx_votes_userid_creationdate, idx_votes_postid_creationdate, idx_posthistory_userid, idx_posthistory_postid, idx_posthistory_postid_creationdate, idx_posthistory_posttypeid, idx_posthistory_posttypeid_userid, idx_posthistory_userid_typeid_creationdate, idx_postlinks_postid, idx_postlinks_relatedpostid, idx_postlinks_postid_linktypeid_creationdate, idx_posts_posttypeid, idx_posts_owneruserid, idx_posts_viewcount, idx_posts_answercount, idx_posts_id_posttype_creationdate, idx_posts_id_owneruserid).

### Recommended New Indexes

**1. posts(CreationDate, Id, OwnerUserId)**
- Confirmed effective by query planner for many queries (s7, s8, s18, s19, s20, s22, s26, s29, s40, s41, s42, s44, s92, s100, s117, s118, s120, s122, s123, s130, s137, s145, s146 and many complex queries).
- The planner uses it as an index-only scan for date-range filtering on posts, then exposes Id for join to postLinks/postHistory/votes and OwnerUserId for join to users/comments. This eliminates large sequential scans on the posts table (2219–2679 cost) reducing them to targeted index-only scans (~2700 rows selected from ~90k).
- Cost improvement observed: from ~11,605 to ~11,441 for s20; similar savings across dozens of queries that filter posts by CreationDate.

**2. votes(VoteTypeId, PostId, CreationDate)**
- Confirmed used by planner as `tmp_idx_votes_0786ecb9` in s129 (cost ~12,767 vs ~13,703 without) and many other queries (s25, s61, s63, s70, s71, s73, s76, s96, s127, s128, s129, s143, s145).
- The VoteTypeId=2 (upvote) filter is extremely common. Combined with PostId join key and optional CreationDate range filter, this composite index enables index-only scans instead of full sequential scans on the votes table (~192k rows, seq scan cost ~4,572).
- Particularly important for medium/complex queries involving 5-7-table joins where reducing votes scan cost has multiplicative benefit.

**3. comments(Score, CreationDate, UserId)**
- Confirmed used by planner as `tmp_idx_comments_2503997b` for queries filtering Score=1 or Score=2 with CreationDate ranges (s34, s49, s50, s107, s108, s116, s131 and others).
- Supplements the existing idx_comments_score_userid by adding CreationDate to enable range pruning when both Score equality and date ranges are applied. The planner chooses this for Score=1+date patterns, delivering targeted index-only scans of ~14,754 rows vs. full comment table scans (~102k rows with filter cost ~2,882).
- Queries like s34 drop from ~149,249 cost to a much more tractable plan.

**4. postHistory(PostHistoryTypeId, CreationDate, UserId)**
- Confirmed used by planner as `tmp_idx_posthistory_84524b61` for queries filtering PostHistoryTypeId with CreationDate ranges and then joining by UserId (s38, s39, s47, s51, s106, s121, s125, s132, s145).
- For PostHistoryTypeId equality + CreationDate range, this enables index-only scans returning ~17,000–27,000 rows vs. bitmap heap scans of ~24,000–70,000 rows from the existing posttypeid-only index.
- The difference is most dramatic for s106 where the planner uses it for a 3-table join (comments+postHistory+votes on UserId) achieving cost ~474,086 vs millions without it.

**5. postLinks(RelatedPostId, LinkTypeId, CreationDate)**
- Confirmed used by planner as `tmp_idx_postlinks_fe583d40` in multiple queries (s26, s40, s41, s53, s54, s58, s59, s60, s61, s62, s63, s68–s73, s137, s139, s140–s143).
- Many complex queries join postLinks on RelatedPostId and filter on LinkTypeId=1 and/or CreationDate. The existing idx_postlinks_relatedpostid covers only the join key. Adding LinkTypeId+CreationDate enables filtering ~10,186 rows (LinkTypeId=1) or narrower with date ranges, vs. the full 11,102-row postlinks table.
- Enables index-only scans for the postLinks portion of complex 6-7 table joins, reducing intermediate result sets significantly.

### Why Other Candidates Were Rejected

- **postHistory(CreationDate, PostId)** and **postHistory(CreationDate, UserId)**: The planner showed minimal improvement (~0-100 cost) because postHistory is already well-covered by PostId and PostHistoryTypeId indexes, and date-range-only filtering still requires reading most of the table.
- **votes(PostId, VoteTypeId)** without CreationDate: Marginally weaker than the 3-column version; the planner consistently preferred the 3-column composite.
- **comments(Score, UserId, CreationDate)** (different column order): Tested and showed planner preferred the (Score, CreationDate, UserId) ordering for date range filtering after score equality.
- **posts(PostTypeId, OwnerUserId, Id)**: The existing idx_posts_posttypeid bitmap index already handles PostTypeId filtering effectively; adding OwnerUserId/Id showed negligible improvement.",91.17,-1.89
s101,"[{""table"": ""posts"", ""columns"": [""CreationDate"", ""Id"", ""OwnerUserId""]}, {""table"": ""votes"", ""columns"": [""VoteTypeId"", ""PostId"", ""CreationDate""]}, {""table"": ""comments"", ""columns"": [""Score"", ""CreationDate"", ""UserId""]}, {""table"": ""postHistory"", ""columns"": [""PostHistoryTypeId"", ""CreationDate"", ""UserId""]}, {""table"": ""postLinks"", ""columns"": [""RelatedPostId"", ""LinkTypeId"", ""CreationDate""]}]","## Analysis Summary

After extensive cost estimation across the full 146-query workload, I identified the existing index set and the five additional indexes that deliver the most benefit. The existing schema already has a rich set of indexes (idx_badges_userid, idx_badges_userid_date, idx_comments_userid, idx_comments_score_userid, idx_comments_postid, idx_comments_postid_creationdate, idx_comments_userid_score_creationdate, idx_votes_userid, idx_votes_userid_creationdate, idx_votes_postid_creationdate, idx_posthistory_userid, idx_posthistory_postid, idx_posthistory_postid_creationdate, idx_posthistory_posttypeid, idx_posthistory_posttypeid_userid, idx_posthistory_userid_typeid_creationdate, idx_postlinks_postid, idx_postlinks_relatedpostid, idx_postlinks_postid_linktypeid_creationdate, idx_posts_posttypeid, idx_posts_owneruserid, idx_posts_viewcount, idx_posts_answercount, idx_posts_id_posttype_creationdate, idx_posts_id_owneruserid).

### Recommended New Indexes

**1. posts(CreationDate, Id, OwnerUserId)**
- Confirmed effective by query planner for many queries (s7, s8, s18, s19, s20, s22, s26, s29, s40, s41, s42, s44, s92, s100, s117, s118, s120, s122, s123, s130, s137, s145, s146 and many complex queries).
- The planner uses it as an index-only scan for date-range filtering on posts, then exposes Id for join to postLinks/postHistory/votes and OwnerUserId for join to users/comments. This eliminates large sequential scans on the posts table (2219–2679 cost) reducing them to targeted index-only scans (~2700 rows selected from ~90k).
- Cost improvement observed: from ~11,605 to ~11,441 for s20; similar savings across dozens of queries that filter posts by CreationDate.

**2. votes(VoteTypeId, PostId, CreationDate)**
- Confirmed used by planner as `tmp_idx_votes_0786ecb9` in s129 (cost ~12,767 vs ~13,703 without) and many other queries (s25, s61, s63, s70, s71, s73, s76, s96, s127, s128, s129, s143, s145).
- The VoteTypeId=2 (upvote) filter is extremely common. Combined with PostId join key and optional CreationDate range filter, this composite index enables index-only scans instead of full sequential scans on the votes table (~192k rows, seq scan cost ~4,572).
- Particularly important for medium/complex queries involving 5-7-table joins where reducing votes scan cost has multiplicative benefit.

**3. comments(Score, CreationDate, UserId)**
- Confirmed used by planner as `tmp_idx_comments_2503997b` for queries filtering Score=1 or Score=2 with CreationDate ranges (s34, s49, s50, s107, s108, s116, s131 and others).
- Supplements the existing idx_comments_score_userid by adding CreationDate to enable range pruning when both Score equality and date ranges are applied. The planner chooses this for Score=1+date patterns, delivering targeted index-only scans of ~14,754 rows vs. full comment table scans (~102k rows with filter cost ~2,882).
- Queries like s34 drop from ~149,249 cost to a much more tractable plan.

**4. postHistory(PostHistoryTypeId, CreationDate, UserId)**
- Confirmed used by planner as `tmp_idx_posthistory_84524b61` for queries filtering PostHistoryTypeId with CreationDate ranges and then joining by UserId (s38, s39, s47, s51, s106, s121, s125, s132, s145).
- For PostHistoryTypeId equality + CreationDate range, this enables index-only scans returning ~17,000–27,000 rows vs. bitmap heap scans of ~24,000–70,000 rows from the existing posttypeid-only index.
- The difference is most dramatic for s106 where the planner uses it for a 3-table join (comments+postHistory+votes on UserId) achieving cost ~474,086 vs millions without it.

**5. postLinks(RelatedPostId, LinkTypeId, CreationDate)**
- Confirmed used by planner as `tmp_idx_postlinks_fe583d40` in multiple queries (s26, s40, s41, s53, s54, s58, s59, s60, s61, s62, s63, s68–s73, s137, s139, s140–s143).
- Many complex queries join postLinks on RelatedPostId and filter on LinkTypeId=1 and/or CreationDate. The existing idx_postlinks_relatedpostid covers only the join key. Adding LinkTypeId+CreationDate enables filtering ~10,186 rows (LinkTypeId=1) or narrower with date ranges, vs. the full 11,102-row postlinks table.
- Enables index-only scans for the postLinks portion of complex 6-7 table joins, reducing intermediate result sets significantly.

### Why Other Candidates Were Rejected

- **postHistory(CreationDate, PostId)** and **postHistory(CreationDate, UserId)**: The planner showed minimal improvement (~0-100 cost) because postHistory is already well-covered by PostId and PostHistoryTypeId indexes, and date-range-only filtering still requires reading most of the table.
- **votes(PostId, VoteTypeId)** without CreationDate: Marginally weaker than the 3-column version; the planner consistently preferred the 3-column composite.
- **comments(Score, UserId, CreationDate)** (different column order): Tested and showed planner preferred the (Score, CreationDate, UserId) ordering for date range filtering after score equality.
- **posts(PostTypeId, OwnerUserId, Id)**: The existing idx_posts_posttypeid bitmap index already handles PostTypeId filtering effectively; adding OwnerUserId/Id showed negligible improvement.",112.473,-1.2
s102,"[{""table"": ""posts"", ""columns"": [""CreationDate"", ""Id"", ""OwnerUserId""]}, {""table"": ""votes"", ""columns"": [""VoteTypeId"", ""PostId"", ""CreationDate""]}, {""table"": ""comments"", ""columns"": [""Score"", ""CreationDate"", ""UserId""]}, {""table"": ""postHistory"", ""columns"": [""PostHistoryTypeId"", ""CreationDate"", ""UserId""]}, {""table"": ""postLinks"", ""columns"": [""RelatedPostId"", ""LinkTypeId"", ""CreationDate""]}]","## Analysis Summary

After extensive cost estimation across the full 146-query workload, I identified the existing index set and the five additional indexes that deliver the most benefit. The existing schema already has a rich set of indexes (idx_badges_userid, idx_badges_userid_date, idx_comments_userid, idx_comments_score_userid, idx_comments_postid, idx_comments_postid_creationdate, idx_comments_userid_score_creationdate, idx_votes_userid, idx_votes_userid_creationdate, idx_votes_postid_creationdate, idx_posthistory_userid, idx_posthistory_postid, idx_posthistory_postid_creationdate, idx_posthistory_posttypeid, idx_posthistory_posttypeid_userid, idx_posthistory_userid_typeid_creationdate, idx_postlinks_postid, idx_postlinks_relatedpostid, idx_postlinks_postid_linktypeid_creationdate, idx_posts_posttypeid, idx_posts_owneruserid, idx_posts_viewcount, idx_posts_answercount, idx_posts_id_posttype_creationdate, idx_posts_id_owneruserid).

### Recommended New Indexes

**1. posts(CreationDate, Id, OwnerUserId)**
- Confirmed effective by query planner for many queries (s7, s8, s18, s19, s20, s22, s26, s29, s40, s41, s42, s44, s92, s100, s117, s118, s120, s122, s123, s130, s137, s145, s146 and many complex queries).
- The planner uses it as an index-only scan for date-range filtering on posts, then exposes Id for join to postLinks/postHistory/votes and OwnerUserId for join to users/comments. This eliminates large sequential scans on the posts table (2219–2679 cost) reducing them to targeted index-only scans (~2700 rows selected from ~90k).
- Cost improvement observed: from ~11,605 to ~11,441 for s20; similar savings across dozens of queries that filter posts by CreationDate.

**2. votes(VoteTypeId, PostId, CreationDate)**
- Confirmed used by planner as `tmp_idx_votes_0786ecb9` in s129 (cost ~12,767 vs ~13,703 without) and many other queries (s25, s61, s63, s70, s71, s73, s76, s96, s127, s128, s129, s143, s145).
- The VoteTypeId=2 (upvote) filter is extremely common. Combined with PostId join key and optional CreationDate range filter, this composite index enables index-only scans instead of full sequential scans on the votes table (~192k rows, seq scan cost ~4,572).
- Particularly important for medium/complex queries involving 5-7-table joins where reducing votes scan cost has multiplicative benefit.

**3. comments(Score, CreationDate, UserId)**
- Confirmed used by planner as `tmp_idx_comments_2503997b` for queries filtering Score=1 or Score=2 with CreationDate ranges (s34, s49, s50, s107, s108, s116, s131 and others).
- Supplements the existing idx_comments_score_userid by adding CreationDate to enable range pruning when both Score equality and date ranges are applied. The planner chooses this for Score=1+date patterns, delivering targeted index-only scans of ~14,754 rows vs. full comment table scans (~102k rows with filter cost ~2,882).
- Queries like s34 drop from ~149,249 cost to a much more tractable plan.

**4. postHistory(PostHistoryTypeId, CreationDate, UserId)**
- Confirmed used by planner as `tmp_idx_posthistory_84524b61` for queries filtering PostHistoryTypeId with CreationDate ranges and then joining by UserId (s38, s39, s47, s51, s106, s121, s125, s132, s145).
- For PostHistoryTypeId equality + CreationDate range, this enables index-only scans returning ~17,000–27,000 rows vs. bitmap heap scans of ~24,000–70,000 rows from the existing posttypeid-only index.
- The difference is most dramatic for s106 where the planner uses it for a 3-table join (comments+postHistory+votes on UserId) achieving cost ~474,086 vs millions without it.

**5. postLinks(RelatedPostId, LinkTypeId, CreationDate)**
- Confirmed used by planner as `tmp_idx_postlinks_fe583d40` in multiple queries (s26, s40, s41, s53, s54, s58, s59, s60, s61, s62, s63, s68–s73, s137, s139, s140–s143).
- Many complex queries join postLinks on RelatedPostId and filter on LinkTypeId=1 and/or CreationDate. The existing idx_postlinks_relatedpostid covers only the join key. Adding LinkTypeId+CreationDate enables filtering ~10,186 rows (LinkTypeId=1) or narrower with date ranges, vs. the full 11,102-row postlinks table.
- Enables index-only scans for the postLinks portion of complex 6-7 table joins, reducing intermediate result sets significantly.

### Why Other Candidates Were Rejected

- **postHistory(CreationDate, PostId)** and **postHistory(CreationDate, UserId)**: The planner showed minimal improvement (~0-100 cost) because postHistory is already well-covered by PostId and PostHistoryTypeId indexes, and date-range-only filtering still requires reading most of the table.
- **votes(PostId, VoteTypeId)** without CreationDate: Marginally weaker than the 3-column version; the planner consistently preferred the 3-column composite.
- **comments(Score, UserId, CreationDate)** (different column order): Tested and showed planner preferred the (Score, CreationDate, UserId) ordering for date range filtering after score equality.
- **posts(PostTypeId, OwnerUserId, Id)**: The existing idx_posts_posttypeid bitmap index already handles PostTypeId filtering effectively; adding OwnerUserId/Id showed negligible improvement.",245.866,-5.36
s103,"[{""table"": ""posts"", ""columns"": [""CreationDate"", ""Id"", ""OwnerUserId""]}, {""table"": ""votes"", ""columns"": [""VoteTypeId"", ""PostId"", ""CreationDate""]}, {""table"": ""comments"", ""columns"": [""Score"", ""CreationDate"", ""UserId""]}, {""table"": ""postHistory"", ""columns"": [""PostHistoryTypeId"", ""CreationDate"", ""UserId""]}, {""table"": ""postLinks"", ""columns"": [""RelatedPostId"", ""LinkTypeId"", ""CreationDate""]}]","## Analysis Summary

After extensive cost estimation across the full 146-query workload, I identified the existing index set and the five additional indexes that deliver the most benefit. The existing schema already has a rich set of indexes (idx_badges_userid, idx_badges_userid_date, idx_comments_userid, idx_comments_score_userid, idx_comments_postid, idx_comments_postid_creationdate, idx_comments_userid_score_creationdate, idx_votes_userid, idx_votes_userid_creationdate, idx_votes_postid_creationdate, idx_posthistory_userid, idx_posthistory_postid, idx_posthistory_postid_creationdate, idx_posthistory_posttypeid, idx_posthistory_posttypeid_userid, idx_posthistory_userid_typeid_creationdate, idx_postlinks_postid, idx_postlinks_relatedpostid, idx_postlinks_postid_linktypeid_creationdate, idx_posts_posttypeid, idx_posts_owneruserid, idx_posts_viewcount, idx_posts_answercount, idx_posts_id_posttype_creationdate, idx_posts_id_owneruserid).

### Recommended New Indexes

**1. posts(CreationDate, Id, OwnerUserId)**
- Confirmed effective by query planner for many queries (s7, s8, s18, s19, s20, s22, s26, s29, s40, s41, s42, s44, s92, s100, s117, s118, s120, s122, s123, s130, s137, s145, s146 and many complex queries).
- The planner uses it as an index-only scan for date-range filtering on posts, then exposes Id for join to postLinks/postHistory/votes and OwnerUserId for join to users/comments. This eliminates large sequential scans on the posts table (2219–2679 cost) reducing them to targeted index-only scans (~2700 rows selected from ~90k).
- Cost improvement observed: from ~11,605 to ~11,441 for s20; similar savings across dozens of queries that filter posts by CreationDate.

**2. votes(VoteTypeId, PostId, CreationDate)**
- Confirmed used by planner as `tmp_idx_votes_0786ecb9` in s129 (cost ~12,767 vs ~13,703 without) and many other queries (s25, s61, s63, s70, s71, s73, s76, s96, s127, s128, s129, s143, s145).
- The VoteTypeId=2 (upvote) filter is extremely common. Combined with PostId join key and optional CreationDate range filter, this composite index enables index-only scans instead of full sequential scans on the votes table (~192k rows, seq scan cost ~4,572).
- Particularly important for medium/complex queries involving 5-7-table joins where reducing votes scan cost has multiplicative benefit.

**3. comments(Score, CreationDate, UserId)**
- Confirmed used by planner as `tmp_idx_comments_2503997b` for queries filtering Score=1 or Score=2 with CreationDate ranges (s34, s49, s50, s107, s108, s116, s131 and others).
- Supplements the existing idx_comments_score_userid by adding CreationDate to enable range pruning when both Score equality and date ranges are applied. The planner chooses this for Score=1+date patterns, delivering targeted index-only scans of ~14,754 rows vs. full comment table scans (~102k rows with filter cost ~2,882).
- Queries like s34 drop from ~149,249 cost to a much more tractable plan.

**4. postHistory(PostHistoryTypeId, CreationDate, UserId)**
- Confirmed used by planner as `tmp_idx_posthistory_84524b61` for queries filtering PostHistoryTypeId with CreationDate ranges and then joining by UserId (s38, s39, s47, s51, s106, s121, s125, s132, s145).
- For PostHistoryTypeId equality + CreationDate range, this enables index-only scans returning ~17,000–27,000 rows vs. bitmap heap scans of ~24,000–70,000 rows from the existing posttypeid-only index.
- The difference is most dramatic for s106 where the planner uses it for a 3-table join (comments+postHistory+votes on UserId) achieving cost ~474,086 vs millions without it.

**5. postLinks(RelatedPostId, LinkTypeId, CreationDate)**
- Confirmed used by planner as `tmp_idx_postlinks_fe583d40` in multiple queries (s26, s40, s41, s53, s54, s58, s59, s60, s61, s62, s63, s68–s73, s137, s139, s140–s143).
- Many complex queries join postLinks on RelatedPostId and filter on LinkTypeId=1 and/or CreationDate. The existing idx_postlinks_relatedpostid covers only the join key. Adding LinkTypeId+CreationDate enables filtering ~10,186 rows (LinkTypeId=1) or narrower with date ranges, vs. the full 11,102-row postlinks table.
- Enables index-only scans for the postLinks portion of complex 6-7 table joins, reducing intermediate result sets significantly.

### Why Other Candidates Were Rejected

- **postHistory(CreationDate, PostId)** and **postHistory(CreationDate, UserId)**: The planner showed minimal improvement (~0-100 cost) because postHistory is already well-covered by PostId and PostHistoryTypeId indexes, and date-range-only filtering still requires reading most of the table.
- **votes(PostId, VoteTypeId)** without CreationDate: Marginally weaker than the 3-column version; the planner consistently preferred the 3-column composite.
- **comments(Score, UserId, CreationDate)** (different column order): Tested and showed planner preferred the (Score, CreationDate, UserId) ordering for date range filtering after score equality.
- **posts(PostTypeId, OwnerUserId, Id)**: The existing idx_posts_posttypeid bitmap index already handles PostTypeId filtering effectively; adding OwnerUserId/Id showed negligible improvement.",454.711,0.87
s104,"[{""table"": ""posts"", ""columns"": [""CreationDate"", ""Id"", ""OwnerUserId""]}, {""table"": ""votes"", ""columns"": [""VoteTypeId"", ""PostId"", ""CreationDate""]}, {""table"": ""comments"", ""columns"": [""Score"", ""CreationDate"", ""UserId""]}, {""table"": ""postHistory"", ""columns"": [""PostHistoryTypeId"", ""CreationDate"", ""UserId""]}, {""table"": ""postLinks"", ""columns"": [""RelatedPostId"", ""LinkTypeId"", ""CreationDate""]}]","## Analysis Summary

After extensive cost estimation across the full 146-query workload, I identified the existing index set and the five additional indexes that deliver the most benefit. The existing schema already has a rich set of indexes (idx_badges_userid, idx_badges_userid_date, idx_comments_userid, idx_comments_score_userid, idx_comments_postid, idx_comments_postid_creationdate, idx_comments_userid_score_creationdate, idx_votes_userid, idx_votes_userid_creationdate, idx_votes_postid_creationdate, idx_posthistory_userid, idx_posthistory_postid, idx_posthistory_postid_creationdate, idx_posthistory_posttypeid, idx_posthistory_posttypeid_userid, idx_posthistory_userid_typeid_creationdate, idx_postlinks_postid, idx_postlinks_relatedpostid, idx_postlinks_postid_linktypeid_creationdate, idx_posts_posttypeid, idx_posts_owneruserid, idx_posts_viewcount, idx_posts_answercount, idx_posts_id_posttype_creationdate, idx_posts_id_owneruserid).

### Recommended New Indexes

**1. posts(CreationDate, Id, OwnerUserId)**
- Confirmed effective by query planner for many queries (s7, s8, s18, s19, s20, s22, s26, s29, s40, s41, s42, s44, s92, s100, s117, s118, s120, s122, s123, s130, s137, s145, s146 and many complex queries).
- The planner uses it as an index-only scan for date-range filtering on posts, then exposes Id for join to postLinks/postHistory/votes and OwnerUserId for join to users/comments. This eliminates large sequential scans on the posts table (2219–2679 cost) reducing them to targeted index-only scans (~2700 rows selected from ~90k).
- Cost improvement observed: from ~11,605 to ~11,441 for s20; similar savings across dozens of queries that filter posts by CreationDate.

**2. votes(VoteTypeId, PostId, CreationDate)**
- Confirmed used by planner as `tmp_idx_votes_0786ecb9` in s129 (cost ~12,767 vs ~13,703 without) and many other queries (s25, s61, s63, s70, s71, s73, s76, s96, s127, s128, s129, s143, s145).
- The VoteTypeId=2 (upvote) filter is extremely common. Combined with PostId join key and optional CreationDate range filter, this composite index enables index-only scans instead of full sequential scans on the votes table (~192k rows, seq scan cost ~4,572).
- Particularly important for medium/complex queries involving 5-7-table joins where reducing votes scan cost has multiplicative benefit.

**3. comments(Score, CreationDate, UserId)**
- Confirmed used by planner as `tmp_idx_comments_2503997b` for queries filtering Score=1 or Score=2 with CreationDate ranges (s34, s49, s50, s107, s108, s116, s131 and others).
- Supplements the existing idx_comments_score_userid by adding CreationDate to enable range pruning when both Score equality and date ranges are applied. The planner chooses this for Score=1+date patterns, delivering targeted index-only scans of ~14,754 rows vs. full comment table scans (~102k rows with filter cost ~2,882).
- Queries like s34 drop from ~149,249 cost to a much more tractable plan.

**4. postHistory(PostHistoryTypeId, CreationDate, UserId)**
- Confirmed used by planner as `tmp_idx_posthistory_84524b61` for queries filtering PostHistoryTypeId with CreationDate ranges and then joining by UserId (s38, s39, s47, s51, s106, s121, s125, s132, s145).
- For PostHistoryTypeId equality + CreationDate range, this enables index-only scans returning ~17,000–27,000 rows vs. bitmap heap scans of ~24,000–70,000 rows from the existing posttypeid-only index.
- The difference is most dramatic for s106 where the planner uses it for a 3-table join (comments+postHistory+votes on UserId) achieving cost ~474,086 vs millions without it.

**5. postLinks(RelatedPostId, LinkTypeId, CreationDate)**
- Confirmed used by planner as `tmp_idx_postlinks_fe583d40` in multiple queries (s26, s40, s41, s53, s54, s58, s59, s60, s61, s62, s63, s68–s73, s137, s139, s140–s143).
- Many complex queries join postLinks on RelatedPostId and filter on LinkTypeId=1 and/or CreationDate. The existing idx_postlinks_relatedpostid covers only the join key. Adding LinkTypeId+CreationDate enables filtering ~10,186 rows (LinkTypeId=1) or narrower with date ranges, vs. the full 11,102-row postlinks table.
- Enables index-only scans for the postLinks portion of complex 6-7 table joins, reducing intermediate result sets significantly.

### Why Other Candidates Were Rejected

- **postHistory(CreationDate, PostId)** and **postHistory(CreationDate, UserId)**: The planner showed minimal improvement (~0-100 cost) because postHistory is already well-covered by PostId and PostHistoryTypeId indexes, and date-range-only filtering still requires reading most of the table.
- **votes(PostId, VoteTypeId)** without CreationDate: Marginally weaker than the 3-column version; the planner consistently preferred the 3-column composite.
- **comments(Score, UserId, CreationDate)** (different column order): Tested and showed planner preferred the (Score, CreationDate, UserId) ordering for date range filtering after score equality.
- **posts(PostTypeId, OwnerUserId, Id)**: The existing idx_posts_posttypeid bitmap index already handles PostTypeId filtering effectively; adding OwnerUserId/Id showed negligible improvement.",4280.405,6.13
s105,"[{""table"": ""posts"", ""columns"": [""CreationDate"", ""Id"", ""OwnerUserId""]}, {""table"": ""votes"", ""columns"": [""VoteTypeId"", ""PostId"", ""CreationDate""]}, {""table"": ""comments"", ""columns"": [""Score"", ""CreationDate"", ""UserId""]}, {""table"": ""postHistory"", ""columns"": [""PostHistoryTypeId"", ""CreationDate"", ""UserId""]}, {""table"": ""postLinks"", ""columns"": [""RelatedPostId"", ""LinkTypeId"", ""CreationDate""]}]","## Analysis Summary

After extensive cost estimation across the full 146-query workload, I identified the existing index set and the five additional indexes that deliver the most benefit. The existing schema already has a rich set of indexes (idx_badges_userid, idx_badges_userid_date, idx_comments_userid, idx_comments_score_userid, idx_comments_postid, idx_comments_postid_creationdate, idx_comments_userid_score_creationdate, idx_votes_userid, idx_votes_userid_creationdate, idx_votes_postid_creationdate, idx_posthistory_userid, idx_posthistory_postid, idx_posthistory_postid_creationdate, idx_posthistory_posttypeid, idx_posthistory_posttypeid_userid, idx_posthistory_userid_typeid_creationdate, idx_postlinks_postid, idx_postlinks_relatedpostid, idx_postlinks_postid_linktypeid_creationdate, idx_posts_posttypeid, idx_posts_owneruserid, idx_posts_viewcount, idx_posts_answercount, idx_posts_id_posttype_creationdate, idx_posts_id_owneruserid).

### Recommended New Indexes

**1. posts(CreationDate, Id, OwnerUserId)**
- Confirmed effective by query planner for many queries (s7, s8, s18, s19, s20, s22, s26, s29, s40, s41, s42, s44, s92, s100, s117, s118, s120, s122, s123, s130, s137, s145, s146 and many complex queries).
- The planner uses it as an index-only scan for date-range filtering on posts, then exposes Id for join to postLinks/postHistory/votes and OwnerUserId for join to users/comments. This eliminates large sequential scans on the posts table (2219–2679 cost) reducing them to targeted index-only scans (~2700 rows selected from ~90k).
- Cost improvement observed: from ~11,605 to ~11,441 for s20; similar savings across dozens of queries that filter posts by CreationDate.

**2. votes(VoteTypeId, PostId, CreationDate)**
- Confirmed used by planner as `tmp_idx_votes_0786ecb9` in s129 (cost ~12,767 vs ~13,703 without) and many other queries (s25, s61, s63, s70, s71, s73, s76, s96, s127, s128, s129, s143, s145).
- The VoteTypeId=2 (upvote) filter is extremely common. Combined with PostId join key and optional CreationDate range filter, this composite index enables index-only scans instead of full sequential scans on the votes table (~192k rows, seq scan cost ~4,572).
- Particularly important for medium/complex queries involving 5-7-table joins where reducing votes scan cost has multiplicative benefit.

**3. comments(Score, CreationDate, UserId)**
- Confirmed used by planner as `tmp_idx_comments_2503997b` for queries filtering Score=1 or Score=2 with CreationDate ranges (s34, s49, s50, s107, s108, s116, s131 and others).
- Supplements the existing idx_comments_score_userid by adding CreationDate to enable range pruning when both Score equality and date ranges are applied. The planner chooses this for Score=1+date patterns, delivering targeted index-only scans of ~14,754 rows vs. full comment table scans (~102k rows with filter cost ~2,882).
- Queries like s34 drop from ~149,249 cost to a much more tractable plan.

**4. postHistory(PostHistoryTypeId, CreationDate, UserId)**
- Confirmed used by planner as `tmp_idx_posthistory_84524b61` for queries filtering PostHistoryTypeId with CreationDate ranges and then joining by UserId (s38, s39, s47, s51, s106, s121, s125, s132, s145).
- For PostHistoryTypeId equality + CreationDate range, this enables index-only scans returning ~17,000–27,000 rows vs. bitmap heap scans of ~24,000–70,000 rows from the existing posttypeid-only index.
- The difference is most dramatic for s106 where the planner uses it for a 3-table join (comments+postHistory+votes on UserId) achieving cost ~474,086 vs millions without it.

**5. postLinks(RelatedPostId, LinkTypeId, CreationDate)**
- Confirmed used by planner as `tmp_idx_postlinks_fe583d40` in multiple queries (s26, s40, s41, s53, s54, s58, s59, s60, s61, s62, s63, s68–s73, s137, s139, s140–s143).
- Many complex queries join postLinks on RelatedPostId and filter on LinkTypeId=1 and/or CreationDate. The existing idx_postlinks_relatedpostid covers only the join key. Adding LinkTypeId+CreationDate enables filtering ~10,186 rows (LinkTypeId=1) or narrower with date ranges, vs. the full 11,102-row postlinks table.
- Enables index-only scans for the postLinks portion of complex 6-7 table joins, reducing intermediate result sets significantly.

### Why Other Candidates Were Rejected

- **postHistory(CreationDate, PostId)** and **postHistory(CreationDate, UserId)**: The planner showed minimal improvement (~0-100 cost) because postHistory is already well-covered by PostId and PostHistoryTypeId indexes, and date-range-only filtering still requires reading most of the table.
- **votes(PostId, VoteTypeId)** without CreationDate: Marginally weaker than the 3-column version; the planner consistently preferred the 3-column composite.
- **comments(Score, UserId, CreationDate)** (different column order): Tested and showed planner preferred the (Score, CreationDate, UserId) ordering for date range filtering after score equality.
- **posts(PostTypeId, OwnerUserId, Id)**: The existing idx_posts_posttypeid bitmap index already handles PostTypeId filtering effectively; adding OwnerUserId/Id showed negligible improvement.",40746.884,-51.36
s106,"[{""table"": ""posts"", ""columns"": [""CreationDate"", ""Id"", ""OwnerUserId""]}, {""table"": ""votes"", ""columns"": [""VoteTypeId"", ""PostId"", ""CreationDate""]}, {""table"": ""comments"", ""columns"": [""Score"", ""CreationDate"", ""UserId""]}, {""table"": ""postHistory"", ""columns"": [""PostHistoryTypeId"", ""CreationDate"", ""UserId""]}, {""table"": ""postLinks"", ""columns"": [""RelatedPostId"", ""LinkTypeId"", ""CreationDate""]}]","## Analysis Summary

After extensive cost estimation across the full 146-query workload, I identified the existing index set and the five additional indexes that deliver the most benefit. The existing schema already has a rich set of indexes (idx_badges_userid, idx_badges_userid_date, idx_comments_userid, idx_comments_score_userid, idx_comments_postid, idx_comments_postid_creationdate, idx_comments_userid_score_creationdate, idx_votes_userid, idx_votes_userid_creationdate, idx_votes_postid_creationdate, idx_posthistory_userid, idx_posthistory_postid, idx_posthistory_postid_creationdate, idx_posthistory_posttypeid, idx_posthistory_posttypeid_userid, idx_posthistory_userid_typeid_creationdate, idx_postlinks_postid, idx_postlinks_relatedpostid, idx_postlinks_postid_linktypeid_creationdate, idx_posts_posttypeid, idx_posts_owneruserid, idx_posts_viewcount, idx_posts_answercount, idx_posts_id_posttype_creationdate, idx_posts_id_owneruserid).

### Recommended New Indexes

**1. posts(CreationDate, Id, OwnerUserId)**
- Confirmed effective by query planner for many queries (s7, s8, s18, s19, s20, s22, s26, s29, s40, s41, s42, s44, s92, s100, s117, s118, s120, s122, s123, s130, s137, s145, s146 and many complex queries).
- The planner uses it as an index-only scan for date-range filtering on posts, then exposes Id for join to postLinks/postHistory/votes and OwnerUserId for join to users/comments. This eliminates large sequential scans on the posts table (2219–2679 cost) reducing them to targeted index-only scans (~2700 rows selected from ~90k).
- Cost improvement observed: from ~11,605 to ~11,441 for s20; similar savings across dozens of queries that filter posts by CreationDate.

**2. votes(VoteTypeId, PostId, CreationDate)**
- Confirmed used by planner as `tmp_idx_votes_0786ecb9` in s129 (cost ~12,767 vs ~13,703 without) and many other queries (s25, s61, s63, s70, s71, s73, s76, s96, s127, s128, s129, s143, s145).
- The VoteTypeId=2 (upvote) filter is extremely common. Combined with PostId join key and optional CreationDate range filter, this composite index enables index-only scans instead of full sequential scans on the votes table (~192k rows, seq scan cost ~4,572).
- Particularly important for medium/complex queries involving 5-7-table joins where reducing votes scan cost has multiplicative benefit.

**3. comments(Score, CreationDate, UserId)**
- Confirmed used by planner as `tmp_idx_comments_2503997b` for queries filtering Score=1 or Score=2 with CreationDate ranges (s34, s49, s50, s107, s108, s116, s131 and others).
- Supplements the existing idx_comments_score_userid by adding CreationDate to enable range pruning when both Score equality and date ranges are applied. The planner chooses this for Score=1+date patterns, delivering targeted index-only scans of ~14,754 rows vs. full comment table scans (~102k rows with filter cost ~2,882).
- Queries like s34 drop from ~149,249 cost to a much more tractable plan.

**4. postHistory(PostHistoryTypeId, CreationDate, UserId)**
- Confirmed used by planner as `tmp_idx_posthistory_84524b61` for queries filtering PostHistoryTypeId with CreationDate ranges and then joining by UserId (s38, s39, s47, s51, s106, s121, s125, s132, s145).
- For PostHistoryTypeId equality + CreationDate range, this enables index-only scans returning ~17,000–27,000 rows vs. bitmap heap scans of ~24,000–70,000 rows from the existing posttypeid-only index.
- The difference is most dramatic for s106 where the planner uses it for a 3-table join (comments+postHistory+votes on UserId) achieving cost ~474,086 vs millions without it.

**5. postLinks(RelatedPostId, LinkTypeId, CreationDate)**
- Confirmed used by planner as `tmp_idx_postlinks_fe583d40` in multiple queries (s26, s40, s41, s53, s54, s58, s59, s60, s61, s62, s63, s68–s73, s137, s139, s140–s143).
- Many complex queries join postLinks on RelatedPostId and filter on LinkTypeId=1 and/or CreationDate. The existing idx_postlinks_relatedpostid covers only the join key. Adding LinkTypeId+CreationDate enables filtering ~10,186 rows (LinkTypeId=1) or narrower with date ranges, vs. the full 11,102-row postlinks table.
- Enables index-only scans for the postLinks portion of complex 6-7 table joins, reducing intermediate result sets significantly.

### Why Other Candidates Were Rejected

- **postHistory(CreationDate, PostId)** and **postHistory(CreationDate, UserId)**: The planner showed minimal improvement (~0-100 cost) because postHistory is already well-covered by PostId and PostHistoryTypeId indexes, and date-range-only filtering still requires reading most of the table.
- **votes(PostId, VoteTypeId)** without CreationDate: Marginally weaker than the 3-column version; the planner consistently preferred the 3-column composite.
- **comments(Score, UserId, CreationDate)** (different column order): Tested and showed planner preferred the (Score, CreationDate, UserId) ordering for date range filtering after score equality.
- **posts(PostTypeId, OwnerUserId, Id)**: The existing idx_posts_posttypeid bitmap index already handles PostTypeId filtering effectively; adding OwnerUserId/Id showed negligible improvement.",745.821,4.31
s107,"[{""table"": ""posts"", ""columns"": [""CreationDate"", ""Id"", ""OwnerUserId""]}, {""table"": ""votes"", ""columns"": [""VoteTypeId"", ""PostId"", ""CreationDate""]}, {""table"": ""comments"", ""columns"": [""Score"", ""CreationDate"", ""UserId""]}, {""table"": ""postHistory"", ""columns"": [""PostHistoryTypeId"", ""CreationDate"", ""UserId""]}, {""table"": ""postLinks"", ""columns"": [""RelatedPostId"", ""LinkTypeId"", ""CreationDate""]}]","## Analysis Summary

After extensive cost estimation across the full 146-query workload, I identified the existing index set and the five additional indexes that deliver the most benefit. The existing schema already has a rich set of indexes (idx_badges_userid, idx_badges_userid_date, idx_comments_userid, idx_comments_score_userid, idx_comments_postid, idx_comments_postid_creationdate, idx_comments_userid_score_creationdate, idx_votes_userid, idx_votes_userid_creationdate, idx_votes_postid_creationdate, idx_posthistory_userid, idx_posthistory_postid, idx_posthistory_postid_creationdate, idx_posthistory_posttypeid, idx_posthistory_posttypeid_userid, idx_posthistory_userid_typeid_creationdate, idx_postlinks_postid, idx_postlinks_relatedpostid, idx_postlinks_postid_linktypeid_creationdate, idx_posts_posttypeid, idx_posts_owneruserid, idx_posts_viewcount, idx_posts_answercount, idx_posts_id_posttype_creationdate, idx_posts_id_owneruserid).

### Recommended New Indexes

**1. posts(CreationDate, Id, OwnerUserId)**
- Confirmed effective by query planner for many queries (s7, s8, s18, s19, s20, s22, s26, s29, s40, s41, s42, s44, s92, s100, s117, s118, s120, s122, s123, s130, s137, s145, s146 and many complex queries).
- The planner uses it as an index-only scan for date-range filtering on posts, then exposes Id for join to postLinks/postHistory/votes and OwnerUserId for join to users/comments. This eliminates large sequential scans on the posts table (2219–2679 cost) reducing them to targeted index-only scans (~2700 rows selected from ~90k).
- Cost improvement observed: from ~11,605 to ~11,441 for s20; similar savings across dozens of queries that filter posts by CreationDate.

**2. votes(VoteTypeId, PostId, CreationDate)**
- Confirmed used by planner as `tmp_idx_votes_0786ecb9` in s129 (cost ~12,767 vs ~13,703 without) and many other queries (s25, s61, s63, s70, s71, s73, s76, s96, s127, s128, s129, s143, s145).
- The VoteTypeId=2 (upvote) filter is extremely common. Combined with PostId join key and optional CreationDate range filter, this composite index enables index-only scans instead of full sequential scans on the votes table (~192k rows, seq scan cost ~4,572).
- Particularly important for medium/complex queries involving 5-7-table joins where reducing votes scan cost has multiplicative benefit.

**3. comments(Score, CreationDate, UserId)**
- Confirmed used by planner as `tmp_idx_comments_2503997b` for queries filtering Score=1 or Score=2 with CreationDate ranges (s34, s49, s50, s107, s108, s116, s131 and others).
- Supplements the existing idx_comments_score_userid by adding CreationDate to enable range pruning when both Score equality and date ranges are applied. The planner chooses this for Score=1+date patterns, delivering targeted index-only scans of ~14,754 rows vs. full comment table scans (~102k rows with filter cost ~2,882).
- Queries like s34 drop from ~149,249 cost to a much more tractable plan.

**4. postHistory(PostHistoryTypeId, CreationDate, UserId)**
- Confirmed used by planner as `tmp_idx_posthistory_84524b61` for queries filtering PostHistoryTypeId with CreationDate ranges and then joining by UserId (s38, s39, s47, s51, s106, s121, s125, s132, s145).
- For PostHistoryTypeId equality + CreationDate range, this enables index-only scans returning ~17,000–27,000 rows vs. bitmap heap scans of ~24,000–70,000 rows from the existing posttypeid-only index.
- The difference is most dramatic for s106 where the planner uses it for a 3-table join (comments+postHistory+votes on UserId) achieving cost ~474,086 vs millions without it.

**5. postLinks(RelatedPostId, LinkTypeId, CreationDate)**
- Confirmed used by planner as `tmp_idx_postlinks_fe583d40` in multiple queries (s26, s40, s41, s53, s54, s58, s59, s60, s61, s62, s63, s68–s73, s137, s139, s140–s143).
- Many complex queries join postLinks on RelatedPostId and filter on LinkTypeId=1 and/or CreationDate. The existing idx_postlinks_relatedpostid covers only the join key. Adding LinkTypeId+CreationDate enables filtering ~10,186 rows (LinkTypeId=1) or narrower with date ranges, vs. the full 11,102-row postlinks table.
- Enables index-only scans for the postLinks portion of complex 6-7 table joins, reducing intermediate result sets significantly.

### Why Other Candidates Were Rejected

- **postHistory(CreationDate, PostId)** and **postHistory(CreationDate, UserId)**: The planner showed minimal improvement (~0-100 cost) because postHistory is already well-covered by PostId and PostHistoryTypeId indexes, and date-range-only filtering still requires reading most of the table.
- **votes(PostId, VoteTypeId)** without CreationDate: Marginally weaker than the 3-column version; the planner consistently preferred the 3-column composite.
- **comments(Score, UserId, CreationDate)** (different column order): Tested and showed planner preferred the (Score, CreationDate, UserId) ordering for date range filtering after score equality.
- **posts(PostTypeId, OwnerUserId, Id)**: The existing idx_posts_posttypeid bitmap index already handles PostTypeId filtering effectively; adding OwnerUserId/Id showed negligible improvement.",29061.517,-3.2
s108,"[{""table"": ""posts"", ""columns"": [""CreationDate"", ""Id"", ""OwnerUserId""]}, {""table"": ""votes"", ""columns"": [""VoteTypeId"", ""PostId"", ""CreationDate""]}, {""table"": ""comments"", ""columns"": [""Score"", ""CreationDate"", ""UserId""]}, {""table"": ""postHistory"", ""columns"": [""PostHistoryTypeId"", ""CreationDate"", ""UserId""]}, {""table"": ""postLinks"", ""columns"": [""RelatedPostId"", ""LinkTypeId"", ""CreationDate""]}]","## Analysis Summary

After extensive cost estimation across the full 146-query workload, I identified the existing index set and the five additional indexes that deliver the most benefit. The existing schema already has a rich set of indexes (idx_badges_userid, idx_badges_userid_date, idx_comments_userid, idx_comments_score_userid, idx_comments_postid, idx_comments_postid_creationdate, idx_comments_userid_score_creationdate, idx_votes_userid, idx_votes_userid_creationdate, idx_votes_postid_creationdate, idx_posthistory_userid, idx_posthistory_postid, idx_posthistory_postid_creationdate, idx_posthistory_posttypeid, idx_posthistory_posttypeid_userid, idx_posthistory_userid_typeid_creationdate, idx_postlinks_postid, idx_postlinks_relatedpostid, idx_postlinks_postid_linktypeid_creationdate, idx_posts_posttypeid, idx_posts_owneruserid, idx_posts_viewcount, idx_posts_answercount, idx_posts_id_posttype_creationdate, idx_posts_id_owneruserid).

### Recommended New Indexes

**1. posts(CreationDate, Id, OwnerUserId)**
- Confirmed effective by query planner for many queries (s7, s8, s18, s19, s20, s22, s26, s29, s40, s41, s42, s44, s92, s100, s117, s118, s120, s122, s123, s130, s137, s145, s146 and many complex queries).
- The planner uses it as an index-only scan for date-range filtering on posts, then exposes Id for join to postLinks/postHistory/votes and OwnerUserId for join to users/comments. This eliminates large sequential scans on the posts table (2219–2679 cost) reducing them to targeted index-only scans (~2700 rows selected from ~90k).
- Cost improvement observed: from ~11,605 to ~11,441 for s20; similar savings across dozens of queries that filter posts by CreationDate.

**2. votes(VoteTypeId, PostId, CreationDate)**
- Confirmed used by planner as `tmp_idx_votes_0786ecb9` in s129 (cost ~12,767 vs ~13,703 without) and many other queries (s25, s61, s63, s70, s71, s73, s76, s96, s127, s128, s129, s143, s145).
- The VoteTypeId=2 (upvote) filter is extremely common. Combined with PostId join key and optional CreationDate range filter, this composite index enables index-only scans instead of full sequential scans on the votes table (~192k rows, seq scan cost ~4,572).
- Particularly important for medium/complex queries involving 5-7-table joins where reducing votes scan cost has multiplicative benefit.

**3. comments(Score, CreationDate, UserId)**
- Confirmed used by planner as `tmp_idx_comments_2503997b` for queries filtering Score=1 or Score=2 with CreationDate ranges (s34, s49, s50, s107, s108, s116, s131 and others).
- Supplements the existing idx_comments_score_userid by adding CreationDate to enable range pruning when both Score equality and date ranges are applied. The planner chooses this for Score=1+date patterns, delivering targeted index-only scans of ~14,754 rows vs. full comment table scans (~102k rows with filter cost ~2,882).
- Queries like s34 drop from ~149,249 cost to a much more tractable plan.

**4. postHistory(PostHistoryTypeId, CreationDate, UserId)**
- Confirmed used by planner as `tmp_idx_posthistory_84524b61` for queries filtering PostHistoryTypeId with CreationDate ranges and then joining by UserId (s38, s39, s47, s51, s106, s121, s125, s132, s145).
- For PostHistoryTypeId equality + CreationDate range, this enables index-only scans returning ~17,000–27,000 rows vs. bitmap heap scans of ~24,000–70,000 rows from the existing posttypeid-only index.
- The difference is most dramatic for s106 where the planner uses it for a 3-table join (comments+postHistory+votes on UserId) achieving cost ~474,086 vs millions without it.

**5. postLinks(RelatedPostId, LinkTypeId, CreationDate)**
- Confirmed used by planner as `tmp_idx_postlinks_fe583d40` in multiple queries (s26, s40, s41, s53, s54, s58, s59, s60, s61, s62, s63, s68–s73, s137, s139, s140–s143).
- Many complex queries join postLinks on RelatedPostId and filter on LinkTypeId=1 and/or CreationDate. The existing idx_postlinks_relatedpostid covers only the join key. Adding LinkTypeId+CreationDate enables filtering ~10,186 rows (LinkTypeId=1) or narrower with date ranges, vs. the full 11,102-row postlinks table.
- Enables index-only scans for the postLinks portion of complex 6-7 table joins, reducing intermediate result sets significantly.

### Why Other Candidates Were Rejected

- **postHistory(CreationDate, PostId)** and **postHistory(CreationDate, UserId)**: The planner showed minimal improvement (~0-100 cost) because postHistory is already well-covered by PostId and PostHistoryTypeId indexes, and date-range-only filtering still requires reading most of the table.
- **votes(PostId, VoteTypeId)** without CreationDate: Marginally weaker than the 3-column version; the planner consistently preferred the 3-column composite.
- **comments(Score, UserId, CreationDate)** (different column order): Tested and showed planner preferred the (Score, CreationDate, UserId) ordering for date range filtering after score equality.
- **posts(PostTypeId, OwnerUserId, Id)**: The existing idx_posts_posttypeid bitmap index already handles PostTypeId filtering effectively; adding OwnerUserId/Id showed negligible improvement.",38732.568,-3.45
s109,"[{""table"": ""posts"", ""columns"": [""CreationDate"", ""Id"", ""OwnerUserId""]}, {""table"": ""votes"", ""columns"": [""VoteTypeId"", ""PostId"", ""CreationDate""]}, {""table"": ""comments"", ""columns"": [""Score"", ""CreationDate"", ""UserId""]}, {""table"": ""postHistory"", ""columns"": [""PostHistoryTypeId"", ""CreationDate"", ""UserId""]}, {""table"": ""postLinks"", ""columns"": [""RelatedPostId"", ""LinkTypeId"", ""CreationDate""]}]","## Analysis Summary

After extensive cost estimation across the full 146-query workload, I identified the existing index set and the five additional indexes that deliver the most benefit. The existing schema already has a rich set of indexes (idx_badges_userid, idx_badges_userid_date, idx_comments_userid, idx_comments_score_userid, idx_comments_postid, idx_comments_postid_creationdate, idx_comments_userid_score_creationdate, idx_votes_userid, idx_votes_userid_creationdate, idx_votes_postid_creationdate, idx_posthistory_userid, idx_posthistory_postid, idx_posthistory_postid_creationdate, idx_posthistory_posttypeid, idx_posthistory_posttypeid_userid, idx_posthistory_userid_typeid_creationdate, idx_postlinks_postid, idx_postlinks_relatedpostid, idx_postlinks_postid_linktypeid_creationdate, idx_posts_posttypeid, idx_posts_owneruserid, idx_posts_viewcount, idx_posts_answercount, idx_posts_id_posttype_creationdate, idx_posts_id_owneruserid).

### Recommended New Indexes

**1. posts(CreationDate, Id, OwnerUserId)**
- Confirmed effective by query planner for many queries (s7, s8, s18, s19, s20, s22, s26, s29, s40, s41, s42, s44, s92, s100, s117, s118, s120, s122, s123, s130, s137, s145, s146 and many complex queries).
- The planner uses it as an index-only scan for date-range filtering on posts, then exposes Id for join to postLinks/postHistory/votes and OwnerUserId for join to users/comments. This eliminates large sequential scans on the posts table (2219–2679 cost) reducing them to targeted index-only scans (~2700 rows selected from ~90k).
- Cost improvement observed: from ~11,605 to ~11,441 for s20; similar savings across dozens of queries that filter posts by CreationDate.

**2. votes(VoteTypeId, PostId, CreationDate)**
- Confirmed used by planner as `tmp_idx_votes_0786ecb9` in s129 (cost ~12,767 vs ~13,703 without) and many other queries (s25, s61, s63, s70, s71, s73, s76, s96, s127, s128, s129, s143, s145).
- The VoteTypeId=2 (upvote) filter is extremely common. Combined with PostId join key and optional CreationDate range filter, this composite index enables index-only scans instead of full sequential scans on the votes table (~192k rows, seq scan cost ~4,572).
- Particularly important for medium/complex queries involving 5-7-table joins where reducing votes scan cost has multiplicative benefit.

**3. comments(Score, CreationDate, UserId)**
- Confirmed used by planner as `tmp_idx_comments_2503997b` for queries filtering Score=1 or Score=2 with CreationDate ranges (s34, s49, s50, s107, s108, s116, s131 and others).
- Supplements the existing idx_comments_score_userid by adding CreationDate to enable range pruning when both Score equality and date ranges are applied. The planner chooses this for Score=1+date patterns, delivering targeted index-only scans of ~14,754 rows vs. full comment table scans (~102k rows with filter cost ~2,882).
- Queries like s34 drop from ~149,249 cost to a much more tractable plan.

**4. postHistory(PostHistoryTypeId, CreationDate, UserId)**
- Confirmed used by planner as `tmp_idx_posthistory_84524b61` for queries filtering PostHistoryTypeId with CreationDate ranges and then joining by UserId (s38, s39, s47, s51, s106, s121, s125, s132, s145).
- For PostHistoryTypeId equality + CreationDate range, this enables index-only scans returning ~17,000–27,000 rows vs. bitmap heap scans of ~24,000–70,000 rows from the existing posttypeid-only index.
- The difference is most dramatic for s106 where the planner uses it for a 3-table join (comments+postHistory+votes on UserId) achieving cost ~474,086 vs millions without it.

**5. postLinks(RelatedPostId, LinkTypeId, CreationDate)**
- Confirmed used by planner as `tmp_idx_postlinks_fe583d40` in multiple queries (s26, s40, s41, s53, s54, s58, s59, s60, s61, s62, s63, s68–s73, s137, s139, s140–s143).
- Many complex queries join postLinks on RelatedPostId and filter on LinkTypeId=1 and/or CreationDate. The existing idx_postlinks_relatedpostid covers only the join key. Adding LinkTypeId+CreationDate enables filtering ~10,186 rows (LinkTypeId=1) or narrower with date ranges, vs. the full 11,102-row postlinks table.
- Enables index-only scans for the postLinks portion of complex 6-7 table joins, reducing intermediate result sets significantly.

### Why Other Candidates Were Rejected

- **postHistory(CreationDate, PostId)** and **postHistory(CreationDate, UserId)**: The planner showed minimal improvement (~0-100 cost) because postHistory is already well-covered by PostId and PostHistoryTypeId indexes, and date-range-only filtering still requires reading most of the table.
- **votes(PostId, VoteTypeId)** without CreationDate: Marginally weaker than the 3-column version; the planner consistently preferred the 3-column composite.
- **comments(Score, UserId, CreationDate)** (different column order): Tested and showed planner preferred the (Score, CreationDate, UserId) ordering for date range filtering after score equality.
- **posts(PostTypeId, OwnerUserId, Id)**: The existing idx_posts_posttypeid bitmap index already handles PostTypeId filtering effectively; adding OwnerUserId/Id showed negligible improvement.",185.7,-6.45
s110,"[{""table"": ""posts"", ""columns"": [""CreationDate"", ""Id"", ""OwnerUserId""]}, {""table"": ""votes"", ""columns"": [""VoteTypeId"", ""PostId"", ""CreationDate""]}, {""table"": ""comments"", ""columns"": [""Score"", ""CreationDate"", ""UserId""]}, {""table"": ""postHistory"", ""columns"": [""PostHistoryTypeId"", ""CreationDate"", ""UserId""]}, {""table"": ""postLinks"", ""columns"": [""RelatedPostId"", ""LinkTypeId"", ""CreationDate""]}]","## Analysis Summary

After extensive cost estimation across the full 146-query workload, I identified the existing index set and the five additional indexes that deliver the most benefit. The existing schema already has a rich set of indexes (idx_badges_userid, idx_badges_userid_date, idx_comments_userid, idx_comments_score_userid, idx_comments_postid, idx_comments_postid_creationdate, idx_comments_userid_score_creationdate, idx_votes_userid, idx_votes_userid_creationdate, idx_votes_postid_creationdate, idx_posthistory_userid, idx_posthistory_postid, idx_posthistory_postid_creationdate, idx_posthistory_posttypeid, idx_posthistory_posttypeid_userid, idx_posthistory_userid_typeid_creationdate, idx_postlinks_postid, idx_postlinks_relatedpostid, idx_postlinks_postid_linktypeid_creationdate, idx_posts_posttypeid, idx_posts_owneruserid, idx_posts_viewcount, idx_posts_answercount, idx_posts_id_posttype_creationdate, idx_posts_id_owneruserid).

### Recommended New Indexes

**1. posts(CreationDate, Id, OwnerUserId)**
- Confirmed effective by query planner for many queries (s7, s8, s18, s19, s20, s22, s26, s29, s40, s41, s42, s44, s92, s100, s117, s118, s120, s122, s123, s130, s137, s145, s146 and many complex queries).
- The planner uses it as an index-only scan for date-range filtering on posts, then exposes Id for join to postLinks/postHistory/votes and OwnerUserId for join to users/comments. This eliminates large sequential scans on the posts table (2219–2679 cost) reducing them to targeted index-only scans (~2700 rows selected from ~90k).
- Cost improvement observed: from ~11,605 to ~11,441 for s20; similar savings across dozens of queries that filter posts by CreationDate.

**2. votes(VoteTypeId, PostId, CreationDate)**
- Confirmed used by planner as `tmp_idx_votes_0786ecb9` in s129 (cost ~12,767 vs ~13,703 without) and many other queries (s25, s61, s63, s70, s71, s73, s76, s96, s127, s128, s129, s143, s145).
- The VoteTypeId=2 (upvote) filter is extremely common. Combined with PostId join key and optional CreationDate range filter, this composite index enables index-only scans instead of full sequential scans on the votes table (~192k rows, seq scan cost ~4,572).
- Particularly important for medium/complex queries involving 5-7-table joins where reducing votes scan cost has multiplicative benefit.

**3. comments(Score, CreationDate, UserId)**
- Confirmed used by planner as `tmp_idx_comments_2503997b` for queries filtering Score=1 or Score=2 with CreationDate ranges (s34, s49, s50, s107, s108, s116, s131 and others).
- Supplements the existing idx_comments_score_userid by adding CreationDate to enable range pruning when both Score equality and date ranges are applied. The planner chooses this for Score=1+date patterns, delivering targeted index-only scans of ~14,754 rows vs. full comment table scans (~102k rows with filter cost ~2,882).
- Queries like s34 drop from ~149,249 cost to a much more tractable plan.

**4. postHistory(PostHistoryTypeId, CreationDate, UserId)**
- Confirmed used by planner as `tmp_idx_posthistory_84524b61` for queries filtering PostHistoryTypeId with CreationDate ranges and then joining by UserId (s38, s39, s47, s51, s106, s121, s125, s132, s145).
- For PostHistoryTypeId equality + CreationDate range, this enables index-only scans returning ~17,000–27,000 rows vs. bitmap heap scans of ~24,000–70,000 rows from the existing posttypeid-only index.
- The difference is most dramatic for s106 where the planner uses it for a 3-table join (comments+postHistory+votes on UserId) achieving cost ~474,086 vs millions without it.

**5. postLinks(RelatedPostId, LinkTypeId, CreationDate)**
- Confirmed used by planner as `tmp_idx_postlinks_fe583d40` in multiple queries (s26, s40, s41, s53, s54, s58, s59, s60, s61, s62, s63, s68–s73, s137, s139, s140–s143).
- Many complex queries join postLinks on RelatedPostId and filter on LinkTypeId=1 and/or CreationDate. The existing idx_postlinks_relatedpostid covers only the join key. Adding LinkTypeId+CreationDate enables filtering ~10,186 rows (LinkTypeId=1) or narrower with date ranges, vs. the full 11,102-row postlinks table.
- Enables index-only scans for the postLinks portion of complex 6-7 table joins, reducing intermediate result sets significantly.

### Why Other Candidates Were Rejected

- **postHistory(CreationDate, PostId)** and **postHistory(CreationDate, UserId)**: The planner showed minimal improvement (~0-100 cost) because postHistory is already well-covered by PostId and PostHistoryTypeId indexes, and date-range-only filtering still requires reading most of the table.
- **votes(PostId, VoteTypeId)** without CreationDate: Marginally weaker than the 3-column version; the planner consistently preferred the 3-column composite.
- **comments(Score, UserId, CreationDate)** (different column order): Tested and showed planner preferred the (Score, CreationDate, UserId) ordering for date range filtering after score equality.
- **posts(PostTypeId, OwnerUserId, Id)**: The existing idx_posts_posttypeid bitmap index already handles PostTypeId filtering effectively; adding OwnerUserId/Id showed negligible improvement.",192.775,-5.26
s111,"[{""table"": ""posts"", ""columns"": [""CreationDate"", ""Id"", ""OwnerUserId""]}, {""table"": ""votes"", ""columns"": [""VoteTypeId"", ""PostId"", ""CreationDate""]}, {""table"": ""comments"", ""columns"": [""Score"", ""CreationDate"", ""UserId""]}, {""table"": ""postHistory"", ""columns"": [""PostHistoryTypeId"", ""CreationDate"", ""UserId""]}, {""table"": ""postLinks"", ""columns"": [""RelatedPostId"", ""LinkTypeId"", ""CreationDate""]}]","## Analysis Summary

After extensive cost estimation across the full 146-query workload, I identified the existing index set and the five additional indexes that deliver the most benefit. The existing schema already has a rich set of indexes (idx_badges_userid, idx_badges_userid_date, idx_comments_userid, idx_comments_score_userid, idx_comments_postid, idx_comments_postid_creationdate, idx_comments_userid_score_creationdate, idx_votes_userid, idx_votes_userid_creationdate, idx_votes_postid_creationdate, idx_posthistory_userid, idx_posthistory_postid, idx_posthistory_postid_creationdate, idx_posthistory_posttypeid, idx_posthistory_posttypeid_userid, idx_posthistory_userid_typeid_creationdate, idx_postlinks_postid, idx_postlinks_relatedpostid, idx_postlinks_postid_linktypeid_creationdate, idx_posts_posttypeid, idx_posts_owneruserid, idx_posts_viewcount, idx_posts_answercount, idx_posts_id_posttype_creationdate, idx_posts_id_owneruserid).

### Recommended New Indexes

**1. posts(CreationDate, Id, OwnerUserId)**
- Confirmed effective by query planner for many queries (s7, s8, s18, s19, s20, s22, s26, s29, s40, s41, s42, s44, s92, s100, s117, s118, s120, s122, s123, s130, s137, s145, s146 and many complex queries).
- The planner uses it as an index-only scan for date-range filtering on posts, then exposes Id for join to postLinks/postHistory/votes and OwnerUserId for join to users/comments. This eliminates large sequential scans on the posts table (2219–2679 cost) reducing them to targeted index-only scans (~2700 rows selected from ~90k).
- Cost improvement observed: from ~11,605 to ~11,441 for s20; similar savings across dozens of queries that filter posts by CreationDate.

**2. votes(VoteTypeId, PostId, CreationDate)**
- Confirmed used by planner as `tmp_idx_votes_0786ecb9` in s129 (cost ~12,767 vs ~13,703 without) and many other queries (s25, s61, s63, s70, s71, s73, s76, s96, s127, s128, s129, s143, s145).
- The VoteTypeId=2 (upvote) filter is extremely common. Combined with PostId join key and optional CreationDate range filter, this composite index enables index-only scans instead of full sequential scans on the votes table (~192k rows, seq scan cost ~4,572).
- Particularly important for medium/complex queries involving 5-7-table joins where reducing votes scan cost has multiplicative benefit.

**3. comments(Score, CreationDate, UserId)**
- Confirmed used by planner as `tmp_idx_comments_2503997b` for queries filtering Score=1 or Score=2 with CreationDate ranges (s34, s49, s50, s107, s108, s116, s131 and others).
- Supplements the existing idx_comments_score_userid by adding CreationDate to enable range pruning when both Score equality and date ranges are applied. The planner chooses this for Score=1+date patterns, delivering targeted index-only scans of ~14,754 rows vs. full comment table scans (~102k rows with filter cost ~2,882).
- Queries like s34 drop from ~149,249 cost to a much more tractable plan.

**4. postHistory(PostHistoryTypeId, CreationDate, UserId)**
- Confirmed used by planner as `tmp_idx_posthistory_84524b61` for queries filtering PostHistoryTypeId with CreationDate ranges and then joining by UserId (s38, s39, s47, s51, s106, s121, s125, s132, s145).
- For PostHistoryTypeId equality + CreationDate range, this enables index-only scans returning ~17,000–27,000 rows vs. bitmap heap scans of ~24,000–70,000 rows from the existing posttypeid-only index.
- The difference is most dramatic for s106 where the planner uses it for a 3-table join (comments+postHistory+votes on UserId) achieving cost ~474,086 vs millions without it.

**5. postLinks(RelatedPostId, LinkTypeId, CreationDate)**
- Confirmed used by planner as `tmp_idx_postlinks_fe583d40` in multiple queries (s26, s40, s41, s53, s54, s58, s59, s60, s61, s62, s63, s68–s73, s137, s139, s140–s143).
- Many complex queries join postLinks on RelatedPostId and filter on LinkTypeId=1 and/or CreationDate. The existing idx_postlinks_relatedpostid covers only the join key. Adding LinkTypeId+CreationDate enables filtering ~10,186 rows (LinkTypeId=1) or narrower with date ranges, vs. the full 11,102-row postlinks table.
- Enables index-only scans for the postLinks portion of complex 6-7 table joins, reducing intermediate result sets significantly.

### Why Other Candidates Were Rejected

- **postHistory(CreationDate, PostId)** and **postHistory(CreationDate, UserId)**: The planner showed minimal improvement (~0-100 cost) because postHistory is already well-covered by PostId and PostHistoryTypeId indexes, and date-range-only filtering still requires reading most of the table.
- **votes(PostId, VoteTypeId)** without CreationDate: Marginally weaker than the 3-column version; the planner consistently preferred the 3-column composite.
- **comments(Score, UserId, CreationDate)** (different column order): Tested and showed planner preferred the (Score, CreationDate, UserId) ordering for date range filtering after score equality.
- **posts(PostTypeId, OwnerUserId, Id)**: The existing idx_posts_posttypeid bitmap index already handles PostTypeId filtering effectively; adding OwnerUserId/Id showed negligible improvement.",237.295,-2.97
s112,"[{""table"": ""posts"", ""columns"": [""CreationDate"", ""Id"", ""OwnerUserId""]}, {""table"": ""votes"", ""columns"": [""VoteTypeId"", ""PostId"", ""CreationDate""]}, {""table"": ""comments"", ""columns"": [""Score"", ""CreationDate"", ""UserId""]}, {""table"": ""postHistory"", ""columns"": [""PostHistoryTypeId"", ""CreationDate"", ""UserId""]}, {""table"": ""postLinks"", ""columns"": [""RelatedPostId"", ""LinkTypeId"", ""CreationDate""]}]","## Analysis Summary

After extensive cost estimation across the full 146-query workload, I identified the existing index set and the five additional indexes that deliver the most benefit. The existing schema already has a rich set of indexes (idx_badges_userid, idx_badges_userid_date, idx_comments_userid, idx_comments_score_userid, idx_comments_postid, idx_comments_postid_creationdate, idx_comments_userid_score_creationdate, idx_votes_userid, idx_votes_userid_creationdate, idx_votes_postid_creationdate, idx_posthistory_userid, idx_posthistory_postid, idx_posthistory_postid_creationdate, idx_posthistory_posttypeid, idx_posthistory_posttypeid_userid, idx_posthistory_userid_typeid_creationdate, idx_postlinks_postid, idx_postlinks_relatedpostid, idx_postlinks_postid_linktypeid_creationdate, idx_posts_posttypeid, idx_posts_owneruserid, idx_posts_viewcount, idx_posts_answercount, idx_posts_id_posttype_creationdate, idx_posts_id_owneruserid).

### Recommended New Indexes

**1. posts(CreationDate, Id, OwnerUserId)**
- Confirmed effective by query planner for many queries (s7, s8, s18, s19, s20, s22, s26, s29, s40, s41, s42, s44, s92, s100, s117, s118, s120, s122, s123, s130, s137, s145, s146 and many complex queries).
- The planner uses it as an index-only scan for date-range filtering on posts, then exposes Id for join to postLinks/postHistory/votes and OwnerUserId for join to users/comments. This eliminates large sequential scans on the posts table (2219–2679 cost) reducing them to targeted index-only scans (~2700 rows selected from ~90k).
- Cost improvement observed: from ~11,605 to ~11,441 for s20; similar savings across dozens of queries that filter posts by CreationDate.

**2. votes(VoteTypeId, PostId, CreationDate)**
- Confirmed used by planner as `tmp_idx_votes_0786ecb9` in s129 (cost ~12,767 vs ~13,703 without) and many other queries (s25, s61, s63, s70, s71, s73, s76, s96, s127, s128, s129, s143, s145).
- The VoteTypeId=2 (upvote) filter is extremely common. Combined with PostId join key and optional CreationDate range filter, this composite index enables index-only scans instead of full sequential scans on the votes table (~192k rows, seq scan cost ~4,572).
- Particularly important for medium/complex queries involving 5-7-table joins where reducing votes scan cost has multiplicative benefit.

**3. comments(Score, CreationDate, UserId)**
- Confirmed used by planner as `tmp_idx_comments_2503997b` for queries filtering Score=1 or Score=2 with CreationDate ranges (s34, s49, s50, s107, s108, s116, s131 and others).
- Supplements the existing idx_comments_score_userid by adding CreationDate to enable range pruning when both Score equality and date ranges are applied. The planner chooses this for Score=1+date patterns, delivering targeted index-only scans of ~14,754 rows vs. full comment table scans (~102k rows with filter cost ~2,882).
- Queries like s34 drop from ~149,249 cost to a much more tractable plan.

**4. postHistory(PostHistoryTypeId, CreationDate, UserId)**
- Confirmed used by planner as `tmp_idx_posthistory_84524b61` for queries filtering PostHistoryTypeId with CreationDate ranges and then joining by UserId (s38, s39, s47, s51, s106, s121, s125, s132, s145).
- For PostHistoryTypeId equality + CreationDate range, this enables index-only scans returning ~17,000–27,000 rows vs. bitmap heap scans of ~24,000–70,000 rows from the existing posttypeid-only index.
- The difference is most dramatic for s106 where the planner uses it for a 3-table join (comments+postHistory+votes on UserId) achieving cost ~474,086 vs millions without it.

**5. postLinks(RelatedPostId, LinkTypeId, CreationDate)**
- Confirmed used by planner as `tmp_idx_postlinks_fe583d40` in multiple queries (s26, s40, s41, s53, s54, s58, s59, s60, s61, s62, s63, s68–s73, s137, s139, s140–s143).
- Many complex queries join postLinks on RelatedPostId and filter on LinkTypeId=1 and/or CreationDate. The existing idx_postlinks_relatedpostid covers only the join key. Adding LinkTypeId+CreationDate enables filtering ~10,186 rows (LinkTypeId=1) or narrower with date ranges, vs. the full 11,102-row postlinks table.
- Enables index-only scans for the postLinks portion of complex 6-7 table joins, reducing intermediate result sets significantly.

### Why Other Candidates Were Rejected

- **postHistory(CreationDate, PostId)** and **postHistory(CreationDate, UserId)**: The planner showed minimal improvement (~0-100 cost) because postHistory is already well-covered by PostId and PostHistoryTypeId indexes, and date-range-only filtering still requires reading most of the table.
- **votes(PostId, VoteTypeId)** without CreationDate: Marginally weaker than the 3-column version; the planner consistently preferred the 3-column composite.
- **comments(Score, UserId, CreationDate)** (different column order): Tested and showed planner preferred the (Score, CreationDate, UserId) ordering for date range filtering after score equality.
- **posts(PostTypeId, OwnerUserId, Id)**: The existing idx_posts_posttypeid bitmap index already handles PostTypeId filtering effectively; adding OwnerUserId/Id showed negligible improvement.",229.438,-3.99
s113,"[{""table"": ""posts"", ""columns"": [""CreationDate"", ""Id"", ""OwnerUserId""]}, {""table"": ""votes"", ""columns"": [""VoteTypeId"", ""PostId"", ""CreationDate""]}, {""table"": ""comments"", ""columns"": [""Score"", ""CreationDate"", ""UserId""]}, {""table"": ""postHistory"", ""columns"": [""PostHistoryTypeId"", ""CreationDate"", ""UserId""]}, {""table"": ""postLinks"", ""columns"": [""RelatedPostId"", ""LinkTypeId"", ""CreationDate""]}]","## Analysis Summary

After extensive cost estimation across the full 146-query workload, I identified the existing index set and the five additional indexes that deliver the most benefit. The existing schema already has a rich set of indexes (idx_badges_userid, idx_badges_userid_date, idx_comments_userid, idx_comments_score_userid, idx_comments_postid, idx_comments_postid_creationdate, idx_comments_userid_score_creationdate, idx_votes_userid, idx_votes_userid_creationdate, idx_votes_postid_creationdate, idx_posthistory_userid, idx_posthistory_postid, idx_posthistory_postid_creationdate, idx_posthistory_posttypeid, idx_posthistory_posttypeid_userid, idx_posthistory_userid_typeid_creationdate, idx_postlinks_postid, idx_postlinks_relatedpostid, idx_postlinks_postid_linktypeid_creationdate, idx_posts_posttypeid, idx_posts_owneruserid, idx_posts_viewcount, idx_posts_answercount, idx_posts_id_posttype_creationdate, idx_posts_id_owneruserid).

### Recommended New Indexes

**1. posts(CreationDate, Id, OwnerUserId)**
- Confirmed effective by query planner for many queries (s7, s8, s18, s19, s20, s22, s26, s29, s40, s41, s42, s44, s92, s100, s117, s118, s120, s122, s123, s130, s137, s145, s146 and many complex queries).
- The planner uses it as an index-only scan for date-range filtering on posts, then exposes Id for join to postLinks/postHistory/votes and OwnerUserId for join to users/comments. This eliminates large sequential scans on the posts table (2219–2679 cost) reducing them to targeted index-only scans (~2700 rows selected from ~90k).
- Cost improvement observed: from ~11,605 to ~11,441 for s20; similar savings across dozens of queries that filter posts by CreationDate.

**2. votes(VoteTypeId, PostId, CreationDate)**
- Confirmed used by planner as `tmp_idx_votes_0786ecb9` in s129 (cost ~12,767 vs ~13,703 without) and many other queries (s25, s61, s63, s70, s71, s73, s76, s96, s127, s128, s129, s143, s145).
- The VoteTypeId=2 (upvote) filter is extremely common. Combined with PostId join key and optional CreationDate range filter, this composite index enables index-only scans instead of full sequential scans on the votes table (~192k rows, seq scan cost ~4,572).
- Particularly important for medium/complex queries involving 5-7-table joins where reducing votes scan cost has multiplicative benefit.

**3. comments(Score, CreationDate, UserId)**
- Confirmed used by planner as `tmp_idx_comments_2503997b` for queries filtering Score=1 or Score=2 with CreationDate ranges (s34, s49, s50, s107, s108, s116, s131 and others).
- Supplements the existing idx_comments_score_userid by adding CreationDate to enable range pruning when both Score equality and date ranges are applied. The planner chooses this for Score=1+date patterns, delivering targeted index-only scans of ~14,754 rows vs. full comment table scans (~102k rows with filter cost ~2,882).
- Queries like s34 drop from ~149,249 cost to a much more tractable plan.

**4. postHistory(PostHistoryTypeId, CreationDate, UserId)**
- Confirmed used by planner as `tmp_idx_posthistory_84524b61` for queries filtering PostHistoryTypeId with CreationDate ranges and then joining by UserId (s38, s39, s47, s51, s106, s121, s125, s132, s145).
- For PostHistoryTypeId equality + CreationDate range, this enables index-only scans returning ~17,000–27,000 rows vs. bitmap heap scans of ~24,000–70,000 rows from the existing posttypeid-only index.
- The difference is most dramatic for s106 where the planner uses it for a 3-table join (comments+postHistory+votes on UserId) achieving cost ~474,086 vs millions without it.

**5. postLinks(RelatedPostId, LinkTypeId, CreationDate)**
- Confirmed used by planner as `tmp_idx_postlinks_fe583d40` in multiple queries (s26, s40, s41, s53, s54, s58, s59, s60, s61, s62, s63, s68–s73, s137, s139, s140–s143).
- Many complex queries join postLinks on RelatedPostId and filter on LinkTypeId=1 and/or CreationDate. The existing idx_postlinks_relatedpostid covers only the join key. Adding LinkTypeId+CreationDate enables filtering ~10,186 rows (LinkTypeId=1) or narrower with date ranges, vs. the full 11,102-row postlinks table.
- Enables index-only scans for the postLinks portion of complex 6-7 table joins, reducing intermediate result sets significantly.

### Why Other Candidates Were Rejected

- **postHistory(CreationDate, PostId)** and **postHistory(CreationDate, UserId)**: The planner showed minimal improvement (~0-100 cost) because postHistory is already well-covered by PostId and PostHistoryTypeId indexes, and date-range-only filtering still requires reading most of the table.
- **votes(PostId, VoteTypeId)** without CreationDate: Marginally weaker than the 3-column version; the planner consistently preferred the 3-column composite.
- **comments(Score, UserId, CreationDate)** (different column order): Tested and showed planner preferred the (Score, CreationDate, UserId) ordering for date range filtering after score equality.
- **posts(PostTypeId, OwnerUserId, Id)**: The existing idx_posts_posttypeid bitmap index already handles PostTypeId filtering effectively; adding OwnerUserId/Id showed negligible improvement.",2677.814,-5.3
s114,"[{""table"": ""posts"", ""columns"": [""CreationDate"", ""Id"", ""OwnerUserId""]}, {""table"": ""votes"", ""columns"": [""VoteTypeId"", ""PostId"", ""CreationDate""]}, {""table"": ""comments"", ""columns"": [""Score"", ""CreationDate"", ""UserId""]}, {""table"": ""postHistory"", ""columns"": [""PostHistoryTypeId"", ""CreationDate"", ""UserId""]}, {""table"": ""postLinks"", ""columns"": [""RelatedPostId"", ""LinkTypeId"", ""CreationDate""]}]","## Analysis Summary

After extensive cost estimation across the full 146-query workload, I identified the existing index set and the five additional indexes that deliver the most benefit. The existing schema already has a rich set of indexes (idx_badges_userid, idx_badges_userid_date, idx_comments_userid, idx_comments_score_userid, idx_comments_postid, idx_comments_postid_creationdate, idx_comments_userid_score_creationdate, idx_votes_userid, idx_votes_userid_creationdate, idx_votes_postid_creationdate, idx_posthistory_userid, idx_posthistory_postid, idx_posthistory_postid_creationdate, idx_posthistory_posttypeid, idx_posthistory_posttypeid_userid, idx_posthistory_userid_typeid_creationdate, idx_postlinks_postid, idx_postlinks_relatedpostid, idx_postlinks_postid_linktypeid_creationdate, idx_posts_posttypeid, idx_posts_owneruserid, idx_posts_viewcount, idx_posts_answercount, idx_posts_id_posttype_creationdate, idx_posts_id_owneruserid).

### Recommended New Indexes

**1. posts(CreationDate, Id, OwnerUserId)**
- Confirmed effective by query planner for many queries (s7, s8, s18, s19, s20, s22, s26, s29, s40, s41, s42, s44, s92, s100, s117, s118, s120, s122, s123, s130, s137, s145, s146 and many complex queries).
- The planner uses it as an index-only scan for date-range filtering on posts, then exposes Id for join to postLinks/postHistory/votes and OwnerUserId for join to users/comments. This eliminates large sequential scans on the posts table (2219–2679 cost) reducing them to targeted index-only scans (~2700 rows selected from ~90k).
- Cost improvement observed: from ~11,605 to ~11,441 for s20; similar savings across dozens of queries that filter posts by CreationDate.

**2. votes(VoteTypeId, PostId, CreationDate)**
- Confirmed used by planner as `tmp_idx_votes_0786ecb9` in s129 (cost ~12,767 vs ~13,703 without) and many other queries (s25, s61, s63, s70, s71, s73, s76, s96, s127, s128, s129, s143, s145).
- The VoteTypeId=2 (upvote) filter is extremely common. Combined with PostId join key and optional CreationDate range filter, this composite index enables index-only scans instead of full sequential scans on the votes table (~192k rows, seq scan cost ~4,572).
- Particularly important for medium/complex queries involving 5-7-table joins where reducing votes scan cost has multiplicative benefit.

**3. comments(Score, CreationDate, UserId)**
- Confirmed used by planner as `tmp_idx_comments_2503997b` for queries filtering Score=1 or Score=2 with CreationDate ranges (s34, s49, s50, s107, s108, s116, s131 and others).
- Supplements the existing idx_comments_score_userid by adding CreationDate to enable range pruning when both Score equality and date ranges are applied. The planner chooses this for Score=1+date patterns, delivering targeted index-only scans of ~14,754 rows vs. full comment table scans (~102k rows with filter cost ~2,882).
- Queries like s34 drop from ~149,249 cost to a much more tractable plan.

**4. postHistory(PostHistoryTypeId, CreationDate, UserId)**
- Confirmed used by planner as `tmp_idx_posthistory_84524b61` for queries filtering PostHistoryTypeId with CreationDate ranges and then joining by UserId (s38, s39, s47, s51, s106, s121, s125, s132, s145).
- For PostHistoryTypeId equality + CreationDate range, this enables index-only scans returning ~17,000–27,000 rows vs. bitmap heap scans of ~24,000–70,000 rows from the existing posttypeid-only index.
- The difference is most dramatic for s106 where the planner uses it for a 3-table join (comments+postHistory+votes on UserId) achieving cost ~474,086 vs millions without it.

**5. postLinks(RelatedPostId, LinkTypeId, CreationDate)**
- Confirmed used by planner as `tmp_idx_postlinks_fe583d40` in multiple queries (s26, s40, s41, s53, s54, s58, s59, s60, s61, s62, s63, s68–s73, s137, s139, s140–s143).
- Many complex queries join postLinks on RelatedPostId and filter on LinkTypeId=1 and/or CreationDate. The existing idx_postlinks_relatedpostid covers only the join key. Adding LinkTypeId+CreationDate enables filtering ~10,186 rows (LinkTypeId=1) or narrower with date ranges, vs. the full 11,102-row postlinks table.
- Enables index-only scans for the postLinks portion of complex 6-7 table joins, reducing intermediate result sets significantly.

### Why Other Candidates Were Rejected

- **postHistory(CreationDate, PostId)** and **postHistory(CreationDate, UserId)**: The planner showed minimal improvement (~0-100 cost) because postHistory is already well-covered by PostId and PostHistoryTypeId indexes, and date-range-only filtering still requires reading most of the table.
- **votes(PostId, VoteTypeId)** without CreationDate: Marginally weaker than the 3-column version; the planner consistently preferred the 3-column composite.
- **comments(Score, UserId, CreationDate)** (different column order): Tested and showed planner preferred the (Score, CreationDate, UserId) ordering for date range filtering after score equality.
- **posts(PostTypeId, OwnerUserId, Id)**: The existing idx_posts_posttypeid bitmap index already handles PostTypeId filtering effectively; adding OwnerUserId/Id showed negligible improvement.",1197.837,2.73
s115,"[{""table"": ""posts"", ""columns"": [""CreationDate"", ""Id"", ""OwnerUserId""]}, {""table"": ""votes"", ""columns"": [""VoteTypeId"", ""PostId"", ""CreationDate""]}, {""table"": ""comments"", ""columns"": [""Score"", ""CreationDate"", ""UserId""]}, {""table"": ""postHistory"", ""columns"": [""PostHistoryTypeId"", ""CreationDate"", ""UserId""]}, {""table"": ""postLinks"", ""columns"": [""RelatedPostId"", ""LinkTypeId"", ""CreationDate""]}]","## Analysis Summary

After extensive cost estimation across the full 146-query workload, I identified the existing index set and the five additional indexes that deliver the most benefit. The existing schema already has a rich set of indexes (idx_badges_userid, idx_badges_userid_date, idx_comments_userid, idx_comments_score_userid, idx_comments_postid, idx_comments_postid_creationdate, idx_comments_userid_score_creationdate, idx_votes_userid, idx_votes_userid_creationdate, idx_votes_postid_creationdate, idx_posthistory_userid, idx_posthistory_postid, idx_posthistory_postid_creationdate, idx_posthistory_posttypeid, idx_posthistory_posttypeid_userid, idx_posthistory_userid_typeid_creationdate, idx_postlinks_postid, idx_postlinks_relatedpostid, idx_postlinks_postid_linktypeid_creationdate, idx_posts_posttypeid, idx_posts_owneruserid, idx_posts_viewcount, idx_posts_answercount, idx_posts_id_posttype_creationdate, idx_posts_id_owneruserid).

### Recommended New Indexes

**1. posts(CreationDate, Id, OwnerUserId)**
- Confirmed effective by query planner for many queries (s7, s8, s18, s19, s20, s22, s26, s29, s40, s41, s42, s44, s92, s100, s117, s118, s120, s122, s123, s130, s137, s145, s146 and many complex queries).
- The planner uses it as an index-only scan for date-range filtering on posts, then exposes Id for join to postLinks/postHistory/votes and OwnerUserId for join to users/comments. This eliminates large sequential scans on the posts table (2219–2679 cost) reducing them to targeted index-only scans (~2700 rows selected from ~90k).
- Cost improvement observed: from ~11,605 to ~11,441 for s20; similar savings across dozens of queries that filter posts by CreationDate.

**2. votes(VoteTypeId, PostId, CreationDate)**
- Confirmed used by planner as `tmp_idx_votes_0786ecb9` in s129 (cost ~12,767 vs ~13,703 without) and many other queries (s25, s61, s63, s70, s71, s73, s76, s96, s127, s128, s129, s143, s145).
- The VoteTypeId=2 (upvote) filter is extremely common. Combined with PostId join key and optional CreationDate range filter, this composite index enables index-only scans instead of full sequential scans on the votes table (~192k rows, seq scan cost ~4,572).
- Particularly important for medium/complex queries involving 5-7-table joins where reducing votes scan cost has multiplicative benefit.

**3. comments(Score, CreationDate, UserId)**
- Confirmed used by planner as `tmp_idx_comments_2503997b` for queries filtering Score=1 or Score=2 with CreationDate ranges (s34, s49, s50, s107, s108, s116, s131 and others).
- Supplements the existing idx_comments_score_userid by adding CreationDate to enable range pruning when both Score equality and date ranges are applied. The planner chooses this for Score=1+date patterns, delivering targeted index-only scans of ~14,754 rows vs. full comment table scans (~102k rows with filter cost ~2,882).
- Queries like s34 drop from ~149,249 cost to a much more tractable plan.

**4. postHistory(PostHistoryTypeId, CreationDate, UserId)**
- Confirmed used by planner as `tmp_idx_posthistory_84524b61` for queries filtering PostHistoryTypeId with CreationDate ranges and then joining by UserId (s38, s39, s47, s51, s106, s121, s125, s132, s145).
- For PostHistoryTypeId equality + CreationDate range, this enables index-only scans returning ~17,000–27,000 rows vs. bitmap heap scans of ~24,000–70,000 rows from the existing posttypeid-only index.
- The difference is most dramatic for s106 where the planner uses it for a 3-table join (comments+postHistory+votes on UserId) achieving cost ~474,086 vs millions without it.

**5. postLinks(RelatedPostId, LinkTypeId, CreationDate)**
- Confirmed used by planner as `tmp_idx_postlinks_fe583d40` in multiple queries (s26, s40, s41, s53, s54, s58, s59, s60, s61, s62, s63, s68–s73, s137, s139, s140–s143).
- Many complex queries join postLinks on RelatedPostId and filter on LinkTypeId=1 and/or CreationDate. The existing idx_postlinks_relatedpostid covers only the join key. Adding LinkTypeId+CreationDate enables filtering ~10,186 rows (LinkTypeId=1) or narrower with date ranges, vs. the full 11,102-row postlinks table.
- Enables index-only scans for the postLinks portion of complex 6-7 table joins, reducing intermediate result sets significantly.

### Why Other Candidates Were Rejected

- **postHistory(CreationDate, PostId)** and **postHistory(CreationDate, UserId)**: The planner showed minimal improvement (~0-100 cost) because postHistory is already well-covered by PostId and PostHistoryTypeId indexes, and date-range-only filtering still requires reading most of the table.
- **votes(PostId, VoteTypeId)** without CreationDate: Marginally weaker than the 3-column version; the planner consistently preferred the 3-column composite.
- **comments(Score, UserId, CreationDate)** (different column order): Tested and showed planner preferred the (Score, CreationDate, UserId) ordering for date range filtering after score equality.
- **posts(PostTypeId, OwnerUserId, Id)**: The existing idx_posts_posttypeid bitmap index already handles PostTypeId filtering effectively; adding OwnerUserId/Id showed negligible improvement.",4112.772,-9.95
s116,"[{""table"": ""posts"", ""columns"": [""CreationDate"", ""Id"", ""OwnerUserId""]}, {""table"": ""votes"", ""columns"": [""VoteTypeId"", ""PostId"", ""CreationDate""]}, {""table"": ""comments"", ""columns"": [""Score"", ""CreationDate"", ""UserId""]}, {""table"": ""postHistory"", ""columns"": [""PostHistoryTypeId"", ""CreationDate"", ""UserId""]}, {""table"": ""postLinks"", ""columns"": [""RelatedPostId"", ""LinkTypeId"", ""CreationDate""]}]","## Analysis Summary

After extensive cost estimation across the full 146-query workload, I identified the existing index set and the five additional indexes that deliver the most benefit. The existing schema already has a rich set of indexes (idx_badges_userid, idx_badges_userid_date, idx_comments_userid, idx_comments_score_userid, idx_comments_postid, idx_comments_postid_creationdate, idx_comments_userid_score_creationdate, idx_votes_userid, idx_votes_userid_creationdate, idx_votes_postid_creationdate, idx_posthistory_userid, idx_posthistory_postid, idx_posthistory_postid_creationdate, idx_posthistory_posttypeid, idx_posthistory_posttypeid_userid, idx_posthistory_userid_typeid_creationdate, idx_postlinks_postid, idx_postlinks_relatedpostid, idx_postlinks_postid_linktypeid_creationdate, idx_posts_posttypeid, idx_posts_owneruserid, idx_posts_viewcount, idx_posts_answercount, idx_posts_id_posttype_creationdate, idx_posts_id_owneruserid).

### Recommended New Indexes

**1. posts(CreationDate, Id, OwnerUserId)**
- Confirmed effective by query planner for many queries (s7, s8, s18, s19, s20, s22, s26, s29, s40, s41, s42, s44, s92, s100, s117, s118, s120, s122, s123, s130, s137, s145, s146 and many complex queries).
- The planner uses it as an index-only scan for date-range filtering on posts, then exposes Id for join to postLinks/postHistory/votes and OwnerUserId for join to users/comments. This eliminates large sequential scans on the posts table (2219–2679 cost) reducing them to targeted index-only scans (~2700 rows selected from ~90k).
- Cost improvement observed: from ~11,605 to ~11,441 for s20; similar savings across dozens of queries that filter posts by CreationDate.

**2. votes(VoteTypeId, PostId, CreationDate)**
- Confirmed used by planner as `tmp_idx_votes_0786ecb9` in s129 (cost ~12,767 vs ~13,703 without) and many other queries (s25, s61, s63, s70, s71, s73, s76, s96, s127, s128, s129, s143, s145).
- The VoteTypeId=2 (upvote) filter is extremely common. Combined with PostId join key and optional CreationDate range filter, this composite index enables index-only scans instead of full sequential scans on the votes table (~192k rows, seq scan cost ~4,572).
- Particularly important for medium/complex queries involving 5-7-table joins where reducing votes scan cost has multiplicative benefit.

**3. comments(Score, CreationDate, UserId)**
- Confirmed used by planner as `tmp_idx_comments_2503997b` for queries filtering Score=1 or Score=2 with CreationDate ranges (s34, s49, s50, s107, s108, s116, s131 and others).
- Supplements the existing idx_comments_score_userid by adding CreationDate to enable range pruning when both Score equality and date ranges are applied. The planner chooses this for Score=1+date patterns, delivering targeted index-only scans of ~14,754 rows vs. full comment table scans (~102k rows with filter cost ~2,882).
- Queries like s34 drop from ~149,249 cost to a much more tractable plan.

**4. postHistory(PostHistoryTypeId, CreationDate, UserId)**
- Confirmed used by planner as `tmp_idx_posthistory_84524b61` for queries filtering PostHistoryTypeId with CreationDate ranges and then joining by UserId (s38, s39, s47, s51, s106, s121, s125, s132, s145).
- For PostHistoryTypeId equality + CreationDate range, this enables index-only scans returning ~17,000–27,000 rows vs. bitmap heap scans of ~24,000–70,000 rows from the existing posttypeid-only index.
- The difference is most dramatic for s106 where the planner uses it for a 3-table join (comments+postHistory+votes on UserId) achieving cost ~474,086 vs millions without it.

**5. postLinks(RelatedPostId, LinkTypeId, CreationDate)**
- Confirmed used by planner as `tmp_idx_postlinks_fe583d40` in multiple queries (s26, s40, s41, s53, s54, s58, s59, s60, s61, s62, s63, s68–s73, s137, s139, s140–s143).
- Many complex queries join postLinks on RelatedPostId and filter on LinkTypeId=1 and/or CreationDate. The existing idx_postlinks_relatedpostid covers only the join key. Adding LinkTypeId+CreationDate enables filtering ~10,186 rows (LinkTypeId=1) or narrower with date ranges, vs. the full 11,102-row postlinks table.
- Enables index-only scans for the postLinks portion of complex 6-7 table joins, reducing intermediate result sets significantly.

### Why Other Candidates Were Rejected

- **postHistory(CreationDate, PostId)** and **postHistory(CreationDate, UserId)**: The planner showed minimal improvement (~0-100 cost) because postHistory is already well-covered by PostId and PostHistoryTypeId indexes, and date-range-only filtering still requires reading most of the table.
- **votes(PostId, VoteTypeId)** without CreationDate: Marginally weaker than the 3-column version; the planner consistently preferred the 3-column composite.
- **comments(Score, UserId, CreationDate)** (different column order): Tested and showed planner preferred the (Score, CreationDate, UserId) ordering for date range filtering after score equality.
- **posts(PostTypeId, OwnerUserId, Id)**: The existing idx_posts_posttypeid bitmap index already handles PostTypeId filtering effectively; adding OwnerUserId/Id showed negligible improvement.",321.423,0.19
s117,"[{""table"": ""posts"", ""columns"": [""CreationDate"", ""Id"", ""OwnerUserId""]}, {""table"": ""votes"", ""columns"": [""VoteTypeId"", ""PostId"", ""CreationDate""]}, {""table"": ""comments"", ""columns"": [""Score"", ""CreationDate"", ""UserId""]}, {""table"": ""postHistory"", ""columns"": [""PostHistoryTypeId"", ""CreationDate"", ""UserId""]}, {""table"": ""postLinks"", ""columns"": [""RelatedPostId"", ""LinkTypeId"", ""CreationDate""]}]","## Analysis Summary

After extensive cost estimation across the full 146-query workload, I identified the existing index set and the five additional indexes that deliver the most benefit. The existing schema already has a rich set of indexes (idx_badges_userid, idx_badges_userid_date, idx_comments_userid, idx_comments_score_userid, idx_comments_postid, idx_comments_postid_creationdate, idx_comments_userid_score_creationdate, idx_votes_userid, idx_votes_userid_creationdate, idx_votes_postid_creationdate, idx_posthistory_userid, idx_posthistory_postid, idx_posthistory_postid_creationdate, idx_posthistory_posttypeid, idx_posthistory_posttypeid_userid, idx_posthistory_userid_typeid_creationdate, idx_postlinks_postid, idx_postlinks_relatedpostid, idx_postlinks_postid_linktypeid_creationdate, idx_posts_posttypeid, idx_posts_owneruserid, idx_posts_viewcount, idx_posts_answercount, idx_posts_id_posttype_creationdate, idx_posts_id_owneruserid).

### Recommended New Indexes

**1. posts(CreationDate, Id, OwnerUserId)**
- Confirmed effective by query planner for many queries (s7, s8, s18, s19, s20, s22, s26, s29, s40, s41, s42, s44, s92, s100, s117, s118, s120, s122, s123, s130, s137, s145, s146 and many complex queries).
- The planner uses it as an index-only scan for date-range filtering on posts, then exposes Id for join to postLinks/postHistory/votes and OwnerUserId for join to users/comments. This eliminates large sequential scans on the posts table (2219–2679 cost) reducing them to targeted index-only scans (~2700 rows selected from ~90k).
- Cost improvement observed: from ~11,605 to ~11,441 for s20; similar savings across dozens of queries that filter posts by CreationDate.

**2. votes(VoteTypeId, PostId, CreationDate)**
- Confirmed used by planner as `tmp_idx_votes_0786ecb9` in s129 (cost ~12,767 vs ~13,703 without) and many other queries (s25, s61, s63, s70, s71, s73, s76, s96, s127, s128, s129, s143, s145).
- The VoteTypeId=2 (upvote) filter is extremely common. Combined with PostId join key and optional CreationDate range filter, this composite index enables index-only scans instead of full sequential scans on the votes table (~192k rows, seq scan cost ~4,572).
- Particularly important for medium/complex queries involving 5-7-table joins where reducing votes scan cost has multiplicative benefit.

**3. comments(Score, CreationDate, UserId)**
- Confirmed used by planner as `tmp_idx_comments_2503997b` for queries filtering Score=1 or Score=2 with CreationDate ranges (s34, s49, s50, s107, s108, s116, s131 and others).
- Supplements the existing idx_comments_score_userid by adding CreationDate to enable range pruning when both Score equality and date ranges are applied. The planner chooses this for Score=1+date patterns, delivering targeted index-only scans of ~14,754 rows vs. full comment table scans (~102k rows with filter cost ~2,882).
- Queries like s34 drop from ~149,249 cost to a much more tractable plan.

**4. postHistory(PostHistoryTypeId, CreationDate, UserId)**
- Confirmed used by planner as `tmp_idx_posthistory_84524b61` for queries filtering PostHistoryTypeId with CreationDate ranges and then joining by UserId (s38, s39, s47, s51, s106, s121, s125, s132, s145).
- For PostHistoryTypeId equality + CreationDate range, this enables index-only scans returning ~17,000–27,000 rows vs. bitmap heap scans of ~24,000–70,000 rows from the existing posttypeid-only index.
- The difference is most dramatic for s106 where the planner uses it for a 3-table join (comments+postHistory+votes on UserId) achieving cost ~474,086 vs millions without it.

**5. postLinks(RelatedPostId, LinkTypeId, CreationDate)**
- Confirmed used by planner as `tmp_idx_postlinks_fe583d40` in multiple queries (s26, s40, s41, s53, s54, s58, s59, s60, s61, s62, s63, s68–s73, s137, s139, s140–s143).
- Many complex queries join postLinks on RelatedPostId and filter on LinkTypeId=1 and/or CreationDate. The existing idx_postlinks_relatedpostid covers only the join key. Adding LinkTypeId+CreationDate enables filtering ~10,186 rows (LinkTypeId=1) or narrower with date ranges, vs. the full 11,102-row postlinks table.
- Enables index-only scans for the postLinks portion of complex 6-7 table joins, reducing intermediate result sets significantly.

### Why Other Candidates Were Rejected

- **postHistory(CreationDate, PostId)** and **postHistory(CreationDate, UserId)**: The planner showed minimal improvement (~0-100 cost) because postHistory is already well-covered by PostId and PostHistoryTypeId indexes, and date-range-only filtering still requires reading most of the table.
- **votes(PostId, VoteTypeId)** without CreationDate: Marginally weaker than the 3-column version; the planner consistently preferred the 3-column composite.
- **comments(Score, UserId, CreationDate)** (different column order): Tested and showed planner preferred the (Score, CreationDate, UserId) ordering for date range filtering after score equality.
- **posts(PostTypeId, OwnerUserId, Id)**: The existing idx_posts_posttypeid bitmap index already handles PostTypeId filtering effectively; adding OwnerUserId/Id showed negligible improvement.",101.361,-0.15
s118,"[{""table"": ""posts"", ""columns"": [""CreationDate"", ""Id"", ""OwnerUserId""]}, {""table"": ""votes"", ""columns"": [""VoteTypeId"", ""PostId"", ""CreationDate""]}, {""table"": ""comments"", ""columns"": [""Score"", ""CreationDate"", ""UserId""]}, {""table"": ""postHistory"", ""columns"": [""PostHistoryTypeId"", ""CreationDate"", ""UserId""]}, {""table"": ""postLinks"", ""columns"": [""RelatedPostId"", ""LinkTypeId"", ""CreationDate""]}]","## Analysis Summary

After extensive cost estimation across the full 146-query workload, I identified the existing index set and the five additional indexes that deliver the most benefit. The existing schema already has a rich set of indexes (idx_badges_userid, idx_badges_userid_date, idx_comments_userid, idx_comments_score_userid, idx_comments_postid, idx_comments_postid_creationdate, idx_comments_userid_score_creationdate, idx_votes_userid, idx_votes_userid_creationdate, idx_votes_postid_creationdate, idx_posthistory_userid, idx_posthistory_postid, idx_posthistory_postid_creationdate, idx_posthistory_posttypeid, idx_posthistory_posttypeid_userid, idx_posthistory_userid_typeid_creationdate, idx_postlinks_postid, idx_postlinks_relatedpostid, idx_postlinks_postid_linktypeid_creationdate, idx_posts_posttypeid, idx_posts_owneruserid, idx_posts_viewcount, idx_posts_answercount, idx_posts_id_posttype_creationdate, idx_posts_id_owneruserid).

### Recommended New Indexes

**1. posts(CreationDate, Id, OwnerUserId)**
- Confirmed effective by query planner for many queries (s7, s8, s18, s19, s20, s22, s26, s29, s40, s41, s42, s44, s92, s100, s117, s118, s120, s122, s123, s130, s137, s145, s146 and many complex queries).
- The planner uses it as an index-only scan for date-range filtering on posts, then exposes Id for join to postLinks/postHistory/votes and OwnerUserId for join to users/comments. This eliminates large sequential scans on the posts table (2219–2679 cost) reducing them to targeted index-only scans (~2700 rows selected from ~90k).
- Cost improvement observed: from ~11,605 to ~11,441 for s20; similar savings across dozens of queries that filter posts by CreationDate.

**2. votes(VoteTypeId, PostId, CreationDate)**
- Confirmed used by planner as `tmp_idx_votes_0786ecb9` in s129 (cost ~12,767 vs ~13,703 without) and many other queries (s25, s61, s63, s70, s71, s73, s76, s96, s127, s128, s129, s143, s145).
- The VoteTypeId=2 (upvote) filter is extremely common. Combined with PostId join key and optional CreationDate range filter, this composite index enables index-only scans instead of full sequential scans on the votes table (~192k rows, seq scan cost ~4,572).
- Particularly important for medium/complex queries involving 5-7-table joins where reducing votes scan cost has multiplicative benefit.

**3. comments(Score, CreationDate, UserId)**
- Confirmed used by planner as `tmp_idx_comments_2503997b` for queries filtering Score=1 or Score=2 with CreationDate ranges (s34, s49, s50, s107, s108, s116, s131 and others).
- Supplements the existing idx_comments_score_userid by adding CreationDate to enable range pruning when both Score equality and date ranges are applied. The planner chooses this for Score=1+date patterns, delivering targeted index-only scans of ~14,754 rows vs. full comment table scans (~102k rows with filter cost ~2,882).
- Queries like s34 drop from ~149,249 cost to a much more tractable plan.

**4. postHistory(PostHistoryTypeId, CreationDate, UserId)**
- Confirmed used by planner as `tmp_idx_posthistory_84524b61` for queries filtering PostHistoryTypeId with CreationDate ranges and then joining by UserId (s38, s39, s47, s51, s106, s121, s125, s132, s145).
- For PostHistoryTypeId equality + CreationDate range, this enables index-only scans returning ~17,000–27,000 rows vs. bitmap heap scans of ~24,000–70,000 rows from the existing posttypeid-only index.
- The difference is most dramatic for s106 where the planner uses it for a 3-table join (comments+postHistory+votes on UserId) achieving cost ~474,086 vs millions without it.

**5. postLinks(RelatedPostId, LinkTypeId, CreationDate)**
- Confirmed used by planner as `tmp_idx_postlinks_fe583d40` in multiple queries (s26, s40, s41, s53, s54, s58, s59, s60, s61, s62, s63, s68–s73, s137, s139, s140–s143).
- Many complex queries join postLinks on RelatedPostId and filter on LinkTypeId=1 and/or CreationDate. The existing idx_postlinks_relatedpostid covers only the join key. Adding LinkTypeId+CreationDate enables filtering ~10,186 rows (LinkTypeId=1) or narrower with date ranges, vs. the full 11,102-row postlinks table.
- Enables index-only scans for the postLinks portion of complex 6-7 table joins, reducing intermediate result sets significantly.

### Why Other Candidates Were Rejected

- **postHistory(CreationDate, PostId)** and **postHistory(CreationDate, UserId)**: The planner showed minimal improvement (~0-100 cost) because postHistory is already well-covered by PostId and PostHistoryTypeId indexes, and date-range-only filtering still requires reading most of the table.
- **votes(PostId, VoteTypeId)** without CreationDate: Marginally weaker than the 3-column version; the planner consistently preferred the 3-column composite.
- **comments(Score, UserId, CreationDate)** (different column order): Tested and showed planner preferred the (Score, CreationDate, UserId) ordering for date range filtering after score equality.
- **posts(PostTypeId, OwnerUserId, Id)**: The existing idx_posts_posttypeid bitmap index already handles PostTypeId filtering effectively; adding OwnerUserId/Id showed negligible improvement.",131.426,-1.77
s119,"[{""table"": ""posts"", ""columns"": [""CreationDate"", ""Id"", ""OwnerUserId""]}, {""table"": ""votes"", ""columns"": [""VoteTypeId"", ""PostId"", ""CreationDate""]}, {""table"": ""comments"", ""columns"": [""Score"", ""CreationDate"", ""UserId""]}, {""table"": ""postHistory"", ""columns"": [""PostHistoryTypeId"", ""CreationDate"", ""UserId""]}, {""table"": ""postLinks"", ""columns"": [""RelatedPostId"", ""LinkTypeId"", ""CreationDate""]}]","## Analysis Summary

After extensive cost estimation across the full 146-query workload, I identified the existing index set and the five additional indexes that deliver the most benefit. The existing schema already has a rich set of indexes (idx_badges_userid, idx_badges_userid_date, idx_comments_userid, idx_comments_score_userid, idx_comments_postid, idx_comments_postid_creationdate, idx_comments_userid_score_creationdate, idx_votes_userid, idx_votes_userid_creationdate, idx_votes_postid_creationdate, idx_posthistory_userid, idx_posthistory_postid, idx_posthistory_postid_creationdate, idx_posthistory_posttypeid, idx_posthistory_posttypeid_userid, idx_posthistory_userid_typeid_creationdate, idx_postlinks_postid, idx_postlinks_relatedpostid, idx_postlinks_postid_linktypeid_creationdate, idx_posts_posttypeid, idx_posts_owneruserid, idx_posts_viewcount, idx_posts_answercount, idx_posts_id_posttype_creationdate, idx_posts_id_owneruserid).

### Recommended New Indexes

**1. posts(CreationDate, Id, OwnerUserId)**
- Confirmed effective by query planner for many queries (s7, s8, s18, s19, s20, s22, s26, s29, s40, s41, s42, s44, s92, s100, s117, s118, s120, s122, s123, s130, s137, s145, s146 and many complex queries).
- The planner uses it as an index-only scan for date-range filtering on posts, then exposes Id for join to postLinks/postHistory/votes and OwnerUserId for join to users/comments. This eliminates large sequential scans on the posts table (2219–2679 cost) reducing them to targeted index-only scans (~2700 rows selected from ~90k).
- Cost improvement observed: from ~11,605 to ~11,441 for s20; similar savings across dozens of queries that filter posts by CreationDate.

**2. votes(VoteTypeId, PostId, CreationDate)**
- Confirmed used by planner as `tmp_idx_votes_0786ecb9` in s129 (cost ~12,767 vs ~13,703 without) and many other queries (s25, s61, s63, s70, s71, s73, s76, s96, s127, s128, s129, s143, s145).
- The VoteTypeId=2 (upvote) filter is extremely common. Combined with PostId join key and optional CreationDate range filter, this composite index enables index-only scans instead of full sequential scans on the votes table (~192k rows, seq scan cost ~4,572).
- Particularly important for medium/complex queries involving 5-7-table joins where reducing votes scan cost has multiplicative benefit.

**3. comments(Score, CreationDate, UserId)**
- Confirmed used by planner as `tmp_idx_comments_2503997b` for queries filtering Score=1 or Score=2 with CreationDate ranges (s34, s49, s50, s107, s108, s116, s131 and others).
- Supplements the existing idx_comments_score_userid by adding CreationDate to enable range pruning when both Score equality and date ranges are applied. The planner chooses this for Score=1+date patterns, delivering targeted index-only scans of ~14,754 rows vs. full comment table scans (~102k rows with filter cost ~2,882).
- Queries like s34 drop from ~149,249 cost to a much more tractable plan.

**4. postHistory(PostHistoryTypeId, CreationDate, UserId)**
- Confirmed used by planner as `tmp_idx_posthistory_84524b61` for queries filtering PostHistoryTypeId with CreationDate ranges and then joining by UserId (s38, s39, s47, s51, s106, s121, s125, s132, s145).
- For PostHistoryTypeId equality + CreationDate range, this enables index-only scans returning ~17,000–27,000 rows vs. bitmap heap scans of ~24,000–70,000 rows from the existing posttypeid-only index.
- The difference is most dramatic for s106 where the planner uses it for a 3-table join (comments+postHistory+votes on UserId) achieving cost ~474,086 vs millions without it.

**5. postLinks(RelatedPostId, LinkTypeId, CreationDate)**
- Confirmed used by planner as `tmp_idx_postlinks_fe583d40` in multiple queries (s26, s40, s41, s53, s54, s58, s59, s60, s61, s62, s63, s68–s73, s137, s139, s140–s143).
- Many complex queries join postLinks on RelatedPostId and filter on LinkTypeId=1 and/or CreationDate. The existing idx_postlinks_relatedpostid covers only the join key. Adding LinkTypeId+CreationDate enables filtering ~10,186 rows (LinkTypeId=1) or narrower with date ranges, vs. the full 11,102-row postlinks table.
- Enables index-only scans for the postLinks portion of complex 6-7 table joins, reducing intermediate result sets significantly.

### Why Other Candidates Were Rejected

- **postHistory(CreationDate, PostId)** and **postHistory(CreationDate, UserId)**: The planner showed minimal improvement (~0-100 cost) because postHistory is already well-covered by PostId and PostHistoryTypeId indexes, and date-range-only filtering still requires reading most of the table.
- **votes(PostId, VoteTypeId)** without CreationDate: Marginally weaker than the 3-column version; the planner consistently preferred the 3-column composite.
- **comments(Score, UserId, CreationDate)** (different column order): Tested and showed planner preferred the (Score, CreationDate, UserId) ordering for date range filtering after score equality.
- **posts(PostTypeId, OwnerUserId, Id)**: The existing idx_posts_posttypeid bitmap index already handles PostTypeId filtering effectively; adding OwnerUserId/Id showed negligible improvement.",333.859,-17.1
s120,"[{""table"": ""posts"", ""columns"": [""CreationDate"", ""Id"", ""OwnerUserId""]}, {""table"": ""votes"", ""columns"": [""VoteTypeId"", ""PostId"", ""CreationDate""]}, {""table"": ""comments"", ""columns"": [""Score"", ""CreationDate"", ""UserId""]}, {""table"": ""postHistory"", ""columns"": [""PostHistoryTypeId"", ""CreationDate"", ""UserId""]}, {""table"": ""postLinks"", ""columns"": [""RelatedPostId"", ""LinkTypeId"", ""CreationDate""]}]","## Analysis Summary

After extensive cost estimation across the full 146-query workload, I identified the existing index set and the five additional indexes that deliver the most benefit. The existing schema already has a rich set of indexes (idx_badges_userid, idx_badges_userid_date, idx_comments_userid, idx_comments_score_userid, idx_comments_postid, idx_comments_postid_creationdate, idx_comments_userid_score_creationdate, idx_votes_userid, idx_votes_userid_creationdate, idx_votes_postid_creationdate, idx_posthistory_userid, idx_posthistory_postid, idx_posthistory_postid_creationdate, idx_posthistory_posttypeid, idx_posthistory_posttypeid_userid, idx_posthistory_userid_typeid_creationdate, idx_postlinks_postid, idx_postlinks_relatedpostid, idx_postlinks_postid_linktypeid_creationdate, idx_posts_posttypeid, idx_posts_owneruserid, idx_posts_viewcount, idx_posts_answercount, idx_posts_id_posttype_creationdate, idx_posts_id_owneruserid).

### Recommended New Indexes

**1. posts(CreationDate, Id, OwnerUserId)**
- Confirmed effective by query planner for many queries (s7, s8, s18, s19, s20, s22, s26, s29, s40, s41, s42, s44, s92, s100, s117, s118, s120, s122, s123, s130, s137, s145, s146 and many complex queries).
- The planner uses it as an index-only scan for date-range filtering on posts, then exposes Id for join to postLinks/postHistory/votes and OwnerUserId for join to users/comments. This eliminates large sequential scans on the posts table (2219–2679 cost) reducing them to targeted index-only scans (~2700 rows selected from ~90k).
- Cost improvement observed: from ~11,605 to ~11,441 for s20; similar savings across dozens of queries that filter posts by CreationDate.

**2. votes(VoteTypeId, PostId, CreationDate)**
- Confirmed used by planner as `tmp_idx_votes_0786ecb9` in s129 (cost ~12,767 vs ~13,703 without) and many other queries (s25, s61, s63, s70, s71, s73, s76, s96, s127, s128, s129, s143, s145).
- The VoteTypeId=2 (upvote) filter is extremely common. Combined with PostId join key and optional CreationDate range filter, this composite index enables index-only scans instead of full sequential scans on the votes table (~192k rows, seq scan cost ~4,572).
- Particularly important for medium/complex queries involving 5-7-table joins where reducing votes scan cost has multiplicative benefit.

**3. comments(Score, CreationDate, UserId)**
- Confirmed used by planner as `tmp_idx_comments_2503997b` for queries filtering Score=1 or Score=2 with CreationDate ranges (s34, s49, s50, s107, s108, s116, s131 and others).
- Supplements the existing idx_comments_score_userid by adding CreationDate to enable range pruning when both Score equality and date ranges are applied. The planner chooses this for Score=1+date patterns, delivering targeted index-only scans of ~14,754 rows vs. full comment table scans (~102k rows with filter cost ~2,882).
- Queries like s34 drop from ~149,249 cost to a much more tractable plan.

**4. postHistory(PostHistoryTypeId, CreationDate, UserId)**
- Confirmed used by planner as `tmp_idx_posthistory_84524b61` for queries filtering PostHistoryTypeId with CreationDate ranges and then joining by UserId (s38, s39, s47, s51, s106, s121, s125, s132, s145).
- For PostHistoryTypeId equality + CreationDate range, this enables index-only scans returning ~17,000–27,000 rows vs. bitmap heap scans of ~24,000–70,000 rows from the existing posttypeid-only index.
- The difference is most dramatic for s106 where the planner uses it for a 3-table join (comments+postHistory+votes on UserId) achieving cost ~474,086 vs millions without it.

**5. postLinks(RelatedPostId, LinkTypeId, CreationDate)**
- Confirmed used by planner as `tmp_idx_postlinks_fe583d40` in multiple queries (s26, s40, s41, s53, s54, s58, s59, s60, s61, s62, s63, s68–s73, s137, s139, s140–s143).
- Many complex queries join postLinks on RelatedPostId and filter on LinkTypeId=1 and/or CreationDate. The existing idx_postlinks_relatedpostid covers only the join key. Adding LinkTypeId+CreationDate enables filtering ~10,186 rows (LinkTypeId=1) or narrower with date ranges, vs. the full 11,102-row postlinks table.
- Enables index-only scans for the postLinks portion of complex 6-7 table joins, reducing intermediate result sets significantly.

### Why Other Candidates Were Rejected

- **postHistory(CreationDate, PostId)** and **postHistory(CreationDate, UserId)**: The planner showed minimal improvement (~0-100 cost) because postHistory is already well-covered by PostId and PostHistoryTypeId indexes, and date-range-only filtering still requires reading most of the table.
- **votes(PostId, VoteTypeId)** without CreationDate: Marginally weaker than the 3-column version; the planner consistently preferred the 3-column composite.
- **comments(Score, UserId, CreationDate)** (different column order): Tested and showed planner preferred the (Score, CreationDate, UserId) ordering for date range filtering after score equality.
- **posts(PostTypeId, OwnerUserId, Id)**: The existing idx_posts_posttypeid bitmap index already handles PostTypeId filtering effectively; adding OwnerUserId/Id showed negligible improvement.",1203623.105,0.28
s121,"[{""table"": ""posts"", ""columns"": [""CreationDate"", ""Id"", ""OwnerUserId""]}, {""table"": ""votes"", ""columns"": [""VoteTypeId"", ""PostId"", ""CreationDate""]}, {""table"": ""comments"", ""columns"": [""Score"", ""CreationDate"", ""UserId""]}, {""table"": ""postHistory"", ""columns"": [""PostHistoryTypeId"", ""CreationDate"", ""UserId""]}, {""table"": ""postLinks"", ""columns"": [""RelatedPostId"", ""LinkTypeId"", ""CreationDate""]}]","## Analysis Summary

After extensive cost estimation across the full 146-query workload, I identified the existing index set and the five additional indexes that deliver the most benefit. The existing schema already has a rich set of indexes (idx_badges_userid, idx_badges_userid_date, idx_comments_userid, idx_comments_score_userid, idx_comments_postid, idx_comments_postid_creationdate, idx_comments_userid_score_creationdate, idx_votes_userid, idx_votes_userid_creationdate, idx_votes_postid_creationdate, idx_posthistory_userid, idx_posthistory_postid, idx_posthistory_postid_creationdate, idx_posthistory_posttypeid, idx_posthistory_posttypeid_userid, idx_posthistory_userid_typeid_creationdate, idx_postlinks_postid, idx_postlinks_relatedpostid, idx_postlinks_postid_linktypeid_creationdate, idx_posts_posttypeid, idx_posts_owneruserid, idx_posts_viewcount, idx_posts_answercount, idx_posts_id_posttype_creationdate, idx_posts_id_owneruserid).

### Recommended New Indexes

**1. posts(CreationDate, Id, OwnerUserId)**
- Confirmed effective by query planner for many queries (s7, s8, s18, s19, s20, s22, s26, s29, s40, s41, s42, s44, s92, s100, s117, s118, s120, s122, s123, s130, s137, s145, s146 and many complex queries).
- The planner uses it as an index-only scan for date-range filtering on posts, then exposes Id for join to postLinks/postHistory/votes and OwnerUserId for join to users/comments. This eliminates large sequential scans on the posts table (2219–2679 cost) reducing them to targeted index-only scans (~2700 rows selected from ~90k).
- Cost improvement observed: from ~11,605 to ~11,441 for s20; similar savings across dozens of queries that filter posts by CreationDate.

**2. votes(VoteTypeId, PostId, CreationDate)**
- Confirmed used by planner as `tmp_idx_votes_0786ecb9` in s129 (cost ~12,767 vs ~13,703 without) and many other queries (s25, s61, s63, s70, s71, s73, s76, s96, s127, s128, s129, s143, s145).
- The VoteTypeId=2 (upvote) filter is extremely common. Combined with PostId join key and optional CreationDate range filter, this composite index enables index-only scans instead of full sequential scans on the votes table (~192k rows, seq scan cost ~4,572).
- Particularly important for medium/complex queries involving 5-7-table joins where reducing votes scan cost has multiplicative benefit.

**3. comments(Score, CreationDate, UserId)**
- Confirmed used by planner as `tmp_idx_comments_2503997b` for queries filtering Score=1 or Score=2 with CreationDate ranges (s34, s49, s50, s107, s108, s116, s131 and others).
- Supplements the existing idx_comments_score_userid by adding CreationDate to enable range pruning when both Score equality and date ranges are applied. The planner chooses this for Score=1+date patterns, delivering targeted index-only scans of ~14,754 rows vs. full comment table scans (~102k rows with filter cost ~2,882).
- Queries like s34 drop from ~149,249 cost to a much more tractable plan.

**4. postHistory(PostHistoryTypeId, CreationDate, UserId)**
- Confirmed used by planner as `tmp_idx_posthistory_84524b61` for queries filtering PostHistoryTypeId with CreationDate ranges and then joining by UserId (s38, s39, s47, s51, s106, s121, s125, s132, s145).
- For PostHistoryTypeId equality + CreationDate range, this enables index-only scans returning ~17,000–27,000 rows vs. bitmap heap scans of ~24,000–70,000 rows from the existing posttypeid-only index.
- The difference is most dramatic for s106 where the planner uses it for a 3-table join (comments+postHistory+votes on UserId) achieving cost ~474,086 vs millions without it.

**5. postLinks(RelatedPostId, LinkTypeId, CreationDate)**
- Confirmed used by planner as `tmp_idx_postlinks_fe583d40` in multiple queries (s26, s40, s41, s53, s54, s58, s59, s60, s61, s62, s63, s68–s73, s137, s139, s140–s143).
- Many complex queries join postLinks on RelatedPostId and filter on LinkTypeId=1 and/or CreationDate. The existing idx_postlinks_relatedpostid covers only the join key. Adding LinkTypeId+CreationDate enables filtering ~10,186 rows (LinkTypeId=1) or narrower with date ranges, vs. the full 11,102-row postlinks table.
- Enables index-only scans for the postLinks portion of complex 6-7 table joins, reducing intermediate result sets significantly.

### Why Other Candidates Were Rejected

- **postHistory(CreationDate, PostId)** and **postHistory(CreationDate, UserId)**: The planner showed minimal improvement (~0-100 cost) because postHistory is already well-covered by PostId and PostHistoryTypeId indexes, and date-range-only filtering still requires reading most of the table.
- **votes(PostId, VoteTypeId)** without CreationDate: Marginally weaker than the 3-column version; the planner consistently preferred the 3-column composite.
- **comments(Score, UserId, CreationDate)** (different column order): Tested and showed planner preferred the (Score, CreationDate, UserId) ordering for date range filtering after score equality.
- **posts(PostTypeId, OwnerUserId, Id)**: The existing idx_posts_posttypeid bitmap index already handles PostTypeId filtering effectively; adding OwnerUserId/Id showed negligible improvement.",92.279,28.75
s122,"[{""table"": ""posts"", ""columns"": [""CreationDate"", ""Id"", ""OwnerUserId""]}, {""table"": ""votes"", ""columns"": [""VoteTypeId"", ""PostId"", ""CreationDate""]}, {""table"": ""comments"", ""columns"": [""Score"", ""CreationDate"", ""UserId""]}, {""table"": ""postHistory"", ""columns"": [""PostHistoryTypeId"", ""CreationDate"", ""UserId""]}, {""table"": ""postLinks"", ""columns"": [""RelatedPostId"", ""LinkTypeId"", ""CreationDate""]}]","## Analysis Summary

After extensive cost estimation across the full 146-query workload, I identified the existing index set and the five additional indexes that deliver the most benefit. The existing schema already has a rich set of indexes (idx_badges_userid, idx_badges_userid_date, idx_comments_userid, idx_comments_score_userid, idx_comments_postid, idx_comments_postid_creationdate, idx_comments_userid_score_creationdate, idx_votes_userid, idx_votes_userid_creationdate, idx_votes_postid_creationdate, idx_posthistory_userid, idx_posthistory_postid, idx_posthistory_postid_creationdate, idx_posthistory_posttypeid, idx_posthistory_posttypeid_userid, idx_posthistory_userid_typeid_creationdate, idx_postlinks_postid, idx_postlinks_relatedpostid, idx_postlinks_postid_linktypeid_creationdate, idx_posts_posttypeid, idx_posts_owneruserid, idx_posts_viewcount, idx_posts_answercount, idx_posts_id_posttype_creationdate, idx_posts_id_owneruserid).

### Recommended New Indexes

**1. posts(CreationDate, Id, OwnerUserId)**
- Confirmed effective by query planner for many queries (s7, s8, s18, s19, s20, s22, s26, s29, s40, s41, s42, s44, s92, s100, s117, s118, s120, s122, s123, s130, s137, s145, s146 and many complex queries).
- The planner uses it as an index-only scan for date-range filtering on posts, then exposes Id for join to postLinks/postHistory/votes and OwnerUserId for join to users/comments. This eliminates large sequential scans on the posts table (2219–2679 cost) reducing them to targeted index-only scans (~2700 rows selected from ~90k).
- Cost improvement observed: from ~11,605 to ~11,441 for s20; similar savings across dozens of queries that filter posts by CreationDate.

**2. votes(VoteTypeId, PostId, CreationDate)**
- Confirmed used by planner as `tmp_idx_votes_0786ecb9` in s129 (cost ~12,767 vs ~13,703 without) and many other queries (s25, s61, s63, s70, s71, s73, s76, s96, s127, s128, s129, s143, s145).
- The VoteTypeId=2 (upvote) filter is extremely common. Combined with PostId join key and optional CreationDate range filter, this composite index enables index-only scans instead of full sequential scans on the votes table (~192k rows, seq scan cost ~4,572).
- Particularly important for medium/complex queries involving 5-7-table joins where reducing votes scan cost has multiplicative benefit.

**3. comments(Score, CreationDate, UserId)**
- Confirmed used by planner as `tmp_idx_comments_2503997b` for queries filtering Score=1 or Score=2 with CreationDate ranges (s34, s49, s50, s107, s108, s116, s131 and others).
- Supplements the existing idx_comments_score_userid by adding CreationDate to enable range pruning when both Score equality and date ranges are applied. The planner chooses this for Score=1+date patterns, delivering targeted index-only scans of ~14,754 rows vs. full comment table scans (~102k rows with filter cost ~2,882).
- Queries like s34 drop from ~149,249 cost to a much more tractable plan.

**4. postHistory(PostHistoryTypeId, CreationDate, UserId)**
- Confirmed used by planner as `tmp_idx_posthistory_84524b61` for queries filtering PostHistoryTypeId with CreationDate ranges and then joining by UserId (s38, s39, s47, s51, s106, s121, s125, s132, s145).
- For PostHistoryTypeId equality + CreationDate range, this enables index-only scans returning ~17,000–27,000 rows vs. bitmap heap scans of ~24,000–70,000 rows from the existing posttypeid-only index.
- The difference is most dramatic for s106 where the planner uses it for a 3-table join (comments+postHistory+votes on UserId) achieving cost ~474,086 vs millions without it.

**5. postLinks(RelatedPostId, LinkTypeId, CreationDate)**
- Confirmed used by planner as `tmp_idx_postlinks_fe583d40` in multiple queries (s26, s40, s41, s53, s54, s58, s59, s60, s61, s62, s63, s68–s73, s137, s139, s140–s143).
- Many complex queries join postLinks on RelatedPostId and filter on LinkTypeId=1 and/or CreationDate. The existing idx_postlinks_relatedpostid covers only the join key. Adding LinkTypeId+CreationDate enables filtering ~10,186 rows (LinkTypeId=1) or narrower with date ranges, vs. the full 11,102-row postlinks table.
- Enables index-only scans for the postLinks portion of complex 6-7 table joins, reducing intermediate result sets significantly.

### Why Other Candidates Were Rejected

- **postHistory(CreationDate, PostId)** and **postHistory(CreationDate, UserId)**: The planner showed minimal improvement (~0-100 cost) because postHistory is already well-covered by PostId and PostHistoryTypeId indexes, and date-range-only filtering still requires reading most of the table.
- **votes(PostId, VoteTypeId)** without CreationDate: Marginally weaker than the 3-column version; the planner consistently preferred the 3-column composite.
- **comments(Score, UserId, CreationDate)** (different column order): Tested and showed planner preferred the (Score, CreationDate, UserId) ordering for date range filtering after score equality.
- **posts(PostTypeId, OwnerUserId, Id)**: The existing idx_posts_posttypeid bitmap index already handles PostTypeId filtering effectively; adding OwnerUserId/Id showed negligible improvement.",1179454.817,-4.32
s123,"[{""table"": ""posts"", ""columns"": [""CreationDate"", ""Id"", ""OwnerUserId""]}, {""table"": ""votes"", ""columns"": [""VoteTypeId"", ""PostId"", ""CreationDate""]}, {""table"": ""comments"", ""columns"": [""Score"", ""CreationDate"", ""UserId""]}, {""table"": ""postHistory"", ""columns"": [""PostHistoryTypeId"", ""CreationDate"", ""UserId""]}, {""table"": ""postLinks"", ""columns"": [""RelatedPostId"", ""LinkTypeId"", ""CreationDate""]}]","## Analysis Summary

After extensive cost estimation across the full 146-query workload, I identified the existing index set and the five additional indexes that deliver the most benefit. The existing schema already has a rich set of indexes (idx_badges_userid, idx_badges_userid_date, idx_comments_userid, idx_comments_score_userid, idx_comments_postid, idx_comments_postid_creationdate, idx_comments_userid_score_creationdate, idx_votes_userid, idx_votes_userid_creationdate, idx_votes_postid_creationdate, idx_posthistory_userid, idx_posthistory_postid, idx_posthistory_postid_creationdate, idx_posthistory_posttypeid, idx_posthistory_posttypeid_userid, idx_posthistory_userid_typeid_creationdate, idx_postlinks_postid, idx_postlinks_relatedpostid, idx_postlinks_postid_linktypeid_creationdate, idx_posts_posttypeid, idx_posts_owneruserid, idx_posts_viewcount, idx_posts_answercount, idx_posts_id_posttype_creationdate, idx_posts_id_owneruserid).

### Recommended New Indexes

**1. posts(CreationDate, Id, OwnerUserId)**
- Confirmed effective by query planner for many queries (s7, s8, s18, s19, s20, s22, s26, s29, s40, s41, s42, s44, s92, s100, s117, s118, s120, s122, s123, s130, s137, s145, s146 and many complex queries).
- The planner uses it as an index-only scan for date-range filtering on posts, then exposes Id for join to postLinks/postHistory/votes and OwnerUserId for join to users/comments. This eliminates large sequential scans on the posts table (2219–2679 cost) reducing them to targeted index-only scans (~2700 rows selected from ~90k).
- Cost improvement observed: from ~11,605 to ~11,441 for s20; similar savings across dozens of queries that filter posts by CreationDate.

**2. votes(VoteTypeId, PostId, CreationDate)**
- Confirmed used by planner as `tmp_idx_votes_0786ecb9` in s129 (cost ~12,767 vs ~13,703 without) and many other queries (s25, s61, s63, s70, s71, s73, s76, s96, s127, s128, s129, s143, s145).
- The VoteTypeId=2 (upvote) filter is extremely common. Combined with PostId join key and optional CreationDate range filter, this composite index enables index-only scans instead of full sequential scans on the votes table (~192k rows, seq scan cost ~4,572).
- Particularly important for medium/complex queries involving 5-7-table joins where reducing votes scan cost has multiplicative benefit.

**3. comments(Score, CreationDate, UserId)**
- Confirmed used by planner as `tmp_idx_comments_2503997b` for queries filtering Score=1 or Score=2 with CreationDate ranges (s34, s49, s50, s107, s108, s116, s131 and others).
- Supplements the existing idx_comments_score_userid by adding CreationDate to enable range pruning when both Score equality and date ranges are applied. The planner chooses this for Score=1+date patterns, delivering targeted index-only scans of ~14,754 rows vs. full comment table scans (~102k rows with filter cost ~2,882).
- Queries like s34 drop from ~149,249 cost to a much more tractable plan.

**4. postHistory(PostHistoryTypeId, CreationDate, UserId)**
- Confirmed used by planner as `tmp_idx_posthistory_84524b61` for queries filtering PostHistoryTypeId with CreationDate ranges and then joining by UserId (s38, s39, s47, s51, s106, s121, s125, s132, s145).
- For PostHistoryTypeId equality + CreationDate range, this enables index-only scans returning ~17,000–27,000 rows vs. bitmap heap scans of ~24,000–70,000 rows from the existing posttypeid-only index.
- The difference is most dramatic for s106 where the planner uses it for a 3-table join (comments+postHistory+votes on UserId) achieving cost ~474,086 vs millions without it.

**5. postLinks(RelatedPostId, LinkTypeId, CreationDate)**
- Confirmed used by planner as `tmp_idx_postlinks_fe583d40` in multiple queries (s26, s40, s41, s53, s54, s58, s59, s60, s61, s62, s63, s68–s73, s137, s139, s140–s143).
- Many complex queries join postLinks on RelatedPostId and filter on LinkTypeId=1 and/or CreationDate. The existing idx_postlinks_relatedpostid covers only the join key. Adding LinkTypeId+CreationDate enables filtering ~10,186 rows (LinkTypeId=1) or narrower with date ranges, vs. the full 11,102-row postlinks table.
- Enables index-only scans for the postLinks portion of complex 6-7 table joins, reducing intermediate result sets significantly.

### Why Other Candidates Were Rejected

- **postHistory(CreationDate, PostId)** and **postHistory(CreationDate, UserId)**: The planner showed minimal improvement (~0-100 cost) because postHistory is already well-covered by PostId and PostHistoryTypeId indexes, and date-range-only filtering still requires reading most of the table.
- **votes(PostId, VoteTypeId)** without CreationDate: Marginally weaker than the 3-column version; the planner consistently preferred the 3-column composite.
- **comments(Score, UserId, CreationDate)** (different column order): Tested and showed planner preferred the (Score, CreationDate, UserId) ordering for date range filtering after score equality.
- **posts(PostTypeId, OwnerUserId, Id)**: The existing idx_posts_posttypeid bitmap index already handles PostTypeId filtering effectively; adding OwnerUserId/Id showed negligible improvement.",8335.695,-5.75
s124,"[{""table"": ""posts"", ""columns"": [""CreationDate"", ""Id"", ""OwnerUserId""]}, {""table"": ""votes"", ""columns"": [""VoteTypeId"", ""PostId"", ""CreationDate""]}, {""table"": ""comments"", ""columns"": [""Score"", ""CreationDate"", ""UserId""]}, {""table"": ""postHistory"", ""columns"": [""PostHistoryTypeId"", ""CreationDate"", ""UserId""]}, {""table"": ""postLinks"", ""columns"": [""RelatedPostId"", ""LinkTypeId"", ""CreationDate""]}]","## Analysis Summary

After extensive cost estimation across the full 146-query workload, I identified the existing index set and the five additional indexes that deliver the most benefit. The existing schema already has a rich set of indexes (idx_badges_userid, idx_badges_userid_date, idx_comments_userid, idx_comments_score_userid, idx_comments_postid, idx_comments_postid_creationdate, idx_comments_userid_score_creationdate, idx_votes_userid, idx_votes_userid_creationdate, idx_votes_postid_creationdate, idx_posthistory_userid, idx_posthistory_postid, idx_posthistory_postid_creationdate, idx_posthistory_posttypeid, idx_posthistory_posttypeid_userid, idx_posthistory_userid_typeid_creationdate, idx_postlinks_postid, idx_postlinks_relatedpostid, idx_postlinks_postid_linktypeid_creationdate, idx_posts_posttypeid, idx_posts_owneruserid, idx_posts_viewcount, idx_posts_answercount, idx_posts_id_posttype_creationdate, idx_posts_id_owneruserid).

### Recommended New Indexes

**1. posts(CreationDate, Id, OwnerUserId)**
- Confirmed effective by query planner for many queries (s7, s8, s18, s19, s20, s22, s26, s29, s40, s41, s42, s44, s92, s100, s117, s118, s120, s122, s123, s130, s137, s145, s146 and many complex queries).
- The planner uses it as an index-only scan for date-range filtering on posts, then exposes Id for join to postLinks/postHistory/votes and OwnerUserId for join to users/comments. This eliminates large sequential scans on the posts table (2219–2679 cost) reducing them to targeted index-only scans (~2700 rows selected from ~90k).
- Cost improvement observed: from ~11,605 to ~11,441 for s20; similar savings across dozens of queries that filter posts by CreationDate.

**2. votes(VoteTypeId, PostId, CreationDate)**
- Confirmed used by planner as `tmp_idx_votes_0786ecb9` in s129 (cost ~12,767 vs ~13,703 without) and many other queries (s25, s61, s63, s70, s71, s73, s76, s96, s127, s128, s129, s143, s145).
- The VoteTypeId=2 (upvote) filter is extremely common. Combined with PostId join key and optional CreationDate range filter, this composite index enables index-only scans instead of full sequential scans on the votes table (~192k rows, seq scan cost ~4,572).
- Particularly important for medium/complex queries involving 5-7-table joins where reducing votes scan cost has multiplicative benefit.

**3. comments(Score, CreationDate, UserId)**
- Confirmed used by planner as `tmp_idx_comments_2503997b` for queries filtering Score=1 or Score=2 with CreationDate ranges (s34, s49, s50, s107, s108, s116, s131 and others).
- Supplements the existing idx_comments_score_userid by adding CreationDate to enable range pruning when both Score equality and date ranges are applied. The planner chooses this for Score=1+date patterns, delivering targeted index-only scans of ~14,754 rows vs. full comment table scans (~102k rows with filter cost ~2,882).
- Queries like s34 drop from ~149,249 cost to a much more tractable plan.

**4. postHistory(PostHistoryTypeId, CreationDate, UserId)**
- Confirmed used by planner as `tmp_idx_posthistory_84524b61` for queries filtering PostHistoryTypeId with CreationDate ranges and then joining by UserId (s38, s39, s47, s51, s106, s121, s125, s132, s145).
- For PostHistoryTypeId equality + CreationDate range, this enables index-only scans returning ~17,000–27,000 rows vs. bitmap heap scans of ~24,000–70,000 rows from the existing posttypeid-only index.
- The difference is most dramatic for s106 where the planner uses it for a 3-table join (comments+postHistory+votes on UserId) achieving cost ~474,086 vs millions without it.

**5. postLinks(RelatedPostId, LinkTypeId, CreationDate)**
- Confirmed used by planner as `tmp_idx_postlinks_fe583d40` in multiple queries (s26, s40, s41, s53, s54, s58, s59, s60, s61, s62, s63, s68–s73, s137, s139, s140–s143).
- Many complex queries join postLinks on RelatedPostId and filter on LinkTypeId=1 and/or CreationDate. The existing idx_postlinks_relatedpostid covers only the join key. Adding LinkTypeId+CreationDate enables filtering ~10,186 rows (LinkTypeId=1) or narrower with date ranges, vs. the full 11,102-row postlinks table.
- Enables index-only scans for the postLinks portion of complex 6-7 table joins, reducing intermediate result sets significantly.

### Why Other Candidates Were Rejected

- **postHistory(CreationDate, PostId)** and **postHistory(CreationDate, UserId)**: The planner showed minimal improvement (~0-100 cost) because postHistory is already well-covered by PostId and PostHistoryTypeId indexes, and date-range-only filtering still requires reading most of the table.
- **votes(PostId, VoteTypeId)** without CreationDate: Marginally weaker than the 3-column version; the planner consistently preferred the 3-column composite.
- **comments(Score, UserId, CreationDate)** (different column order): Tested and showed planner preferred the (Score, CreationDate, UserId) ordering for date range filtering after score equality.
- **posts(PostTypeId, OwnerUserId, Id)**: The existing idx_posts_posttypeid bitmap index already handles PostTypeId filtering effectively; adding OwnerUserId/Id showed negligible improvement.",431.766,-4.22
s125,"[{""table"": ""posts"", ""columns"": [""CreationDate"", ""Id"", ""OwnerUserId""]}, {""table"": ""votes"", ""columns"": [""VoteTypeId"", ""PostId"", ""CreationDate""]}, {""table"": ""comments"", ""columns"": [""Score"", ""CreationDate"", ""UserId""]}, {""table"": ""postHistory"", ""columns"": [""PostHistoryTypeId"", ""CreationDate"", ""UserId""]}, {""table"": ""postLinks"", ""columns"": [""RelatedPostId"", ""LinkTypeId"", ""CreationDate""]}]","## Analysis Summary

After extensive cost estimation across the full 146-query workload, I identified the existing index set and the five additional indexes that deliver the most benefit. The existing schema already has a rich set of indexes (idx_badges_userid, idx_badges_userid_date, idx_comments_userid, idx_comments_score_userid, idx_comments_postid, idx_comments_postid_creationdate, idx_comments_userid_score_creationdate, idx_votes_userid, idx_votes_userid_creationdate, idx_votes_postid_creationdate, idx_posthistory_userid, idx_posthistory_postid, idx_posthistory_postid_creationdate, idx_posthistory_posttypeid, idx_posthistory_posttypeid_userid, idx_posthistory_userid_typeid_creationdate, idx_postlinks_postid, idx_postlinks_relatedpostid, idx_postlinks_postid_linktypeid_creationdate, idx_posts_posttypeid, idx_posts_owneruserid, idx_posts_viewcount, idx_posts_answercount, idx_posts_id_posttype_creationdate, idx_posts_id_owneruserid).

### Recommended New Indexes

**1. posts(CreationDate, Id, OwnerUserId)**
- Confirmed effective by query planner for many queries (s7, s8, s18, s19, s20, s22, s26, s29, s40, s41, s42, s44, s92, s100, s117, s118, s120, s122, s123, s130, s137, s145, s146 and many complex queries).
- The planner uses it as an index-only scan for date-range filtering on posts, then exposes Id for join to postLinks/postHistory/votes and OwnerUserId for join to users/comments. This eliminates large sequential scans on the posts table (2219–2679 cost) reducing them to targeted index-only scans (~2700 rows selected from ~90k).
- Cost improvement observed: from ~11,605 to ~11,441 for s20; similar savings across dozens of queries that filter posts by CreationDate.

**2. votes(VoteTypeId, PostId, CreationDate)**
- Confirmed used by planner as `tmp_idx_votes_0786ecb9` in s129 (cost ~12,767 vs ~13,703 without) and many other queries (s25, s61, s63, s70, s71, s73, s76, s96, s127, s128, s129, s143, s145).
- The VoteTypeId=2 (upvote) filter is extremely common. Combined with PostId join key and optional CreationDate range filter, this composite index enables index-only scans instead of full sequential scans on the votes table (~192k rows, seq scan cost ~4,572).
- Particularly important for medium/complex queries involving 5-7-table joins where reducing votes scan cost has multiplicative benefit.

**3. comments(Score, CreationDate, UserId)**
- Confirmed used by planner as `tmp_idx_comments_2503997b` for queries filtering Score=1 or Score=2 with CreationDate ranges (s34, s49, s50, s107, s108, s116, s131 and others).
- Supplements the existing idx_comments_score_userid by adding CreationDate to enable range pruning when both Score equality and date ranges are applied. The planner chooses this for Score=1+date patterns, delivering targeted index-only scans of ~14,754 rows vs. full comment table scans (~102k rows with filter cost ~2,882).
- Queries like s34 drop from ~149,249 cost to a much more tractable plan.

**4. postHistory(PostHistoryTypeId, CreationDate, UserId)**
- Confirmed used by planner as `tmp_idx_posthistory_84524b61` for queries filtering PostHistoryTypeId with CreationDate ranges and then joining by UserId (s38, s39, s47, s51, s106, s121, s125, s132, s145).
- For PostHistoryTypeId equality + CreationDate range, this enables index-only scans returning ~17,000–27,000 rows vs. bitmap heap scans of ~24,000–70,000 rows from the existing posttypeid-only index.
- The difference is most dramatic for s106 where the planner uses it for a 3-table join (comments+postHistory+votes on UserId) achieving cost ~474,086 vs millions without it.

**5. postLinks(RelatedPostId, LinkTypeId, CreationDate)**
- Confirmed used by planner as `tmp_idx_postlinks_fe583d40` in multiple queries (s26, s40, s41, s53, s54, s58, s59, s60, s61, s62, s63, s68–s73, s137, s139, s140–s143).
- Many complex queries join postLinks on RelatedPostId and filter on LinkTypeId=1 and/or CreationDate. The existing idx_postlinks_relatedpostid covers only the join key. Adding LinkTypeId+CreationDate enables filtering ~10,186 rows (LinkTypeId=1) or narrower with date ranges, vs. the full 11,102-row postlinks table.
- Enables index-only scans for the postLinks portion of complex 6-7 table joins, reducing intermediate result sets significantly.

### Why Other Candidates Were Rejected

- **postHistory(CreationDate, PostId)** and **postHistory(CreationDate, UserId)**: The planner showed minimal improvement (~0-100 cost) because postHistory is already well-covered by PostId and PostHistoryTypeId indexes, and date-range-only filtering still requires reading most of the table.
- **votes(PostId, VoteTypeId)** without CreationDate: Marginally weaker than the 3-column version; the planner consistently preferred the 3-column composite.
- **comments(Score, UserId, CreationDate)** (different column order): Tested and showed planner preferred the (Score, CreationDate, UserId) ordering for date range filtering after score equality.
- **posts(PostTypeId, OwnerUserId, Id)**: The existing idx_posts_posttypeid bitmap index already handles PostTypeId filtering effectively; adding OwnerUserId/Id showed negligible improvement.",60.144,8.7
s126,"[{""table"": ""posts"", ""columns"": [""CreationDate"", ""Id"", ""OwnerUserId""]}, {""table"": ""votes"", ""columns"": [""VoteTypeId"", ""PostId"", ""CreationDate""]}, {""table"": ""comments"", ""columns"": [""Score"", ""CreationDate"", ""UserId""]}, {""table"": ""postHistory"", ""columns"": [""PostHistoryTypeId"", ""CreationDate"", ""UserId""]}, {""table"": ""postLinks"", ""columns"": [""RelatedPostId"", ""LinkTypeId"", ""CreationDate""]}]","## Analysis Summary

After extensive cost estimation across the full 146-query workload, I identified the existing index set and the five additional indexes that deliver the most benefit. The existing schema already has a rich set of indexes (idx_badges_userid, idx_badges_userid_date, idx_comments_userid, idx_comments_score_userid, idx_comments_postid, idx_comments_postid_creationdate, idx_comments_userid_score_creationdate, idx_votes_userid, idx_votes_userid_creationdate, idx_votes_postid_creationdate, idx_posthistory_userid, idx_posthistory_postid, idx_posthistory_postid_creationdate, idx_posthistory_posttypeid, idx_posthistory_posttypeid_userid, idx_posthistory_userid_typeid_creationdate, idx_postlinks_postid, idx_postlinks_relatedpostid, idx_postlinks_postid_linktypeid_creationdate, idx_posts_posttypeid, idx_posts_owneruserid, idx_posts_viewcount, idx_posts_answercount, idx_posts_id_posttype_creationdate, idx_posts_id_owneruserid).

### Recommended New Indexes

**1. posts(CreationDate, Id, OwnerUserId)**
- Confirmed effective by query planner for many queries (s7, s8, s18, s19, s20, s22, s26, s29, s40, s41, s42, s44, s92, s100, s117, s118, s120, s122, s123, s130, s137, s145, s146 and many complex queries).
- The planner uses it as an index-only scan for date-range filtering on posts, then exposes Id for join to postLinks/postHistory/votes and OwnerUserId for join to users/comments. This eliminates large sequential scans on the posts table (2219–2679 cost) reducing them to targeted index-only scans (~2700 rows selected from ~90k).
- Cost improvement observed: from ~11,605 to ~11,441 for s20; similar savings across dozens of queries that filter posts by CreationDate.

**2. votes(VoteTypeId, PostId, CreationDate)**
- Confirmed used by planner as `tmp_idx_votes_0786ecb9` in s129 (cost ~12,767 vs ~13,703 without) and many other queries (s25, s61, s63, s70, s71, s73, s76, s96, s127, s128, s129, s143, s145).
- The VoteTypeId=2 (upvote) filter is extremely common. Combined with PostId join key and optional CreationDate range filter, this composite index enables index-only scans instead of full sequential scans on the votes table (~192k rows, seq scan cost ~4,572).
- Particularly important for medium/complex queries involving 5-7-table joins where reducing votes scan cost has multiplicative benefit.

**3. comments(Score, CreationDate, UserId)**
- Confirmed used by planner as `tmp_idx_comments_2503997b` for queries filtering Score=1 or Score=2 with CreationDate ranges (s34, s49, s50, s107, s108, s116, s131 and others).
- Supplements the existing idx_comments_score_userid by adding CreationDate to enable range pruning when both Score equality and date ranges are applied. The planner chooses this for Score=1+date patterns, delivering targeted index-only scans of ~14,754 rows vs. full comment table scans (~102k rows with filter cost ~2,882).
- Queries like s34 drop from ~149,249 cost to a much more tractable plan.

**4. postHistory(PostHistoryTypeId, CreationDate, UserId)**
- Confirmed used by planner as `tmp_idx_posthistory_84524b61` for queries filtering PostHistoryTypeId with CreationDate ranges and then joining by UserId (s38, s39, s47, s51, s106, s121, s125, s132, s145).
- For PostHistoryTypeId equality + CreationDate range, this enables index-only scans returning ~17,000–27,000 rows vs. bitmap heap scans of ~24,000–70,000 rows from the existing posttypeid-only index.
- The difference is most dramatic for s106 where the planner uses it for a 3-table join (comments+postHistory+votes on UserId) achieving cost ~474,086 vs millions without it.

**5. postLinks(RelatedPostId, LinkTypeId, CreationDate)**
- Confirmed used by planner as `tmp_idx_postlinks_fe583d40` in multiple queries (s26, s40, s41, s53, s54, s58, s59, s60, s61, s62, s63, s68–s73, s137, s139, s140–s143).
- Many complex queries join postLinks on RelatedPostId and filter on LinkTypeId=1 and/or CreationDate. The existing idx_postlinks_relatedpostid covers only the join key. Adding LinkTypeId+CreationDate enables filtering ~10,186 rows (LinkTypeId=1) or narrower with date ranges, vs. the full 11,102-row postlinks table.
- Enables index-only scans for the postLinks portion of complex 6-7 table joins, reducing intermediate result sets significantly.

### Why Other Candidates Were Rejected

- **postHistory(CreationDate, PostId)** and **postHistory(CreationDate, UserId)**: The planner showed minimal improvement (~0-100 cost) because postHistory is already well-covered by PostId and PostHistoryTypeId indexes, and date-range-only filtering still requires reading most of the table.
- **votes(PostId, VoteTypeId)** without CreationDate: Marginally weaker than the 3-column version; the planner consistently preferred the 3-column composite.
- **comments(Score, UserId, CreationDate)** (different column order): Tested and showed planner preferred the (Score, CreationDate, UserId) ordering for date range filtering after score equality.
- **posts(PostTypeId, OwnerUserId, Id)**: The existing idx_posts_posttypeid bitmap index already handles PostTypeId filtering effectively; adding OwnerUserId/Id showed negligible improvement.",254579.93,-56.44
s127,"[{""table"": ""posts"", ""columns"": [""CreationDate"", ""Id"", ""OwnerUserId""]}, {""table"": ""votes"", ""columns"": [""VoteTypeId"", ""PostId"", ""CreationDate""]}, {""table"": ""comments"", ""columns"": [""Score"", ""CreationDate"", ""UserId""]}, {""table"": ""postHistory"", ""columns"": [""PostHistoryTypeId"", ""CreationDate"", ""UserId""]}, {""table"": ""postLinks"", ""columns"": [""RelatedPostId"", ""LinkTypeId"", ""CreationDate""]}]","## Analysis Summary

After extensive cost estimation across the full 146-query workload, I identified the existing index set and the five additional indexes that deliver the most benefit. The existing schema already has a rich set of indexes (idx_badges_userid, idx_badges_userid_date, idx_comments_userid, idx_comments_score_userid, idx_comments_postid, idx_comments_postid_creationdate, idx_comments_userid_score_creationdate, idx_votes_userid, idx_votes_userid_creationdate, idx_votes_postid_creationdate, idx_posthistory_userid, idx_posthistory_postid, idx_posthistory_postid_creationdate, idx_posthistory_posttypeid, idx_posthistory_posttypeid_userid, idx_posthistory_userid_typeid_creationdate, idx_postlinks_postid, idx_postlinks_relatedpostid, idx_postlinks_postid_linktypeid_creationdate, idx_posts_posttypeid, idx_posts_owneruserid, idx_posts_viewcount, idx_posts_answercount, idx_posts_id_posttype_creationdate, idx_posts_id_owneruserid).

### Recommended New Indexes

**1. posts(CreationDate, Id, OwnerUserId)**
- Confirmed effective by query planner for many queries (s7, s8, s18, s19, s20, s22, s26, s29, s40, s41, s42, s44, s92, s100, s117, s118, s120, s122, s123, s130, s137, s145, s146 and many complex queries).
- The planner uses it as an index-only scan for date-range filtering on posts, then exposes Id for join to postLinks/postHistory/votes and OwnerUserId for join to users/comments. This eliminates large sequential scans on the posts table (2219–2679 cost) reducing them to targeted index-only scans (~2700 rows selected from ~90k).
- Cost improvement observed: from ~11,605 to ~11,441 for s20; similar savings across dozens of queries that filter posts by CreationDate.

**2. votes(VoteTypeId, PostId, CreationDate)**
- Confirmed used by planner as `tmp_idx_votes_0786ecb9` in s129 (cost ~12,767 vs ~13,703 without) and many other queries (s25, s61, s63, s70, s71, s73, s76, s96, s127, s128, s129, s143, s145).
- The VoteTypeId=2 (upvote) filter is extremely common. Combined with PostId join key and optional CreationDate range filter, this composite index enables index-only scans instead of full sequential scans on the votes table (~192k rows, seq scan cost ~4,572).
- Particularly important for medium/complex queries involving 5-7-table joins where reducing votes scan cost has multiplicative benefit.

**3. comments(Score, CreationDate, UserId)**
- Confirmed used by planner as `tmp_idx_comments_2503997b` for queries filtering Score=1 or Score=2 with CreationDate ranges (s34, s49, s50, s107, s108, s116, s131 and others).
- Supplements the existing idx_comments_score_userid by adding CreationDate to enable range pruning when both Score equality and date ranges are applied. The planner chooses this for Score=1+date patterns, delivering targeted index-only scans of ~14,754 rows vs. full comment table scans (~102k rows with filter cost ~2,882).
- Queries like s34 drop from ~149,249 cost to a much more tractable plan.

**4. postHistory(PostHistoryTypeId, CreationDate, UserId)**
- Confirmed used by planner as `tmp_idx_posthistory_84524b61` for queries filtering PostHistoryTypeId with CreationDate ranges and then joining by UserId (s38, s39, s47, s51, s106, s121, s125, s132, s145).
- For PostHistoryTypeId equality + CreationDate range, this enables index-only scans returning ~17,000–27,000 rows vs. bitmap heap scans of ~24,000–70,000 rows from the existing posttypeid-only index.
- The difference is most dramatic for s106 where the planner uses it for a 3-table join (comments+postHistory+votes on UserId) achieving cost ~474,086 vs millions without it.

**5. postLinks(RelatedPostId, LinkTypeId, CreationDate)**
- Confirmed used by planner as `tmp_idx_postlinks_fe583d40` in multiple queries (s26, s40, s41, s53, s54, s58, s59, s60, s61, s62, s63, s68–s73, s137, s139, s140–s143).
- Many complex queries join postLinks on RelatedPostId and filter on LinkTypeId=1 and/or CreationDate. The existing idx_postlinks_relatedpostid covers only the join key. Adding LinkTypeId+CreationDate enables filtering ~10,186 rows (LinkTypeId=1) or narrower with date ranges, vs. the full 11,102-row postlinks table.
- Enables index-only scans for the postLinks portion of complex 6-7 table joins, reducing intermediate result sets significantly.

### Why Other Candidates Were Rejected

- **postHistory(CreationDate, PostId)** and **postHistory(CreationDate, UserId)**: The planner showed minimal improvement (~0-100 cost) because postHistory is already well-covered by PostId and PostHistoryTypeId indexes, and date-range-only filtering still requires reading most of the table.
- **votes(PostId, VoteTypeId)** without CreationDate: Marginally weaker than the 3-column version; the planner consistently preferred the 3-column composite.
- **comments(Score, UserId, CreationDate)** (different column order): Tested and showed planner preferred the (Score, CreationDate, UserId) ordering for date range filtering after score equality.
- **posts(PostTypeId, OwnerUserId, Id)**: The existing idx_posts_posttypeid bitmap index already handles PostTypeId filtering effectively; adding OwnerUserId/Id showed negligible improvement.",84.348,39.11
s128,"[{""table"": ""posts"", ""columns"": [""CreationDate"", ""Id"", ""OwnerUserId""]}, {""table"": ""votes"", ""columns"": [""VoteTypeId"", ""PostId"", ""CreationDate""]}, {""table"": ""comments"", ""columns"": [""Score"", ""CreationDate"", ""UserId""]}, {""table"": ""postHistory"", ""columns"": [""PostHistoryTypeId"", ""CreationDate"", ""UserId""]}, {""table"": ""postLinks"", ""columns"": [""RelatedPostId"", ""LinkTypeId"", ""CreationDate""]}]","## Analysis Summary

After extensive cost estimation across the full 146-query workload, I identified the existing index set and the five additional indexes that deliver the most benefit. The existing schema already has a rich set of indexes (idx_badges_userid, idx_badges_userid_date, idx_comments_userid, idx_comments_score_userid, idx_comments_postid, idx_comments_postid_creationdate, idx_comments_userid_score_creationdate, idx_votes_userid, idx_votes_userid_creationdate, idx_votes_postid_creationdate, idx_posthistory_userid, idx_posthistory_postid, idx_posthistory_postid_creationdate, idx_posthistory_posttypeid, idx_posthistory_posttypeid_userid, idx_posthistory_userid_typeid_creationdate, idx_postlinks_postid, idx_postlinks_relatedpostid, idx_postlinks_postid_linktypeid_creationdate, idx_posts_posttypeid, idx_posts_owneruserid, idx_posts_viewcount, idx_posts_answercount, idx_posts_id_posttype_creationdate, idx_posts_id_owneruserid).

### Recommended New Indexes

**1. posts(CreationDate, Id, OwnerUserId)**
- Confirmed effective by query planner for many queries (s7, s8, s18, s19, s20, s22, s26, s29, s40, s41, s42, s44, s92, s100, s117, s118, s120, s122, s123, s130, s137, s145, s146 and many complex queries).
- The planner uses it as an index-only scan for date-range filtering on posts, then exposes Id for join to postLinks/postHistory/votes and OwnerUserId for join to users/comments. This eliminates large sequential scans on the posts table (2219–2679 cost) reducing them to targeted index-only scans (~2700 rows selected from ~90k).
- Cost improvement observed: from ~11,605 to ~11,441 for s20; similar savings across dozens of queries that filter posts by CreationDate.

**2. votes(VoteTypeId, PostId, CreationDate)**
- Confirmed used by planner as `tmp_idx_votes_0786ecb9` in s129 (cost ~12,767 vs ~13,703 without) and many other queries (s25, s61, s63, s70, s71, s73, s76, s96, s127, s128, s129, s143, s145).
- The VoteTypeId=2 (upvote) filter is extremely common. Combined with PostId join key and optional CreationDate range filter, this composite index enables index-only scans instead of full sequential scans on the votes table (~192k rows, seq scan cost ~4,572).
- Particularly important for medium/complex queries involving 5-7-table joins where reducing votes scan cost has multiplicative benefit.

**3. comments(Score, CreationDate, UserId)**
- Confirmed used by planner as `tmp_idx_comments_2503997b` for queries filtering Score=1 or Score=2 with CreationDate ranges (s34, s49, s50, s107, s108, s116, s131 and others).
- Supplements the existing idx_comments_score_userid by adding CreationDate to enable range pruning when both Score equality and date ranges are applied. The planner chooses this for Score=1+date patterns, delivering targeted index-only scans of ~14,754 rows vs. full comment table scans (~102k rows with filter cost ~2,882).
- Queries like s34 drop from ~149,249 cost to a much more tractable plan.

**4. postHistory(PostHistoryTypeId, CreationDate, UserId)**
- Confirmed used by planner as `tmp_idx_posthistory_84524b61` for queries filtering PostHistoryTypeId with CreationDate ranges and then joining by UserId (s38, s39, s47, s51, s106, s121, s125, s132, s145).
- For PostHistoryTypeId equality + CreationDate range, this enables index-only scans returning ~17,000–27,000 rows vs. bitmap heap scans of ~24,000–70,000 rows from the existing posttypeid-only index.
- The difference is most dramatic for s106 where the planner uses it for a 3-table join (comments+postHistory+votes on UserId) achieving cost ~474,086 vs millions without it.

**5. postLinks(RelatedPostId, LinkTypeId, CreationDate)**
- Confirmed used by planner as `tmp_idx_postlinks_fe583d40` in multiple queries (s26, s40, s41, s53, s54, s58, s59, s60, s61, s62, s63, s68–s73, s137, s139, s140–s143).
- Many complex queries join postLinks on RelatedPostId and filter on LinkTypeId=1 and/or CreationDate. The existing idx_postlinks_relatedpostid covers only the join key. Adding LinkTypeId+CreationDate enables filtering ~10,186 rows (LinkTypeId=1) or narrower with date ranges, vs. the full 11,102-row postlinks table.
- Enables index-only scans for the postLinks portion of complex 6-7 table joins, reducing intermediate result sets significantly.

### Why Other Candidates Were Rejected

- **postHistory(CreationDate, PostId)** and **postHistory(CreationDate, UserId)**: The planner showed minimal improvement (~0-100 cost) because postHistory is already well-covered by PostId and PostHistoryTypeId indexes, and date-range-only filtering still requires reading most of the table.
- **votes(PostId, VoteTypeId)** without CreationDate: Marginally weaker than the 3-column version; the planner consistently preferred the 3-column composite.
- **comments(Score, UserId, CreationDate)** (different column order): Tested and showed planner preferred the (Score, CreationDate, UserId) ordering for date range filtering after score equality.
- **posts(PostTypeId, OwnerUserId, Id)**: The existing idx_posts_posttypeid bitmap index already handles PostTypeId filtering effectively; adding OwnerUserId/Id showed negligible improvement.",100.261,15.33
s129,"[{""table"": ""posts"", ""columns"": [""CreationDate"", ""Id"", ""OwnerUserId""]}, {""table"": ""votes"", ""columns"": [""VoteTypeId"", ""PostId"", ""CreationDate""]}, {""table"": ""comments"", ""columns"": [""Score"", ""CreationDate"", ""UserId""]}, {""table"": ""postHistory"", ""columns"": [""PostHistoryTypeId"", ""CreationDate"", ""UserId""]}, {""table"": ""postLinks"", ""columns"": [""RelatedPostId"", ""LinkTypeId"", ""CreationDate""]}]","## Analysis Summary

After extensive cost estimation across the full 146-query workload, I identified the existing index set and the five additional indexes that deliver the most benefit. The existing schema already has a rich set of indexes (idx_badges_userid, idx_badges_userid_date, idx_comments_userid, idx_comments_score_userid, idx_comments_postid, idx_comments_postid_creationdate, idx_comments_userid_score_creationdate, idx_votes_userid, idx_votes_userid_creationdate, idx_votes_postid_creationdate, idx_posthistory_userid, idx_posthistory_postid, idx_posthistory_postid_creationdate, idx_posthistory_posttypeid, idx_posthistory_posttypeid_userid, idx_posthistory_userid_typeid_creationdate, idx_postlinks_postid, idx_postlinks_relatedpostid, idx_postlinks_postid_linktypeid_creationdate, idx_posts_posttypeid, idx_posts_owneruserid, idx_posts_viewcount, idx_posts_answercount, idx_posts_id_posttype_creationdate, idx_posts_id_owneruserid).

### Recommended New Indexes

**1. posts(CreationDate, Id, OwnerUserId)**
- Confirmed effective by query planner for many queries (s7, s8, s18, s19, s20, s22, s26, s29, s40, s41, s42, s44, s92, s100, s117, s118, s120, s122, s123, s130, s137, s145, s146 and many complex queries).
- The planner uses it as an index-only scan for date-range filtering on posts, then exposes Id for join to postLinks/postHistory/votes and OwnerUserId for join to users/comments. This eliminates large sequential scans on the posts table (2219–2679 cost) reducing them to targeted index-only scans (~2700 rows selected from ~90k).
- Cost improvement observed: from ~11,605 to ~11,441 for s20; similar savings across dozens of queries that filter posts by CreationDate.

**2. votes(VoteTypeId, PostId, CreationDate)**
- Confirmed used by planner as `tmp_idx_votes_0786ecb9` in s129 (cost ~12,767 vs ~13,703 without) and many other queries (s25, s61, s63, s70, s71, s73, s76, s96, s127, s128, s129, s143, s145).
- The VoteTypeId=2 (upvote) filter is extremely common. Combined with PostId join key and optional CreationDate range filter, this composite index enables index-only scans instead of full sequential scans on the votes table (~192k rows, seq scan cost ~4,572).
- Particularly important for medium/complex queries involving 5-7-table joins where reducing votes scan cost has multiplicative benefit.

**3. comments(Score, CreationDate, UserId)**
- Confirmed used by planner as `tmp_idx_comments_2503997b` for queries filtering Score=1 or Score=2 with CreationDate ranges (s34, s49, s50, s107, s108, s116, s131 and others).
- Supplements the existing idx_comments_score_userid by adding CreationDate to enable range pruning when both Score equality and date ranges are applied. The planner chooses this for Score=1+date patterns, delivering targeted index-only scans of ~14,754 rows vs. full comment table scans (~102k rows with filter cost ~2,882).
- Queries like s34 drop from ~149,249 cost to a much more tractable plan.

**4. postHistory(PostHistoryTypeId, CreationDate, UserId)**
- Confirmed used by planner as `tmp_idx_posthistory_84524b61` for queries filtering PostHistoryTypeId with CreationDate ranges and then joining by UserId (s38, s39, s47, s51, s106, s121, s125, s132, s145).
- For PostHistoryTypeId equality + CreationDate range, this enables index-only scans returning ~17,000–27,000 rows vs. bitmap heap scans of ~24,000–70,000 rows from the existing posttypeid-only index.
- The difference is most dramatic for s106 where the planner uses it for a 3-table join (comments+postHistory+votes on UserId) achieving cost ~474,086 vs millions without it.

**5. postLinks(RelatedPostId, LinkTypeId, CreationDate)**
- Confirmed used by planner as `tmp_idx_postlinks_fe583d40` in multiple queries (s26, s40, s41, s53, s54, s58, s59, s60, s61, s62, s63, s68–s73, s137, s139, s140–s143).
- Many complex queries join postLinks on RelatedPostId and filter on LinkTypeId=1 and/or CreationDate. The existing idx_postlinks_relatedpostid covers only the join key. Adding LinkTypeId+CreationDate enables filtering ~10,186 rows (LinkTypeId=1) or narrower with date ranges, vs. the full 11,102-row postlinks table.
- Enables index-only scans for the postLinks portion of complex 6-7 table joins, reducing intermediate result sets significantly.

### Why Other Candidates Were Rejected

- **postHistory(CreationDate, PostId)** and **postHistory(CreationDate, UserId)**: The planner showed minimal improvement (~0-100 cost) because postHistory is already well-covered by PostId and PostHistoryTypeId indexes, and date-range-only filtering still requires reading most of the table.
- **votes(PostId, VoteTypeId)** without CreationDate: Marginally weaker than the 3-column version; the planner consistently preferred the 3-column composite.
- **comments(Score, UserId, CreationDate)** (different column order): Tested and showed planner preferred the (Score, CreationDate, UserId) ordering for date range filtering after score equality.
- **posts(PostTypeId, OwnerUserId, Id)**: The existing idx_posts_posttypeid bitmap index already handles PostTypeId filtering effectively; adding OwnerUserId/Id showed negligible improvement.",138.357,9.22
s130,"[{""table"": ""posts"", ""columns"": [""CreationDate"", ""Id"", ""OwnerUserId""]}, {""table"": ""votes"", ""columns"": [""VoteTypeId"", ""PostId"", ""CreationDate""]}, {""table"": ""comments"", ""columns"": [""Score"", ""CreationDate"", ""UserId""]}, {""table"": ""postHistory"", ""columns"": [""PostHistoryTypeId"", ""CreationDate"", ""UserId""]}, {""table"": ""postLinks"", ""columns"": [""RelatedPostId"", ""LinkTypeId"", ""CreationDate""]}]","## Analysis Summary

After extensive cost estimation across the full 146-query workload, I identified the existing index set and the five additional indexes that deliver the most benefit. The existing schema already has a rich set of indexes (idx_badges_userid, idx_badges_userid_date, idx_comments_userid, idx_comments_score_userid, idx_comments_postid, idx_comments_postid_creationdate, idx_comments_userid_score_creationdate, idx_votes_userid, idx_votes_userid_creationdate, idx_votes_postid_creationdate, idx_posthistory_userid, idx_posthistory_postid, idx_posthistory_postid_creationdate, idx_posthistory_posttypeid, idx_posthistory_posttypeid_userid, idx_posthistory_userid_typeid_creationdate, idx_postlinks_postid, idx_postlinks_relatedpostid, idx_postlinks_postid_linktypeid_creationdate, idx_posts_posttypeid, idx_posts_owneruserid, idx_posts_viewcount, idx_posts_answercount, idx_posts_id_posttype_creationdate, idx_posts_id_owneruserid).

### Recommended New Indexes

**1. posts(CreationDate, Id, OwnerUserId)**
- Confirmed effective by query planner for many queries (s7, s8, s18, s19, s20, s22, s26, s29, s40, s41, s42, s44, s92, s100, s117, s118, s120, s122, s123, s130, s137, s145, s146 and many complex queries).
- The planner uses it as an index-only scan for date-range filtering on posts, then exposes Id for join to postLinks/postHistory/votes and OwnerUserId for join to users/comments. This eliminates large sequential scans on the posts table (2219–2679 cost) reducing them to targeted index-only scans (~2700 rows selected from ~90k).
- Cost improvement observed: from ~11,605 to ~11,441 for s20; similar savings across dozens of queries that filter posts by CreationDate.

**2. votes(VoteTypeId, PostId, CreationDate)**
- Confirmed used by planner as `tmp_idx_votes_0786ecb9` in s129 (cost ~12,767 vs ~13,703 without) and many other queries (s25, s61, s63, s70, s71, s73, s76, s96, s127, s128, s129, s143, s145).
- The VoteTypeId=2 (upvote) filter is extremely common. Combined with PostId join key and optional CreationDate range filter, this composite index enables index-only scans instead of full sequential scans on the votes table (~192k rows, seq scan cost ~4,572).
- Particularly important for medium/complex queries involving 5-7-table joins where reducing votes scan cost has multiplicative benefit.

**3. comments(Score, CreationDate, UserId)**
- Confirmed used by planner as `tmp_idx_comments_2503997b` for queries filtering Score=1 or Score=2 with CreationDate ranges (s34, s49, s50, s107, s108, s116, s131 and others).
- Supplements the existing idx_comments_score_userid by adding CreationDate to enable range pruning when both Score equality and date ranges are applied. The planner chooses this for Score=1+date patterns, delivering targeted index-only scans of ~14,754 rows vs. full comment table scans (~102k rows with filter cost ~2,882).
- Queries like s34 drop from ~149,249 cost to a much more tractable plan.

**4. postHistory(PostHistoryTypeId, CreationDate, UserId)**
- Confirmed used by planner as `tmp_idx_posthistory_84524b61` for queries filtering PostHistoryTypeId with CreationDate ranges and then joining by UserId (s38, s39, s47, s51, s106, s121, s125, s132, s145).
- For PostHistoryTypeId equality + CreationDate range, this enables index-only scans returning ~17,000–27,000 rows vs. bitmap heap scans of ~24,000–70,000 rows from the existing posttypeid-only index.
- The difference is most dramatic for s106 where the planner uses it for a 3-table join (comments+postHistory+votes on UserId) achieving cost ~474,086 vs millions without it.

**5. postLinks(RelatedPostId, LinkTypeId, CreationDate)**
- Confirmed used by planner as `tmp_idx_postlinks_fe583d40` in multiple queries (s26, s40, s41, s53, s54, s58, s59, s60, s61, s62, s63, s68–s73, s137, s139, s140–s143).
- Many complex queries join postLinks on RelatedPostId and filter on LinkTypeId=1 and/or CreationDate. The existing idx_postlinks_relatedpostid covers only the join key. Adding LinkTypeId+CreationDate enables filtering ~10,186 rows (LinkTypeId=1) or narrower with date ranges, vs. the full 11,102-row postlinks table.
- Enables index-only scans for the postLinks portion of complex 6-7 table joins, reducing intermediate result sets significantly.

### Why Other Candidates Were Rejected

- **postHistory(CreationDate, PostId)** and **postHistory(CreationDate, UserId)**: The planner showed minimal improvement (~0-100 cost) because postHistory is already well-covered by PostId and PostHistoryTypeId indexes, and date-range-only filtering still requires reading most of the table.
- **votes(PostId, VoteTypeId)** without CreationDate: Marginally weaker than the 3-column version; the planner consistently preferred the 3-column composite.
- **comments(Score, UserId, CreationDate)** (different column order): Tested and showed planner preferred the (Score, CreationDate, UserId) ordering for date range filtering after score equality.
- **posts(PostTypeId, OwnerUserId, Id)**: The existing idx_posts_posttypeid bitmap index already handles PostTypeId filtering effectively; adding OwnerUserId/Id showed negligible improvement.",88.812,8.14
s131,"[{""table"": ""posts"", ""columns"": [""CreationDate"", ""Id"", ""OwnerUserId""]}, {""table"": ""votes"", ""columns"": [""VoteTypeId"", ""PostId"", ""CreationDate""]}, {""table"": ""comments"", ""columns"": [""Score"", ""CreationDate"", ""UserId""]}, {""table"": ""postHistory"", ""columns"": [""PostHistoryTypeId"", ""CreationDate"", ""UserId""]}, {""table"": ""postLinks"", ""columns"": [""RelatedPostId"", ""LinkTypeId"", ""CreationDate""]}]","## Analysis Summary

After extensive cost estimation across the full 146-query workload, I identified the existing index set and the five additional indexes that deliver the most benefit. The existing schema already has a rich set of indexes (idx_badges_userid, idx_badges_userid_date, idx_comments_userid, idx_comments_score_userid, idx_comments_postid, idx_comments_postid_creationdate, idx_comments_userid_score_creationdate, idx_votes_userid, idx_votes_userid_creationdate, idx_votes_postid_creationdate, idx_posthistory_userid, idx_posthistory_postid, idx_posthistory_postid_creationdate, idx_posthistory_posttypeid, idx_posthistory_posttypeid_userid, idx_posthistory_userid_typeid_creationdate, idx_postlinks_postid, idx_postlinks_relatedpostid, idx_postlinks_postid_linktypeid_creationdate, idx_posts_posttypeid, idx_posts_owneruserid, idx_posts_viewcount, idx_posts_answercount, idx_posts_id_posttype_creationdate, idx_posts_id_owneruserid).

### Recommended New Indexes

**1. posts(CreationDate, Id, OwnerUserId)**
- Confirmed effective by query planner for many queries (s7, s8, s18, s19, s20, s22, s26, s29, s40, s41, s42, s44, s92, s100, s117, s118, s120, s122, s123, s130, s137, s145, s146 and many complex queries).
- The planner uses it as an index-only scan for date-range filtering on posts, then exposes Id for join to postLinks/postHistory/votes and OwnerUserId for join to users/comments. This eliminates large sequential scans on the posts table (2219–2679 cost) reducing them to targeted index-only scans (~2700 rows selected from ~90k).
- Cost improvement observed: from ~11,605 to ~11,441 for s20; similar savings across dozens of queries that filter posts by CreationDate.

**2. votes(VoteTypeId, PostId, CreationDate)**
- Confirmed used by planner as `tmp_idx_votes_0786ecb9` in s129 (cost ~12,767 vs ~13,703 without) and many other queries (s25, s61, s63, s70, s71, s73, s76, s96, s127, s128, s129, s143, s145).
- The VoteTypeId=2 (upvote) filter is extremely common. Combined with PostId join key and optional CreationDate range filter, this composite index enables index-only scans instead of full sequential scans on the votes table (~192k rows, seq scan cost ~4,572).
- Particularly important for medium/complex queries involving 5-7-table joins where reducing votes scan cost has multiplicative benefit.

**3. comments(Score, CreationDate, UserId)**
- Confirmed used by planner as `tmp_idx_comments_2503997b` for queries filtering Score=1 or Score=2 with CreationDate ranges (s34, s49, s50, s107, s108, s116, s131 and others).
- Supplements the existing idx_comments_score_userid by adding CreationDate to enable range pruning when both Score equality and date ranges are applied. The planner chooses this for Score=1+date patterns, delivering targeted index-only scans of ~14,754 rows vs. full comment table scans (~102k rows with filter cost ~2,882).
- Queries like s34 drop from ~149,249 cost to a much more tractable plan.

**4. postHistory(PostHistoryTypeId, CreationDate, UserId)**
- Confirmed used by planner as `tmp_idx_posthistory_84524b61` for queries filtering PostHistoryTypeId with CreationDate ranges and then joining by UserId (s38, s39, s47, s51, s106, s121, s125, s132, s145).
- For PostHistoryTypeId equality + CreationDate range, this enables index-only scans returning ~17,000–27,000 rows vs. bitmap heap scans of ~24,000–70,000 rows from the existing posttypeid-only index.
- The difference is most dramatic for s106 where the planner uses it for a 3-table join (comments+postHistory+votes on UserId) achieving cost ~474,086 vs millions without it.

**5. postLinks(RelatedPostId, LinkTypeId, CreationDate)**
- Confirmed used by planner as `tmp_idx_postlinks_fe583d40` in multiple queries (s26, s40, s41, s53, s54, s58, s59, s60, s61, s62, s63, s68–s73, s137, s139, s140–s143).
- Many complex queries join postLinks on RelatedPostId and filter on LinkTypeId=1 and/or CreationDate. The existing idx_postlinks_relatedpostid covers only the join key. Adding LinkTypeId+CreationDate enables filtering ~10,186 rows (LinkTypeId=1) or narrower with date ranges, vs. the full 11,102-row postlinks table.
- Enables index-only scans for the postLinks portion of complex 6-7 table joins, reducing intermediate result sets significantly.

### Why Other Candidates Were Rejected

- **postHistory(CreationDate, PostId)** and **postHistory(CreationDate, UserId)**: The planner showed minimal improvement (~0-100 cost) because postHistory is already well-covered by PostId and PostHistoryTypeId indexes, and date-range-only filtering still requires reading most of the table.
- **votes(PostId, VoteTypeId)** without CreationDate: Marginally weaker than the 3-column version; the planner consistently preferred the 3-column composite.
- **comments(Score, UserId, CreationDate)** (different column order): Tested and showed planner preferred the (Score, CreationDate, UserId) ordering for date range filtering after score equality.
- **posts(PostTypeId, OwnerUserId, Id)**: The existing idx_posts_posttypeid bitmap index already handles PostTypeId filtering effectively; adding OwnerUserId/Id showed negligible improvement.",342.229,-17.32
s132,"[{""table"": ""posts"", ""columns"": [""CreationDate"", ""Id"", ""OwnerUserId""]}, {""table"": ""votes"", ""columns"": [""VoteTypeId"", ""PostId"", ""CreationDate""]}, {""table"": ""comments"", ""columns"": [""Score"", ""CreationDate"", ""UserId""]}, {""table"": ""postHistory"", ""columns"": [""PostHistoryTypeId"", ""CreationDate"", ""UserId""]}, {""table"": ""postLinks"", ""columns"": [""RelatedPostId"", ""LinkTypeId"", ""CreationDate""]}]","## Analysis Summary

After extensive cost estimation across the full 146-query workload, I identified the existing index set and the five additional indexes that deliver the most benefit. The existing schema already has a rich set of indexes (idx_badges_userid, idx_badges_userid_date, idx_comments_userid, idx_comments_score_userid, idx_comments_postid, idx_comments_postid_creationdate, idx_comments_userid_score_creationdate, idx_votes_userid, idx_votes_userid_creationdate, idx_votes_postid_creationdate, idx_posthistory_userid, idx_posthistory_postid, idx_posthistory_postid_creationdate, idx_posthistory_posttypeid, idx_posthistory_posttypeid_userid, idx_posthistory_userid_typeid_creationdate, idx_postlinks_postid, idx_postlinks_relatedpostid, idx_postlinks_postid_linktypeid_creationdate, idx_posts_posttypeid, idx_posts_owneruserid, idx_posts_viewcount, idx_posts_answercount, idx_posts_id_posttype_creationdate, idx_posts_id_owneruserid).

### Recommended New Indexes

**1. posts(CreationDate, Id, OwnerUserId)**
- Confirmed effective by query planner for many queries (s7, s8, s18, s19, s20, s22, s26, s29, s40, s41, s42, s44, s92, s100, s117, s118, s120, s122, s123, s130, s137, s145, s146 and many complex queries).
- The planner uses it as an index-only scan for date-range filtering on posts, then exposes Id for join to postLinks/postHistory/votes and OwnerUserId for join to users/comments. This eliminates large sequential scans on the posts table (2219–2679 cost) reducing them to targeted index-only scans (~2700 rows selected from ~90k).
- Cost improvement observed: from ~11,605 to ~11,441 for s20; similar savings across dozens of queries that filter posts by CreationDate.

**2. votes(VoteTypeId, PostId, CreationDate)**
- Confirmed used by planner as `tmp_idx_votes_0786ecb9` in s129 (cost ~12,767 vs ~13,703 without) and many other queries (s25, s61, s63, s70, s71, s73, s76, s96, s127, s128, s129, s143, s145).
- The VoteTypeId=2 (upvote) filter is extremely common. Combined with PostId join key and optional CreationDate range filter, this composite index enables index-only scans instead of full sequential scans on the votes table (~192k rows, seq scan cost ~4,572).
- Particularly important for medium/complex queries involving 5-7-table joins where reducing votes scan cost has multiplicative benefit.

**3. comments(Score, CreationDate, UserId)**
- Confirmed used by planner as `tmp_idx_comments_2503997b` for queries filtering Score=1 or Score=2 with CreationDate ranges (s34, s49, s50, s107, s108, s116, s131 and others).
- Supplements the existing idx_comments_score_userid by adding CreationDate to enable range pruning when both Score equality and date ranges are applied. The planner chooses this for Score=1+date patterns, delivering targeted index-only scans of ~14,754 rows vs. full comment table scans (~102k rows with filter cost ~2,882).
- Queries like s34 drop from ~149,249 cost to a much more tractable plan.

**4. postHistory(PostHistoryTypeId, CreationDate, UserId)**
- Confirmed used by planner as `tmp_idx_posthistory_84524b61` for queries filtering PostHistoryTypeId with CreationDate ranges and then joining by UserId (s38, s39, s47, s51, s106, s121, s125, s132, s145).
- For PostHistoryTypeId equality + CreationDate range, this enables index-only scans returning ~17,000–27,000 rows vs. bitmap heap scans of ~24,000–70,000 rows from the existing posttypeid-only index.
- The difference is most dramatic for s106 where the planner uses it for a 3-table join (comments+postHistory+votes on UserId) achieving cost ~474,086 vs millions without it.

**5. postLinks(RelatedPostId, LinkTypeId, CreationDate)**
- Confirmed used by planner as `tmp_idx_postlinks_fe583d40` in multiple queries (s26, s40, s41, s53, s54, s58, s59, s60, s61, s62, s63, s68–s73, s137, s139, s140–s143).
- Many complex queries join postLinks on RelatedPostId and filter on LinkTypeId=1 and/or CreationDate. The existing idx_postlinks_relatedpostid covers only the join key. Adding LinkTypeId+CreationDate enables filtering ~10,186 rows (LinkTypeId=1) or narrower with date ranges, vs. the full 11,102-row postlinks table.
- Enables index-only scans for the postLinks portion of complex 6-7 table joins, reducing intermediate result sets significantly.

### Why Other Candidates Were Rejected

- **postHistory(CreationDate, PostId)** and **postHistory(CreationDate, UserId)**: The planner showed minimal improvement (~0-100 cost) because postHistory is already well-covered by PostId and PostHistoryTypeId indexes, and date-range-only filtering still requires reading most of the table.
- **votes(PostId, VoteTypeId)** without CreationDate: Marginally weaker than the 3-column version; the planner consistently preferred the 3-column composite.
- **comments(Score, UserId, CreationDate)** (different column order): Tested and showed planner preferred the (Score, CreationDate, UserId) ordering for date range filtering after score equality.
- **posts(PostTypeId, OwnerUserId, Id)**: The existing idx_posts_posttypeid bitmap index already handles PostTypeId filtering effectively; adding OwnerUserId/Id showed negligible improvement.",219.725,31.94
s133,"[{""table"": ""posts"", ""columns"": [""CreationDate"", ""Id"", ""OwnerUserId""]}, {""table"": ""votes"", ""columns"": [""VoteTypeId"", ""PostId"", ""CreationDate""]}, {""table"": ""comments"", ""columns"": [""Score"", ""CreationDate"", ""UserId""]}, {""table"": ""postHistory"", ""columns"": [""PostHistoryTypeId"", ""CreationDate"", ""UserId""]}, {""table"": ""postLinks"", ""columns"": [""RelatedPostId"", ""LinkTypeId"", ""CreationDate""]}]","## Analysis Summary

After extensive cost estimation across the full 146-query workload, I identified the existing index set and the five additional indexes that deliver the most benefit. The existing schema already has a rich set of indexes (idx_badges_userid, idx_badges_userid_date, idx_comments_userid, idx_comments_score_userid, idx_comments_postid, idx_comments_postid_creationdate, idx_comments_userid_score_creationdate, idx_votes_userid, idx_votes_userid_creationdate, idx_votes_postid_creationdate, idx_posthistory_userid, idx_posthistory_postid, idx_posthistory_postid_creationdate, idx_posthistory_posttypeid, idx_posthistory_posttypeid_userid, idx_posthistory_userid_typeid_creationdate, idx_postlinks_postid, idx_postlinks_relatedpostid, idx_postlinks_postid_linktypeid_creationdate, idx_posts_posttypeid, idx_posts_owneruserid, idx_posts_viewcount, idx_posts_answercount, idx_posts_id_posttype_creationdate, idx_posts_id_owneruserid).

### Recommended New Indexes

**1. posts(CreationDate, Id, OwnerUserId)**
- Confirmed effective by query planner for many queries (s7, s8, s18, s19, s20, s22, s26, s29, s40, s41, s42, s44, s92, s100, s117, s118, s120, s122, s123, s130, s137, s145, s146 and many complex queries).
- The planner uses it as an index-only scan for date-range filtering on posts, then exposes Id for join to postLinks/postHistory/votes and OwnerUserId for join to users/comments. This eliminates large sequential scans on the posts table (2219–2679 cost) reducing them to targeted index-only scans (~2700 rows selected from ~90k).
- Cost improvement observed: from ~11,605 to ~11,441 for s20; similar savings across dozens of queries that filter posts by CreationDate.

**2. votes(VoteTypeId, PostId, CreationDate)**
- Confirmed used by planner as `tmp_idx_votes_0786ecb9` in s129 (cost ~12,767 vs ~13,703 without) and many other queries (s25, s61, s63, s70, s71, s73, s76, s96, s127, s128, s129, s143, s145).
- The VoteTypeId=2 (upvote) filter is extremely common. Combined with PostId join key and optional CreationDate range filter, this composite index enables index-only scans instead of full sequential scans on the votes table (~192k rows, seq scan cost ~4,572).
- Particularly important for medium/complex queries involving 5-7-table joins where reducing votes scan cost has multiplicative benefit.

**3. comments(Score, CreationDate, UserId)**
- Confirmed used by planner as `tmp_idx_comments_2503997b` for queries filtering Score=1 or Score=2 with CreationDate ranges (s34, s49, s50, s107, s108, s116, s131 and others).
- Supplements the existing idx_comments_score_userid by adding CreationDate to enable range pruning when both Score equality and date ranges are applied. The planner chooses this for Score=1+date patterns, delivering targeted index-only scans of ~14,754 rows vs. full comment table scans (~102k rows with filter cost ~2,882).
- Queries like s34 drop from ~149,249 cost to a much more tractable plan.

**4. postHistory(PostHistoryTypeId, CreationDate, UserId)**
- Confirmed used by planner as `tmp_idx_posthistory_84524b61` for queries filtering PostHistoryTypeId with CreationDate ranges and then joining by UserId (s38, s39, s47, s51, s106, s121, s125, s132, s145).
- For PostHistoryTypeId equality + CreationDate range, this enables index-only scans returning ~17,000–27,000 rows vs. bitmap heap scans of ~24,000–70,000 rows from the existing posttypeid-only index.
- The difference is most dramatic for s106 where the planner uses it for a 3-table join (comments+postHistory+votes on UserId) achieving cost ~474,086 vs millions without it.

**5. postLinks(RelatedPostId, LinkTypeId, CreationDate)**
- Confirmed used by planner as `tmp_idx_postlinks_fe583d40` in multiple queries (s26, s40, s41, s53, s54, s58, s59, s60, s61, s62, s63, s68–s73, s137, s139, s140–s143).
- Many complex queries join postLinks on RelatedPostId and filter on LinkTypeId=1 and/or CreationDate. The existing idx_postlinks_relatedpostid covers only the join key. Adding LinkTypeId+CreationDate enables filtering ~10,186 rows (LinkTypeId=1) or narrower with date ranges, vs. the full 11,102-row postlinks table.
- Enables index-only scans for the postLinks portion of complex 6-7 table joins, reducing intermediate result sets significantly.

### Why Other Candidates Were Rejected

- **postHistory(CreationDate, PostId)** and **postHistory(CreationDate, UserId)**: The planner showed minimal improvement (~0-100 cost) because postHistory is already well-covered by PostId and PostHistoryTypeId indexes, and date-range-only filtering still requires reading most of the table.
- **votes(PostId, VoteTypeId)** without CreationDate: Marginally weaker than the 3-column version; the planner consistently preferred the 3-column composite.
- **comments(Score, UserId, CreationDate)** (different column order): Tested and showed planner preferred the (Score, CreationDate, UserId) ordering for date range filtering after score equality.
- **posts(PostTypeId, OwnerUserId, Id)**: The existing idx_posts_posttypeid bitmap index already handles PostTypeId filtering effectively; adding OwnerUserId/Id showed negligible improvement.",957.098,2.32
s134,"[{""table"": ""posts"", ""columns"": [""CreationDate"", ""Id"", ""OwnerUserId""]}, {""table"": ""votes"", ""columns"": [""VoteTypeId"", ""PostId"", ""CreationDate""]}, {""table"": ""comments"", ""columns"": [""Score"", ""CreationDate"", ""UserId""]}, {""table"": ""postHistory"", ""columns"": [""PostHistoryTypeId"", ""CreationDate"", ""UserId""]}, {""table"": ""postLinks"", ""columns"": [""RelatedPostId"", ""LinkTypeId"", ""CreationDate""]}]","## Analysis Summary

After extensive cost estimation across the full 146-query workload, I identified the existing index set and the five additional indexes that deliver the most benefit. The existing schema already has a rich set of indexes (idx_badges_userid, idx_badges_userid_date, idx_comments_userid, idx_comments_score_userid, idx_comments_postid, idx_comments_postid_creationdate, idx_comments_userid_score_creationdate, idx_votes_userid, idx_votes_userid_creationdate, idx_votes_postid_creationdate, idx_posthistory_userid, idx_posthistory_postid, idx_posthistory_postid_creationdate, idx_posthistory_posttypeid, idx_posthistory_posttypeid_userid, idx_posthistory_userid_typeid_creationdate, idx_postlinks_postid, idx_postlinks_relatedpostid, idx_postlinks_postid_linktypeid_creationdate, idx_posts_posttypeid, idx_posts_owneruserid, idx_posts_viewcount, idx_posts_answercount, idx_posts_id_posttype_creationdate, idx_posts_id_owneruserid).

### Recommended New Indexes

**1. posts(CreationDate, Id, OwnerUserId)**
- Confirmed effective by query planner for many queries (s7, s8, s18, s19, s20, s22, s26, s29, s40, s41, s42, s44, s92, s100, s117, s118, s120, s122, s123, s130, s137, s145, s146 and many complex queries).
- The planner uses it as an index-only scan for date-range filtering on posts, then exposes Id for join to postLinks/postHistory/votes and OwnerUserId for join to users/comments. This eliminates large sequential scans on the posts table (2219–2679 cost) reducing them to targeted index-only scans (~2700 rows selected from ~90k).
- Cost improvement observed: from ~11,605 to ~11,441 for s20; similar savings across dozens of queries that filter posts by CreationDate.

**2. votes(VoteTypeId, PostId, CreationDate)**
- Confirmed used by planner as `tmp_idx_votes_0786ecb9` in s129 (cost ~12,767 vs ~13,703 without) and many other queries (s25, s61, s63, s70, s71, s73, s76, s96, s127, s128, s129, s143, s145).
- The VoteTypeId=2 (upvote) filter is extremely common. Combined with PostId join key and optional CreationDate range filter, this composite index enables index-only scans instead of full sequential scans on the votes table (~192k rows, seq scan cost ~4,572).
- Particularly important for medium/complex queries involving 5-7-table joins where reducing votes scan cost has multiplicative benefit.

**3. comments(Score, CreationDate, UserId)**
- Confirmed used by planner as `tmp_idx_comments_2503997b` for queries filtering Score=1 or Score=2 with CreationDate ranges (s34, s49, s50, s107, s108, s116, s131 and others).
- Supplements the existing idx_comments_score_userid by adding CreationDate to enable range pruning when both Score equality and date ranges are applied. The planner chooses this for Score=1+date patterns, delivering targeted index-only scans of ~14,754 rows vs. full comment table scans (~102k rows with filter cost ~2,882).
- Queries like s34 drop from ~149,249 cost to a much more tractable plan.

**4. postHistory(PostHistoryTypeId, CreationDate, UserId)**
- Confirmed used by planner as `tmp_idx_posthistory_84524b61` for queries filtering PostHistoryTypeId with CreationDate ranges and then joining by UserId (s38, s39, s47, s51, s106, s121, s125, s132, s145).
- For PostHistoryTypeId equality + CreationDate range, this enables index-only scans returning ~17,000–27,000 rows vs. bitmap heap scans of ~24,000–70,000 rows from the existing posttypeid-only index.
- The difference is most dramatic for s106 where the planner uses it for a 3-table join (comments+postHistory+votes on UserId) achieving cost ~474,086 vs millions without it.

**5. postLinks(RelatedPostId, LinkTypeId, CreationDate)**
- Confirmed used by planner as `tmp_idx_postlinks_fe583d40` in multiple queries (s26, s40, s41, s53, s54, s58, s59, s60, s61, s62, s63, s68–s73, s137, s139, s140–s143).
- Many complex queries join postLinks on RelatedPostId and filter on LinkTypeId=1 and/or CreationDate. The existing idx_postlinks_relatedpostid covers only the join key. Adding LinkTypeId+CreationDate enables filtering ~10,186 rows (LinkTypeId=1) or narrower with date ranges, vs. the full 11,102-row postlinks table.
- Enables index-only scans for the postLinks portion of complex 6-7 table joins, reducing intermediate result sets significantly.

### Why Other Candidates Were Rejected

- **postHistory(CreationDate, PostId)** and **postHistory(CreationDate, UserId)**: The planner showed minimal improvement (~0-100 cost) because postHistory is already well-covered by PostId and PostHistoryTypeId indexes, and date-range-only filtering still requires reading most of the table.
- **votes(PostId, VoteTypeId)** without CreationDate: Marginally weaker than the 3-column version; the planner consistently preferred the 3-column composite.
- **comments(Score, UserId, CreationDate)** (different column order): Tested and showed planner preferred the (Score, CreationDate, UserId) ordering for date range filtering after score equality.
- **posts(PostTypeId, OwnerUserId, Id)**: The existing idx_posts_posttypeid bitmap index already handles PostTypeId filtering effectively; adding OwnerUserId/Id showed negligible improvement.",11610.671,13.55
s135,"[{""table"": ""posts"", ""columns"": [""CreationDate"", ""Id"", ""OwnerUserId""]}, {""table"": ""votes"", ""columns"": [""VoteTypeId"", ""PostId"", ""CreationDate""]}, {""table"": ""comments"", ""columns"": [""Score"", ""CreationDate"", ""UserId""]}, {""table"": ""postHistory"", ""columns"": [""PostHistoryTypeId"", ""CreationDate"", ""UserId""]}, {""table"": ""postLinks"", ""columns"": [""RelatedPostId"", ""LinkTypeId"", ""CreationDate""]}]","## Analysis Summary

After extensive cost estimation across the full 146-query workload, I identified the existing index set and the five additional indexes that deliver the most benefit. The existing schema already has a rich set of indexes (idx_badges_userid, idx_badges_userid_date, idx_comments_userid, idx_comments_score_userid, idx_comments_postid, idx_comments_postid_creationdate, idx_comments_userid_score_creationdate, idx_votes_userid, idx_votes_userid_creationdate, idx_votes_postid_creationdate, idx_posthistory_userid, idx_posthistory_postid, idx_posthistory_postid_creationdate, idx_posthistory_posttypeid, idx_posthistory_posttypeid_userid, idx_posthistory_userid_typeid_creationdate, idx_postlinks_postid, idx_postlinks_relatedpostid, idx_postlinks_postid_linktypeid_creationdate, idx_posts_posttypeid, idx_posts_owneruserid, idx_posts_viewcount, idx_posts_answercount, idx_posts_id_posttype_creationdate, idx_posts_id_owneruserid).

### Recommended New Indexes

**1. posts(CreationDate, Id, OwnerUserId)**
- Confirmed effective by query planner for many queries (s7, s8, s18, s19, s20, s22, s26, s29, s40, s41, s42, s44, s92, s100, s117, s118, s120, s122, s123, s130, s137, s145, s146 and many complex queries).
- The planner uses it as an index-only scan for date-range filtering on posts, then exposes Id for join to postLinks/postHistory/votes and OwnerUserId for join to users/comments. This eliminates large sequential scans on the posts table (2219–2679 cost) reducing them to targeted index-only scans (~2700 rows selected from ~90k).
- Cost improvement observed: from ~11,605 to ~11,441 for s20; similar savings across dozens of queries that filter posts by CreationDate.

**2. votes(VoteTypeId, PostId, CreationDate)**
- Confirmed used by planner as `tmp_idx_votes_0786ecb9` in s129 (cost ~12,767 vs ~13,703 without) and many other queries (s25, s61, s63, s70, s71, s73, s76, s96, s127, s128, s129, s143, s145).
- The VoteTypeId=2 (upvote) filter is extremely common. Combined with PostId join key and optional CreationDate range filter, this composite index enables index-only scans instead of full sequential scans on the votes table (~192k rows, seq scan cost ~4,572).
- Particularly important for medium/complex queries involving 5-7-table joins where reducing votes scan cost has multiplicative benefit.

**3. comments(Score, CreationDate, UserId)**
- Confirmed used by planner as `tmp_idx_comments_2503997b` for queries filtering Score=1 or Score=2 with CreationDate ranges (s34, s49, s50, s107, s108, s116, s131 and others).
- Supplements the existing idx_comments_score_userid by adding CreationDate to enable range pruning when both Score equality and date ranges are applied. The planner chooses this for Score=1+date patterns, delivering targeted index-only scans of ~14,754 rows vs. full comment table scans (~102k rows with filter cost ~2,882).
- Queries like s34 drop from ~149,249 cost to a much more tractable plan.

**4. postHistory(PostHistoryTypeId, CreationDate, UserId)**
- Confirmed used by planner as `tmp_idx_posthistory_84524b61` for queries filtering PostHistoryTypeId with CreationDate ranges and then joining by UserId (s38, s39, s47, s51, s106, s121, s125, s132, s145).
- For PostHistoryTypeId equality + CreationDate range, this enables index-only scans returning ~17,000–27,000 rows vs. bitmap heap scans of ~24,000–70,000 rows from the existing posttypeid-only index.
- The difference is most dramatic for s106 where the planner uses it for a 3-table join (comments+postHistory+votes on UserId) achieving cost ~474,086 vs millions without it.

**5. postLinks(RelatedPostId, LinkTypeId, CreationDate)**
- Confirmed used by planner as `tmp_idx_postlinks_fe583d40` in multiple queries (s26, s40, s41, s53, s54, s58, s59, s60, s61, s62, s63, s68–s73, s137, s139, s140–s143).
- Many complex queries join postLinks on RelatedPostId and filter on LinkTypeId=1 and/or CreationDate. The existing idx_postlinks_relatedpostid covers only the join key. Adding LinkTypeId+CreationDate enables filtering ~10,186 rows (LinkTypeId=1) or narrower with date ranges, vs. the full 11,102-row postlinks table.
- Enables index-only scans for the postLinks portion of complex 6-7 table joins, reducing intermediate result sets significantly.

### Why Other Candidates Were Rejected

- **postHistory(CreationDate, PostId)** and **postHistory(CreationDate, UserId)**: The planner showed minimal improvement (~0-100 cost) because postHistory is already well-covered by PostId and PostHistoryTypeId indexes, and date-range-only filtering still requires reading most of the table.
- **votes(PostId, VoteTypeId)** without CreationDate: Marginally weaker than the 3-column version; the planner consistently preferred the 3-column composite.
- **comments(Score, UserId, CreationDate)** (different column order): Tested and showed planner preferred the (Score, CreationDate, UserId) ordering for date range filtering after score equality.
- **posts(PostTypeId, OwnerUserId, Id)**: The existing idx_posts_posttypeid bitmap index already handles PostTypeId filtering effectively; adding OwnerUserId/Id showed negligible improvement.",120093.593,-0.56
s136,"[{""table"": ""posts"", ""columns"": [""CreationDate"", ""Id"", ""OwnerUserId""]}, {""table"": ""votes"", ""columns"": [""VoteTypeId"", ""PostId"", ""CreationDate""]}, {""table"": ""comments"", ""columns"": [""Score"", ""CreationDate"", ""UserId""]}, {""table"": ""postHistory"", ""columns"": [""PostHistoryTypeId"", ""CreationDate"", ""UserId""]}, {""table"": ""postLinks"", ""columns"": [""RelatedPostId"", ""LinkTypeId"", ""CreationDate""]}]","## Analysis Summary

After extensive cost estimation across the full 146-query workload, I identified the existing index set and the five additional indexes that deliver the most benefit. The existing schema already has a rich set of indexes (idx_badges_userid, idx_badges_userid_date, idx_comments_userid, idx_comments_score_userid, idx_comments_postid, idx_comments_postid_creationdate, idx_comments_userid_score_creationdate, idx_votes_userid, idx_votes_userid_creationdate, idx_votes_postid_creationdate, idx_posthistory_userid, idx_posthistory_postid, idx_posthistory_postid_creationdate, idx_posthistory_posttypeid, idx_posthistory_posttypeid_userid, idx_posthistory_userid_typeid_creationdate, idx_postlinks_postid, idx_postlinks_relatedpostid, idx_postlinks_postid_linktypeid_creationdate, idx_posts_posttypeid, idx_posts_owneruserid, idx_posts_viewcount, idx_posts_answercount, idx_posts_id_posttype_creationdate, idx_posts_id_owneruserid).

### Recommended New Indexes

**1. posts(CreationDate, Id, OwnerUserId)**
- Confirmed effective by query planner for many queries (s7, s8, s18, s19, s20, s22, s26, s29, s40, s41, s42, s44, s92, s100, s117, s118, s120, s122, s123, s130, s137, s145, s146 and many complex queries).
- The planner uses it as an index-only scan for date-range filtering on posts, then exposes Id for join to postLinks/postHistory/votes and OwnerUserId for join to users/comments. This eliminates large sequential scans on the posts table (2219–2679 cost) reducing them to targeted index-only scans (~2700 rows selected from ~90k).
- Cost improvement observed: from ~11,605 to ~11,441 for s20; similar savings across dozens of queries that filter posts by CreationDate.

**2. votes(VoteTypeId, PostId, CreationDate)**
- Confirmed used by planner as `tmp_idx_votes_0786ecb9` in s129 (cost ~12,767 vs ~13,703 without) and many other queries (s25, s61, s63, s70, s71, s73, s76, s96, s127, s128, s129, s143, s145).
- The VoteTypeId=2 (upvote) filter is extremely common. Combined with PostId join key and optional CreationDate range filter, this composite index enables index-only scans instead of full sequential scans on the votes table (~192k rows, seq scan cost ~4,572).
- Particularly important for medium/complex queries involving 5-7-table joins where reducing votes scan cost has multiplicative benefit.

**3. comments(Score, CreationDate, UserId)**
- Confirmed used by planner as `tmp_idx_comments_2503997b` for queries filtering Score=1 or Score=2 with CreationDate ranges (s34, s49, s50, s107, s108, s116, s131 and others).
- Supplements the existing idx_comments_score_userid by adding CreationDate to enable range pruning when both Score equality and date ranges are applied. The planner chooses this for Score=1+date patterns, delivering targeted index-only scans of ~14,754 rows vs. full comment table scans (~102k rows with filter cost ~2,882).
- Queries like s34 drop from ~149,249 cost to a much more tractable plan.

**4. postHistory(PostHistoryTypeId, CreationDate, UserId)**
- Confirmed used by planner as `tmp_idx_posthistory_84524b61` for queries filtering PostHistoryTypeId with CreationDate ranges and then joining by UserId (s38, s39, s47, s51, s106, s121, s125, s132, s145).
- For PostHistoryTypeId equality + CreationDate range, this enables index-only scans returning ~17,000–27,000 rows vs. bitmap heap scans of ~24,000–70,000 rows from the existing posttypeid-only index.
- The difference is most dramatic for s106 where the planner uses it for a 3-table join (comments+postHistory+votes on UserId) achieving cost ~474,086 vs millions without it.

**5. postLinks(RelatedPostId, LinkTypeId, CreationDate)**
- Confirmed used by planner as `tmp_idx_postlinks_fe583d40` in multiple queries (s26, s40, s41, s53, s54, s58, s59, s60, s61, s62, s63, s68–s73, s137, s139, s140–s143).
- Many complex queries join postLinks on RelatedPostId and filter on LinkTypeId=1 and/or CreationDate. The existing idx_postlinks_relatedpostid covers only the join key. Adding LinkTypeId+CreationDate enables filtering ~10,186 rows (LinkTypeId=1) or narrower with date ranges, vs. the full 11,102-row postlinks table.
- Enables index-only scans for the postLinks portion of complex 6-7 table joins, reducing intermediate result sets significantly.

### Why Other Candidates Were Rejected

- **postHistory(CreationDate, PostId)** and **postHistory(CreationDate, UserId)**: The planner showed minimal improvement (~0-100 cost) because postHistory is already well-covered by PostId and PostHistoryTypeId indexes, and date-range-only filtering still requires reading most of the table.
- **votes(PostId, VoteTypeId)** without CreationDate: Marginally weaker than the 3-column version; the planner consistently preferred the 3-column composite.
- **comments(Score, UserId, CreationDate)** (different column order): Tested and showed planner preferred the (Score, CreationDate, UserId) ordering for date range filtering after score equality.
- **posts(PostTypeId, OwnerUserId, Id)**: The existing idx_posts_posttypeid bitmap index already handles PostTypeId filtering effectively; adding OwnerUserId/Id showed negligible improvement.",33627.387,-9.53
s137,"[{""table"": ""posts"", ""columns"": [""CreationDate"", ""Id"", ""OwnerUserId""]}, {""table"": ""votes"", ""columns"": [""VoteTypeId"", ""PostId"", ""CreationDate""]}, {""table"": ""comments"", ""columns"": [""Score"", ""CreationDate"", ""UserId""]}, {""table"": ""postHistory"", ""columns"": [""PostHistoryTypeId"", ""CreationDate"", ""UserId""]}, {""table"": ""postLinks"", ""columns"": [""RelatedPostId"", ""LinkTypeId"", ""CreationDate""]}]","## Analysis Summary

After extensive cost estimation across the full 146-query workload, I identified the existing index set and the five additional indexes that deliver the most benefit. The existing schema already has a rich set of indexes (idx_badges_userid, idx_badges_userid_date, idx_comments_userid, idx_comments_score_userid, idx_comments_postid, idx_comments_postid_creationdate, idx_comments_userid_score_creationdate, idx_votes_userid, idx_votes_userid_creationdate, idx_votes_postid_creationdate, idx_posthistory_userid, idx_posthistory_postid, idx_posthistory_postid_creationdate, idx_posthistory_posttypeid, idx_posthistory_posttypeid_userid, idx_posthistory_userid_typeid_creationdate, idx_postlinks_postid, idx_postlinks_relatedpostid, idx_postlinks_postid_linktypeid_creationdate, idx_posts_posttypeid, idx_posts_owneruserid, idx_posts_viewcount, idx_posts_answercount, idx_posts_id_posttype_creationdate, idx_posts_id_owneruserid).

### Recommended New Indexes

**1. posts(CreationDate, Id, OwnerUserId)**
- Confirmed effective by query planner for many queries (s7, s8, s18, s19, s20, s22, s26, s29, s40, s41, s42, s44, s92, s100, s117, s118, s120, s122, s123, s130, s137, s145, s146 and many complex queries).
- The planner uses it as an index-only scan for date-range filtering on posts, then exposes Id for join to postLinks/postHistory/votes and OwnerUserId for join to users/comments. This eliminates large sequential scans on the posts table (2219–2679 cost) reducing them to targeted index-only scans (~2700 rows selected from ~90k).
- Cost improvement observed: from ~11,605 to ~11,441 for s20; similar savings across dozens of queries that filter posts by CreationDate.

**2. votes(VoteTypeId, PostId, CreationDate)**
- Confirmed used by planner as `tmp_idx_votes_0786ecb9` in s129 (cost ~12,767 vs ~13,703 without) and many other queries (s25, s61, s63, s70, s71, s73, s76, s96, s127, s128, s129, s143, s145).
- The VoteTypeId=2 (upvote) filter is extremely common. Combined with PostId join key and optional CreationDate range filter, this composite index enables index-only scans instead of full sequential scans on the votes table (~192k rows, seq scan cost ~4,572).
- Particularly important for medium/complex queries involving 5-7-table joins where reducing votes scan cost has multiplicative benefit.

**3. comments(Score, CreationDate, UserId)**
- Confirmed used by planner as `tmp_idx_comments_2503997b` for queries filtering Score=1 or Score=2 with CreationDate ranges (s34, s49, s50, s107, s108, s116, s131 and others).
- Supplements the existing idx_comments_score_userid by adding CreationDate to enable range pruning when both Score equality and date ranges are applied. The planner chooses this for Score=1+date patterns, delivering targeted index-only scans of ~14,754 rows vs. full comment table scans (~102k rows with filter cost ~2,882).
- Queries like s34 drop from ~149,249 cost to a much more tractable plan.

**4. postHistory(PostHistoryTypeId, CreationDate, UserId)**
- Confirmed used by planner as `tmp_idx_posthistory_84524b61` for queries filtering PostHistoryTypeId with CreationDate ranges and then joining by UserId (s38, s39, s47, s51, s106, s121, s125, s132, s145).
- For PostHistoryTypeId equality + CreationDate range, this enables index-only scans returning ~17,000–27,000 rows vs. bitmap heap scans of ~24,000–70,000 rows from the existing posttypeid-only index.
- The difference is most dramatic for s106 where the planner uses it for a 3-table join (comments+postHistory+votes on UserId) achieving cost ~474,086 vs millions without it.

**5. postLinks(RelatedPostId, LinkTypeId, CreationDate)**
- Confirmed used by planner as `tmp_idx_postlinks_fe583d40` in multiple queries (s26, s40, s41, s53, s54, s58, s59, s60, s61, s62, s63, s68–s73, s137, s139, s140–s143).
- Many complex queries join postLinks on RelatedPostId and filter on LinkTypeId=1 and/or CreationDate. The existing idx_postlinks_relatedpostid covers only the join key. Adding LinkTypeId+CreationDate enables filtering ~10,186 rows (LinkTypeId=1) or narrower with date ranges, vs. the full 11,102-row postlinks table.
- Enables index-only scans for the postLinks portion of complex 6-7 table joins, reducing intermediate result sets significantly.

### Why Other Candidates Were Rejected

- **postHistory(CreationDate, PostId)** and **postHistory(CreationDate, UserId)**: The planner showed minimal improvement (~0-100 cost) because postHistory is already well-covered by PostId and PostHistoryTypeId indexes, and date-range-only filtering still requires reading most of the table.
- **votes(PostId, VoteTypeId)** without CreationDate: Marginally weaker than the 3-column version; the planner consistently preferred the 3-column composite.
- **comments(Score, UserId, CreationDate)** (different column order): Tested and showed planner preferred the (Score, CreationDate, UserId) ordering for date range filtering after score equality.
- **posts(PostTypeId, OwnerUserId, Id)**: The existing idx_posts_posttypeid bitmap index already handles PostTypeId filtering effectively; adding OwnerUserId/Id showed negligible improvement.",68.981,-4.32
s138,"[{""table"": ""posts"", ""columns"": [""CreationDate"", ""Id"", ""OwnerUserId""]}, {""table"": ""votes"", ""columns"": [""VoteTypeId"", ""PostId"", ""CreationDate""]}, {""table"": ""comments"", ""columns"": [""Score"", ""CreationDate"", ""UserId""]}, {""table"": ""postHistory"", ""columns"": [""PostHistoryTypeId"", ""CreationDate"", ""UserId""]}, {""table"": ""postLinks"", ""columns"": [""RelatedPostId"", ""LinkTypeId"", ""CreationDate""]}]","## Analysis Summary

After extensive cost estimation across the full 146-query workload, I identified the existing index set and the five additional indexes that deliver the most benefit. The existing schema already has a rich set of indexes (idx_badges_userid, idx_badges_userid_date, idx_comments_userid, idx_comments_score_userid, idx_comments_postid, idx_comments_postid_creationdate, idx_comments_userid_score_creationdate, idx_votes_userid, idx_votes_userid_creationdate, idx_votes_postid_creationdate, idx_posthistory_userid, idx_posthistory_postid, idx_posthistory_postid_creationdate, idx_posthistory_posttypeid, idx_posthistory_posttypeid_userid, idx_posthistory_userid_typeid_creationdate, idx_postlinks_postid, idx_postlinks_relatedpostid, idx_postlinks_postid_linktypeid_creationdate, idx_posts_posttypeid, idx_posts_owneruserid, idx_posts_viewcount, idx_posts_answercount, idx_posts_id_posttype_creationdate, idx_posts_id_owneruserid).

### Recommended New Indexes

**1. posts(CreationDate, Id, OwnerUserId)**
- Confirmed effective by query planner for many queries (s7, s8, s18, s19, s20, s22, s26, s29, s40, s41, s42, s44, s92, s100, s117, s118, s120, s122, s123, s130, s137, s145, s146 and many complex queries).
- The planner uses it as an index-only scan for date-range filtering on posts, then exposes Id for join to postLinks/postHistory/votes and OwnerUserId for join to users/comments. This eliminates large sequential scans on the posts table (2219–2679 cost) reducing them to targeted index-only scans (~2700 rows selected from ~90k).
- Cost improvement observed: from ~11,605 to ~11,441 for s20; similar savings across dozens of queries that filter posts by CreationDate.

**2. votes(VoteTypeId, PostId, CreationDate)**
- Confirmed used by planner as `tmp_idx_votes_0786ecb9` in s129 (cost ~12,767 vs ~13,703 without) and many other queries (s25, s61, s63, s70, s71, s73, s76, s96, s127, s128, s129, s143, s145).
- The VoteTypeId=2 (upvote) filter is extremely common. Combined with PostId join key and optional CreationDate range filter, this composite index enables index-only scans instead of full sequential scans on the votes table (~192k rows, seq scan cost ~4,572).
- Particularly important for medium/complex queries involving 5-7-table joins where reducing votes scan cost has multiplicative benefit.

**3. comments(Score, CreationDate, UserId)**
- Confirmed used by planner as `tmp_idx_comments_2503997b` for queries filtering Score=1 or Score=2 with CreationDate ranges (s34, s49, s50, s107, s108, s116, s131 and others).
- Supplements the existing idx_comments_score_userid by adding CreationDate to enable range pruning when both Score equality and date ranges are applied. The planner chooses this for Score=1+date patterns, delivering targeted index-only scans of ~14,754 rows vs. full comment table scans (~102k rows with filter cost ~2,882).
- Queries like s34 drop from ~149,249 cost to a much more tractable plan.

**4. postHistory(PostHistoryTypeId, CreationDate, UserId)**
- Confirmed used by planner as `tmp_idx_posthistory_84524b61` for queries filtering PostHistoryTypeId with CreationDate ranges and then joining by UserId (s38, s39, s47, s51, s106, s121, s125, s132, s145).
- For PostHistoryTypeId equality + CreationDate range, this enables index-only scans returning ~17,000–27,000 rows vs. bitmap heap scans of ~24,000–70,000 rows from the existing posttypeid-only index.
- The difference is most dramatic for s106 where the planner uses it for a 3-table join (comments+postHistory+votes on UserId) achieving cost ~474,086 vs millions without it.

**5. postLinks(RelatedPostId, LinkTypeId, CreationDate)**
- Confirmed used by planner as `tmp_idx_postlinks_fe583d40` in multiple queries (s26, s40, s41, s53, s54, s58, s59, s60, s61, s62, s63, s68–s73, s137, s139, s140–s143).
- Many complex queries join postLinks on RelatedPostId and filter on LinkTypeId=1 and/or CreationDate. The existing idx_postlinks_relatedpostid covers only the join key. Adding LinkTypeId+CreationDate enables filtering ~10,186 rows (LinkTypeId=1) or narrower with date ranges, vs. the full 11,102-row postlinks table.
- Enables index-only scans for the postLinks portion of complex 6-7 table joins, reducing intermediate result sets significantly.

### Why Other Candidates Were Rejected

- **postHistory(CreationDate, PostId)** and **postHistory(CreationDate, UserId)**: The planner showed minimal improvement (~0-100 cost) because postHistory is already well-covered by PostId and PostHistoryTypeId indexes, and date-range-only filtering still requires reading most of the table.
- **votes(PostId, VoteTypeId)** without CreationDate: Marginally weaker than the 3-column version; the planner consistently preferred the 3-column composite.
- **comments(Score, UserId, CreationDate)** (different column order): Tested and showed planner preferred the (Score, CreationDate, UserId) ordering for date range filtering after score equality.
- **posts(PostTypeId, OwnerUserId, Id)**: The existing idx_posts_posttypeid bitmap index already handles PostTypeId filtering effectively; adding OwnerUserId/Id showed negligible improvement.",861.68,-14.99
s139,"[{""table"": ""posts"", ""columns"": [""CreationDate"", ""Id"", ""OwnerUserId""]}, {""table"": ""votes"", ""columns"": [""VoteTypeId"", ""PostId"", ""CreationDate""]}, {""table"": ""comments"", ""columns"": [""Score"", ""CreationDate"", ""UserId""]}, {""table"": ""postHistory"", ""columns"": [""PostHistoryTypeId"", ""CreationDate"", ""UserId""]}, {""table"": ""postLinks"", ""columns"": [""RelatedPostId"", ""LinkTypeId"", ""CreationDate""]}]","## Analysis Summary

After extensive cost estimation across the full 146-query workload, I identified the existing index set and the five additional indexes that deliver the most benefit. The existing schema already has a rich set of indexes (idx_badges_userid, idx_badges_userid_date, idx_comments_userid, idx_comments_score_userid, idx_comments_postid, idx_comments_postid_creationdate, idx_comments_userid_score_creationdate, idx_votes_userid, idx_votes_userid_creationdate, idx_votes_postid_creationdate, idx_posthistory_userid, idx_posthistory_postid, idx_posthistory_postid_creationdate, idx_posthistory_posttypeid, idx_posthistory_posttypeid_userid, idx_posthistory_userid_typeid_creationdate, idx_postlinks_postid, idx_postlinks_relatedpostid, idx_postlinks_postid_linktypeid_creationdate, idx_posts_posttypeid, idx_posts_owneruserid, idx_posts_viewcount, idx_posts_answercount, idx_posts_id_posttype_creationdate, idx_posts_id_owneruserid).

### Recommended New Indexes

**1. posts(CreationDate, Id, OwnerUserId)**
- Confirmed effective by query planner for many queries (s7, s8, s18, s19, s20, s22, s26, s29, s40, s41, s42, s44, s92, s100, s117, s118, s120, s122, s123, s130, s137, s145, s146 and many complex queries).
- The planner uses it as an index-only scan for date-range filtering on posts, then exposes Id for join to postLinks/postHistory/votes and OwnerUserId for join to users/comments. This eliminates large sequential scans on the posts table (2219–2679 cost) reducing them to targeted index-only scans (~2700 rows selected from ~90k).
- Cost improvement observed: from ~11,605 to ~11,441 for s20; similar savings across dozens of queries that filter posts by CreationDate.

**2. votes(VoteTypeId, PostId, CreationDate)**
- Confirmed used by planner as `tmp_idx_votes_0786ecb9` in s129 (cost ~12,767 vs ~13,703 without) and many other queries (s25, s61, s63, s70, s71, s73, s76, s96, s127, s128, s129, s143, s145).
- The VoteTypeId=2 (upvote) filter is extremely common. Combined with PostId join key and optional CreationDate range filter, this composite index enables index-only scans instead of full sequential scans on the votes table (~192k rows, seq scan cost ~4,572).
- Particularly important for medium/complex queries involving 5-7-table joins where reducing votes scan cost has multiplicative benefit.

**3. comments(Score, CreationDate, UserId)**
- Confirmed used by planner as `tmp_idx_comments_2503997b` for queries filtering Score=1 or Score=2 with CreationDate ranges (s34, s49, s50, s107, s108, s116, s131 and others).
- Supplements the existing idx_comments_score_userid by adding CreationDate to enable range pruning when both Score equality and date ranges are applied. The planner chooses this for Score=1+date patterns, delivering targeted index-only scans of ~14,754 rows vs. full comment table scans (~102k rows with filter cost ~2,882).
- Queries like s34 drop from ~149,249 cost to a much more tractable plan.

**4. postHistory(PostHistoryTypeId, CreationDate, UserId)**
- Confirmed used by planner as `tmp_idx_posthistory_84524b61` for queries filtering PostHistoryTypeId with CreationDate ranges and then joining by UserId (s38, s39, s47, s51, s106, s121, s125, s132, s145).
- For PostHistoryTypeId equality + CreationDate range, this enables index-only scans returning ~17,000–27,000 rows vs. bitmap heap scans of ~24,000–70,000 rows from the existing posttypeid-only index.
- The difference is most dramatic for s106 where the planner uses it for a 3-table join (comments+postHistory+votes on UserId) achieving cost ~474,086 vs millions without it.

**5. postLinks(RelatedPostId, LinkTypeId, CreationDate)**
- Confirmed used by planner as `tmp_idx_postlinks_fe583d40` in multiple queries (s26, s40, s41, s53, s54, s58, s59, s60, s61, s62, s63, s68–s73, s137, s139, s140–s143).
- Many complex queries join postLinks on RelatedPostId and filter on LinkTypeId=1 and/or CreationDate. The existing idx_postlinks_relatedpostid covers only the join key. Adding LinkTypeId+CreationDate enables filtering ~10,186 rows (LinkTypeId=1) or narrower with date ranges, vs. the full 11,102-row postlinks table.
- Enables index-only scans for the postLinks portion of complex 6-7 table joins, reducing intermediate result sets significantly.

### Why Other Candidates Were Rejected

- **postHistory(CreationDate, PostId)** and **postHistory(CreationDate, UserId)**: The planner showed minimal improvement (~0-100 cost) because postHistory is already well-covered by PostId and PostHistoryTypeId indexes, and date-range-only filtering still requires reading most of the table.
- **votes(PostId, VoteTypeId)** without CreationDate: Marginally weaker than the 3-column version; the planner consistently preferred the 3-column composite.
- **comments(Score, UserId, CreationDate)** (different column order): Tested and showed planner preferred the (Score, CreationDate, UserId) ordering for date range filtering after score equality.
- **posts(PostTypeId, OwnerUserId, Id)**: The existing idx_posts_posttypeid bitmap index already handles PostTypeId filtering effectively; adding OwnerUserId/Id showed negligible improvement.",324.262,-10.34
s140,"[{""table"": ""posts"", ""columns"": [""CreationDate"", ""Id"", ""OwnerUserId""]}, {""table"": ""votes"", ""columns"": [""VoteTypeId"", ""PostId"", ""CreationDate""]}, {""table"": ""comments"", ""columns"": [""Score"", ""CreationDate"", ""UserId""]}, {""table"": ""postHistory"", ""columns"": [""PostHistoryTypeId"", ""CreationDate"", ""UserId""]}, {""table"": ""postLinks"", ""columns"": [""RelatedPostId"", ""LinkTypeId"", ""CreationDate""]}]","## Analysis Summary

After extensive cost estimation across the full 146-query workload, I identified the existing index set and the five additional indexes that deliver the most benefit. The existing schema already has a rich set of indexes (idx_badges_userid, idx_badges_userid_date, idx_comments_userid, idx_comments_score_userid, idx_comments_postid, idx_comments_postid_creationdate, idx_comments_userid_score_creationdate, idx_votes_userid, idx_votes_userid_creationdate, idx_votes_postid_creationdate, idx_posthistory_userid, idx_posthistory_postid, idx_posthistory_postid_creationdate, idx_posthistory_posttypeid, idx_posthistory_posttypeid_userid, idx_posthistory_userid_typeid_creationdate, idx_postlinks_postid, idx_postlinks_relatedpostid, idx_postlinks_postid_linktypeid_creationdate, idx_posts_posttypeid, idx_posts_owneruserid, idx_posts_viewcount, idx_posts_answercount, idx_posts_id_posttype_creationdate, idx_posts_id_owneruserid).

### Recommended New Indexes

**1. posts(CreationDate, Id, OwnerUserId)**
- Confirmed effective by query planner for many queries (s7, s8, s18, s19, s20, s22, s26, s29, s40, s41, s42, s44, s92, s100, s117, s118, s120, s122, s123, s130, s137, s145, s146 and many complex queries).
- The planner uses it as an index-only scan for date-range filtering on posts, then exposes Id for join to postLinks/postHistory/votes and OwnerUserId for join to users/comments. This eliminates large sequential scans on the posts table (2219–2679 cost) reducing them to targeted index-only scans (~2700 rows selected from ~90k).
- Cost improvement observed: from ~11,605 to ~11,441 for s20; similar savings across dozens of queries that filter posts by CreationDate.

**2. votes(VoteTypeId, PostId, CreationDate)**
- Confirmed used by planner as `tmp_idx_votes_0786ecb9` in s129 (cost ~12,767 vs ~13,703 without) and many other queries (s25, s61, s63, s70, s71, s73, s76, s96, s127, s128, s129, s143, s145).
- The VoteTypeId=2 (upvote) filter is extremely common. Combined with PostId join key and optional CreationDate range filter, this composite index enables index-only scans instead of full sequential scans on the votes table (~192k rows, seq scan cost ~4,572).
- Particularly important for medium/complex queries involving 5-7-table joins where reducing votes scan cost has multiplicative benefit.

**3. comments(Score, CreationDate, UserId)**
- Confirmed used by planner as `tmp_idx_comments_2503997b` for queries filtering Score=1 or Score=2 with CreationDate ranges (s34, s49, s50, s107, s108, s116, s131 and others).
- Supplements the existing idx_comments_score_userid by adding CreationDate to enable range pruning when both Score equality and date ranges are applied. The planner chooses this for Score=1+date patterns, delivering targeted index-only scans of ~14,754 rows vs. full comment table scans (~102k rows with filter cost ~2,882).
- Queries like s34 drop from ~149,249 cost to a much more tractable plan.

**4. postHistory(PostHistoryTypeId, CreationDate, UserId)**
- Confirmed used by planner as `tmp_idx_posthistory_84524b61` for queries filtering PostHistoryTypeId with CreationDate ranges and then joining by UserId (s38, s39, s47, s51, s106, s121, s125, s132, s145).
- For PostHistoryTypeId equality + CreationDate range, this enables index-only scans returning ~17,000–27,000 rows vs. bitmap heap scans of ~24,000–70,000 rows from the existing posttypeid-only index.
- The difference is most dramatic for s106 where the planner uses it for a 3-table join (comments+postHistory+votes on UserId) achieving cost ~474,086 vs millions without it.

**5. postLinks(RelatedPostId, LinkTypeId, CreationDate)**
- Confirmed used by planner as `tmp_idx_postlinks_fe583d40` in multiple queries (s26, s40, s41, s53, s54, s58, s59, s60, s61, s62, s63, s68–s73, s137, s139, s140–s143).
- Many complex queries join postLinks on RelatedPostId and filter on LinkTypeId=1 and/or CreationDate. The existing idx_postlinks_relatedpostid covers only the join key. Adding LinkTypeId+CreationDate enables filtering ~10,186 rows (LinkTypeId=1) or narrower with date ranges, vs. the full 11,102-row postlinks table.
- Enables index-only scans for the postLinks portion of complex 6-7 table joins, reducing intermediate result sets significantly.

### Why Other Candidates Were Rejected

- **postHistory(CreationDate, PostId)** and **postHistory(CreationDate, UserId)**: The planner showed minimal improvement (~0-100 cost) because postHistory is already well-covered by PostId and PostHistoryTypeId indexes, and date-range-only filtering still requires reading most of the table.
- **votes(PostId, VoteTypeId)** without CreationDate: Marginally weaker than the 3-column version; the planner consistently preferred the 3-column composite.
- **comments(Score, UserId, CreationDate)** (different column order): Tested and showed planner preferred the (Score, CreationDate, UserId) ordering for date range filtering after score equality.
- **posts(PostTypeId, OwnerUserId, Id)**: The existing idx_posts_posttypeid bitmap index already handles PostTypeId filtering effectively; adding OwnerUserId/Id showed negligible improvement.",11392.496,-2.09
s141,"[{""table"": ""posts"", ""columns"": [""CreationDate"", ""Id"", ""OwnerUserId""]}, {""table"": ""votes"", ""columns"": [""VoteTypeId"", ""PostId"", ""CreationDate""]}, {""table"": ""comments"", ""columns"": [""Score"", ""CreationDate"", ""UserId""]}, {""table"": ""postHistory"", ""columns"": [""PostHistoryTypeId"", ""CreationDate"", ""UserId""]}, {""table"": ""postLinks"", ""columns"": [""RelatedPostId"", ""LinkTypeId"", ""CreationDate""]}]","## Analysis Summary

After extensive cost estimation across the full 146-query workload, I identified the existing index set and the five additional indexes that deliver the most benefit. The existing schema already has a rich set of indexes (idx_badges_userid, idx_badges_userid_date, idx_comments_userid, idx_comments_score_userid, idx_comments_postid, idx_comments_postid_creationdate, idx_comments_userid_score_creationdate, idx_votes_userid, idx_votes_userid_creationdate, idx_votes_postid_creationdate, idx_posthistory_userid, idx_posthistory_postid, idx_posthistory_postid_creationdate, idx_posthistory_posttypeid, idx_posthistory_posttypeid_userid, idx_posthistory_userid_typeid_creationdate, idx_postlinks_postid, idx_postlinks_relatedpostid, idx_postlinks_postid_linktypeid_creationdate, idx_posts_posttypeid, idx_posts_owneruserid, idx_posts_viewcount, idx_posts_answercount, idx_posts_id_posttype_creationdate, idx_posts_id_owneruserid).

### Recommended New Indexes

**1. posts(CreationDate, Id, OwnerUserId)**
- Confirmed effective by query planner for many queries (s7, s8, s18, s19, s20, s22, s26, s29, s40, s41, s42, s44, s92, s100, s117, s118, s120, s122, s123, s130, s137, s145, s146 and many complex queries).
- The planner uses it as an index-only scan for date-range filtering on posts, then exposes Id for join to postLinks/postHistory/votes and OwnerUserId for join to users/comments. This eliminates large sequential scans on the posts table (2219–2679 cost) reducing them to targeted index-only scans (~2700 rows selected from ~90k).
- Cost improvement observed: from ~11,605 to ~11,441 for s20; similar savings across dozens of queries that filter posts by CreationDate.

**2. votes(VoteTypeId, PostId, CreationDate)**
- Confirmed used by planner as `tmp_idx_votes_0786ecb9` in s129 (cost ~12,767 vs ~13,703 without) and many other queries (s25, s61, s63, s70, s71, s73, s76, s96, s127, s128, s129, s143, s145).
- The VoteTypeId=2 (upvote) filter is extremely common. Combined with PostId join key and optional CreationDate range filter, this composite index enables index-only scans instead of full sequential scans on the votes table (~192k rows, seq scan cost ~4,572).
- Particularly important for medium/complex queries involving 5-7-table joins where reducing votes scan cost has multiplicative benefit.

**3. comments(Score, CreationDate, UserId)**
- Confirmed used by planner as `tmp_idx_comments_2503997b` for queries filtering Score=1 or Score=2 with CreationDate ranges (s34, s49, s50, s107, s108, s116, s131 and others).
- Supplements the existing idx_comments_score_userid by adding CreationDate to enable range pruning when both Score equality and date ranges are applied. The planner chooses this for Score=1+date patterns, delivering targeted index-only scans of ~14,754 rows vs. full comment table scans (~102k rows with filter cost ~2,882).
- Queries like s34 drop from ~149,249 cost to a much more tractable plan.

**4. postHistory(PostHistoryTypeId, CreationDate, UserId)**
- Confirmed used by planner as `tmp_idx_posthistory_84524b61` for queries filtering PostHistoryTypeId with CreationDate ranges and then joining by UserId (s38, s39, s47, s51, s106, s121, s125, s132, s145).
- For PostHistoryTypeId equality + CreationDate range, this enables index-only scans returning ~17,000–27,000 rows vs. bitmap heap scans of ~24,000–70,000 rows from the existing posttypeid-only index.
- The difference is most dramatic for s106 where the planner uses it for a 3-table join (comments+postHistory+votes on UserId) achieving cost ~474,086 vs millions without it.

**5. postLinks(RelatedPostId, LinkTypeId, CreationDate)**
- Confirmed used by planner as `tmp_idx_postlinks_fe583d40` in multiple queries (s26, s40, s41, s53, s54, s58, s59, s60, s61, s62, s63, s68–s73, s137, s139, s140–s143).
- Many complex queries join postLinks on RelatedPostId and filter on LinkTypeId=1 and/or CreationDate. The existing idx_postlinks_relatedpostid covers only the join key. Adding LinkTypeId+CreationDate enables filtering ~10,186 rows (LinkTypeId=1) or narrower with date ranges, vs. the full 11,102-row postlinks table.
- Enables index-only scans for the postLinks portion of complex 6-7 table joins, reducing intermediate result sets significantly.

### Why Other Candidates Were Rejected

- **postHistory(CreationDate, PostId)** and **postHistory(CreationDate, UserId)**: The planner showed minimal improvement (~0-100 cost) because postHistory is already well-covered by PostId and PostHistoryTypeId indexes, and date-range-only filtering still requires reading most of the table.
- **votes(PostId, VoteTypeId)** without CreationDate: Marginally weaker than the 3-column version; the planner consistently preferred the 3-column composite.
- **comments(Score, UserId, CreationDate)** (different column order): Tested and showed planner preferred the (Score, CreationDate, UserId) ordering for date range filtering after score equality.
- **posts(PostTypeId, OwnerUserId, Id)**: The existing idx_posts_posttypeid bitmap index already handles PostTypeId filtering effectively; adding OwnerUserId/Id showed negligible improvement.",27536.133,-17.81
s142,"[{""table"": ""posts"", ""columns"": [""CreationDate"", ""Id"", ""OwnerUserId""]}, {""table"": ""votes"", ""columns"": [""VoteTypeId"", ""PostId"", ""CreationDate""]}, {""table"": ""comments"", ""columns"": [""Score"", ""CreationDate"", ""UserId""]}, {""table"": ""postHistory"", ""columns"": [""PostHistoryTypeId"", ""CreationDate"", ""UserId""]}, {""table"": ""postLinks"", ""columns"": [""RelatedPostId"", ""LinkTypeId"", ""CreationDate""]}]","## Analysis Summary

After extensive cost estimation across the full 146-query workload, I identified the existing index set and the five additional indexes that deliver the most benefit. The existing schema already has a rich set of indexes (idx_badges_userid, idx_badges_userid_date, idx_comments_userid, idx_comments_score_userid, idx_comments_postid, idx_comments_postid_creationdate, idx_comments_userid_score_creationdate, idx_votes_userid, idx_votes_userid_creationdate, idx_votes_postid_creationdate, idx_posthistory_userid, idx_posthistory_postid, idx_posthistory_postid_creationdate, idx_posthistory_posttypeid, idx_posthistory_posttypeid_userid, idx_posthistory_userid_typeid_creationdate, idx_postlinks_postid, idx_postlinks_relatedpostid, idx_postlinks_postid_linktypeid_creationdate, idx_posts_posttypeid, idx_posts_owneruserid, idx_posts_viewcount, idx_posts_answercount, idx_posts_id_posttype_creationdate, idx_posts_id_owneruserid).

### Recommended New Indexes

**1. posts(CreationDate, Id, OwnerUserId)**
- Confirmed effective by query planner for many queries (s7, s8, s18, s19, s20, s22, s26, s29, s40, s41, s42, s44, s92, s100, s117, s118, s120, s122, s123, s130, s137, s145, s146 and many complex queries).
- The planner uses it as an index-only scan for date-range filtering on posts, then exposes Id for join to postLinks/postHistory/votes and OwnerUserId for join to users/comments. This eliminates large sequential scans on the posts table (2219–2679 cost) reducing them to targeted index-only scans (~2700 rows selected from ~90k).
- Cost improvement observed: from ~11,605 to ~11,441 for s20; similar savings across dozens of queries that filter posts by CreationDate.

**2. votes(VoteTypeId, PostId, CreationDate)**
- Confirmed used by planner as `tmp_idx_votes_0786ecb9` in s129 (cost ~12,767 vs ~13,703 without) and many other queries (s25, s61, s63, s70, s71, s73, s76, s96, s127, s128, s129, s143, s145).
- The VoteTypeId=2 (upvote) filter is extremely common. Combined with PostId join key and optional CreationDate range filter, this composite index enables index-only scans instead of full sequential scans on the votes table (~192k rows, seq scan cost ~4,572).
- Particularly important for medium/complex queries involving 5-7-table joins where reducing votes scan cost has multiplicative benefit.

**3. comments(Score, CreationDate, UserId)**
- Confirmed used by planner as `tmp_idx_comments_2503997b` for queries filtering Score=1 or Score=2 with CreationDate ranges (s34, s49, s50, s107, s108, s116, s131 and others).
- Supplements the existing idx_comments_score_userid by adding CreationDate to enable range pruning when both Score equality and date ranges are applied. The planner chooses this for Score=1+date patterns, delivering targeted index-only scans of ~14,754 rows vs. full comment table scans (~102k rows with filter cost ~2,882).
- Queries like s34 drop from ~149,249 cost to a much more tractable plan.

**4. postHistory(PostHistoryTypeId, CreationDate, UserId)**
- Confirmed used by planner as `tmp_idx_posthistory_84524b61` for queries filtering PostHistoryTypeId with CreationDate ranges and then joining by UserId (s38, s39, s47, s51, s106, s121, s125, s132, s145).
- For PostHistoryTypeId equality + CreationDate range, this enables index-only scans returning ~17,000–27,000 rows vs. bitmap heap scans of ~24,000–70,000 rows from the existing posttypeid-only index.
- The difference is most dramatic for s106 where the planner uses it for a 3-table join (comments+postHistory+votes on UserId) achieving cost ~474,086 vs millions without it.

**5. postLinks(RelatedPostId, LinkTypeId, CreationDate)**
- Confirmed used by planner as `tmp_idx_postlinks_fe583d40` in multiple queries (s26, s40, s41, s53, s54, s58, s59, s60, s61, s62, s63, s68–s73, s137, s139, s140–s143).
- Many complex queries join postLinks on RelatedPostId and filter on LinkTypeId=1 and/or CreationDate. The existing idx_postlinks_relatedpostid covers only the join key. Adding LinkTypeId+CreationDate enables filtering ~10,186 rows (LinkTypeId=1) or narrower with date ranges, vs. the full 11,102-row postlinks table.
- Enables index-only scans for the postLinks portion of complex 6-7 table joins, reducing intermediate result sets significantly.

### Why Other Candidates Were Rejected

- **postHistory(CreationDate, PostId)** and **postHistory(CreationDate, UserId)**: The planner showed minimal improvement (~0-100 cost) because postHistory is already well-covered by PostId and PostHistoryTypeId indexes, and date-range-only filtering still requires reading most of the table.
- **votes(PostId, VoteTypeId)** without CreationDate: Marginally weaker than the 3-column version; the planner consistently preferred the 3-column composite.
- **comments(Score, UserId, CreationDate)** (different column order): Tested and showed planner preferred the (Score, CreationDate, UserId) ordering for date range filtering after score equality.
- **posts(PostTypeId, OwnerUserId, Id)**: The existing idx_posts_posttypeid bitmap index already handles PostTypeId filtering effectively; adding OwnerUserId/Id showed negligible improvement.",30937.014,-1.92
s143,"[{""table"": ""posts"", ""columns"": [""CreationDate"", ""Id"", ""OwnerUserId""]}, {""table"": ""votes"", ""columns"": [""VoteTypeId"", ""PostId"", ""CreationDate""]}, {""table"": ""comments"", ""columns"": [""Score"", ""CreationDate"", ""UserId""]}, {""table"": ""postHistory"", ""columns"": [""PostHistoryTypeId"", ""CreationDate"", ""UserId""]}, {""table"": ""postLinks"", ""columns"": [""RelatedPostId"", ""LinkTypeId"", ""CreationDate""]}]","## Analysis Summary

After extensive cost estimation across the full 146-query workload, I identified the existing index set and the five additional indexes that deliver the most benefit. The existing schema already has a rich set of indexes (idx_badges_userid, idx_badges_userid_date, idx_comments_userid, idx_comments_score_userid, idx_comments_postid, idx_comments_postid_creationdate, idx_comments_userid_score_creationdate, idx_votes_userid, idx_votes_userid_creationdate, idx_votes_postid_creationdate, idx_posthistory_userid, idx_posthistory_postid, idx_posthistory_postid_creationdate, idx_posthistory_posttypeid, idx_posthistory_posttypeid_userid, idx_posthistory_userid_typeid_creationdate, idx_postlinks_postid, idx_postlinks_relatedpostid, idx_postlinks_postid_linktypeid_creationdate, idx_posts_posttypeid, idx_posts_owneruserid, idx_posts_viewcount, idx_posts_answercount, idx_posts_id_posttype_creationdate, idx_posts_id_owneruserid).

### Recommended New Indexes

**1. posts(CreationDate, Id, OwnerUserId)**
- Confirmed effective by query planner for many queries (s7, s8, s18, s19, s20, s22, s26, s29, s40, s41, s42, s44, s92, s100, s117, s118, s120, s122, s123, s130, s137, s145, s146 and many complex queries).
- The planner uses it as an index-only scan for date-range filtering on posts, then exposes Id for join to postLinks/postHistory/votes and OwnerUserId for join to users/comments. This eliminates large sequential scans on the posts table (2219–2679 cost) reducing them to targeted index-only scans (~2700 rows selected from ~90k).
- Cost improvement observed: from ~11,605 to ~11,441 for s20; similar savings across dozens of queries that filter posts by CreationDate.

**2. votes(VoteTypeId, PostId, CreationDate)**
- Confirmed used by planner as `tmp_idx_votes_0786ecb9` in s129 (cost ~12,767 vs ~13,703 without) and many other queries (s25, s61, s63, s70, s71, s73, s76, s96, s127, s128, s129, s143, s145).
- The VoteTypeId=2 (upvote) filter is extremely common. Combined with PostId join key and optional CreationDate range filter, this composite index enables index-only scans instead of full sequential scans on the votes table (~192k rows, seq scan cost ~4,572).
- Particularly important for medium/complex queries involving 5-7-table joins where reducing votes scan cost has multiplicative benefit.

**3. comments(Score, CreationDate, UserId)**
- Confirmed used by planner as `tmp_idx_comments_2503997b` for queries filtering Score=1 or Score=2 with CreationDate ranges (s34, s49, s50, s107, s108, s116, s131 and others).
- Supplements the existing idx_comments_score_userid by adding CreationDate to enable range pruning when both Score equality and date ranges are applied. The planner chooses this for Score=1+date patterns, delivering targeted index-only scans of ~14,754 rows vs. full comment table scans (~102k rows with filter cost ~2,882).
- Queries like s34 drop from ~149,249 cost to a much more tractable plan.

**4. postHistory(PostHistoryTypeId, CreationDate, UserId)**
- Confirmed used by planner as `tmp_idx_posthistory_84524b61` for queries filtering PostHistoryTypeId with CreationDate ranges and then joining by UserId (s38, s39, s47, s51, s106, s121, s125, s132, s145).
- For PostHistoryTypeId equality + CreationDate range, this enables index-only scans returning ~17,000–27,000 rows vs. bitmap heap scans of ~24,000–70,000 rows from the existing posttypeid-only index.
- The difference is most dramatic for s106 where the planner uses it for a 3-table join (comments+postHistory+votes on UserId) achieving cost ~474,086 vs millions without it.

**5. postLinks(RelatedPostId, LinkTypeId, CreationDate)**
- Confirmed used by planner as `tmp_idx_postlinks_fe583d40` in multiple queries (s26, s40, s41, s53, s54, s58, s59, s60, s61, s62, s63, s68–s73, s137, s139, s140–s143).
- Many complex queries join postLinks on RelatedPostId and filter on LinkTypeId=1 and/or CreationDate. The existing idx_postlinks_relatedpostid covers only the join key. Adding LinkTypeId+CreationDate enables filtering ~10,186 rows (LinkTypeId=1) or narrower with date ranges, vs. the full 11,102-row postlinks table.
- Enables index-only scans for the postLinks portion of complex 6-7 table joins, reducing intermediate result sets significantly.

### Why Other Candidates Were Rejected

- **postHistory(CreationDate, PostId)** and **postHistory(CreationDate, UserId)**: The planner showed minimal improvement (~0-100 cost) because postHistory is already well-covered by PostId and PostHistoryTypeId indexes, and date-range-only filtering still requires reading most of the table.
- **votes(PostId, VoteTypeId)** without CreationDate: Marginally weaker than the 3-column version; the planner consistently preferred the 3-column composite.
- **comments(Score, UserId, CreationDate)** (different column order): Tested and showed planner preferred the (Score, CreationDate, UserId) ordering for date range filtering after score equality.
- **posts(PostTypeId, OwnerUserId, Id)**: The existing idx_posts_posttypeid bitmap index already handles PostTypeId filtering effectively; adding OwnerUserId/Id showed negligible improvement.",15531.275,14.65
s144,"[{""table"": ""posts"", ""columns"": [""CreationDate"", ""Id"", ""OwnerUserId""]}, {""table"": ""votes"", ""columns"": [""VoteTypeId"", ""PostId"", ""CreationDate""]}, {""table"": ""comments"", ""columns"": [""Score"", ""CreationDate"", ""UserId""]}, {""table"": ""postHistory"", ""columns"": [""PostHistoryTypeId"", ""CreationDate"", ""UserId""]}, {""table"": ""postLinks"", ""columns"": [""RelatedPostId"", ""LinkTypeId"", ""CreationDate""]}]","## Analysis Summary

After extensive cost estimation across the full 146-query workload, I identified the existing index set and the five additional indexes that deliver the most benefit. The existing schema already has a rich set of indexes (idx_badges_userid, idx_badges_userid_date, idx_comments_userid, idx_comments_score_userid, idx_comments_postid, idx_comments_postid_creationdate, idx_comments_userid_score_creationdate, idx_votes_userid, idx_votes_userid_creationdate, idx_votes_postid_creationdate, idx_posthistory_userid, idx_posthistory_postid, idx_posthistory_postid_creationdate, idx_posthistory_posttypeid, idx_posthistory_posttypeid_userid, idx_posthistory_userid_typeid_creationdate, idx_postlinks_postid, idx_postlinks_relatedpostid, idx_postlinks_postid_linktypeid_creationdate, idx_posts_posttypeid, idx_posts_owneruserid, idx_posts_viewcount, idx_posts_answercount, idx_posts_id_posttype_creationdate, idx_posts_id_owneruserid).

### Recommended New Indexes

**1. posts(CreationDate, Id, OwnerUserId)**
- Confirmed effective by query planner for many queries (s7, s8, s18, s19, s20, s22, s26, s29, s40, s41, s42, s44, s92, s100, s117, s118, s120, s122, s123, s130, s137, s145, s146 and many complex queries).
- The planner uses it as an index-only scan for date-range filtering on posts, then exposes Id for join to postLinks/postHistory/votes and OwnerUserId for join to users/comments. This eliminates large sequential scans on the posts table (2219–2679 cost) reducing them to targeted index-only scans (~2700 rows selected from ~90k).
- Cost improvement observed: from ~11,605 to ~11,441 for s20; similar savings across dozens of queries that filter posts by CreationDate.

**2. votes(VoteTypeId, PostId, CreationDate)**
- Confirmed used by planner as `tmp_idx_votes_0786ecb9` in s129 (cost ~12,767 vs ~13,703 without) and many other queries (s25, s61, s63, s70, s71, s73, s76, s96, s127, s128, s129, s143, s145).
- The VoteTypeId=2 (upvote) filter is extremely common. Combined with PostId join key and optional CreationDate range filter, this composite index enables index-only scans instead of full sequential scans on the votes table (~192k rows, seq scan cost ~4,572).
- Particularly important for medium/complex queries involving 5-7-table joins where reducing votes scan cost has multiplicative benefit.

**3. comments(Score, CreationDate, UserId)**
- Confirmed used by planner as `tmp_idx_comments_2503997b` for queries filtering Score=1 or Score=2 with CreationDate ranges (s34, s49, s50, s107, s108, s116, s131 and others).
- Supplements the existing idx_comments_score_userid by adding CreationDate to enable range pruning when both Score equality and date ranges are applied. The planner chooses this for Score=1+date patterns, delivering targeted index-only scans of ~14,754 rows vs. full comment table scans (~102k rows with filter cost ~2,882).
- Queries like s34 drop from ~149,249 cost to a much more tractable plan.

**4. postHistory(PostHistoryTypeId, CreationDate, UserId)**
- Confirmed used by planner as `tmp_idx_posthistory_84524b61` for queries filtering PostHistoryTypeId with CreationDate ranges and then joining by UserId (s38, s39, s47, s51, s106, s121, s125, s132, s145).
- For PostHistoryTypeId equality + CreationDate range, this enables index-only scans returning ~17,000–27,000 rows vs. bitmap heap scans of ~24,000–70,000 rows from the existing posttypeid-only index.
- The difference is most dramatic for s106 where the planner uses it for a 3-table join (comments+postHistory+votes on UserId) achieving cost ~474,086 vs millions without it.

**5. postLinks(RelatedPostId, LinkTypeId, CreationDate)**
- Confirmed used by planner as `tmp_idx_postlinks_fe583d40` in multiple queries (s26, s40, s41, s53, s54, s58, s59, s60, s61, s62, s63, s68–s73, s137, s139, s140–s143).
- Many complex queries join postLinks on RelatedPostId and filter on LinkTypeId=1 and/or CreationDate. The existing idx_postlinks_relatedpostid covers only the join key. Adding LinkTypeId+CreationDate enables filtering ~10,186 rows (LinkTypeId=1) or narrower with date ranges, vs. the full 11,102-row postlinks table.
- Enables index-only scans for the postLinks portion of complex 6-7 table joins, reducing intermediate result sets significantly.

### Why Other Candidates Were Rejected

- **postHistory(CreationDate, PostId)** and **postHistory(CreationDate, UserId)**: The planner showed minimal improvement (~0-100 cost) because postHistory is already well-covered by PostId and PostHistoryTypeId indexes, and date-range-only filtering still requires reading most of the table.
- **votes(PostId, VoteTypeId)** without CreationDate: Marginally weaker than the 3-column version; the planner consistently preferred the 3-column composite.
- **comments(Score, UserId, CreationDate)** (different column order): Tested and showed planner preferred the (Score, CreationDate, UserId) ordering for date range filtering after score equality.
- **posts(PostTypeId, OwnerUserId, Id)**: The existing idx_posts_posttypeid bitmap index already handles PostTypeId filtering effectively; adding OwnerUserId/Id showed negligible improvement.",1355.317,7.35
s145,"[{""table"": ""posts"", ""columns"": [""CreationDate"", ""Id"", ""OwnerUserId""]}, {""table"": ""votes"", ""columns"": [""VoteTypeId"", ""PostId"", ""CreationDate""]}, {""table"": ""comments"", ""columns"": [""Score"", ""CreationDate"", ""UserId""]}, {""table"": ""postHistory"", ""columns"": [""PostHistoryTypeId"", ""CreationDate"", ""UserId""]}, {""table"": ""postLinks"", ""columns"": [""RelatedPostId"", ""LinkTypeId"", ""CreationDate""]}]","## Analysis Summary

After extensive cost estimation across the full 146-query workload, I identified the existing index set and the five additional indexes that deliver the most benefit. The existing schema already has a rich set of indexes (idx_badges_userid, idx_badges_userid_date, idx_comments_userid, idx_comments_score_userid, idx_comments_postid, idx_comments_postid_creationdate, idx_comments_userid_score_creationdate, idx_votes_userid, idx_votes_userid_creationdate, idx_votes_postid_creationdate, idx_posthistory_userid, idx_posthistory_postid, idx_posthistory_postid_creationdate, idx_posthistory_posttypeid, idx_posthistory_posttypeid_userid, idx_posthistory_userid_typeid_creationdate, idx_postlinks_postid, idx_postlinks_relatedpostid, idx_postlinks_postid_linktypeid_creationdate, idx_posts_posttypeid, idx_posts_owneruserid, idx_posts_viewcount, idx_posts_answercount, idx_posts_id_posttype_creationdate, idx_posts_id_owneruserid).

### Recommended New Indexes

**1. posts(CreationDate, Id, OwnerUserId)**
- Confirmed effective by query planner for many queries (s7, s8, s18, s19, s20, s22, s26, s29, s40, s41, s42, s44, s92, s100, s117, s118, s120, s122, s123, s130, s137, s145, s146 and many complex queries).
- The planner uses it as an index-only scan for date-range filtering on posts, then exposes Id for join to postLinks/postHistory/votes and OwnerUserId for join to users/comments. This eliminates large sequential scans on the posts table (2219–2679 cost) reducing them to targeted index-only scans (~2700 rows selected from ~90k).
- Cost improvement observed: from ~11,605 to ~11,441 for s20; similar savings across dozens of queries that filter posts by CreationDate.

**2. votes(VoteTypeId, PostId, CreationDate)**
- Confirmed used by planner as `tmp_idx_votes_0786ecb9` in s129 (cost ~12,767 vs ~13,703 without) and many other queries (s25, s61, s63, s70, s71, s73, s76, s96, s127, s128, s129, s143, s145).
- The VoteTypeId=2 (upvote) filter is extremely common. Combined with PostId join key and optional CreationDate range filter, this composite index enables index-only scans instead of full sequential scans on the votes table (~192k rows, seq scan cost ~4,572).
- Particularly important for medium/complex queries involving 5-7-table joins where reducing votes scan cost has multiplicative benefit.

**3. comments(Score, CreationDate, UserId)**
- Confirmed used by planner as `tmp_idx_comments_2503997b` for queries filtering Score=1 or Score=2 with CreationDate ranges (s34, s49, s50, s107, s108, s116, s131 and others).
- Supplements the existing idx_comments_score_userid by adding CreationDate to enable range pruning when both Score equality and date ranges are applied. The planner chooses this for Score=1+date patterns, delivering targeted index-only scans of ~14,754 rows vs. full comment table scans (~102k rows with filter cost ~2,882).
- Queries like s34 drop from ~149,249 cost to a much more tractable plan.

**4. postHistory(PostHistoryTypeId, CreationDate, UserId)**
- Confirmed used by planner as `tmp_idx_posthistory_84524b61` for queries filtering PostHistoryTypeId with CreationDate ranges and then joining by UserId (s38, s39, s47, s51, s106, s121, s125, s132, s145).
- For PostHistoryTypeId equality + CreationDate range, this enables index-only scans returning ~17,000–27,000 rows vs. bitmap heap scans of ~24,000–70,000 rows from the existing posttypeid-only index.
- The difference is most dramatic for s106 where the planner uses it for a 3-table join (comments+postHistory+votes on UserId) achieving cost ~474,086 vs millions without it.

**5. postLinks(RelatedPostId, LinkTypeId, CreationDate)**
- Confirmed used by planner as `tmp_idx_postlinks_fe583d40` in multiple queries (s26, s40, s41, s53, s54, s58, s59, s60, s61, s62, s63, s68–s73, s137, s139, s140–s143).
- Many complex queries join postLinks on RelatedPostId and filter on LinkTypeId=1 and/or CreationDate. The existing idx_postlinks_relatedpostid covers only the join key. Adding LinkTypeId+CreationDate enables filtering ~10,186 rows (LinkTypeId=1) or narrower with date ranges, vs. the full 11,102-row postlinks table.
- Enables index-only scans for the postLinks portion of complex 6-7 table joins, reducing intermediate result sets significantly.

### Why Other Candidates Were Rejected

- **postHistory(CreationDate, PostId)** and **postHistory(CreationDate, UserId)**: The planner showed minimal improvement (~0-100 cost) because postHistory is already well-covered by PostId and PostHistoryTypeId indexes, and date-range-only filtering still requires reading most of the table.
- **votes(PostId, VoteTypeId)** without CreationDate: Marginally weaker than the 3-column version; the planner consistently preferred the 3-column composite.
- **comments(Score, UserId, CreationDate)** (different column order): Tested and showed planner preferred the (Score, CreationDate, UserId) ordering for date range filtering after score equality.
- **posts(PostTypeId, OwnerUserId, Id)**: The existing idx_posts_posttypeid bitmap index already handles PostTypeId filtering effectively; adding OwnerUserId/Id showed negligible improvement.",99.351,17.6
s146,"[{""table"": ""posts"", ""columns"": [""CreationDate"", ""Id"", ""OwnerUserId""]}, {""table"": ""votes"", ""columns"": [""VoteTypeId"", ""PostId"", ""CreationDate""]}, {""table"": ""comments"", ""columns"": [""Score"", ""CreationDate"", ""UserId""]}, {""table"": ""postHistory"", ""columns"": [""PostHistoryTypeId"", ""CreationDate"", ""UserId""]}, {""table"": ""postLinks"", ""columns"": [""RelatedPostId"", ""LinkTypeId"", ""CreationDate""]}]","## Analysis Summary

After extensive cost estimation across the full 146-query workload, I identified the existing index set and the five additional indexes that deliver the most benefit. The existing schema already has a rich set of indexes (idx_badges_userid, idx_badges_userid_date, idx_comments_userid, idx_comments_score_userid, idx_comments_postid, idx_comments_postid_creationdate, idx_comments_userid_score_creationdate, idx_votes_userid, idx_votes_userid_creationdate, idx_votes_postid_creationdate, idx_posthistory_userid, idx_posthistory_postid, idx_posthistory_postid_creationdate, idx_posthistory_posttypeid, idx_posthistory_posttypeid_userid, idx_posthistory_userid_typeid_creationdate, idx_postlinks_postid, idx_postlinks_relatedpostid, idx_postlinks_postid_linktypeid_creationdate, idx_posts_posttypeid, idx_posts_owneruserid, idx_posts_viewcount, idx_posts_answercount, idx_posts_id_posttype_creationdate, idx_posts_id_owneruserid).

### Recommended New Indexes

**1. posts(CreationDate, Id, OwnerUserId)**
- Confirmed effective by query planner for many queries (s7, s8, s18, s19, s20, s22, s26, s29, s40, s41, s42, s44, s92, s100, s117, s118, s120, s122, s123, s130, s137, s145, s146 and many complex queries).
- The planner uses it as an index-only scan for date-range filtering on posts, then exposes Id for join to postLinks/postHistory/votes and OwnerUserId for join to users/comments. This eliminates large sequential scans on the posts table (2219–2679 cost) reducing them to targeted index-only scans (~2700 rows selected from ~90k).
- Cost improvement observed: from ~11,605 to ~11,441 for s20; similar savings across dozens of queries that filter posts by CreationDate.

**2. votes(VoteTypeId, PostId, CreationDate)**
- Confirmed used by planner as `tmp_idx_votes_0786ecb9` in s129 (cost ~12,767 vs ~13,703 without) and many other queries (s25, s61, s63, s70, s71, s73, s76, s96, s127, s128, s129, s143, s145).
- The VoteTypeId=2 (upvote) filter is extremely common. Combined with PostId join key and optional CreationDate range filter, this composite index enables index-only scans instead of full sequential scans on the votes table (~192k rows, seq scan cost ~4,572).
- Particularly important for medium/complex queries involving 5-7-table joins where reducing votes scan cost has multiplicative benefit.

**3. comments(Score, CreationDate, UserId)**
- Confirmed used by planner as `tmp_idx_comments_2503997b` for queries filtering Score=1 or Score=2 with CreationDate ranges (s34, s49, s50, s107, s108, s116, s131 and others).
- Supplements the existing idx_comments_score_userid by adding CreationDate to enable range pruning when both Score equality and date ranges are applied. The planner chooses this for Score=1+date patterns, delivering targeted index-only scans of ~14,754 rows vs. full comment table scans (~102k rows with filter cost ~2,882).
- Queries like s34 drop from ~149,249 cost to a much more tractable plan.

**4. postHistory(PostHistoryTypeId, CreationDate, UserId)**
- Confirmed used by planner as `tmp_idx_posthistory_84524b61` for queries filtering PostHistoryTypeId with CreationDate ranges and then joining by UserId (s38, s39, s47, s51, s106, s121, s125, s132, s145).
- For PostHistoryTypeId equality + CreationDate range, this enables index-only scans returning ~17,000–27,000 rows vs. bitmap heap scans of ~24,000–70,000 rows from the existing posttypeid-only index.
- The difference is most dramatic for s106 where the planner uses it for a 3-table join (comments+postHistory+votes on UserId) achieving cost ~474,086 vs millions without it.

**5. postLinks(RelatedPostId, LinkTypeId, CreationDate)**
- Confirmed used by planner as `tmp_idx_postlinks_fe583d40` in multiple queries (s26, s40, s41, s53, s54, s58, s59, s60, s61, s62, s63, s68–s73, s137, s139, s140–s143).
- Many complex queries join postLinks on RelatedPostId and filter on LinkTypeId=1 and/or CreationDate. The existing idx_postlinks_relatedpostid covers only the join key. Adding LinkTypeId+CreationDate enables filtering ~10,186 rows (LinkTypeId=1) or narrower with date ranges, vs. the full 11,102-row postlinks table.
- Enables index-only scans for the postLinks portion of complex 6-7 table joins, reducing intermediate result sets significantly.

### Why Other Candidates Were Rejected

- **postHistory(CreationDate, PostId)** and **postHistory(CreationDate, UserId)**: The planner showed minimal improvement (~0-100 cost) because postHistory is already well-covered by PostId and PostHistoryTypeId indexes, and date-range-only filtering still requires reading most of the table.
- **votes(PostId, VoteTypeId)** without CreationDate: Marginally weaker than the 3-column version; the planner consistently preferred the 3-column composite.
- **comments(Score, UserId, CreationDate)** (different column order): Tested and showed planner preferred the (Score, CreationDate, UserId) ordering for date range filtering after score equality.
- **posts(PostTypeId, OwnerUserId, Id)**: The existing idx_posts_posttypeid bitmap index already handles PostTypeId filtering effectively; adding OwnerUserId/Id showed negligible improvement.",201.987,15.03
