query_id,execution_time_ms,query_plan_text
s1,37.855,Aggregate  (cost=2944.89..2944.90 rows=1 width=8) (actual time=37.172..37.184 rows=1 loops=1) |   ->  Hash Join  (cost=1305.12..2745.27 rows=79851 width=0) (actual time=16.505..34.488 rows=79851 loops=1) |         Hash Cond: (b.userid = u.id) |         ->  Seq Scan on badges b  (cost=0.00..1230.51 rows=79851 width=4) (actual time=0.011..7.370 rows=79851 loops=1) |         ->  Hash  (cost=801.06..801.06 rows=40325 width=4) (actual time=15.035..15.036 rows=40325 loops=1) |               Buckets: 65536  Batches: 1  Memory Usage: 1930kB |               ->  Seq Scan on users u  (cost=0.00..801.06 rows=40325 width=4) (actual time=0.078..5.996 rows=40325 loops=1) |                     Filter: (upvotes >= 0) | Planning Time: 2.911 ms | Execution Time: 37.855 ms
s2,1292.053,"Finalize Aggregate  (cost=128518.51..128518.52 rows=1 width=8) (actual time=729.596..739.267 rows=1 loops=1) |   ->  Gather  (cost=128518.40..128518.51 rows=1 width=8) (actual time=728.667..739.253 rows=2 loops=1) |         Workers Planned: 1 |         Workers Launched: 1 |         ->  Partial Aggregate  (cost=127518.40..127518.41 rows=1 width=8) (actual time=702.297..702.298 rows=1 loops=2) |               ->  Hash Join  (cost=2425.71..111255.80 rows=6505039 width=0) (actual time=59.573..453.377 rows=5110307 loops=2) |                     Hash Cond: (c.userid = b.userid) |                     ->  Parallel Seq Scan on comments c  (cost=0.00..2625.65 rows=79333 width=4) (actual time=32.898..46.157 rows=67444 loops=2) |                           Filter: (score = 0) |                           Rows Removed by Filter: 19709 |                     ->  Hash  (cost=1430.14..1430.14 rows=79646 width=4) (actual time=24.534..24.534 rows=79633 loops=2) |                           Buckets: 131072  Batches: 1  Memory Usage: 3824kB |                           ->  Seq Scan on badges b  (cost=0.00..1430.14 rows=79646 width=4) (actual time=0.041..7.398 rows=79633 loops=2) |                                 Filter: (date <= '2014-09-11 14:33:06'::timestamp without time zone) |                                 Rows Removed by Filter: 218 | Planning Time: 0.532 ms | JIT: |   Functions: 32 |   Options: Inlining false, Optimization false, Expressions true, Deforming true |   Timing: Generation 4.626 ms, Inlining 0.000 ms, Optimization 8.323 ms, Emission 57.508 ms, Total 70.456 ms | Execution Time: 1292.053 ms"
s3,359.852,"Finalize Aggregate  (cost=320733.01..320733.02 rows=1 width=8) (actual time=359.258..359.412 rows=1 loops=1) |   ->  Gather  (cost=320732.89..320733.00 rows=1 width=8) (actual time=359.249..359.406 rows=2 loops=1) |         Workers Planned: 1 |         Workers Launched: 1 |         ->  Partial Aggregate  (cost=319732.89..319732.90 rows=1 width=8) (actual time=185.884..185.885 rows=1 loops=2) |               ->  Merge Join  (cost=19188.25..276646.42 rows=17234591 width=0) (actual time=37.200..143.978 rows=729038 loops=2) |                     Merge Cond: (c.userid = ph.userid) |                     ->  Sort  (cost=9081.63..9279.96 rows=79333 width=4) (actual time=19.885..22.308 rows=66356 loops=2) |                           Sort Key: c.userid |                           Sort Method: quicksort  Memory: 4096kB |                           Worker 0:  Sort Method: quicksort  Memory: 25kB |                           ->  Parallel Seq Scan on comments c  (cost=0.00..2625.65 rows=79333 width=4) (actual time=2.274..11.909 rows=67444 loops=2) |                                 Filter: (score = 0) |                                 Rows Removed by Filter: 19709 |                     ->  Sort  (cost=9383.60..9492.42 rows=43528 width=4) (actual time=34.524..85.883 rows=1465994 loops=1) |                           Sort Key: ph.userid |                           Sort Method: quicksort  Memory: 1537kB |                           ->  Seq Scan on posthistory ph  (cost=0.00..6029.84 rows=43528 width=4) (actual time=0.210..28.658 rows=42921 loops=1) |                                 Filter: (posthistorytypeid = 1) |                                 Rows Removed by Filter: 260266 | Planning Time: 0.223 ms | JIT: |   Functions: 32 |   Options: Inlining false, Optimization false, Expressions true, Deforming true |   Timing: Generation 2.039 ms, Inlining 0.000 ms, Optimization 1.120 ms, Emission 16.520 ms, Total 19.679 ms | Execution Time: 359.852 ms"
s4,375.433,"Finalize Aggregate  (cost=403921.05..403921.06 rows=1 width=8) (actual time=375.004..375.107 rows=1 loops=1) |   ->  Gather  (cost=403920.94..403921.05 rows=1 width=8) (actual time=374.995..375.101 rows=2 loops=1) |         Workers Planned: 1 |         Workers Launched: 1 |         ->  Partial Aggregate  (cost=402920.94..402920.95 rows=1 width=8) (actual time=190.395..190.396 rows=1 loops=2) |               ->  Merge Join  (cost=21890.63..348297.76 rows=21849273 width=0) (actual time=26.105..146.994 rows=854890 loops=2) |                     Merge Cond: (c.userid = ph.userid) |                     ->  Sort  (cost=10902.92..11159.25 rows=102532 width=4) (actual time=14.190..17.139 rows=85736 loops=2) |                           Sort Key: c.userid |                           Sort Method: quicksort  Memory: 4096kB |                           Worker 0:  Sort Method: quicksort  Memory: 25kB |                           ->  Parallel Seq Scan on comments c  (cost=0.00..2369.32 rows=102532 width=4) (actual time=2.063..7.582 rows=87152 loops=2) |                     ->  Sort  (cost=10071.60..10178.34 rows=42697 width=4) (actual time=23.745..81.912 rows=1717323 loops=1) |                           Sort Key: ph.userid |                           Sort Method: quicksort  Memory: 1537kB |                           ->  Seq Scan on posthistory ph  (cost=0.00..6787.80 rows=42697 width=4) (actual time=0.247..19.131 rows=42308 loops=1) |                                 Filter: ((creationdate >= '2010-09-14 11:59:07'::timestamp without time zone) AND (posthistorytypeid = 1)) |                                 Rows Removed by Filter: 260879 | Planning Time: 0.125 ms | JIT: |   Functions: 28 |   Options: Inlining false, Optimization false, Expressions true, Deforming true |   Timing: Generation 0.902 ms, Inlining 0.000 ms, Optimization 0.493 ms, Emission 9.625 ms, Total 11.020 ms | Execution Time: 375.433 ms"
s5,1005.384,"Finalize Aggregate  (cost=125111.49..125111.50 rows=1 width=8) (actual time=1004.737..1004.813 rows=1 loops=1) |   ->  Gather  (cost=125111.37..125111.48 rows=1 width=8) (actual time=1004.727..1004.807 rows=2 loops=1) |         Workers Planned: 1 |         Workers Launched: 1 |         ->  Partial Aggregate  (cost=124111.37..124111.38 rows=1 width=8) (actual time=749.737..749.738 rows=1 loops=2) |               ->  Merge Join  (cost=40529.25..112233.92 rows=4750982 width=0) (actual time=78.603..569.724 rows=3745952 loops=2) |                     Merge Cond: (v.userid = c.userid) |                     ->  Sort  (cost=23670.50..24152.94 rows=192979 width=4) (actual time=37.446..38.645 rows=17396 loops=2) |                           Sort Key: v.userid |                           Sort Method: external merge  Disk: 1144kB |                           Worker 0:  Sort Method: quicksort  Memory: 3073kB |                           ->  Parallel Seq Scan on votes v  (cost=0.00..4089.79 rows=192979 width=4) (actual time=3.837..19.992 rows=164032 loops=2) |                     ->  Materialize  (cost=16858.68..17533.01 rows=134866 width=4) (actual time=41.067..176.827 rows=3798828 loops=2) |                           ->  Sort  (cost=16858.68..17195.85 rows=134866 width=4) (actual time=41.061..45.929 rows=132704 loops=2) |                                 Sort Key: c.userid |                                 Sort Method: quicksort  Memory: 4096kB |                                 Worker 0:  Sort Method: quicksort  Memory: 4096kB |                                 ->  Seq Scan on comments c  (cost=0.00..3522.81 rows=134866 width=4) (actual time=0.031..18.037 rows=134887 loops=2) |                                       Filter: (score = 0) |                                       Rows Removed by Filter: 39418 | Planning Time: 0.207 ms | JIT: |   Functions: 28 |   Options: Inlining false, Optimization false, Expressions true, Deforming true |   Timing: Generation 0.543 ms, Inlining 0.000 ms, Optimization 0.380 ms, Emission 7.401 ms, Total 8.324 ms | Execution Time: 1005.384 ms"
s6,95.789,Aggregate  (cost=39186.93..39186.94 rows=1 width=8) (actual time=95.765..95.766 rows=1 loops=1) |   ->  Merge Join  (cost=13825.96..35593.48 rows=1437381 width=0) (actual time=23.234..79.406 rows=428612 loops=1) |         Merge Cond: (p.owneruserid = b.userid) |         ->  Sort  (cost=5913.37..6018.63 rows=42103 width=4) (actual time=11.694..13.234 rows=41395 loops=1) |               Sort Key: p.owneruserid |               Sort Method: quicksort  Memory: 1537kB |               ->  Seq Scan on posts p  (cost=0.00..2679.52 rows=42103 width=4) (actual time=0.013..8.081 rows=42172 loops=1) |                     Filter: ((answercount >= 0) AND (answercount <= 4) AND (commentcount >= 0) AND (commentcount <= 17)) |                     Rows Removed by Filter: 49804 |         ->  Sort  (cost=7912.07..8111.14 rows=79626 width=4) (actual time=11.535..28.353 rows=443864 loops=1) |               Sort Key: b.userid |               Sort Method: quicksort  Memory: 3073kB |               ->  Seq Scan on badges b  (cost=0.00..1430.14 rows=79626 width=4) (actual time=0.005..4.557 rows=79598 loops=1) |                     Filter: (date <= '2014-09-11 08:55:52'::timestamp without time zone) |                     Rows Removed by Filter: 253 | Planning Time: 0.176 ms | Execution Time: 95.789 ms
s7,74.358,Finalize Aggregate  (cost=84774.15..84774.16 rows=1 width=8) (actual time=72.321..74.291 rows=1 loops=1) |   ->  Gather  (cost=84774.04..84774.15 rows=1 width=8) (actual time=71.924..74.283 rows=2 loops=1) |         Workers Planned: 1 |         Workers Launched: 1 |         ->  Partial Aggregate  (cost=83774.04..83774.05 rows=1 width=8) (actual time=66.014..66.017 rows=1 loops=2) |               ->  Hash Join  (cost=3938.67..73996.71 rows=3910933 width=0) (actual time=24.518..54.313 rows=349651 loops=2) |                     Hash Cond: (c.userid = p.owneruserid) |                     ->  Parallel Seq Scan on comments c  (cost=0.00..2369.32 rows=102532 width=4) (actual time=0.009..4.450 rows=87152 loops=2) |                     ->  Hash  (cost=3802.22..3802.22 rows=10916 width=4) (actual time=24.459..24.460 rows=10826 loops=2) |                           Buckets: 16384  Batches: 1  Memory Usage: 509kB |                           ->  Hash Join  (cost=3580.05..3802.22 rows=10916 width=4) (actual time=20.368..23.370 rows=10972 loops=2) |                                 Hash Cond: (pl.postid = p.id) |                                 ->  Seq Scan on postlinks pl  (cost=0.00..193.02 rows=11102 width=4) (actual time=0.015..0.621 rows=11102 loops=2) |                                 ->  Hash  (cost=2449.58..2449.58 rows=90438 width=8) (actual time=20.252..20.253 rows=90764 loops=2) |                                       Buckets: 131072  Batches: 1  Memory Usage: 4565kB |                                       ->  Seq Scan on posts p  (cost=0.00..2449.58 rows=90438 width=8) (actual time=0.041..9.205 rows=90764 loops=2) |                                             Filter: ((commentcount <= 18) AND (creationdate >= '2010-07-23 07:27:31'::timestamp without time zone) AND (creationdate <= '2014-09-09 01:43:00'::timestamp without time zone)) |                                             Rows Removed by Filter: 1212 | Planning Time: 0.298 ms | Execution Time: 74.358 ms
s8,54.778,Finalize Aggregate  (cost=58524.13..58524.14 rows=1 width=8) (actual time=52.929..54.736 rows=1 loops=1) |   ->  Gather  (cost=58524.02..58524.13 rows=1 width=8) (actual time=52.633..54.732 rows=2 loops=1) |         Workers Planned: 1 |         Workers Launched: 1 |         ->  Partial Aggregate  (cost=57524.02..57524.03 rows=1 width=8) (actual time=47.581..47.583 rows=1 loops=2) |               ->  Hash Join  (cost=3727.43..51097.91 rows=2570446 width=0) (actual time=18.654..39.797 rows=240710 loops=2) |                     Hash Cond: (c.userid = p.owneruserid) |                     ->  Parallel Seq Scan on comments c  (cost=0.00..2625.65 rows=79333 width=4) (actual time=0.013..4.951 rows=67444 loops=2) |                           Filter: (score = 0) |                           Rows Removed by Filter: 19709 |                     ->  Hash  (cost=3611.52..3611.52 rows=9273 width=4) (actual time=18.596..18.597 rows=9324 loops=2) |                           Buckets: 16384  Batches: 1  Memory Usage: 456kB |                           ->  Hash Join  (cost=3337.97..3611.52 rows=9273 width=4) (actual time=16.081..17.851 rows=9405 loops=2) |                                 Hash Cond: (pl.postid = p.id) |                                 ->  Seq Scan on postlinks pl  (cost=0.00..248.53 rows=9533 width=4) (actual time=0.037..0.694 rows=9480 loops=2) |                                       Filter: ((creationdate >= '2011-07-09 22:35:44'::timestamp without time zone) AND (linktypeid = 1)) |                                       Rows Removed by Filter: 1622 |                                 ->  Hash  (cost=2219.64..2219.64 rows=89466 width=8) (actual time=15.963..15.964 rows=89551 loops=2) |                                       Buckets: 131072  Batches: 1  Memory Usage: 4518kB |                                       ->  Seq Scan on posts p  (cost=0.00..2219.64 rows=89466 width=8) (actual time=0.094..7.773 rows=89551 loops=2) |                                             Filter: ((creationdate >= '2010-09-06 00:58:21'::timestamp without time zone) AND (creationdate <= '2014-09-12 10:02:21'::timestamp without time zone)) |                                             Rows Removed by Filter: 2425 | Planning Time: 0.202 ms | Execution Time: 54.778 ms
s9,132.616,Finalize Aggregate  (cost=15813.38..15813.39 rows=1 width=8) (actual time=130.322..132.568 rows=1 loops=1) |   ->  Gather  (cost=15813.27..15813.38 rows=1 width=8) (actual time=129.689..132.561 rows=2 loops=1) |         Workers Planned: 1 |         Workers Launched: 1 |         ->  Partial Aggregate  (cost=14813.27..14813.28 rows=1 width=8) (actual time=125.372..125.375 rows=1 loops=2) |               ->  Parallel Hash Join  (cost=7288.76..13968.56 rows=337886 width=0) (actual time=50.633..112.238 rows=349106 loops=2) |                     Hash Cond: (ph.postid = p.id) |                     ->  Parallel Seq Scan on posthistory ph  (cost=0.00..4023.45 rows=178345 width=4) (actual time=0.004..9.424 rows=151594 loops=2) |                     ->  Parallel Hash  (cost=6007.48..6007.48 rows=102502 width=8) (actual time=50.098..50.100 rows=86704 loops=2) |                           Buckets: 262144  Batches: 1  Memory Usage: 8864kB |                           ->  Hash Join  (cost=3369.00..6007.48 rows=102502 width=8) (actual time=15.136..34.061 rows=86704 loops=2) |                                 Hash Cond: (c.postid = p.id) |                                 ->  Parallel Seq Scan on comments c  (cost=0.00..2369.32 rows=102532 width=4) (actual time=0.010..4.649 rows=87152 loops=2) |                                 ->  Hash  (cost=2219.64..2219.64 rows=91949 width=4) (actual time=15.044..15.045 rows=91948 loops=2) |                                       Buckets: 131072  Batches: 1  Memory Usage: 4257kB |                                       ->  Seq Scan on posts p  (cost=0.00..2219.64 rows=91949 width=4) (actual time=0.011..7.526 rows=91948 loops=2) |                                             Filter: ((commentcount >= 0) AND (commentcount <= 25)) |                                             Rows Removed by Filter: 28 | Planning Time: 0.154 ms | Execution Time: 132.616 ms
s10,68.708,Finalize Aggregate  (cost=13784.32..13784.33 rows=1 width=8) (actual time=66.682..68.666 rows=1 loops=1) |   ->  Gather  (cost=13784.21..13784.32 rows=1 width=8) (actual time=66.393..68.659 rows=2 loops=1) |         Workers Planned: 1 |         Workers Launched: 1 |         ->  Partial Aggregate  (cost=12784.21..12784.22 rows=1 width=8) (actual time=61.222..61.224 rows=1 loops=2) |               ->  Hash Join  (cost=4429.06..7828.24 rows=1982389 width=0) (actual time=15.121..48.512 rows=390342 loops=2) |                     Hash Cond: (c.userid = u.id) |                     ->  Parallel Seq Scan on comments c  (cost=0.00..2881.99 rows=100963 width=4) (actual time=0.027..6.116 rows=86078 loops=2) |                           Filter: ((creationdate >= '2010-08-05 00:36:02'::timestamp without time zone) AND (creationdate <= '2014-09-08 16:50:49'::timestamp without time zone)) |                           Rows Removed by Filter: 1074 |                     ->  Hash  (cost=4358.71..4358.71 rows=5628 width=8) (actual time=15.056..15.058 rows=11630 loops=2) |                           Buckets: 16384 (originally 8192)  Batches: 1 (originally 1)  Memory Usage: 583kB |                           ->  Hash Join  (cost=1204.31..4358.71 rows=5628 width=8) (actual time=5.812..13.865 rows=11630 loops=2) |                                 Hash Cond: (p.owneruserid = u.id) |                                 ->  Seq Scan on posts p  (cost=0.00..3139.40 rows=5714 width=4) (actual time=0.013..5.852 rows=11847 loops=2) |                                       Filter: ((viewcount >= 0) AND (viewcount <= 2897) AND (commentcount >= 0) AND (commentcount <= 16) AND (favoritecount >= 0) AND (favoritecount <= 10)) |                                       Rows Removed by Filter: 80129 |                                 ->  Hash  (cost=700.25..700.25 rows=40325 width=4) (actual time=5.746..5.746 rows=40325 loops=2) |                                       Buckets: 65536  Batches: 1  Memory Usage: 1930kB |                                       ->  Seq Scan on users u  (cost=0.00..700.25 rows=40325 width=4) (actual time=0.005..2.230 rows=40325 loops=2) | Planning Time: 0.234 ms | Execution Time: 68.708 ms
s11,49.529,Finalize Aggregate  (cost=20790.87..20790.88 rows=1 width=8) (actual time=47.791..49.495 rows=1 loops=1) |   ->  Gather  (cost=20790.76..20790.87 rows=1 width=8) (actual time=47.509..49.491 rows=2 loops=1) |         Workers Planned: 1 |         Workers Launched: 1 |         ->  Partial Aggregate  (cost=19790.76..19790.77 rows=1 width=8) (actual time=42.935..42.937 rows=1 loops=2) |               ->  Hash Join  (cost=4977.02..8223.59 rows=4626868 width=0) (actual time=20.032..37.817 rows=163280 loops=2) |                     Hash Cond: (c.userid = u.id) |                     ->  Parallel Seq Scan on comments c  (cost=0.00..2625.65 rows=79333 width=4) (actual time=0.012..4.795 rows=67444 loops=2) |                           Filter: (score = 0) |                           Rows Removed by Filter: 19709 |                     ->  Hash  (cost=4768.07..4768.07 rows=16716 width=8) (actual time=19.874..19.876 rows=32260 loops=2) |                           Buckets: 32768  Batches: 1  Memory Usage: 1517kB |                           ->  Hash Join  (cost=1581.71..4768.07 rows=16716 width=8) (actual time=6.396..17.116 rows=32260 loops=2) |                                 Hash Cond: (p.owneruserid = u.id) |                                 ->  Seq Scan on posts p  (cost=0.00..3139.40 rows=17890 width=4) (actual time=0.012..6.609 rows=39244 loops=2) |                                       Filter: ((score >= 0) AND (score <= 15) AND (viewcount >= 0) AND (viewcount <= 3002) AND (answercount <= 3) AND (commentcount <= 10)) |                                       Rows Removed by Filter: 52732 |                                 ->  Hash  (cost=1103.50..1103.50 rows=38257 width=4) (actual time=6.216..6.216 rows=38281 loops=2) |                                       Buckets: 65536  Batches: 1  Memory Usage: 1858kB |                                       ->  Seq Scan on users u  (cost=0.00..1103.50 rows=38257 width=4) (actual time=0.041..3.231 rows=38281 loops=2) |                                             Filter: ((downvotes <= 0) AND (upvotes >= 0) AND (creationdate >= '2010-08-23 16:21:10'::timestamp without time zone) AND (creationdate <= '2014-09-02 09:50:06'::timestamp without time zone)) |                                             Rows Removed by Filter: 2044 | Planning Time: 0.221 ms | Execution Time: 49.529 ms
s12,138.285,"Finalize Aggregate  (cost=370700.75..370700.76 rows=1 width=8) (actual time=135.571..137.764 rows=1 loops=1) |   ->  Gather  (cost=370700.64..370700.75 rows=1 width=8) (actual time=135.179..137.743 rows=2 loops=1) |         Workers Planned: 1 |         Workers Launched: 1 |         ->  Partial Aggregate  (cost=369700.64..369700.65 rows=1 width=8) (actual time=130.350..130.355 rows=1 loops=2) |               ->  Parallel Hash Join  (cost=5485.92..14493.03 rows=142083046 width=0) (actual time=32.255..103.393 rows=509306 loops=2) |                     Hash Cond: (ph.userid = u.id) |                     ->  Parallel Seq Scan on posthistory ph  (cost=0.00..4023.45 rows=178345 width=4) (actual time=0.003..8.861 rows=151594 loops=2) |                     ->  Parallel Hash  (cost=4312.20..4312.20 rows=93897 width=8) (actual time=30.881..30.885 rows=24828 loops=2) |                           Buckets: 262144  Batches: 1  Memory Usage: 4032kB |                           ->  Hash Join  (cost=1673.70..4312.20 rows=93897 width=8) (actual time=14.659..27.030 rows=24828 loops=2) |                                 Hash Cond: (c.userid = u.id) |                                 ->  Parallel Seq Scan on comments c  (cost=0.00..2369.32 rows=102532 width=4) (actual time=0.004..4.144 rows=87152 loops=2) |                                 ->  Hash  (cost=1204.31..1204.31 rows=37551 width=4) (actual time=14.320..14.322 rows=38103 loops=2) |                                       Buckets: 65536  Batches: 1  Memory Usage: 1852kB |                                       ->  Seq Scan on users u  (cost=0.00..1204.31 rows=37551 width=4) (actual time=6.645..11.004 rows=38103 loops=2) |                                             Filter: ((reputation >= 1) AND (reputation <= 487) AND (upvotes <= 27) AND (creationdate >= '2010-10-22 22:40:35'::timestamp without time zone) AND (creationdate <= '2014-09-10 17:01:31'::timestamp without time zone)) |                                             Rows Removed by Filter: 2222 | Planning Time: 0.173 ms | JIT: |   Functions: 46 |   Options: Inlining false, Optimization false, Expressions true, Deforming true |   Timing: Generation 0.914 ms, Inlining 0.000 ms, Optimization 0.515 ms, Emission 12.704 ms, Total 14.133 ms | Execution Time: 138.285 ms"
s13,60.445,Finalize Aggregate  (cost=25552.39..25552.40 rows=1 width=8) (actual time=58.488..60.405 rows=1 loops=1) |   ->  Gather  (cost=25552.28..25552.39 rows=1 width=8) (actual time=58.197..60.399 rows=2 loops=1) |         Workers Planned: 1 |         Workers Launched: 1 |         ->  Partial Aggregate  (cost=24552.28..24552.29 rows=1 width=8) (actual time=53.321..53.326 rows=1 loops=2) |               ->  Parallel Hash Join  (cost=6251.33..9761.36 rows=5916366 width=0) (actual time=27.315..48.089 rows=157758 loops=2) |                     Hash Cond: (c.userid = u.id) |                     ->  Parallel Seq Scan on comments c  (cost=0.00..2625.65 rows=101519 width=4) (actual time=0.034..5.484 rows=86458 loops=2) |                           Filter: (creationdate >= '2010-08-10 17:55:45'::timestamp without time zone) |                           Rows Removed by Filter: 694 |                     ->  Parallel Hash  (cost=5997.03..5997.03 rows=20344 width=8) (actual time=25.689..25.692 rows=11634 loops=2) |                           Buckets: 65536  Batches: 1  Memory Usage: 1440kB |                           ->  Hash Join  (cost=1400.66..5997.03 rows=20344 width=8) (actual time=6.147..23.540 rows=11634 loops=2) |                                 Hash Cond: (v.userid = u.id) |                                 ->  Parallel Seq Scan on votes v  (cost=0.00..4089.79 rows=192979 width=4) (actual time=0.012..8.206 rows=164032 loops=2) |                                 ->  Hash  (cost=901.88..901.88 rows=39903 width=4) (actual time=6.084..6.085 rows=39890 loops=2) |                                       Buckets: 65536  Batches: 1  Memory Usage: 1915kB |                                       ->  Seq Scan on users u  (cost=0.00..901.88 rows=39903 width=4) (actual time=0.012..2.734 rows=39890 loops=2) |                                             Filter: ((reputation >= 1) AND (reputation <= 691)) |                                             Rows Removed by Filter: 435 | Planning Time: 0.201 ms | Execution Time: 60.445 ms
s14,22.512,Finalize Aggregate  (cost=10183.37..10183.38 rows=1 width=8) (actual time=20.845..22.476 rows=1 loops=1) |   ->  Gather  (cost=10183.26..10183.37 rows=1 width=8) (actual time=20.730..22.470 rows=2 loops=1) |         Workers Planned: 1 |         Workers Launched: 1 |         ->  Partial Aggregate  (cost=9183.26..9183.27 rows=1 width=8) (actual time=16.115..16.118 rows=1 loops=2) |               ->  Parallel Hash Join  (cost=5864.32..9121.33 rows=24770 width=0) (actual time=7.765..16.111 rows=100 loops=2) |                     Hash Cond: (c.userid = u.id) |                     ->  Parallel Seq Scan on comments c  (cost=0.00..2881.99 rows=99445 width=4) (actual time=0.069..5.354 rows=84510 loops=2) |                           Filter: ((creationdate >= '2010-10-01 20:45:26'::timestamp without time zone) AND (creationdate <= '2014-09-05 12:51:17'::timestamp without time zone)) |                           Rows Removed by Filter: 2642 |                     ->  Parallel Hash  (cost=5863.23..5863.23 rows=87 width=8) (actual time=6.849..6.850 rows=20 loops=2) |                           Buckets: 1024  Batches: 1  Memory Usage: 72kB |                           ->  Nested Loop  (cost=0.29..5863.23 rows=87 width=8) (actual time=2.522..6.832 rows=20 loops=2) |                                 ->  Parallel Seq Scan on votes v  (cost=0.00..4572.24 rows=1045 width=4) (actual time=0.038..5.874 rows=826 loops=2) |                                       Filter: (bountyamount <= 100) |                                       Rows Removed by Filter: 163206 |                                 ->  Index Scan using users_pkey on users u  (cost=0.29..1.24 rows=1 width=4) (actual time=0.001..0.001 rows=0 loops=1652) |                                       Index Cond: (id = v.userid) |                                       Filter: ((creationdate <= '2014-09-12 03:25:34'::timestamp without time zone) AND (upvotes = 0)) |                                       Rows Removed by Filter: 1 | Planning Time: 0.208 ms | Execution Time: 22.512 ms
s15,716.297,Finalize Aggregate  (cost=25778.49..25778.50 rows=1 width=8) (actual time=707.988..716.182 rows=1 loops=1) |   ->  Gather  (cost=25778.38..25778.49 rows=1 width=8) (actual time=707.383..716.166 rows=2 loops=1) |         Workers Planned: 1 |         Workers Launched: 1 |         ->  Partial Aggregate  (cost=24778.38..24778.39 rows=1 width=8) (actual time=702.555..702.563 rows=1 loops=2) |               ->  Hash Join  (cost=4139.41..8940.28 rows=6335239 width=0) (actual time=58.076..505.919 rows=5111932 loops=2) |                     Hash Cond: (c.userid = u.id) |                     ->  Parallel Seq Scan on comments c  (cost=0.00..2881.99 rows=78574 width=4) (actual time=0.013..12.446 rows=67330 loops=2) |                           Filter: ((creationdate >= '2010-07-24 06:46:49'::timestamp without time zone) AND (score = 0)) |                           Rows Removed by Filter: 19823 |                     ->  Hash  (cost=3143.96..3143.96 rows=79636 width=8) (actual time=57.953..57.958 rows=79610 loops=2) |                           Buckets: 131072  Batches: 1  Memory Usage: 4134kB |                           ->  Hash Join  (cost=1305.12..3143.96 rows=79636 width=8) (actual time=9.938..35.683 rows=79610 loops=2) |                                 Hash Cond: (b.userid = u.id) |                                 ->  Seq Scan on badges b  (cost=0.00..1629.76 rows=79636 width=4) (actual time=0.008..9.563 rows=79610 loops=2) |                                       Filter: ((date >= '2010-07-19 20:34:06'::timestamp without time zone) AND (date <= '2014-09-12 15:11:36'::timestamp without time zone)) |                                       Rows Removed by Filter: 241 |                                 ->  Hash  (cost=801.06..801.06 rows=40325 width=4) (actual time=9.877..9.878 rows=40325 loops=2) |                                       Buckets: 65536  Batches: 1  Memory Usage: 1930kB |                                       ->  Seq Scan on users u  (cost=0.00..801.06 rows=40325 width=4) (actual time=0.006..2.812 rows=40325 loops=2) |                                             Filter: (upvotes >= 0) | Planning Time: 0.155 ms | Execution Time: 716.297 ms
s16,67.316,Finalize Aggregate  (cost=24939.93..24939.94 rows=1 width=8) (actual time=65.561..67.243 rows=1 loops=1) |   ->  Gather  (cost=24939.82..24939.93 rows=1 width=8) (actual time=65.226..67.239 rows=2 loops=1) |         Workers Planned: 1 |         Workers Launched: 1 |         ->  Partial Aggregate  (cost=23939.82..23939.83 rows=1 width=8) (actual time=54.475..54.477 rows=1 loops=2) |               ->  Hash Join  (cost=4267.22..8752.81 rows=6074805 width=0) (actual time=34.235..50.536 rows=122784 loops=2) |                     Hash Cond: (c.userid = u.id) |                     ->  Parallel Seq Scan on comments c  (cost=0.00..2625.65 rows=79333 width=4) (actual time=0.015..4.921 rows=67444 loops=2) |                           Filter: (score = 0) |                           Rows Removed by Filter: 19709 |                     ->  Hash  (cost=3321.83..3321.83 rows=75631 width=8) (actual time=34.015..34.016 rows=55035 loops=2) |                           Buckets: 131072  Batches: 1  Memory Usage: 3174kB |                           ->  Hash Join  (cost=1682.31..3321.83 rows=75631 width=8) (actual time=9.144..24.380 rows=55035 loops=2) |                                 Hash Cond: (b.userid = u.id) |                                 ->  Seq Scan on badges b  (cost=0.00..1430.14 rows=79755 width=4) (actual time=0.016..5.487 rows=79693 loops=2) |                                       Filter: (date >= '2010-07-19 20:54:06'::timestamp without time zone) |                                       Rows Removed by Filter: 158 |                                 ->  Hash  (cost=1204.31..1204.31 rows=38240 width=4) (actual time=8.912..8.912 rows=38246 loops=2) |                                       Buckets: 65536  Batches: 1  Memory Usage: 1857kB |                                       ->  Seq Scan on users u  (cost=0.00..1204.31 rows=38240 width=4) (actual time=0.049..4.458 rows=38246 loops=2) |                                             Filter: ((downvotes >= 0) AND (upvotes >= 0) AND (upvotes <= 17) AND (creationdate >= '2010-08-06 07:03:05'::timestamp without time zone) AND (creationdate <= '2014-09-08 04:18:44'::timestamp without time zone)) |                                             Rows Removed by Filter: 2079 | Planning Time: 0.647 ms | Execution Time: 67.316 ms
s17,25.989,Finalize Aggregate  (cost=10875.18..10875.19 rows=1 width=8) (actual time=24.262..25.967 rows=1 loops=1) |   ->  Gather  (cost=10875.07..10875.18 rows=1 width=8) (actual time=24.143..25.963 rows=2 loops=1) |         Workers Planned: 1 |         Workers Launched: 1 |         ->  Partial Aggregate  (cost=9875.07..9875.08 rows=1 width=8) (actual time=19.796..19.799 rows=1 loops=2) |               ->  Hash Join  (cost=2302.55..9853.95 rows=8448 width=0) (actual time=1.765..18.676 rows=35376 loops=2) |                     Hash Cond: (v.userid = p.owneruserid) |                     ->  Parallel Seq Scan on votes v  (cost=0.00..4089.79 rows=192979 width=4) (actual time=0.011..8.005 rows=164032 loops=2) |                     ->  Hash  (cost=2295.17..2295.17 rows=590 width=4) (actual time=1.682..1.684 rows=593 loops=2) |                           Buckets: 1024  Batches: 1  Memory Usage: 29kB |                           ->  Nested Loop  (cost=0.30..2295.17 rows=590 width=4) (actual time=0.042..1.632 rows=596 loops=2) |                                 ->  Seq Scan on tags t  (cost=0.00..16.32 rows=1032 width=4) (actual time=0.016..0.076 rows=1032 loops=2) |                                 ->  Memoize  (cost=0.30..3.79 rows=1 width=8) (actual time=0.001..0.001 rows=1 loops=2064) |                                       Cache Key: t.excerptpostid |                                       Cache Mode: logical |                                       Hits: 435  Misses: 597  Evictions: 0  Overflows: 0  Memory Usage: 63kB |                                       Worker 0:  Hits: 435  Misses: 597  Evictions: 0  Overflows: 0  Memory Usage: 63kB |                                       ->  Index Scan using posts_pkey on posts p  (cost=0.29..3.78 rows=1 width=8) (actual time=0.002..0.002 rows=1 loops=1194) |                                             Index Cond: (id = t.excerptpostid) |                                             Filter: (creationdate >= '2010-07-20 02:01:05'::timestamp without time zone) | Planning Time: 0.264 ms | Execution Time: 25.989 ms
s18,61.587,Finalize Aggregate  (cost=9883.36..9883.37 rows=1 width=8) (actual time=59.225..61.442 rows=1 loops=1) |   ->  Gather  (cost=9883.25..9883.36 rows=1 width=8) (actual time=58.884..61.435 rows=2 loops=1) |         Workers Planned: 1 |         Workers Launched: 1 |         ->  Partial Aggregate  (cost=8883.25..8883.26 rows=1 width=8) (actual time=54.618..54.621 rows=1 loops=2) |               ->  Hash Join  (cost=3487.69..8830.47 rows=21111 width=0) (actual time=26.011..53.345 rows=31750 loops=2) |                     Hash Cond: (ph.postid = p.id) |                     ->  Parallel Seq Scan on posthistory ph  (cost=0.00..4469.32 rows=176629 width=4) (actual time=0.012..12.601 rows=151386 loops=2) |                           Filter: (creationdate >= '2010-07-20 00:30:00'::timestamp without time zone) |                           Rows Removed by Filter: 207 |                     ->  Hash  (cost=3350.28..3350.28 rows=10993 width=8) (actual time=25.957..25.959 rows=11091 loops=2) |                           Buckets: 16384  Batches: 1  Memory Usage: 562kB |                           ->  Hash Join  (cost=3128.11..3350.28 rows=10993 width=8) (actual time=18.264..24.336 rows=11091 loops=2) |                                 Hash Cond: (pl.postid = p.id) |                                 ->  Seq Scan on postlinks pl  (cost=0.00..193.02 rows=11102 width=4) (actual time=0.008..0.980 rows=11102 loops=2) |                                 ->  Hash  (cost=1989.70..1989.70 rows=91073 width=4) (actual time=18.169..18.170 rows=91871 loops=2) |                                       Buckets: 131072  Batches: 1  Memory Usage: 4254kB |                                       ->  Seq Scan on posts p  (cost=0.00..1989.70 rows=91073 width=4) (actual time=0.007..6.688 rows=91871 loops=2) |                                             Filter: (creationdate >= '2010-07-19 20:08:37'::timestamp without time zone) |                                             Rows Removed by Filter: 105 | Planning Time: 0.136 ms | Execution Time: 61.587 ms
s19,34.08,Aggregate  (cost=4720.33..4720.34 rows=1 width=8) (actual time=34.013..34.018 rows=1 loops=1) |   ->  Hash Join  (cost=4441.82..4693.09 rows=10894 width=0) (actual time=24.167..33.359 rows=10895 loops=1) |         Hash Cond: (p.owneruserid = u.id) |         ->  Hash Join  (cost=3137.86..3360.03 rows=11087 width=4) (actual time=18.369..23.941 rows=11050 loops=1) |               Hash Cond: (pl.postid = p.id) |               ->  Seq Scan on postlinks pl  (cost=0.00..193.02 rows=11102 width=4) (actual time=0.007..0.943 rows=11102 loops=1) |               ->  Hash  (cost=1989.70..1989.70 rows=91853 width=8) (actual time=18.337..18.339 rows=91837 loops=1) |                     Buckets: 131072  Batches: 1  Memory Usage: 4606kB |                     ->  Seq Scan on posts p  (cost=0.00..1989.70 rows=91853 width=8) (actual time=0.005..7.963 rows=91837 loops=1) |                           Filter: (commentcount <= 17) |                           Rows Removed by Filter: 139 |         ->  Hash  (cost=801.06..801.06 rows=40232 width=4) (actual time=5.788..5.789 rows=40244 loops=1) |               Buckets: 65536  Batches: 1  Memory Usage: 1927kB |               ->  Seq Scan on users u  (cost=0.00..801.06 rows=40232 width=4) (actual time=0.006..2.517 rows=40244 loops=1) |                     Filter: (creationdate <= '2014-09-12 07:12:16'::timestamp without time zone) |                     Rows Removed by Filter: 81 | Planning Time: 0.176 ms | Execution Time: 34.080 ms
s20,125.732,Finalize Aggregate  (cost=11601.68..11601.69 rows=1 width=8) (actual time=120.991..125.590 rows=1 loops=1) |   ->  Gather  (cost=11601.57..11601.68 rows=1 width=8) (actual time=120.485..125.582 rows=2 loops=1) |         Workers Planned: 1 |         Workers Launched: 1 |         ->  Partial Aggregate  (cost=10601.57..10601.58 rows=1 width=8) (actual time=114.111..114.130 rows=1 loops=2) |               ->  Hash Join  (cost=4833.85..10192.65 rows=163570 width=0) (actual time=48.110..109.387 rows=125534 loops=2) |                     Hash Cond: (p.owneruserid = u.id) |                     ->  Hash Join  (cost=3327.73..8249.97 rows=166289 width=4) (actual time=40.559..80.751 rows=145963 loops=2) |                           Hash Cond: (ph.postid = p.id) |                           ->  Parallel Seq Scan on posthistory ph  (cost=0.00..4469.32 rows=172534 width=4) (actual time=0.007..13.903 rows=146894 loops=2) |                                 Filter: (creationdate <= '2014-08-17 21:24:11'::timestamp without time zone) |                                 Rows Removed by Filter: 4700 |                           ->  Hash  (cost=2219.64..2219.64 rows=88647 width=8) (actual time=40.016..40.019 rows=89117 loops=2) |                                 Buckets: 131072  Batches: 1  Memory Usage: 4500kB |                                 ->  Seq Scan on posts p  (cost=0.00..2219.64 rows=88647 width=8) (actual time=0.049..18.761 rows=89117 loops=2) |                                       Filter: ((creationdate >= '2010-07-26 19:26:37'::timestamp without time zone) AND (creationdate <= '2014-08-22 14:43:39'::timestamp without time zone)) |                                       Rows Removed by Filter: 2859 |                     ->  Hash  (cost=1002.69..1002.69 rows=40275 width=4) (actual time=7.460..7.461 rows=40277 loops=2) |                           Buckets: 65536  Batches: 1  Memory Usage: 1928kB |                           ->  Seq Scan on users u  (cost=0.00..1002.69 rows=40275 width=4) (actual time=0.011..3.298 rows=40277 loops=2) |                                 Filter: ((reputation >= 1) AND (reputation <= 6524) AND (views >= 0)) |                                 Rows Removed by Filter: 48 | Planning Time: 0.220 ms | Execution Time: 125.732 ms
s21,79.818,Finalize Aggregate  (cost=11218.36..11218.37 rows=1 width=8) (actual time=76.321..79.699 rows=1 loops=1) |   ->  Gather  (cost=11218.25..11218.36 rows=1 width=8) (actual time=75.053..79.689 rows=2 loops=1) |         Workers Planned: 1 |         Workers Launched: 1 |         ->  Partial Aggregate  (cost=10218.25..10218.26 rows=1 width=8) (actual time=65.105..65.109 rows=1 loops=2) |               ->  Hash Join  (cost=5039.84..10170.49 rows=19101 width=0) (actual time=27.297..64.425 rows=13418 loops=2) |                     Hash Cond: (v.postid = p.id) |                     ->  Hash Join  (cost=1495.09..6573.11 rows=20051 width=4) (actual time=9.339..40.094 rows=15982 loops=2) |                           Hash Cond: (v.userid = u.id) |                           ->  Parallel Seq Scan on votes v  (cost=0.00..4572.24 rows=192675 width=8) (actual time=0.013..17.917 rows=163944 loops=2) |                                 Filter: (creationdate <= '2014-09-12 00:00:00'::timestamp without time zone) |                                 Rows Removed by Filter: 88 |                           ->  Hash  (cost=1002.69..1002.69 rows=39392 width=4) (actual time=9.044..9.044 rows=39363 loops=2) |                                 Buckets: 65536  Batches: 1  Memory Usage: 1896kB |                                 ->  Seq Scan on users u  (cost=0.00..1002.69 rows=39392 width=4) (actual time=0.046..5.148 rows=39363 loops=2) |                                       Filter: ((upvotes >= 0) AND (creationdate >= '2010-07-27 17:15:57'::timestamp without time zone) AND (creationdate <= '2014-09-03 12:47:42'::timestamp without time zone)) |                                       Rows Removed by Filter: 962 |                     ->  Hash  (cost=2449.58..2449.58 rows=87614 width=4) (actual time=17.755..17.755 rows=87554 loops=2) |                           Buckets: 131072  Batches: 1  Memory Usage: 4103kB |                           ->  Seq Scan on posts p  (cost=0.00..2449.58 rows=87614 width=4) (actual time=0.202..8.286 rows=87554 loops=2) |                                 Filter: ((score >= '-1'::integer) AND (creationdate >= '2010-10-21 13:21:24'::timestamp without time zone) AND (creationdate <= '2014-09-09 15:12:22'::timestamp without time zone)) |                                 Rows Removed by Filter: 4422 | Planning Time: 0.819 ms | Execution Time: 79.818 ms
s22,296.925,Finalize Aggregate  (cost=20628.29..20628.30 rows=1 width=8) (actual time=296.579..296.705 rows=1 loops=1) |   ->  Gather  (cost=20628.17..20628.28 rows=1 width=8) (actual time=296.572..296.702 rows=2 loops=1) |         Workers Planned: 1 |         Workers Launched: 1 |         ->  Partial Aggregate  (cost=19628.17..19628.18 rows=1 width=8) (actual time=229.121..229.125 rows=1 loops=2) |               ->  Merge Join  (cost=17203.11..19283.27 rows=137962 width=0) (actual time=51.534..186.675 rows=1244040 loops=2) |                     Merge Cond: (v.userid = p.owneruserid) |                     ->  Sort  (cost=7453.01..7503.87 rows=20345 width=8) (actual time=31.862..32.967 rows=16459 loops=2) |                           Sort Key: v.userid |                           Sort Method: quicksort  Memory: 1443kB |                           Worker 0:  Sort Method: quicksort  Memory: 739kB |                           ->  Hash Join  (cost=1400.71..5997.08 rows=20345 width=8) (actual time=8.622..29.570 rows=16459 loops=2) |                                 Hash Cond: (v.userid = u.id) |                                 ->  Parallel Seq Scan on votes v  (cost=0.00..4089.79 rows=192979 width=4) (actual time=0.006..9.606 rows=164032 loops=2) |                                 ->  Hash  (cost=901.88..901.88 rows=39907 width=4) (actual time=8.302..8.303 rows=39787 loops=2) |                                       Buckets: 65536  Batches: 1  Memory Usage: 1911kB |                                       ->  Seq Scan on users u  (cost=0.00..901.88 rows=39907 width=4) (actual time=0.023..3.285 rows=39787 loops=2) |                                             Filter: ((creationdate >= '2010-07-22 04:38:06'::timestamp without time zone) AND (creationdate <= '2014-09-08 15:55:02'::timestamp without time zone)) |                                             Rows Removed by Filter: 538 |                     ->  Sort  (cost=9750.06..9978.54 rows=91390 width=4) (actual time=19.388..63.774 rows=1293904 loops=2) |                           Sort Key: p.owneruserid |                           Sort Method: quicksort  Memory: 3073kB |                           Worker 0:  Sort Method: quicksort  Memory: 3073kB |                           ->  Seq Scan on posts p  (cost=0.00..2219.64 rows=91390 width=4) (actual time=0.026..8.314 rows=91312 loops=2) |                                 Filter: ((commentcount >= 0) AND (commentcount <= 12)) |                                 Rows Removed by Filter: 664 | Planning Time: 0.186 ms | Execution Time: 296.925 ms
s23,89.242,Finalize Aggregate  (cost=10393.49..10393.50 rows=1 width=8) (actual time=87.197..89.170 rows=1 loops=1) |   ->  Gather  (cost=10393.38..10393.49 rows=1 width=8) (actual time=86.745..89.164 rows=2 loops=1) |         Workers Planned: 1 |         Workers Launched: 1 |         ->  Partial Aggregate  (cost=9393.38..9393.39 rows=1 width=8) (actual time=70.801..70.803 rows=1 loops=2) |               ->  Hash Join  (cost=3816.77..9271.11 rows=48908 width=0) (actual time=42.515..68.284 rows=72008 loops=2) |                     Hash Cond: (v.userid = u.id) |                     ->  Parallel Seq Scan on votes v  (cost=0.00..4089.79 rows=192979 width=4) (actual time=0.013..10.584 rows=164032 loops=2) |                     ->  Hash  (cost=2836.87..2836.87 rows=78392 width=8) (actual time=41.235..41.237 rows=62294 loops=2) |                           Buckets: 131072  Batches: 1  Memory Usage: 3458kB |                           ->  Hash Join  (cost=1396.73..2836.87 rows=78392 width=8) (actual time=8.467..30.903 rows=62294 loops=2) |                                 Hash Cond: (b.userid = u.id) |                                 ->  Seq Scan on badges b  (cost=0.00..1230.51 rows=79851 width=4) (actual time=0.042..6.885 rows=79851 loops=2) |                                 ->  Hash  (cost=901.88..901.88 rows=39588 width=4) (actual time=8.298..8.299 rows=39578 loops=2) |                                       Buckets: 65536  Batches: 1  Memory Usage: 1904kB |                                       ->  Seq Scan on users u  (cost=0.00..901.88 rows=39588 width=4) (actual time=0.014..3.074 rows=39578 loops=2) |                                             Filter: ((downvotes >= 0) AND (downvotes <= 0)) |                                             Rows Removed by Filter: 747 | Planning Time: 0.187 ms | Execution Time: 89.242 ms
s24,20.351,Aggregate  (cost=8817.08..8817.09 rows=1 width=8) (actual time=20.283..20.325 rows=1 loops=1) |   ->  Hash Join  (cost=7283.46..8816.22 rows=345 width=0) (actual time=12.139..20.179 rows=4582 loops=1) |         Hash Cond: (b.userid = u.id) |         ->  Seq Scan on badges b  (cost=0.00..1230.51 rows=79851 width=4) (actual time=0.004..3.681 rows=79851 loops=1) |         ->  Hash  (cost=7281.69..7281.69 rows=142 width=8) (actual time=12.115..12.156 rows=433 loops=1) |               Buckets: 1024  Batches: 1  Memory Usage: 25kB |               ->  Gather  (cost=1000.29..7281.69 rows=142 width=8) (actual time=0.417..12.087 rows=433 loops=1) |                     Workers Planned: 1 |                     Workers Launched: 1 |                     ->  Nested Loop  (cost=0.29..6267.49 rows=84 width=8) (actual time=0.184..6.872 rows=216 loops=2) |                           ->  Parallel Seq Scan on votes v  (cost=0.00..5054.68 rows=801 width=4) (actual time=0.060..6.200 rows=650 loops=2) |                                 Filter: ((bountyamount >= 0) AND (bountyamount <= 50)) |                                 Rows Removed by Filter: 163382 |                           ->  Index Scan using users_pkey on users u  (cost=0.29..1.51 rows=1 width=4) (actual time=0.001..0.001 rows=0 loops=1301) |                                 Index Cond: (id = v.userid) |                                 Filter: (downvotes = 0) |                                 Rows Removed by Filter: 0 | Planning Time: 0.190 ms | Execution Time: 20.351 ms
s25,96.413,Finalize Aggregate  (cost=13708.36..13708.37 rows=1 width=8) (actual time=93.814..96.244 rows=1 loops=1) |   ->  Gather  (cost=13708.25..13708.36 rows=1 width=8) (actual time=93.147..96.240 rows=2 loops=1) |         Workers Planned: 1 |         Workers Launched: 1 |         ->  Partial Aggregate  (cost=12708.25..12708.26 rows=1 width=8) (actual time=88.634..88.639 rows=1 loops=2) |               ->  Parallel Hash Join  (cost=6781.40..12620.86 rows=34958 width=0) (actual time=41.603..83.076 rows=88096 loops=2) |                     Hash Cond: (v.postid = p.id) |                     ->  Parallel Seq Scan on votes v  (cost=0.00..5054.68 rows=154435 width=4) (actual time=0.010..15.890 rows=130990 loops=2) |                           Filter: ((creationdate <= '2014-09-12 00:00:00'::timestamp without time zone) AND (votetypeid = 2)) |                           Rows Removed by Filter: 33042 |                     ->  Parallel Hash  (cost=6628.31..6628.31 rows=12247 width=12) (actual time=41.469..41.472 rows=17517 loops=2) |                           Buckets: 65536 (originally 32768)  Batches: 1 (originally 1)  Memory Usage: 2432kB |                           ->  Hash Join  (cost=3499.44..6628.31 rows=12247 width=12) (actual time=17.325..35.033 rows=17517 loops=2) |                                 Hash Cond: (c.postid = p.id) |                                 ->  Parallel Seq Scan on comments c  (cost=0.00..2625.65 rows=101534 width=4) (actual time=0.043..10.595 rows=86676 loops=2) |                                       Filter: (creationdate >= '2010-08-02 23:52:10'::timestamp without time zone) |                                       Rows Removed by Filter: 477 |                                 ->  Hash  (cost=3360.76..3360.76 rows=11094 width=8) (actual time=17.264..17.266 rows=11077 loops=2) |                                       Buckets: 16384  Batches: 1  Memory Usage: 561kB |                                       ->  Hash Join  (cost=3138.60..3360.76 rows=11094 width=8) (actual time=14.177..16.324 rows=11077 loops=2) |                                             Hash Cond: (pl.postid = p.id) |                                             ->  Seq Scan on postlinks pl  (cost=0.00..193.02 rows=11102 width=4) (actual time=0.014..0.551 rows=11102 loops=2) |                                             ->  Hash  (cost=1989.70..1989.70 rows=91912 width=4) (actual time=14.086..14.087 rows=91904 loops=2) |                                                   Buckets: 131072  Batches: 1  Memory Usage: 4255kB |                                                   ->  Seq Scan on posts p  (cost=0.00..1989.70 rows=91912 width=4) (actual time=0.009..6.317 rows=91904 loops=2) |                                                         Filter: (score >= '-3'::integer) |                                                         Rows Removed by Filter: 72 | Planning Time: 0.322 ms | Execution Time: 96.413 ms
s26,65.203,Finalize Aggregate  (cost=9091.88..9091.89 rows=1 width=8) (actual time=63.179..65.136 rows=1 loops=1) |   ->  Gather  (cost=9091.77..9091.88 rows=1 width=8) (actual time=62.909..65.131 rows=2 loops=1) |         Workers Planned: 1 |         Workers Launched: 1 |         ->  Partial Aggregate  (cost=8091.77..8091.78 rows=1 width=8) (actual time=55.575..55.578 rows=1 loops=2) |               ->  Hash Join  (cost=4692.03..8062.76 rows=11606 width=0) (actual time=43.902..55.169 rows=12516 loops=2) |                     Hash Cond: (c.postid = p.id) |                     ->  Parallel Seq Scan on comments c  (cost=0.00..2881.99 rows=99385 width=4) (actual time=0.020..5.742 rows=85124 loops=2) |                           Filter: ((creationdate >= '2010-07-21 11:05:37'::timestamp without time zone) AND (creationdate <= '2014-08-25 17:59:25'::timestamp without time zone)) |                           Rows Removed by Filter: 2028 |                     ->  Hash  (cost=4557.78..4557.78 rows=10740 width=8) (actual time=43.678..43.680 rows=8528 loops=2) |                           Buckets: 16384  Batches: 1  Memory Usage: 462kB |                           ->  Hash Join  (cost=4306.47..4557.78 rows=10740 width=8) (actual time=35.204..42.197 rows=8528 loops=2) |                                 Hash Cond: (p.owneruserid = u.id) |                                 ->  Hash Join  (cost=2909.46..3131.62 rows=11102 width=12) (actual time=25.896..30.442 rows=11102 loops=2) |                                       Hash Cond: (pl.relatedpostid = p.id) |                                       ->  Seq Scan on postlinks pl  (cost=0.00..193.02 rows=11102 width=4) (actual time=0.065..0.769 rows=11102 loops=2) |                                       ->  Hash  (cost=1759.76..1759.76 rows=91976 width=8) (actual time=25.735..25.736 rows=91976 loops=2) |                                             Buckets: 131072  Batches: 1  Memory Usage: 4612kB |                                             ->  Seq Scan on posts p  (cost=0.00..1759.76 rows=91976 width=8) (actual time=0.012..8.370 rows=91976 loops=2) |                                 ->  Hash  (cost=901.88..901.88 rows=39611 width=4) (actual time=9.223..9.224 rows=39575 loops=2) |                                       Buckets: 65536  Batches: 1  Memory Usage: 1904kB |                                       ->  Seq Scan on users u  (cost=0.00..901.88 rows=39611 width=4) (actual time=0.042..3.721 rows=39575 loops=2) |                                             Filter: ((upvotes >= 0) AND (creationdate >= '2010-08-21 21:27:38'::timestamp without time zone)) |                                             Rows Removed by Filter: 750 | Planning Time: 0.291 ms | Execution Time: 65.203 ms
s27,42.315,Finalize Aggregate  (cost=28709.05..28709.06 rows=1 width=8) (actual time=40.336..42.244 rows=1 loops=1) |   ->  Gather  (cost=28708.94..28709.05 rows=1 width=8) (actual time=39.897..42.236 rows=2 loops=1) |         Workers Planned: 1 |         Workers Launched: 1 |         ->  Partial Aggregate  (cost=27708.94..27708.95 rows=1 width=8) (actual time=34.834..34.837 rows=1 loops=2) |               ->  Parallel Hash Join  (cost=9652.79..12931.00 rows=5911174 width=0) (actual time=24.043..34.127 rows=21018 loops=2) |                     Hash Cond: (c.userid = u.id) |                     ->  Parallel Seq Scan on comments c  (cost=0.00..2881.99 rows=79314 width=4) (actual time=0.009..5.478 rows=67424 loops=2) |                           Filter: ((creationdate <= '2014-09-13 20:12:15'::timestamp without time zone) AND (score = 0)) |                           Rows Removed by Filter: 19728 |                     ->  Parallel Hash  (cost=9588.94..9588.94 rows=5108 width=12) (actual time=23.872..23.874 rows=900 loops=2) |                           Buckets: 16384  Batches: 1  Memory Usage: 256kB |                           ->  Hash Join  (cost=3128.24..9588.94 rows=5108 width=12) (actual time=16.611..23.699 rows=900 loops=2) |                                 Hash Cond: (u.id = p.owneruserid) |                                 ->  Nested Loop  (cost=0.29..6271.39 rows=82 width=8) (actual time=0.216..7.118 rows=122 loops=2) |                                       ->  Parallel Seq Scan on votes v  (cost=0.00..5054.68 rows=800 width=4) (actual time=0.047..6.091 rows=650 loops=2) |                                             Filter: ((bountyamount <= 50) AND (creationdate <= '2014-09-12 00:00:00'::timestamp without time zone)) |                                             Rows Removed by Filter: 163382 |                                       ->  Index Scan using users_pkey on users u  (cost=0.29..1.52 rows=1 width=4) (actual time=0.001..0.001 rows=0 loops=1301) |                                             Index Cond: (id = v.userid) |                                             Filter: ((upvotes >= 0) AND (upvotes <= 12) AND (creationdate >= '2010-07-19 19:09:39'::timestamp without time zone)) |                                             Rows Removed by Filter: 0 |                                 ->  Hash  (cost=1989.70..1989.70 rows=91060 width=4) (actual time=16.302..16.302 rows=89935 loops=2) |                                       Buckets: 131072  Batches: 1  Memory Usage: 4186kB |                                       ->  Seq Scan on posts p  (cost=0.00..1989.70 rows=91060 width=4) (actual time=0.036..7.464 rows=91286 loops=2) |                                             Filter: (creationdate >= '2010-07-27 01:51:15'::timestamp without time zone) |                                             Rows Removed by Filter: 690 | Planning Time: 0.333 ms | Execution Time: 42.315 ms
s28,938.106,Finalize Aggregate  (cost=33301.50..33301.51 rows=1 width=8) (actual time=935.390..937.836 rows=1 loops=1) |   ->  Gather  (cost=33301.38..33301.49 rows=1 width=8) (actual time=934.929..937.830 rows=2 loops=1) |         Workers Planned: 1 |         Workers Launched: 1 |         ->  Partial Aggregate  (cost=32301.38..32301.39 rows=1 width=8) (actual time=930.370..930.374 rows=1 loops=2) |               ->  Hash Join  (cost=6873.80..16161.57 rows=6455924 width=0) (actual time=49.814..658.235 rows=8024575 loops=2) |                     Hash Cond: (p.owneruserid = u.id) |                     ->  Hash Join  (cost=3130.40..7726.78 rows=191468 width=4) (actual time=22.620..80.043 rows=144810 loops=2) |                           Hash Cond: (v.postid = p.id) |                           ->  Parallel Seq Scan on votes v  (cost=0.00..4089.79 rows=192979 width=4) (actual time=0.013..11.269 rows=164032 loops=2) |                           ->  Hash  (cost=1989.70..1989.70 rows=91256 width=8) (actual time=22.481..22.481 rows=91231 loops=2) |                                 Buckets: 131072  Batches: 1  Memory Usage: 4583kB |                                 ->  Seq Scan on posts p  (cost=0.00..1989.70 rows=91256 width=8) (actual time=0.032..7.528 rows=91231 loops=2) |                                       Filter: (score <= 22) |                                       Rows Removed by Filter: 745 |                     ->  Hash  (cost=2745.27..2745.27 rows=79851 width=8) (actual time=27.091..27.093 rows=79851 loops=2) |                           Buckets: 131072  Batches: 1  Memory Usage: 4144kB |                           ->  Hash Join  (cost=1305.12..2745.27 rows=79851 width=8) (actual time=5.804..19.582 rows=79851 loops=2) |                                 Hash Cond: (b.userid = u.id) |                                 ->  Seq Scan on badges b  (cost=0.00..1230.51 rows=79851 width=4) (actual time=0.005..3.763 rows=79851 loops=2) |                                 ->  Hash  (cost=801.06..801.06 rows=40325 width=4) (actual time=5.762..5.763 rows=40325 loops=2) |                                       Buckets: 65536  Batches: 1  Memory Usage: 1930kB |                                       ->  Seq Scan on users u  (cost=0.00..801.06 rows=40325 width=4) (actual time=0.006..2.498 rows=40325 loops=2) |                                             Filter: (reputation >= 1) | Planning Time: 0.223 ms | Execution Time: 938.106 ms
s29,99.991,Finalize Aggregate  (cost=14399.02..14399.03 rows=1 width=8) (actual time=98.109..99.943 rows=1 loops=1) |   ->  Gather  (cost=14398.91..14399.02 rows=1 width=8) (actual time=97.675..99.938 rows=2 loops=1) |         Workers Planned: 1 |         Workers Launched: 1 |         ->  Partial Aggregate  (cost=13398.91..13398.92 rows=1 width=8) (actual time=92.668..92.671 rows=1 loops=2) |               ->  Hash Join  (cost=7020.55..12394.09 rows=401928 width=0) (actual time=38.541..83.238 rows=297910 loops=2) |                     Hash Cond: (p.owneruserid = u.id) |                     ->  Hash Join  (cost=2754.76..7832.79 rows=12609 width=4) (actual time=6.892..31.520 rows=46500 loops=2) |                           Hash Cond: (v.postid = p.id) |                           ->  Parallel Seq Scan on votes v  (cost=0.00..4572.24 rows=192675 width=4) (actual time=0.010..10.172 rows=163944 loops=2) |                                 Filter: (creationdate <= '2014-09-12 00:00:00'::timestamp without time zone) |                                 Rows Removed by Filter: 88 |                           ->  Hash  (cost=2679.52..2679.52 rows=6019 width=8) (actual time=6.836..6.836 rows=13079 loops=2) |                                 Buckets: 16384 (originally 8192)  Batches: 1 (originally 1)  Memory Usage: 638kB |                                 ->  Seq Scan on posts p  (cost=0.00..2679.52 rows=6019 width=8) (actual time=0.010..5.593 rows=13079 loops=2) |                                       Filter: ((score >= '-1'::integer) AND (favoritecount >= 0) AND (favoritecount <= 20) AND (posttypeid = 1)) |                                       Rows Removed by Filter: 78897 |                     ->  Hash  (cost=3322.16..3322.16 rows=75490 width=8) (actual time=30.050..30.051 rows=60506 loops=2) |                           Buckets: 131072  Batches: 1  Memory Usage: 3388kB |                           ->  Hash Join  (cost=1485.49..3322.16 rows=75490 width=8) (actual time=7.024..22.568 rows=60506 loops=2) |                                 Hash Cond: (b.userid = u.id) |                                 ->  Seq Scan on badges b  (cost=0.00..1629.76 rows=78815 width=4) (actual time=0.032..5.238 rows=78564 loops=2) |                                       Filter: ((date >= '2010-07-20 19:02:22'::timestamp without time zone) AND (date <= '2014-09-03 23:36:09'::timestamp without time zone)) |                                       Rows Removed by Filter: 1287 |                                 ->  Hash  (cost=1002.69..1002.69 rows=38624 width=4) (actual time=6.581..6.582 rows=38651 loops=2) |                                       Buckets: 65536  Batches: 1  Memory Usage: 1871kB |                                       ->  Seq Scan on users u  (cost=0.00..1002.69 rows=38624 width=4) (actual time=0.085..3.205 rows=38651 loops=2) |                                             Filter: ((downvotes <= 2) AND (upvotes >= 0) AND (creationdate >= '2010-11-26 03:34:11'::timestamp without time zone)) |                                             Rows Removed by Filter: 1674 | Planning Time: 0.277 ms | Execution Time: 99.991 ms
s30,22259.078,Aggregate  (cost=15667.07..15667.08 rows=1 width=8) (actual time=22257.348..22257.371 rows=1 loops=1) |   ->  Hash Join  (cost=11223.69..15084.92 rows=232859 width=0) (actual time=312.076..14196.875 rows=232039659 loops=1) |         Hash Cond: (p.owneruserid = u.id) |         ->  Seq Scan on posts p  (cost=0.00..2909.46 rows=37056 width=4) (actual time=0.047..8.632 rows=37528 loops=1) |               Filter: ((score >= 0) AND (score <= 30) AND (creationdate >= '2010-07-27 15:30:31'::timestamp without time zone) AND (creationdate <= '2014-09-04 17:45:10'::timestamp without time zone) AND (commentcount = 0)) |               Rows Removed by Filter: 54448 |         ->  Hash  (cost=10165.04..10165.04 rows=84692 width=12) (actual time=311.881..311.897 rows=1056687 loops=1) |               Buckets: 262144 (originally 131072)  Batches: 4096 (originally 1)  Memory Usage: 7898kB |               ->  Hash Join  (cost=7943.01..10165.04 rows=84692 width=12) (actual time=38.498..120.678 rows=1056687 loops=1) |                     Hash Cond: (b.userid = u.id) |                     ->  Seq Scan on badges b  (cost=0.00..1230.51 rows=79851 width=4) (actual time=0.002..4.530 rows=79851 loops=1) |                     ->  Hash  (cost=7506.13..7506.13 rows=34950 width=8) (actual time=38.490..38.504 rows=34789 loops=1) |                           Buckets: 65536  Batches: 1  Memory Usage: 1871kB |                           ->  Hash Join  (cost=1204.31..7506.13 rows=34950 width=8) (actual time=4.961..35.647 rows=34789 loops=1) |                                 Hash Cond: (v.userid = u.id) |                                 ->  Seq Scan on votes v  (cost=0.00..5440.64 rows=328064 width=4) (actual time=0.002..14.822 rows=328064 loops=1) |                                 ->  Hash  (cost=700.25..700.25 rows=40325 width=4) (actual time=4.951..4.951 rows=40325 loops=1) |                                       Buckets: 65536  Batches: 1  Memory Usage: 1930kB |                                       ->  Seq Scan on users u  (cost=0.00..700.25 rows=40325 width=4) (actual time=0.002..2.060 rows=40325 loops=1) | Planning Time: 0.253 ms | Execution Time: 22259.078 ms
s31,817.935,Aggregate  (cost=16146.09..16146.10 rows=1 width=8) (actual time=817.521..817.525 rows=1 loops=1) |   ->  Hash Join  (cost=12312.86..15541.73 rows=241743 width=0) (actual time=170.158..605.354 rows=6672465 loops=1) |         Hash Cond: (p.owneruserid = u.id) |         ->  Seq Scan on posts p  (cost=0.00..2219.64 rows=42701 width=4) (actual time=0.042..10.100 rows=42797 loops=1) |               Filter: ((score <= 48) AND (answercount <= 8)) |               Rows Removed by Filter: 49179 |         ->  Hash  (cost=11359.11..11359.11 rows=76300 width=12) (actual time=168.887..168.890 rows=475290 loops=1) |               Buckets: 262144 (originally 131072)  Batches: 8 (originally 1)  Memory Usage: 6338kB |               ->  Hash Join  (cost=8825.23..11359.11 rows=76300 width=12) (actual time=65.711..107.978 rows=475290 loops=1) |                     Hash Cond: (b.userid = u.id) |                     ->  Seq Scan on badges b  (cost=0.00..1629.76 rows=74833 width=4) (actual time=0.465..8.425 rows=74827 loops=1) |                           Filter: ((date >= '2011-01-03 20:50:19'::timestamp without time zone) AND (date <= '2014-09-02 15:35:07'::timestamp without time zone)) |                           Rows Removed by Filter: 5024 |                     ->  Hash  (cost=8405.25..8405.25 rows=33598 width=8) (actual time=65.104..65.106 rows=28260 loops=1) |                           Buckets: 65536  Batches: 1  Memory Usage: 1616kB |                           ->  Hash Join  (cost=1288.70..8405.25 rows=33598 width=8) (actual time=9.774..61.052 rows=28260 loops=1) |                                 Hash Cond: (v.userid = u.id) |                                 ->  Seq Scan on votes v  (cost=0.00..6260.80 rows=325997 width=4) (actual time=0.021..37.038 rows=325944 loops=1) |                                       Filter: (creationdate <= '2014-09-06 00:00:00'::timestamp without time zone) |                                       Rows Removed by Filter: 2120 |                                 ->  Hash  (cost=801.06..801.06 rows=39011 width=4) (actual time=7.516..7.517 rows=38979 loops=1) |                                       Buckets: 65536  Batches: 1  Memory Usage: 1883kB |                                       ->  Seq Scan on users u  (cost=0.00..801.06 rows=39011 width=4) (actual time=0.247..3.871 rows=38979 loops=1) |                                             Filter: (creationdate >= '2010-11-16 06:03:04'::timestamp without time zone) |                                             Rows Removed by Filter: 1346 | Planning Time: 1.441 ms | Execution Time: 817.935 ms
s32,1366.254,"Finalize Aggregate  (cost=1514335.75..1514335.76 rows=1 width=8) (actual time=1358.844..1364.589 rows=1 loops=1) |   ->  Gather  (cost=1514335.64..1514335.75 rows=1 width=8) (actual time=1354.375..1364.577 rows=2 loops=1) |         Workers Planned: 1 |         Workers Launched: 1 |         ->  Partial Aggregate  (cost=1513335.64..1513335.65 rows=1 width=8) (actual time=1318.925..1318.929 rows=1 loops=2) |               ->  Parallel Hash Join  (cost=25545.32..51752.24 rows=584633358 width=0) (actual time=349.805..968.254 rows=9701284 loops=2) |                     Hash Cond: (c.userid = u.id) |                     ->  Parallel Seq Scan on comments c  (cost=0.00..2881.99 rows=101488 width=4) (actual time=0.099..13.291 rows=86370 loops=2) |                           Filter: ((creationdate >= '2010-08-12 20:33:46'::timestamp without time zone) AND (creationdate <= '2014-09-13 19:26:55'::timestamp without time zone)) |                           Rows Removed by Filter: 782 |                     ->  Parallel Hash  (cost=13742.34..13742.34 rows=678958 width=12) (actual time=323.528..323.531 rows=212799 loops=2) |                           Buckets: 262144  Batches: 16  Memory Usage: 4512kB |                           ->  Parallel Hash Join  (cost=7504.14..13742.34 rows=678958 width=12) (actual time=245.780..284.102 rows=212799 loops=2) |                                 Hash Cond: (ph.userid = u.id) |                                 ->  Parallel Seq Scan on posthistory ph  (cost=0.00..4915.18 rows=158249 width=4) (actual time=0.873..13.863 rows=135190 loops=2) |                                       Filter: ((creationdate >= '2011-04-11 14:46:09'::timestamp without time zone) AND (creationdate <= '2014-08-17 16:37:23'::timestamp without time zone)) |                                       Rows Removed by Filter: 16404 |                                 ->  Parallel Hash  (cost=7254.70..7254.70 rows=19955 width=8) (actual time=244.759..244.760 rows=10004 loops=2) |                                       Buckets: 65536  Batches: 1  Memory Usage: 1312kB |                                       ->  Hash Join  (cost=1699.05..7254.70 rows=19955 width=8) (actual time=222.657..242.717 rows=10004 loops=2) |                                             Hash Cond: (v.userid = u.id) |                                             ->  Parallel Seq Scan on votes v  (cost=0.00..5054.68 rows=190842 width=4) (actual time=219.283..228.980 rows=163081 loops=2) |                                                   Filter: ((creationdate >= '2010-07-26 00:00:00'::timestamp without time zone) AND (creationdate <= '2014-09-12 00:00:00'::timestamp without time zone)) |                                                   Rows Removed by Filter: 951 |                                             ->  Hash  (cost=1204.31..1204.31 rows=39579 width=4) (actual time=6.677..6.678 rows=39806 loops=1) |                                                   Buckets: 65536  Batches: 1  Memory Usage: 1912kB |                                                   ->  Seq Scan on users u  (cost=0.00..1204.31 rows=39579 width=4) (actual time=0.015..3.062 rows=39806 loops=1) |                                                         Filter: ((views >= 0) AND (views <= 783) AND (downvotes >= 0) AND (downvotes <= 1) AND (upvotes <= 123)) |                                                         Rows Removed by Filter: 519 | Planning Time: 0.372 ms | JIT: |   Functions: 76 |   Options: Inlining true, Optimization true, Expressions true, Deforming true |   Timing: Generation 2.692 ms, Inlining 104.421 ms, Optimization 174.964 ms, Emission 159.248 ms, Total 441.324 ms | Execution Time: 1366.254 ms"
s33,45.031,Finalize Aggregate  (cost=22424.73..22424.74 rows=1 width=8) (actual time=42.732..44.983 rows=1 loops=1) |   ->  Gather  (cost=22424.61..22424.72 rows=1 width=8) (actual time=42.603..44.977 rows=2 loops=1) |         Workers Planned: 1 |         Workers Launched: 1 |         ->  Partial Aggregate  (cost=21424.61..21424.62 rows=1 width=8) (actual time=37.968..37.972 rows=1 loops=2) |               ->  Parallel Hash Join  (cost=11584.09..14418.45 rows=2802465 width=0) (actual time=25.308..37.838 rows=3150 loops=2) |                     Hash Cond: (c.userid = u.id) |                     ->  Parallel Seq Scan on comments c  (cost=0.00..2369.32 rows=102532 width=4) (actual time=0.005..5.985 rows=87152 loops=2) |                     ->  Parallel Hash  (cost=11543.83..11543.83 rows=3221 width=12) (actual time=23.697..23.700 rows=220 loops=2) |                           Buckets: 8192  Batches: 1  Memory Usage: 128kB |                           ->  Parallel Hash Join  (cost=6848.12..11543.83 rows=3221 width=12) (actual time=8.608..23.638 rows=220 loops=2) |                                 Hash Cond: (ph.userid = u.id) |                                 ->  Parallel Seq Scan on posthistory ph  (cost=0.00..4023.45 rows=178345 width=4) (actual time=0.002..7.242 rows=151594 loops=2) |                                 ->  Parallel Hash  (cost=6847.07..6847.07 rows=84 width=8) (actual time=7.041..7.042 rows=20 loops=2) |                                       Buckets: 1024  Batches: 1  Memory Usage: 72kB |                                       ->  Nested Loop  (cost=0.29..6847.07 rows=84 width=8) (actual time=2.444..7.023 rows=20 loops=2) |                                             ->  Parallel Seq Scan on votes v  (cost=0.00..5537.13 rows=1071 width=4) (actual time=0.061..5.982 rows=866 loops=2) |                                                   Filter: ((bountyamount >= 0) AND (creationdate >= '2010-07-26 00:00:00'::timestamp without time zone) AND (creationdate <= '2014-09-08 00:00:00'::timestamp without time zone)) |                                                   Rows Removed by Filter: 163166 |                                             ->  Index Scan using users_pkey on users u  (cost=0.29..1.22 rows=1 width=4) (actual time=0.001..0.001 rows=0 loops=1731) |                                                   Index Cond: (id = v.userid) |                                                   Filter: ((reputation >= 1) AND (views >= 0) AND (views <= 110) AND (creationdate >= '2010-07-28 19:29:11'::timestamp without time zone) AND (creationdate <= '2014-08-14 05:29:30'::timestamp without time zone) AND (upvotes = 0)) |                                                   Rows Removed by Filter: 1 | Planning Time: 0.312 ms | Execution Time: 45.031 ms
s34,38621.438,"Finalize Aggregate  (cost=188756.40..188756.41 rows=1 width=8) (actual time=38600.025..38618.744 rows=1 loops=1) |   ->  Gather  (cost=188756.28..188756.39 rows=1 width=8) (actual time=38599.942..38618.674 rows=2 loops=1) |         Workers Planned: 1 |         Workers Launched: 1 |         ->  Partial Aggregate  (cost=187756.28..187756.29 rows=1 width=8) (actual time=38077.321..38077.361 rows=1 loops=2) |               ->  Parallel Hash Join  (cost=9825.80..12937.47 rows=69927526 width=0) (actual time=346.102..23274.731 rows=296584646 loops=2) |                     Hash Cond: (c.userid = u.id) |                     ->  Parallel Seq Scan on comments c  (cost=0.00..2881.99 rows=14455 width=4) (actual time=0.039..5.558 rows=12488 loops=2) |                           Filter: ((creationdate >= '2010-07-20 23:17:28'::timestamp without time zone) AND (score = 1)) |                           Rows Removed by Filter: 74664 |                     ->  Parallel Hash  (cost=9203.58..9203.58 rows=49777 width=12) (actual time=332.653..332.677 rows=506418 loops=2) |                           Buckets: 262144 (originally 131072)  Batches: 32 (originally 1)  Memory Usage: 10208kB |                           ->  Hash Join  (cost=3742.14..9203.58 rows=49777 width=12) (actual time=57.354..120.972 rows=506418 loops=2) |                                 Hash Cond: (v.userid = u.id) |                                 ->  Parallel Seq Scan on votes v  (cost=0.00..4089.79 rows=192979 width=4) (actual time=0.017..9.161 rows=164032 loops=2) |                                 ->  Hash  (cost=2744.84..2744.84 rows=79784 width=8) (actual time=57.171..57.188 rows=77791 loops=2) |                                       Buckets: 131072  Batches: 1  Memory Usage: 4063kB |                                       ->  Hash Join  (cost=1304.70..2744.84 rows=79784 width=8) (actual time=24.046..45.633 rows=77791 loops=2) |                                             Hash Cond: (b.userid = u.id) |                                             ->  Seq Scan on badges b  (cost=0.00..1230.51 rows=79851 width=4) (actual time=0.016..4.392 rows=79851 loops=2) |                                             ->  Hash  (cost=801.06..801.06 rows=40291 width=4) (actual time=23.853..23.861 rows=40173 loops=2) |                                                   Buckets: 65536  Batches: 1  Memory Usage: 1925kB |                                                   ->  Seq Scan on users u  (cost=0.00..801.06 rows=40291 width=4) (actual time=13.616..17.830 rows=40173 loops=2) |                                                         Filter: (creationdate >= '2010-07-20 01:27:29'::timestamp without time zone) |                                                         Rows Removed by Filter: 152 | Planning Time: 0.287 ms | JIT: |   Functions: 68 |   Options: Inlining false, Optimization false, Expressions true, Deforming true |   Timing: Generation 1.980 ms, Inlining 0.000 ms, Optimization 1.096 ms, Emission 27.017 ms, Total 30.093 ms | Execution Time: 38621.438 ms"
s35,276.117,Finalize Aggregate  (cost=17612.11..17612.12 rows=1 width=8) (actual time=272.581..275.964 rows=1 loops=1) |   ->  Gather  (cost=17612.00..17612.11 rows=1 width=8) (actual time=272.167..275.959 rows=2 loops=1) |         Workers Planned: 1 |         Workers Launched: 1 |         ->  Partial Aggregate  (cost=16612.00..16612.01 rows=1 width=8) (actual time=241.147..241.151 rows=1 loops=2) |               ->  Parallel Hash Join  (cost=8650.82..11579.02 rows=2013192 width=0) (actual time=61.604..185.376 rows=1584862 loops=2) |                     Hash Cond: (c.userid = u.id) |                     ->  Parallel Seq Scan on comments c  (cost=0.00..2625.65 rows=79333 width=4) (actual time=0.018..14.874 rows=67444 loops=2) |                           Filter: (score = 0) |                           Rows Removed by Filter: 19709 |                     ->  Parallel Hash  (cost=8647.56..8647.56 rows=261 width=12) (actual time=61.248..61.250 rows=9173 loops=2) |                           Buckets: 32768 (originally 1024)  Batches: 1 (originally 1)  Memory Usage: 1400kB |                           ->  Hash Join  (cost=2228.94..8647.56 rows=261 width=12) (actual time=22.428..49.153 rows=9173 loops=2) |                                 Hash Cond: (u.id = b.userid) |                                 ->  Nested Loop  (cost=0.29..6360.74 rows=108 width=8) (actual time=0.546..26.031 rows=456 loops=2) |                                       ->  Parallel Seq Scan on votes v  (cost=0.00..5054.68 rows=1084 width=4) (actual time=0.145..20.231 rows=870 loops=2) |                                             Filter: ((bountyamount >= 0) AND (creationdate <= '2014-09-11 00:00:00'::timestamp without time zone)) |                                             Rows Removed by Filter: 163162 |                                       ->  Index Scan using users_pkey on users u  (cost=0.29..1.20 rows=1 width=4) (actual time=0.006..0.006 rows=1 loops=1740) |                                             Index Cond: (id = v.userid) |                                             Filter: ((downvotes <= 57) AND (creationdate >= '2010-08-26 09:01:31'::timestamp without time zone) AND (creationdate <= '2014-08-10 11:01:39'::timestamp without time zone)) |                                             Rows Removed by Filter: 0 |                                 ->  Hash  (cost=1230.51..1230.51 rows=79851 width=4) (actual time=21.385..21.386 rows=79851 loops=2) |                                       Buckets: 131072  Batches: 1  Memory Usage: 3832kB |                                       ->  Seq Scan on badges b  (cost=0.00..1230.51 rows=79851 width=4) (actual time=0.019..5.570 rows=79851 loops=2) | Planning Time: 1.084 ms | Execution Time: 276.117 ms
s36,53.295,Finalize Aggregate  (cost=18156.37..18156.38 rows=1 width=8) (actual time=51.280..53.247 rows=1 loops=1) |   ->  Gather  (cost=18156.26..18156.37 rows=1 width=8) (actual time=50.902..53.244 rows=2 loops=1) |         Workers Planned: 1 |         Workers Launched: 1 |         ->  Partial Aggregate  (cost=17156.26..17156.27 rows=1 width=8) (actual time=43.382..43.385 rows=1 loops=2) |               ->  Parallel Hash Join  (cost=9122.91..12051.19 rows=2042026 width=0) (actual time=31.132..42.489 rows=26156 loops=2) |                     Hash Cond: (c.userid = u.id) |                     ->  Parallel Seq Scan on comments c  (cost=0.00..2625.65 rows=79333 width=4) (actual time=0.013..5.622 rows=67444 loops=2) |                           Filter: (score = 0) |                           Rows Removed by Filter: 19709 |                     ->  Parallel Hash  (cost=9119.60..9119.60 rows=265 width=12) (actual time=30.944..30.946 rows=1618 loops=2) |                           Buckets: 4096 (originally 1024)  Batches: 1 (originally 1)  Memory Usage: 248kB |                           ->  Hash Join  (cost=2228.94..9119.60 rows=265 width=12) (actual time=16.196..23.639 rows=1618 loops=2) |                                 Hash Cond: (u.id = b.userid) |                                 ->  Nested Loop  (cost=0.29..6832.25 rows=109 width=8) (actual time=0.158..7.374 rows=190 loops=2) |                                       ->  Parallel Seq Scan on votes v  (cost=0.00..5537.13 rows=1058 width=4) (actual time=0.076..6.366 rows=867 loops=2) |                                             Filter: ((bountyamount >= 0) AND (bountyamount <= 300) AND (creationdate >= '2010-07-29 00:00:00'::timestamp without time zone)) |                                             Rows Removed by Filter: 163165 |                                       ->  Index Scan using users_pkey on users u  (cost=0.29..1.22 rows=1 width=4) (actual time=0.001..0.001 rows=0 loops=1734) |                                             Index Cond: (id = v.userid) |                                             Filter: ((upvotes >= 0) AND (upvotes <= 18)) |                                             Rows Removed by Filter: 0 |                                 ->  Hash  (cost=1230.51..1230.51 rows=79851 width=4) (actual time=14.230..14.230 rows=79851 loops=2) |                                       Buckets: 131072  Batches: 1  Memory Usage: 3832kB |                                       ->  Seq Scan on badges b  (cost=0.00..1230.51 rows=79851 width=4) (actual time=0.027..4.603 rows=79851 loops=2) | Planning Time: 0.319 ms | Execution Time: 53.295 ms
s37,224.667,Finalize Aggregate  (cost=42154.26..42154.27 rows=1 width=8) (actual time=222.584..224.641 rows=1 loops=1) |   ->  Gather  (cost=42154.15..42154.26 rows=1 width=8) (actual time=221.982..224.636 rows=2 loops=1) |         Workers Planned: 1 |         Workers Launched: 1 |         ->  Partial Aggregate  (cost=41154.15..41154.16 rows=1 width=8) (actual time=204.609..204.612 rows=1 loops=2) |               ->  Parallel Hash Join  (cost=10916.75..38639.52 rows=1005849 width=0) (actual time=70.843..177.485 rows=816840 loops=2) |                     Hash Cond: (pl.postid = c.postid) |                     ->  Parallel Hash Join  (cost=7265.77..19224.74 rows=218825 width=12) (actual time=53.543..99.697 rows=185994 loops=2) |                           Hash Cond: (pl.postid = ph.postid) |                           ->  Hash Join  (cost=331.80..8555.35 rows=51541 width=8) (actual time=3.266..30.683 rows=34850 loops=2) |                                 Hash Cond: (v.postid = pl.postid) |                                 ->  Parallel Seq Scan on votes v  (cost=0.00..4089.79 rows=192979 width=4) (actual time=0.003..8.635 rows=164032 loops=2) |                                 ->  Hash  (cost=193.02..193.02 rows=11102 width=4) (actual time=3.107..3.107 rows=11102 loops=2) |                                       Buckets: 16384  Batches: 1  Memory Usage: 519kB |                                       ->  Seq Scan on postlinks pl  (cost=0.00..193.02 rows=11102 width=4) (actual time=0.036..1.044 rows=11102 loops=2) |                           ->  Parallel Hash  (cost=4915.18..4915.18 rows=161504 width=4) (actual time=49.780..49.781 rows=137746 loops=2) |                                 Buckets: 524288  Batches: 1  Memory Usage: 14912kB |                                 ->  Parallel Seq Scan on posthistory ph  (cost=0.00..4915.18 rows=161504 width=4) (actual time=0.883..25.562 rows=137746 loops=2) |                                       Filter: ((creationdate >= '2011-05-07 21:47:19'::timestamp without time zone) AND (creationdate <= '2014-09-10 13:19:54'::timestamp without time zone)) |                                       Rows Removed by Filter: 13847 |                     ->  Parallel Hash  (cost=2369.32..2369.32 rows=102532 width=4) (actual time=16.803..16.803 rows=87152 loops=2) |                           Buckets: 262144  Batches: 1  Memory Usage: 8896kB |                           ->  Parallel Seq Scan on comments c  (cost=0.00..2369.32 rows=102532 width=4) (actual time=0.005..11.367 rows=174305 loops=1) | Planning Time: 0.253 ms | Execution Time: 224.667 ms
s38,5554.937,"Finalize Aggregate  (cost=3416658.74..3416658.75 rows=1 width=8) (actual time=5551.716..5553.527 rows=1 loops=1) |   ->  Gather  (cost=3416658.63..3416658.74 rows=1 width=8) (actual time=5551.706..5553.520 rows=2 loops=1) |         Workers Planned: 1 |         Workers Launched: 1 |         ->  Partial Aggregate  (cost=3415658.63..3415658.64 rows=1 width=8) (actual time=5492.600..5492.604 rows=1 loops=2) |               ->  Parallel Hash Join  (cost=29568.72..63431.71 rows=1340890766 width=0) (actual time=286.932..3584.964 rows=52871370 loops=2) |                     Hash Cond: (c.userid = u.id) |                     ->  Parallel Seq Scan on comments c  (cost=0.00..3138.32 rows=77926 width=4) (actual time=0.061..5.730 rows=66352 loops=2) |                           Filter: ((creationdate >= '2010-09-05 16:04:35'::timestamp without time zone) AND (creationdate <= '2014-09-11 04:35:36'::timestamp without time zone) AND (score = 0)) |                           Rows Removed by Filter: 20800 |                     ->  Parallel Hash  (cost=9780.44..9780.44 rows=1138342 width=12) (actual time=272.080..272.083 rows=221720 loops=2) |                           Buckets: 262144  Batches: 16  Memory Usage: 4160kB |                           ->  Hash Join  (cost=3829.88..9780.44 rows=1138342 width=12) (actual time=216.469..241.352 rows=221720 loops=2) |                                 Hash Cond: (ph.userid = u.id) |                                 ->  Parallel Seq Scan on posthistory ph  (cost=0.00..5361.04 rows=25345 width=4) (actual time=181.007..186.826 rows=21374 loops=2) |                                       Filter: ((creationdate >= '2010-07-26 20:01:58'::timestamp without time zone) AND (creationdate <= '2014-09-13 17:29:23'::timestamp without time zone) AND (posthistorytypeid = 1)) |                                       Rows Removed by Filter: 130220 |                                 ->  Hash  (cost=2841.94..2841.94 rows=79035 width=8) (actual time=35.098..35.100 rows=79006 loops=2) |                                       Buckets: 131072  Batches: 1  Memory Usage: 4111kB |                                       ->  Hash Join  (cost=1204.31..2841.94 rows=79035 width=8) (actual time=6.454..24.103 rows=79006 loops=2) |                                             Hash Cond: (b.userid = u.id) |                                             ->  Seq Scan on badges b  (cost=0.00..1430.14 rows=79035 width=4) (actual time=0.026..4.685 rows=79006 loops=2) |                                                   Filter: (date <= '2014-09-04 08:54:56'::timestamp without time zone) |                                                   Rows Removed by Filter: 845 |                                             ->  Hash  (cost=700.25..700.25 rows=40325 width=4) (actual time=6.203..6.203 rows=40325 loops=2) |                                                   Buckets: 65536  Batches: 1  Memory Usage: 1930kB |                                                   ->  Seq Scan on users u  (cost=0.00..700.25 rows=40325 width=4) (actual time=0.015..2.336 rows=40325 loops=2) | Planning Time: 0.325 ms | JIT: |   Functions: 72 |   Options: Inlining true, Optimization true, Expressions true, Deforming true |   Timing: Generation 2.050 ms, Inlining 48.215 ms, Optimization 155.796 ms, Emission 158.112 ms, Total 364.173 ms | Execution Time: 5554.937 ms"
s39,357.843,"Finalize Aggregate  (cost=5045041.90..5045041.91 rows=1 width=8) (actual time=353.881..357.035 rows=1 loops=1) |   ->  Gather  (cost=5045041.79..5045041.90 rows=1 width=8) (actual time=353.873..357.029 rows=2 loops=1) |         Workers Planned: 1 |         Workers Launched: 1 |         ->  Partial Aggregate  (cost=5044041.79..5044041.80 rows=1 width=8) (actual time=347.232..347.237 rows=1 loops=2) |               ->  Parallel Hash Join  (cost=38870.42..87025.34 rows=1982806581 width=0) (actual time=233.617..306.924 rows=1017305 loops=2) |                     Hash Cond: (c.userid = u.id) |                     ->  Parallel Seq Scan on comments c  (cost=0.00..2881.99 rows=78579 width=4) (actual time=0.027..5.656 rows=67395 loops=2) |                           Filter: ((creationdate >= '2010-07-20 10:52:57'::timestamp without time zone) AND (score = 0)) |                           Rows Removed by Filter: 19758 |                     ->  Parallel Hash  (cost=9853.27..9853.27 rows=1669292 width=12) (actual time=217.506..217.509 rows=51706 loops=2) |                           Buckets: 262144  Batches: 32  Memory Usage: 2304kB |                           ->  Hash Join  (cost=4064.92..9853.27 rows=1669292 width=12) (actual time=188.946..201.743 rows=51706 loops=2) |                                 Hash Cond: (ph.userid = u.id) |                                 ->  Parallel Seq Scan on posthistory ph  (cost=0.00..4915.18 rows=38903 width=4) (actual time=157.063..162.653 rows=33002 loops=2) |                                       Filter: ((creationdate >= '2011-01-31 15:35:37'::timestamp without time zone) AND (posthistorytypeid = 5)) |                                       Rows Removed by Filter: 118591 |                                 ->  Hash  (cost=3121.09..3121.09 rows=75506 width=8) (actual time=31.599..31.601 rows=58111 loops=2) |                                       Buckets: 131072  Batches: 1  Memory Usage: 3294kB |                                       ->  Hash Join  (cost=1680.95..3121.09 rows=75506 width=8) (actual time=7.470..23.912 rows=58111 loops=2) |                                             Hash Cond: (b.userid = u.id) |                                             ->  Seq Scan on badges b  (cost=0.00..1230.51 rows=79851 width=4) (actual time=0.020..3.914 rows=79851 loops=2) |                                             ->  Hash  (cost=1204.31..1204.31 rows=38131 width=4) (actual time=7.250..7.251 rows=38069 loops=2) |                                                   Buckets: 65536  Batches: 1  Memory Usage: 1851kB |                                                   ->  Seq Scan on users u  (cost=0.00..1204.31 rows=38131 width=4) (actual time=0.027..3.242 rows=38069 loops=2) |                                                         Filter: ((reputation >= 1) AND (reputation <= 356) AND (downvotes <= 34) AND (creationdate >= '2010-07-19 21:29:29'::timestamp without time zone) AND (creationdate <= '2014-08-20 14:31:46'::timestamp without time zone)) |                                                         Rows Removed by Filter: 2256 | Planning Time: 0.306 ms | JIT: |   Functions: 72 |   Options: Inlining true, Optimization true, Expressions true, Deforming true |   Timing: Generation 1.624 ms, Inlining 41.301 ms, Optimization 147.366 ms, Emission 125.106 ms, Total 315.397 ms | Execution Time: 357.843 ms"
s40,45.192,Aggregate  (cost=7408.72..7408.73 rows=1 width=8) (actual time=45.128..45.132 rows=1 loops=1) |   ->  Hash Join  (cost=5650.60..7363.09 rows=18253 width=0) (actual time=34.503..44.246 rows=28565 loops=1) |         Hash Cond: (b.userid = u.id) |         ->  Seq Scan on badges b  (cost=0.00..1230.51 rows=79851 width=4) (actual time=0.005..3.719 rows=79851 loops=1) |         ->  Hash  (cost=5535.38..5535.38 rows=9218 width=8) (actual time=34.431..34.434 rows=4543 loops=1) |               Buckets: 16384  Batches: 1  Memory Usage: 306kB |               ->  Hash Join  (cost=5262.44..5535.38 rows=9218 width=8) (actual time=29.771..33.949 rows=4543 loops=1) |                     Hash Cond: (p.owneruserid = u.id) |                     ->  Hash Join  (cost=3772.56..4020.07 rows=9684 width=4) (actual time=23.548..26.397 rows=9249 loops=1) |                           Hash Cond: (pl.relatedpostid = p.id) |                           ->  Seq Scan on postlinks pl  (cost=0.00..220.78 rows=10186 width=4) (actual time=0.010..0.715 rows=10186 loops=1) |                                 Filter: (linktypeid = 1) |                                 Rows Removed by Filter: 916 |                           ->  Hash  (cost=2679.52..2679.52 rows=87443 width=8) (actual time=23.514..23.515 rows=87833 loops=1) |                                 Buckets: 131072  Batches: 1  Memory Usage: 4450kB |                                 ->  Seq Scan on posts p  (cost=0.00..2679.52 rows=87443 width=8) (actual time=0.051..12.467 rows=87833 loops=1) |                                       Filter: ((score >= '-1'::integer) AND (commentcount <= 8) AND (creationdate >= '2010-07-21 12:30:43'::timestamp without time zone) AND (creationdate <= '2014-09-07 01:11:03'::timestamp without time zone)) |                                       Rows Removed by Filter: 4143 |                     ->  Hash  (cost=1002.69..1002.69 rows=38976 width=4) (actual time=6.209..6.210 rows=39139 loops=1) |                           Buckets: 65536  Batches: 1  Memory Usage: 1888kB |                           ->  Seq Scan on users u  (cost=0.00..1002.69 rows=38976 width=4) (actual time=0.014..3.035 rows=39139 loops=1) |                                 Filter: ((views <= 40) AND (creationdate >= '2010-07-26 19:11:25'::timestamp without time zone) AND (creationdate <= '2014-09-11 22:26:42'::timestamp without time zone)) |                                 Rows Removed by Filter: 1186 | Planning Time: 0.277 ms | Execution Time: 45.192 ms
s41,15.731,Aggregate  (cost=5348.17..5348.18 rows=1 width=8) (actual time=15.690..15.695 rows=1 loops=1) |   ->  Hash Join  (cost=3617.65..5347.79 rows=154 width=0) (actual time=7.977..15.634 rows=1717 loops=1) |         Hash Cond: (b.userid = u.id) |         ->  Seq Scan on badges b  (cost=0.00..1430.14 rows=79591 width=4) (actual time=0.007..4.408 rows=79571 loops=1) |               Filter: (date <= '2014-09-10 22:50:06'::timestamp without time zone) |               Rows Removed by Filter: 280 |         ->  Hash  (cost=3616.67..3616.67 rows=78 width=8) (actual time=7.766..7.770 rows=332 loops=1) |               Buckets: 1024  Batches: 1  Memory Usage: 21kB |               ->  Nested Loop  (cost=3149.14..3616.67 rows=78 width=8) (actual time=5.830..7.734 rows=332 loops=1) |                     ->  Hash Join  (cost=3148.85..3397.83 rows=88 width=4) (actual time=5.796..7.136 rows=560 loops=1) |                           Hash Cond: (pl.relatedpostid = p.id) |                           ->  Seq Scan on postlinks pl  (cost=0.00..220.78 rows=10745 width=4) (actual time=0.002..0.697 rows=10739 loops=1) |                                 Filter: (creationdate <= '2014-08-17 01:23:50'::timestamp without time zone) |                                 Rows Removed by Filter: 363 |                           ->  Hash  (cost=3139.40..3139.40 rows=756 width=8) (actual time=5.788..5.789 rows=1654 loops=1) |                                 Buckets: 2048 (originally 1024)  Batches: 1 (originally 1)  Memory Usage: 81kB |                                 ->  Seq Scan on posts p  (cost=0.00..3139.40 rows=756 width=8) (actual time=0.003..5.644 rows=1654 loops=1) |                                       Filter: ((score >= '-1'::integer) AND (score <= 10) AND (answercount <= 5) AND (favoritecount >= 0) AND (favoritecount <= 6) AND (commentcount = 2)) |                                       Rows Removed by Filter: 90322 |                     ->  Index Scan using users_pkey on users u  (cost=0.29..2.49 rows=1 width=4) (actual time=0.001..0.001 rows=1 loops=560) |                           Index Cond: (id = p.owneruserid) |                           Filter: ((views <= 33) AND (downvotes >= 0) AND (creationdate >= '2010-08-19 17:31:36'::timestamp without time zone) AND (creationdate <= '2014-08-06 07:23:12'::timestamp without time zone)) |                           Rows Removed by Filter: 0 | Planning Time: 0.266 ms | Execution Time: 15.731 ms
s42,165.275,Finalize Aggregate  (cost=18584.48..18584.49 rows=1 width=8) (actual time=159.661..165.143 rows=1 loops=1) |   ->  Gather  (cost=18584.37..18584.48 rows=1 width=8) (actual time=158.167..165.131 rows=2 loops=1) |         Workers Planned: 1 |         Workers Launched: 1 |         ->  Partial Aggregate  (cost=17584.37..17584.38 rows=1 width=8) (actual time=153.211..153.219 rows=1 loops=2) |               ->  Parallel Hash Join  (cost=10113.40..16863.72 rows=288259 width=0) (actual time=67.693..137.253 rows=448090 loops=2) |                     Hash Cond: (v.postid = p.id) |                     ->  Parallel Seq Scan on votes v  (cost=0.00..4089.79 rows=192979 width=4) (actual time=0.003..11.018 rows=164032 loops=2) |                     ->  Parallel Hash  (cost=9103.20..9103.20 rows=80816 width=8) (actual time=67.342..67.348 rows=104792 loops=2) |                           Buckets: 262144  Batches: 1  Memory Usage: 10304kB |                           ->  Parallel Hash Join  (cost=4396.14..9103.20 rows=80816 width=8) (actual time=15.345..55.832 rows=104792 loops=2) |                                 Hash Cond: (p.owneruserid = u.id) |                                 ->  Hash Join  (cost=3208.51..7700.14 rows=82058 width=12) (actual time=12.159..39.591 rows=106821 loops=2) |                                       Hash Cond: (ph.postid = p.id) |                                       ->  Parallel Seq Scan on posthistory ph  (cost=0.00..4023.45 rows=178345 width=4) (actual time=0.005..7.464 rows=151594 loops=2) |                                       ->  Hash  (cost=2679.52..2679.52 rows=42319 width=8) (actual time=12.100..12.101 rows=42291 loops=2) |                                             Buckets: 65536  Batches: 1  Memory Usage: 2162kB |                                             ->  Seq Scan on posts p  (cost=0.00..2679.52 rows=42319 width=8) (actual time=0.010..7.438 rows=42291 loops=2) |                                                   Filter: ((score >= '-1'::integer) AND (commentcount >= 0) AND (commentcount <= 11) AND (posttypeid = 1)) |                                                   Rows Removed by Filter: 49685 |                                 ->  Parallel Hash  (cost=891.12..891.12 rows=23721 width=4) (actual time=3.115..3.116 rows=20162 loops=2) |                                       Buckets: 65536  Batches: 1  Memory Usage: 2112kB |                                       ->  Parallel Index Only Scan using users_pkey on users u  (cost=0.29..891.12 rows=23721 width=4) (actual time=0.010..2.401 rows=40325 loops=1) |                                             Heap Fetches: 0 | Planning Time: 0.212 ms | Execution Time: 165.275 ms
s43,688.837,Finalize Aggregate  (cost=40423.15..40423.16 rows=1 width=8) (actual time=688.457..688.509 rows=1 loops=1) |   ->  Gather  (cost=40423.04..40423.15 rows=1 width=8) (actual time=688.450..688.506 rows=2 loops=1) |         Workers Planned: 1 |         Workers Launched: 1 |         ->  Partial Aggregate  (cost=39423.04..39423.05 rows=1 width=8) (actual time=556.591..556.594 rows=1 loops=2) |               ->  Hash Join  (cost=11263.07..18026.66 rows=8558552 width=0) (actual time=171.147..428.552 rows=3830906 loops=2) |                     Hash Cond: (ph.userid = u.id) |                     ->  Parallel Seq Scan on posthistory ph  (cost=0.00..4469.32 rows=25200 width=4) (actual time=0.008..8.129 rows=21460 loops=2) |                           Filter: (posthistorytypeid = 3) |                           Rows Removed by Filter: 130133 |                     ->  Hash  (cost=8166.08..8166.08 rows=178159 width=12) (actual time=170.789..170.791 rows=550289 loops=2) |                           Buckets: 262144 (originally 262144)  Batches: 8 (originally 2)  Memory Usage: 6357kB |                           ->  Hash Join  (cost=3934.93..8166.08 rows=178159 width=12) (actual time=41.714..98.659 rows=550289 loops=2) |                                 Hash Cond: (p.owneruserid = u.id) |                                 ->  Seq Scan on posts p  (cost=0.00..1989.70 rows=91972 width=4) (actual time=0.008..6.691 rows=91968 loops=2) |                                       Filter: (score >= '-7'::integer) |                                       Rows Removed by Filter: 8 |                                 ->  Hash  (cost=2943.50..2943.50 rows=79314 width=8) (actual time=41.573..41.574 rows=68676 loops=2) |                                       Buckets: 131072  Batches: 1  Memory Usage: 3707kB |                                       ->  Hash Join  (cost=1503.36..2943.50 rows=79314 width=8) (actual time=12.651..31.754 rows=68676 loops=2) |                                             Hash Cond: (b.userid = u.id) |                                             ->  Seq Scan on badges b  (cost=0.00..1230.51 rows=79851 width=4) (actual time=0.006..4.240 rows=79851 loops=2) |                                             ->  Hash  (cost=1002.69..1002.69 rows=40054 width=4) (actual time=12.509..12.509 rows=40047 loops=2) |                                                   Buckets: 65536  Batches: 1  Memory Usage: 1920kB |                                                   ->  Seq Scan on users u  (cost=0.00..1002.69 rows=40054 width=4) (actual time=0.014..5.812 rows=40047 loops=2) |                                                         Filter: ((reputation >= 1) AND (upvotes >= 0) AND (upvotes <= 117)) |                                                         Rows Removed by Filter: 278 | Planning Time: 0.385 ms | Execution Time: 688.837 ms
s44,167.688,Finalize Aggregate  (cost=18078.40..18078.41 rows=1 width=8) (actual time=165.567..167.626 rows=1 loops=1) |   ->  Gather  (cost=18078.29..18078.40 rows=1 width=8) (actual time=165.028..167.616 rows=2 loops=1) |         Workers Planned: 1 |         Workers Launched: 1 |         ->  Partial Aggregate  (cost=17078.29..17078.30 rows=1 width=8) (actual time=160.569..160.574 rows=1 loops=2) |               ->  Hash Join  (cost=7200.12..12963.83 rows=1645784 width=0) (actual time=35.077..124.572 rows=1050552 loops=2) |                     Hash Cond: (ph.userid = u.id) |                     ->  Parallel Seq Scan on posthistory ph  (cost=0.00..4915.18 rows=173084 width=4) (actual time=0.097..11.474 rows=147188 loops=2) |                           Filter: ((creationdate >= '2010-09-06 11:41:43'::timestamp without time zone) AND (creationdate <= '2014-09-03 16:41:18'::timestamp without time zone)) |                           Rows Removed by Filter: 4406 |                     ->  Hash  (cost=7137.77..7137.77 rows=4988 width=12) (actual time=34.940..34.944 rows=51156 loops=2) |                           Buckets: 65536 (originally 8192)  Batches: 1 (originally 1)  Memory Usage: 2711kB |                           ->  Hash Join  (cost=5557.93..7137.77 rows=4988 width=12) (actual time=14.709..27.846 rows=51156 loops=2) |                                 Hash Cond: (b.userid = u.id) |                                 ->  Seq Scan on badges b  (cost=0.00..1230.51 rows=79851 width=4) (actual time=0.004..3.907 rows=79851 loops=2) |                                 ->  Hash  (cost=5526.45..5526.45 rows=2519 width=8) (actual time=14.698..14.701 rows=8538 loops=2) |                                       Buckets: 16384 (originally 4096)  Batches: 1 (originally 1)  Memory Usage: 462kB |                                       ->  Hash Join  (cost=1690.26..5526.45 rows=2519 width=8) (actual time=6.563..13.947 rows=8538 loops=2) |                                             Hash Cond: (p.owneruserid = u.id) |                                             ->  Seq Scan on posts p  (cost=0.00..3829.22 rows=2653 width=4) (actual time=0.101..6.118 rows=12391 loops=2) |                                                   Filter: ((score >= '-1'::integer) AND (viewcount >= 0) AND (viewcount <= 39097) AND (answercount >= 0) AND (commentcount >= 0) AND (commentcount <= 11) AND (favoritecount <= 10) AND (creationdate >= '2010-08-13 02:18:09'::timestamp without time zone) AND (creationdate <= '2014-09-09 10:20:27'::timestamp without time zone)) |                                                   Rows Removed by Filter: 79585 |                                             ->  Hash  (cost=1204.31..1204.31 rows=38876 width=4) (actual time=6.413..6.413 rows=39266 loops=2) |                                                   Buckets: 65536  Batches: 1  Memory Usage: 1893kB |                                                   ->  Seq Scan on users u  (cost=0.00..1204.31 rows=38876 width=4) (actual time=0.007..3.334 rows=39266 loops=2) |                                                         Filter: ((views >= 0) AND (downvotes >= 0) AND (downvotes <= 0) AND (upvotes >= 0) AND (upvotes <= 37)) |                                                         Rows Removed by Filter: 1059 | Planning Time: 0.295 ms | Execution Time: 167.688 ms
s45,46.444,Finalize Aggregate  (cost=14061.02..14061.03 rows=1 width=8) (actual time=44.312..46.404 rows=1 loops=1) |   ->  Gather  (cost=14060.91..14061.02 rows=1 width=8) (actual time=44.169..46.399 rows=2 loops=1) |         Workers Planned: 1 |         Workers Launched: 1 |         ->  Partial Aggregate  (cost=13060.91..13060.92 rows=1 width=8) (actual time=38.223..38.227 rows=1 loops=2) |               ->  Parallel Hash Join  (cost=8150.15..12832.50 rows=91362 width=0) (actual time=28.862..38.120 rows=3136 loops=2) |                     Hash Cond: (ph.userid = u.id) |                     ->  Parallel Seq Scan on posthistory ph  (cost=0.00..4469.32 rows=53813 width=4) (actual time=0.004..6.527 rows=45988 loops=2) |                           Filter: (posthistorytypeid = 2) |                           Rows Removed by Filter: 105606 |                     ->  Parallel Hash  (cost=8138.85..8138.85 rows=904 width=12) (actual time=28.688..28.691 rows=1138 loops=2) |                           Buckets: 2048  Batches: 1  Memory Usage: 144kB |                           ->  Hash Join  (cost=3075.13..8138.85 rows=904 width=12) (actual time=12.118..28.548 rows=1138 loops=2) |                                 Hash Cond: (v.userid = u.id) |                                 ->  Parallel Seq Scan on votes v  (cost=0.00..4089.79 rows=192979 width=4) (actual time=0.005..7.900 rows=164032 loops=2) |                                 ->  Hash  (cost=3053.00..3053.00 rows=1771 width=8) (actual time=12.077..12.078 rows=2560 loops=2) |                                       Buckets: 4096 (originally 2048)  Batches: 1 (originally 1)  Memory Usage: 132kB |                                       ->  Hash Join  (cost=1215.60..3053.00 rows=1771 width=8) (actual time=2.598..11.761 rows=2560 loops=2) |                                             Hash Cond: (b.userid = u.id) |                                             ->  Seq Scan on badges b  (cost=0.00..1629.76 rows=79089 width=4) (actual time=0.007..5.006 rows=79095 loops=2) |                                                   Filter: ((date >= '2010-07-19 19:39:10'::timestamp without time zone) AND (date <= '2014-09-05 18:37:48'::timestamp without time zone)) |                                                   Rows Removed by Filter: 756 |                                             ->  Hash  (cost=1204.31..1204.31 rows=903 width=4) (actual time=2.574..2.575 rows=924 loops=2) |                                                   Buckets: 1024  Batches: 1  Memory Usage: 41kB |                                                   ->  Seq Scan on users u  (cost=0.00..1204.31 rows=903 width=4) (actual time=0.011..2.483 rows=924 loops=2) |                                                         Filter: ((downvotes >= 0) AND (upvotes >= 0) AND (upvotes <= 224) AND (creationdate <= '2014-09-04 04:41:22'::timestamp without time zone) AND (views = 5)) |                                                         Rows Removed by Filter: 39401 | Planning Time: 0.299 ms | Execution Time: 46.444 ms
s46,102.471,Finalize Aggregate  (cost=17984.21..17984.22 rows=1 width=8) (actual time=97.684..102.434 rows=1 loops=1) |   ->  Gather  (cost=17984.10..17984.21 rows=1 width=8) (actual time=97.034..102.425 rows=2 loops=1) |         Workers Planned: 1 |         Workers Launched: 1 |         ->  Partial Aggregate  (cost=16984.10..16984.11 rows=1 width=8) (actual time=92.592..92.601 rows=1 loops=2) |               ->  Parallel Hash Join  (cost=11567.67..16947.65 rows=14581 width=0) (actual time=44.950..84.700 rows=227047 loops=2) |                     Hash Cond: (v.postid = p.id) |                     ->  Parallel Seq Scan on votes v  (cost=0.00..4572.24 rows=192523 width=4) (actual time=0.004..12.644 rows=163784 loops=2) |                           Filter: (creationdate <= '2014-09-11 00:00:00'::timestamp without time zone) |                           Rows Removed by Filter: 248 |                     ->  Parallel Hash  (cost=11516.45..11516.45 rows=4098 width=16) (actual time=44.550..44.557 rows=34626 loops=2) |                           Buckets: 131072 (originally 8192)  Batches: 1 (originally 1)  Memory Usage: 5280kB |                           ->  Parallel Hash Join  (cost=6368.09..11516.45 rows=4098 width=16) (actual time=19.039..37.545 rows=34626 loops=2) |                                 Hash Cond: (ph.postid = p.id) |                                 ->  Parallel Seq Scan on posthistory ph  (cost=0.00..4469.32 rows=174652 width=4) (actual time=0.110..8.940 rows=148408 loops=2) |                                       Filter: (creationdate >= '2010-09-20 19:11:45'::timestamp without time zone) |                                       Rows Removed by Filter: 3186 |                                 ->  Parallel Hash  (cost=6352.22..6352.22 rows=1269 width=12) (actual time=18.886..18.891 rows=5297 loops=2) |                                       Buckets: 16384 (originally 4096)  Batches: 1 (originally 1)  Memory Usage: 736kB |                                       ->  Hash Join  (cost=3333.11..6352.22 rows=1269 width=12) (actual time=7.988..17.725 rows=5297 loops=2) |                                             Hash Cond: (c.postid = p.id) |                                             ->  Parallel Seq Scan on comments c  (cost=0.00..2625.65 rows=101536 width=4) (actual time=0.023..5.040 rows=86709 loops=2) |                                                   Filter: (creationdate >= '2010-08-01 12:12:41'::timestamp without time zone) |                                                   Rows Removed by Filter: 444 |                                             ->  Hash  (cost=3318.73..3318.73 rows=1150 width=8) (actual time=7.916..7.920 rows=3167 loops=2) |                                                   Buckets: 4096 (originally 2048)  Batches: 1 (originally 1)  Memory Usage: 156kB |                                                   ->  Hash Join  (cost=3044.51..3318.73 rows=1150 width=8) (actual time=6.190..7.641 rows=3167 loops=2) |                                                         Hash Cond: (pl.postid = p.id) |                                                         ->  Seq Scan on postlinks pl  (cost=0.00..248.53 rows=9788 width=4) (actual time=0.007..0.696 rows=9803 loops=2) |                                                               Filter: ((creationdate <= '2014-08-11 17:26:31'::timestamp without time zone) AND (linktypeid = 1)) |                                                               Rows Removed by Filter: 1299 |                                                         ->  Hash  (cost=2909.46..2909.46 rows=10804 width=4) (actual time=6.165..6.166 rows=11092 loops=2) |                                                               Buckets: 16384  Batches: 1  Memory Usage: 518kB |                                                               ->  Seq Scan on posts p  (cost=0.00..2909.46 rows=10804 width=4) (actual time=0.091..5.280 rows=11092 loops=2) |                                                                     Filter: ((score <= 44) AND (favoritecount >= 0) AND (favoritecount <= 3) AND (creationdate >= '2010-08-11 13:53:56'::timestamp without time zone) AND (creationdate <= '2014-09-03 11:52:36'::timestamp without time zone)) |                                                                     Rows Removed by Filter: 80884 | Planning Time: 0.511 ms | Execution Time: 102.471 ms
s47,4044.452,"Finalize Aggregate  (cost=230723.67..230723.68 rows=1 width=8) (actual time=4040.610..4043.285 rows=1 loops=1) |   ->  Gather  (cost=230723.56..230723.67 rows=1 width=8) (actual time=4039.492..4043.266 rows=2 loops=1) |         Workers Planned: 1 |         Workers Launched: 1 |         ->  Partial Aggregate  (cost=229723.56..229723.57 rows=1 width=8) (actual time=4032.648..4032.654 rows=1 loops=2) |               ->  Parallel Hash Join  (cost=12846.12..16145.25 rows=85431324 width=0) (actual time=71.996..2532.365 rows=30300780 loops=2) |                     Hash Cond: (c.userid = u.id) |                     ->  Parallel Seq Scan on comments c  (cost=0.00..2369.32 rows=102532 width=4) (actual time=0.008..8.370 rows=87152 loops=2) |                     ->  Parallel Hash  (cost=12573.52..12573.52 rows=21808 width=16) (actual time=71.769..71.773 rows=111074 loops=2) |                           Buckets: 262144 (originally 65536)  Batches: 1 (originally 1)  Memory Usage: 14048kB |                           ->  Parallel Hash Join  (cost=8008.16..12573.52 rows=21808 width=16) (actual time=36.619..53.906 rows=111074 loops=2) |                                 Hash Cond: (ph.userid = u.id) |                                 ->  Parallel Seq Scan on posthistory ph  (cost=0.00..4469.32 rows=25200 width=4) (actual time=0.028..6.590 rows=21460 loops=2) |                                       Filter: (posthistorytypeid = 3) |                                       Rows Removed by Filter: 130133 |                                 ->  Parallel Hash  (cost=8004.82..8004.82 rows=267 width=12) (actual time=36.547..36.550 rows=2318 loops=2) |                                       Buckets: 8192 (originally 1024)  Batches: 1 (originally 1)  Memory Usage: 376kB |                                       ->  Nested Loop  (cost=7797.67..8004.82 rows=267 width=12) (actual time=30.372..33.822 rows=2318 loops=2) |                                             ->  Merge Join  (cost=7797.38..7823.30 rows=271 width=8) (actual time=30.339..31.565 rows=2318 loops=2) |                                                   Merge Cond: (v.userid = p.owneruserid) |                                                   ->  Sort  (cost=4610.92..4612.93 rows=802 width=4) (actual time=21.627..21.649 rows=406 loops=2) |                                                         Sort Key: v.userid |                                                         Sort Method: quicksort  Memory: 49kB |                                                         Worker 0:  Sort Method: quicksort  Memory: 25kB |                                                         ->  Parallel Seq Scan on votes v  (cost=0.00..4572.24 rows=802 width=4) (actual time=14.983..21.532 rows=650 loops=2) |                                                               Filter: (bountyamount <= 50) |                                                               Rows Removed by Filter: 163382 |                                                   ->  Sort  (cost=3186.45..3197.85 rows=4558 width=4) (actual time=8.645..9.111 rows=11242 loops=2) |                                                         Sort Key: p.owneruserid |                                                         Sort Method: quicksort  Memory: 385kB |                                                         Worker 0:  Sort Method: quicksort  Memory: 385kB |                                                         ->  Seq Scan on posts p  (cost=0.00..2909.46 rows=4558 width=4) (actual time=0.023..7.622 rows=10076 loops=2) |                                                               Filter: ((score <= 13) AND (answercount >= 0) AND (answercount <= 4) AND (commentcount >= 0) AND (favoritecount <= 2)) |                                                               Rows Removed by Filter: 81900 |                                             ->  Index Scan using users_pkey on users u  (cost=0.29..0.67 rows=1 width=4) (actual time=0.001..0.001 rows=1 loops=4636) |                                                   Index Cond: (id = p.owneruserid) |                                                   Filter: (downvotes >= 0) | Planning Time: 0.802 ms | JIT: |   Functions: 86 |   Options: Inlining false, Optimization false, Expressions true, Deforming true |   Timing: Generation 2.145 ms, Inlining 0.000 ms, Optimization 1.202 ms, Emission 28.848 ms, Total 32.194 ms | Execution Time: 4044.452 ms"
s48,74.496,"Finalize Aggregate  (cost=289342.44..289342.45 rows=1 width=8) (actual time=71.346..73.611 rows=1 loops=1) |   ->  Gather  (cost=289342.32..289342.43 rows=1 width=8) (actual time=70.805..73.596 rows=2 loops=1) |         Workers Planned: 1 |         Workers Launched: 1 |         ->  Partial Aggregate  (cost=288342.32..288342.33 rows=1 width=8) (actual time=64.803..64.808 rows=1 loops=2) |               ->  Parallel Hash Join  (cost=14455.56..20917.65 rows=106969871 width=0) (actual time=56.833..64.776 rows=112 loops=2) |                     Hash Cond: (c.userid = u.id) |                     ->  Parallel Seq Scan on comments c  (cost=0.00..2625.65 rows=101558 width=4) (actual time=0.028..6.686 rows=87042 loops=2) |                           Filter: (creationdate >= '2010-07-20 21:37:31'::timestamp without time zone) |                           Rows Removed by Filter: 111 |                     ->  Parallel Hash  (cost=12903.76..12903.76 rows=124144 width=16) (actual time=51.967..51.971 rows=28 loops=2) |                           Buckets: 262144  Batches: 1  Memory Usage: 2112kB |                           ->  Parallel Hash Join  (cost=8026.73..12903.76 rows=124144 width=16) (actual time=45.508..51.890 rows=28 loops=2) |                                 Hash Cond: (v.userid = u.id) |                                 ->  Parallel Seq Scan on votes v  (cost=0.00..4089.79 rows=192979 width=4) (actual time=0.012..8.085 rows=164032 loops=2) |                                 ->  Parallel Hash  (cost=7870.87..7870.87 rows=12469 width=12) (actual time=35.719..35.721 rows=60 loops=2) |                                       Buckets: 32768  Batches: 1  Memory Usage: 320kB |                                       ->  Hash Join  (cost=2228.94..7870.87 rows=12469 width=12) (actual time=29.493..33.766 rows=60 loops=2) |                                             Hash Cond: (u.id = b.userid) |                                             ->  Nested Loop  (cost=0.29..5514.05 rows=238 width=8) (actual time=13.868..18.115 rows=26 loops=2) |                                                   ->  Parallel Seq Scan on posthistory ph  (cost=0.00..4469.32 rows=327 width=4) (actual time=12.492..17.656 rows=234 loops=2) |                                                         Filter: (posthistorytypeid = 12) |                                                         Rows Removed by Filter: 151360 |                                                   ->  Index Scan using users_pkey on users u  (cost=0.29..3.19 rows=1 width=4) (actual time=0.002..0.002 rows=0 loops=467) |                                                         Index Cond: (id = ph.userid) |                                                         Filter: (upvotes = 0) |                                                         Rows Removed by Filter: 1 |                                             ->  Hash  (cost=1230.51..1230.51 rows=79851 width=4) (actual time=15.367..15.368 rows=79851 loops=2) |                                                   Buckets: 131072  Batches: 1  Memory Usage: 3832kB |                                                   ->  Seq Scan on badges b  (cost=0.00..1230.51 rows=79851 width=4) (actual time=0.025..5.308 rows=79851 loops=2) | Planning Time: 0.627 ms | JIT: |   Functions: 78 |   Options: Inlining false, Optimization false, Expressions true, Deforming true |   Timing: Generation 1.672 ms, Inlining 0.000 ms, Optimization 0.933 ms, Emission 24.152 ms, Total 26.757 ms | Execution Time: 74.496 ms"
s49,1419.518,"Finalize Aggregate  (cost=241417.48..241417.49 rows=1 width=8) (actual time=1415.188..1418.387 rows=1 loops=1) |   ->  Gather  (cost=241417.36..241417.47 rows=1 width=8) (actual time=1415.178..1418.379 rows=2 loops=1) |         Workers Planned: 1 |         Workers Launched: 1 |         ->  Partial Aggregate  (cost=240417.36..240417.37 rows=1 width=8) (actual time=1359.054..1359.059 rows=1 loops=2) |               ->  Parallel Hash Join  (cost=15341.08..19650.83 rows=88306615 width=0) (actual time=153.345..898.706 rows=9298986 loops=2) |                     Hash Cond: (c.userid = u.id) |                     ->  Parallel Seq Scan on comments c  (cost=0.00..2625.65 rows=14594 width=4) (actual time=0.032..5.601 rows=12502 loops=2) |                           Filter: (score = 1) |                           Rows Removed by Filter: 74651 |                     ->  Parallel Hash  (cost=12338.42..12338.42 rows=172693 width=16) (actual time=142.601..142.604 rows=276984 loops=2) |                           Buckets: 262144 (originally 262144)  Batches: 8 (originally 4)  Memory Usage: 8480kB |                           ->  Hash Join  (cost=6211.16..12338.42 rows=172693 width=16) (actual time=46.696..87.093 rows=276984 loops=2) |                                 Hash Cond: (u.id = p.owneruserid) |                                 ->  Nested Loop  (cost=2406.76..8076.25 rows=198 width=12) (actual time=26.799..46.042 rows=4994 loops=2) |                                       Join Filter: (u.id = v.userid) |                                       ->  Hash Join  (cost=2406.47..7413.76 rows=1901 width=8) (actual time=26.405..34.808 rows=14218 loops=2) |                                             Hash Cond: (v.userid = b.userid) |                                             ->  Parallel Seq Scan on votes v  (cost=0.00..4572.24 rows=802 width=4) (actual time=12.442..19.146 rows=650 loops=2) |                                                   Filter: (bountyamount <= 50) |                                                   Rows Removed by Filter: 163382 |                                             ->  Hash  (cost=1430.14..1430.14 rows=78107 width=4) (actual time=13.843..13.844 rows=78106 loops=2) |                                                   Buckets: 131072  Batches: 1  Memory Usage: 3770kB |                                                   ->  Seq Scan on badges b  (cost=0.00..1430.14 rows=78107 width=4) (actual time=0.022..6.361 rows=78106 loops=2) |                                                         Filter: (date <= '2014-08-25 19:05:46'::timestamp without time zone) |                                                         Rows Removed by Filter: 1745 |                                       ->  Index Scan using users_pkey on users u  (cost=0.29..0.34 rows=1 width=4) (actual time=0.001..0.001 rows=0 loops=28435) |                                             Index Cond: (id = b.userid) |                                             Filter: ((downvotes <= 11) AND (creationdate >= '2010-07-31 17:32:56'::timestamp without time zone) AND (creationdate <= '2014-09-07 16:06:26'::timestamp without time zone)) |                                             Rows Removed by Filter: 1 |                                 ->  Hash  (cost=2679.52..2679.52 rows=89990 width=4) (actual time=19.655..19.656 rows=89427 loops=2) |                                       Buckets: 131072  Batches: 1  Memory Usage: 4168kB |                                       ->  Seq Scan on posts p  (cost=0.00..2679.52 rows=89990 width=4) (actual time=0.034..10.891 rows=90780 loops=2) |                                             Filter: ((score >= '-1'::integer) AND (score <= 29) AND (creationdate >= '2010-07-19 20:40:36'::timestamp without time zone) AND (creationdate <= '2014-09-10 20:52:30'::timestamp without time zone)) |                                             Rows Removed by Filter: 1196 | Planning Time: 0.577 ms | JIT: |   Functions: 92 |   Options: Inlining false, Optimization false, Expressions true, Deforming true |   Timing: Generation 1.860 ms, Inlining 0.000 ms, Optimization 0.985 ms, Emission 24.029 ms, Total 26.873 ms | Execution Time: 1419.518 ms"
s50,226.331,"Finalize Aggregate  (cost=1340377.94..1340377.95 rows=1 width=8) (actual time=222.437..225.283 rows=1 loops=1) |   ->  Gather  (cost=1340377.82..1340377.93 rows=1 width=8) (actual time=220.713..225.270 rows=2 loops=1) |         Workers Planned: 1 |         Workers Launched: 1 |         ->  Partial Aggregate  (cost=1339377.82..1339377.83 rows=1 width=8) (actual time=214.762..214.768 rows=1 loops=2) |               ->  Parallel Hash Join  (cost=16514.17..20224.26 rows=527661424 width=0) (actual time=210.910..214.547 rows=4906 loops=2) |                     Hash Cond: (c.userid = u.id) |                     ->  Merge Join  (cost=6681.44..8604.27 rows=123502 width=8) (actual time=11.865..15.417 rows=16374 loops=2) |                           Merge Cond: (c.userid = p.owneruserid) |                           ->  Sort  (cost=3635.05..3671.54 rows=14594 width=4) (actual time=3.760..4.229 rows=12310 loops=2) |                                 Sort Key: c.userid |                                 Sort Method: quicksort  Memory: 385kB |                                 Worker 0:  Sort Method: quicksort  Memory: 385kB |                                 ->  Parallel Seq Scan on comments c  (cost=0.00..2625.65 rows=14594 width=4) (actual time=0.014..2.918 rows=12502 loops=2) |                                       Filter: (score = 1) |                                       Rows Removed by Filter: 74651 |                           ->  Sort  (cost=3045.60..3051.66 rows=2422 width=4) (actual time=8.054..8.795 rows=19030 loops=2) |                                 Sort Key: p.owneruserid |                                 Sort Method: quicksort  Memory: 193kB |                                 Worker 0:  Sort Method: quicksort  Memory: 193kB |                                 ->  Seq Scan on posts p  (cost=0.00..2909.46 rows=2422 width=4) (actual time=0.020..7.523 rows=4170 loops=2) |                                       Filter: ((score >= '-2'::integer) AND (score <= 23) AND (viewcount <= 2432) AND (favoritecount >= 0) AND (commentcount = 0)) |                                       Rows Removed by Filter: 87806 |                     ->  Parallel Hash  (cost=9283.20..9283.20 rows=43963 width=12) (actual time=197.166..197.169 rows=14624 loops=2) |                           Buckets: 131072  Batches: 1  Memory Usage: 2432kB |                           ->  Hash Join  (cost=3869.27..9283.20 rows=43963 width=12) (actual time=178.520..193.770 rows=14624 loops=2) |                                 Hash Cond: (v.userid = u.id) |                                 ->  Parallel Seq Scan on votes v  (cost=0.00..4089.79 rows=192979 width=4) (actual time=0.010..7.637 rows=164032 loops=2) |                                 ->  Hash  (cost=2988.45..2988.45 rows=70465 width=8) (actual time=178.360..178.362 rows=40625 loops=2) |                                       Buckets: 131072  Batches: 1  Memory Usage: 2611kB |                                       ->  Hash Join  (cost=1548.31..2988.45 rows=70465 width=8) (actual time=161.499..174.105 rows=40625 loops=2) |                                             Hash Cond: (b.userid = u.id) |                                             ->  Seq Scan on badges b  (cost=0.00..1230.51 rows=79851 width=4) (actual time=0.024..3.741 rows=79851 loops=2) |                                             ->  Hash  (cost=1103.50..1103.50 rows=35585 width=4) (actual time=161.411..161.411 rows=36148 loops=2) |                                                   Buckets: 65536  Batches: 1  Memory Usage: 1783kB |                                                   ->  Seq Scan on users u  (cost=0.00..1103.50 rows=35585 width=4) (actual time=155.642..158.363 rows=36148 loops=2) |                                                         Filter: ((reputation >= 1) AND (reputation <= 113) AND (views >= 0) AND (views <= 51)) |                                                         Rows Removed by Filter: 4177 | Planning Time: 0.588 ms | JIT: |   Functions: 90 |   Options: Inlining true, Optimization true, Expressions true, Deforming true |   Timing: Generation 1.792 ms, Inlining 48.549 ms, Optimization 149.375 ms, Emission 113.561 ms, Total 313.277 ms | Execution Time: 226.331 ms"
s51,9947.958,"Finalize Aggregate  (cost=1337711158.89..1337711158.90 rows=1 width=8) (actual time=9946.206..9946.541 rows=1 loops=1) |   ->  Gather  (cost=1337711158.78..1337711158.89 rows=1 width=8) (actual time=9946.196..9946.534 rows=2 loops=1) |         Workers Planned: 1 |         Workers Launched: 1 |         ->  Partial Aggregate  (cost=1337710158.78..1337710158.79 rows=1 width=8) (actual time=9618.796..9618.804 rows=1 loops=2) |               ->  Parallel Hash Join  (cost=27935.39..6429826.87 rows=532512132762 width=0) (actual time=238.182..8038.056 rows=43457087 loops=2) |                     Hash Cond: (p.owneruserid = u.id) |                     ->  Merge Join  (cost=22157.30..2216892.11 rows=144874404 width=12) (actual time=31.495..3829.172 rows=27219866 loops=2) |                           Merge Cond: (ph.userid = p.owneruserid) |                           ->  Sort  (cost=8697.85..8832.38 rows=53813 width=4) (actual time=10.328..14.058 rows=45282 loops=2) |                                 Sort Key: ph.userid |                                 Sort Method: quicksort  Memory: 1537kB |                                 Worker 0:  Sort Method: quicksort  Memory: 1537kB |                                 ->  Parallel Seq Scan on posthistory ph  (cost=0.00..4469.32 rows=53813 width=4) (actual time=0.015..6.450 rows=45988 loops=2) |                                       Filter: (posthistorytypeid = 2) |                                       Rows Removed by Filter: 105606 |                           ->  Materialize  (cost=13432.56..38356.49 rows=1412263 width=8) (actual time=21.110..1030.324 rows=27235653 loops=2) |                                 ->  Merge Join  (cost=13432.56..34825.83 rows=1412263 width=8) (actual time=21.107..84.653 rows=430601 loops=2) |                                       Merge Cond: (p.owneruserid = b.userid) |                                       ->  Sort  (cost=5726.64..5833.19 rows=42617 width=4) (actual time=8.600..10.940 rows=42006 loops=2) |                                             Sort Key: p.owneruserid |                                             Sort Method: quicksort  Memory: 1537kB |                                             Worker 0:  Sort Method: quicksort  Memory: 1537kB |                                             ->  Seq Scan on posts p  (cost=0.00..2449.58 rows=42617 width=4) (actual time=0.022..4.841 rows=42735 loops=2) |                                                   Filter: ((score >= '-2'::integer) AND (viewcount >= 0) AND (viewcount <= 18281)) |                                                   Rows Removed by Filter: 49241 |                                       ->  Sort  (cost=7705.40..7898.63 rows=77291 width=4) (actual time=12.485..28.964 rows=444530 loops=2) |                                             Sort Key: b.userid |                                             Sort Method: quicksort  Memory: 3073kB |                                             Worker 0:  Sort Method: quicksort  Memory: 3073kB |                                             ->  Seq Scan on badges b  (cost=0.00..1430.14 rows=77291 width=4) (actual time=0.072..5.098 rows=77332 loops=2) |                                                   Filter: (date >= '2010-10-20 08:33:44'::timestamp without time zone) |                                                   Rows Removed by Filter: 2519 |                     ->  Parallel Hash  (cost=4547.70..4547.70 rows=98431 width=8) (actual time=183.776..183.781 rows=31090 loops=2) |                           Buckets: 262144  Batches: 1  Memory Usage: 4512kB |                           ->  Hash Join  (cost=1399.64..4547.70 rows=98431 width=8) (actual time=165.260..179.039 rows=31090 loops=2) |                                 Hash Cond: (c.userid = u.id) |                                 ->  Parallel Seq Scan on comments c  (cost=0.00..2881.99 rows=101355 width=4) (actual time=159.310..164.193 rows=86592 loops=2) |                                       Filter: ((creationdate >= '2010-07-31 05:18:59'::timestamp without time zone) AND (creationdate <= '2014-09-12 07:59:13'::timestamp without time zone)) |                                       Rows Removed by Filter: 561 |                                 ->  Hash  (cost=901.88..901.88 rows=39821 width=4) (actual time=5.908..5.910 rows=39819 loops=2) |                                       Buckets: 65536  Batches: 1  Memory Usage: 1912kB |                                       ->  Seq Scan on users u  (cost=0.00..901.88 rows=39821 width=4) (actual time=0.025..2.724 rows=39819 loops=2) |                                             Filter: ((views >= 0) AND (views <= 75)) |                                             Rows Removed by Filter: 506 | Planning Time: 0.568 ms | JIT: |   Functions: 98 |   Options: Inlining true, Optimization true, Expressions true, Deforming true |   Timing: Generation 2.595 ms, Inlining 52.840 ms, Optimization 154.745 ms, Emission 111.191 ms, Total 321.371 ms | Execution Time: 9947.958 ms"
s52,15830.559,"Finalize Aggregate  (cost=118126973.99..118126974.00 rows=1 width=8) (actual time=15825.929..15826.755 rows=1 loops=1) |   ->  Gather  (cost=118126973.88..118126973.99 rows=1 width=8) (actual time=15825.872..15826.715 rows=2 loops=1) |         Workers Planned: 1 |         Workers Launched: 1 |         ->  Partial Aggregate  (cost=118125973.88..118125973.89 rows=1 width=8) (actual time=15278.667..15278.728 rows=1 loops=2) |               ->  Parallel Hash Join  (cost=36916.48..627666.64 rows=46999322895 width=0) (actual time=2321.966..11049.416 rows=114374154 loops=2) |                     Hash Cond: (p.owneruserid = u.id) |                     ->  Merge Join  (cost=31518.02..231781.24 rows=13295876 width=12) (actual time=54.004..2788.841 rows=19602648 loops=2) |                           Merge Cond: (ph.userid = p.owneruserid) |                           ->  Sort  (cost=22018.48..22464.34 rows=178345 width=4) (actual time=20.356..30.504 rows=140475 loops=2) |                                 Sort Key: ph.userid |                                 Sort Method: quicksort  Memory: 4096kB |                                 Worker 0:  Sort Method: quicksort  Memory: 4096kB |                                 ->  Parallel Seq Scan on posthistory ph  (cost=0.00..4023.45 rows=178345 width=4) (actual time=0.019..8.373 rows=151594 loops=2) |                           ->  Sort  (cost=9496.98..9594.75 rows=39108 width=8) (actual time=33.431..714.467 rows=19604202 loops=2) |                                 Sort Key: p.owneruserid |                                 Sort Method: quicksort  Memory: 4061kB |                                 Worker 0:  Sort Method: quicksort  Memory: 4061kB |                                 ->  Hash Join  (cost=2610.14..6513.99 rows=39108 width=8) (actual time=13.996..24.872 rows=73766 loops=2) |                                       Hash Cond: (p.owneruserid = b.userid) |                                       ->  Seq Scan on posts p  (cost=0.00..2909.46 rows=1163 width=4) (actual time=0.029..3.787 rows=5209 loops=2) |                                             Filter: ((score <= 35) AND (commentcount <= 17) AND (favoritecount >= 0) AND (posttypeid = 1) AND (answercount = 1)) |                                             Rows Removed by Filter: 86767 |                                       ->  Hash  (cost=1629.76..1629.76 rows=78430 width=4) (actual time=13.892..13.904 rows=78392 loops=2) |                                             Buckets: 131072  Batches: 1  Memory Usage: 3780kB |                                             ->  Seq Scan on badges b  (cost=0.00..1629.76 rows=78430 width=4) (actual time=0.030..5.578 rows=78392 loops=2) |                                                   Filter: ((date >= '2010-07-27 17:58:45'::timestamp without time zone) AND (date <= '2014-09-06 17:33:22'::timestamp without time zone)) |                                                   Rows Removed by Filter: 1459 |                     ->  Parallel Hash  (cost=4215.20..4215.20 rows=94660 width=8) (actual time=204.213..204.227 rows=33240 loops=2) |                           Buckets: 262144  Batches: 1  Memory Usage: 4672kB |                           ->  Hash Join  (cost=1576.70..4215.20 rows=94660 width=8) (actual time=180.802..195.404 rows=33240 loops=2) |                                 Hash Cond: (c.userid = u.id) |                                 ->  Parallel Seq Scan on comments c  (cost=0.00..2369.32 rows=102532 width=4) (actual time=0.006..4.618 rows=87152 loops=2) |                                 ->  Hash  (cost=1103.50..1103.50 rows=37856 width=4) (actual time=180.503..180.506 rows=37972 loops=2) |                                       Buckets: 65536  Batches: 1  Memory Usage: 1847kB |                                       ->  Seq Scan on users u  (cost=0.00..1103.50 rows=37856 width=4) (actual time=173.943..176.786 rows=37972 loops=2) |                                             Filter: ((views <= 233) AND (downvotes <= 2) AND (creationdate >= '2010-09-16 16:00:55'::timestamp without time zone) AND (creationdate <= '2014-08-24 21:12:02'::timestamp without time zone)) |                                             Rows Removed by Filter: 2353 | Planning Time: 0.630 ms | JIT: |   Functions: 90 |   Options: Inlining true, Optimization true, Expressions true, Deforming true |   Timing: Generation 2.077 ms, Inlining 41.194 ms, Optimization 148.758 ms, Emission 158.838 ms, Total 350.868 ms | Execution Time: 15830.559 ms"
s53,223.809,Finalize Aggregate  (cost=10075.55..10075.56 rows=1 width=8) (actual time=223.168..223.243 rows=1 loops=1) |   ->  Gather  (cost=10075.44..10075.55 rows=1 width=8) (actual time=223.160..223.239 rows=2 loops=1) |         Workers Planned: 1 |         Workers Launched: 1 |         ->  Partial Aggregate  (cost=9075.44..9075.45 rows=1 width=8) (actual time=189.625..189.630 rows=1 loops=2) |               ->  Hash Join  (cost=5887.70..9007.66 rows=27112 width=0) (actual time=98.572..172.553 rows=456720 loops=2) |                     Hash Cond: (c.postid = p.id) |                     ->  Parallel Seq Scan on comments c  (cost=0.00..2625.65 rows=101962 width=4) (actual time=0.042..13.645 rows=86620 loops=2) |                           Filter: (creationdate <= '2014-09-08 15:58:08'::timestamp without time zone) |                           Rows Removed by Filter: 532 |                     ->  Hash  (cost=5761.46..5761.46 rows=10099 width=8) (actual time=98.347..98.351 rows=293006 loops=2) |                           Buckets: 262144 (originally 16384)  Batches: 2 (originally 1)  Memory Usage: 7414kB |                           ->  Hash Join  (cost=4130.52..5761.46 rows=10099 width=8) (actual time=31.791..61.665 rows=293006 loops=2) |                                 Hash Cond: (b.userid = u.id) |                                 ->  Seq Scan on badges b  (cost=0.00..1230.51 rows=79851 width=4) (actual time=0.029..5.264 rows=79851 loops=2) |                                 ->  Hash  (cost=4066.77..4066.77 rows=5100 width=16) (actual time=31.688..31.691 rows=10828 loops=2) |                                       Buckets: 16384 (originally 8192)  Batches: 1 (originally 1)  Memory Usage: 636kB |                                       ->  Hash Join  (cost=3831.01..4066.77 rows=5100 width=16) (actual time=24.273..29.842 rows=10828 loops=2) |                                             Hash Cond: (p.owneruserid = u.id) |                                             ->  Hash Join  (cost=2525.89..2748.05 rows=5178 width=12) (actual time=14.524..17.975 rows=11097 loops=2) |                                                   Hash Cond: (pl.relatedpostid = p.id) |                                                   ->  Seq Scan on postlinks pl  (cost=0.00..193.02 rows=11102 width=4) (actual time=0.046..0.833 rows=11102 loops=2) |                                                   ->  Hash  (cost=1989.70..1989.70 rows=42895 width=8) (actual time=13.866..13.867 rows=42921 loops=2) |                                                         Buckets: 65536  Batches: 1  Memory Usage: 2186kB |                                                         ->  Seq Scan on posts p  (cost=0.00..1989.70 rows=42895 width=8) (actual time=0.029..7.748 rows=42921 loops=2) |                                                               Filter: (viewcount >= 0) |                                                               Rows Removed by Filter: 49055 |                                             ->  Hash  (cost=801.06..801.06 rows=40325 width=4) (actual time=8.875..8.875 rows=40325 loops=2) |                                                   Buckets: 65536  Batches: 1  Memory Usage: 1930kB |                                                   ->  Seq Scan on users u  (cost=0.00..801.06 rows=40325 width=4) (actual time=0.084..3.586 rows=40325 loops=2) |                                                         Filter: (reputation >= 1) | Planning Time: 1.295 ms | Execution Time: 223.809 ms
s54,33.744,Aggregate  (cost=8256.24..8256.25 rows=1 width=8) (actual time=33.645..33.651 rows=1 loops=1) |   ->  Hash Join  (cost=4506.34..8252.78 rows=1384 width=0) (actual time=16.839..33.487 rows=4801 loops=1) |         Hash Cond: (c.postid = p.id) |         ->  Seq Scan on comments c  (cost=0.00..3087.05 rows=174305 width=4) (actual time=0.006..8.591 rows=174305 loops=1) |         ->  Hash  (cost=4502.56..4502.56 rows=303 width=8) (actual time=15.481..15.486 rows=1651 loops=1) |               Buckets: 2048 (originally 1024)  Batches: 1 (originally 1)  Memory Usage: 81kB |               ->  Hash Join  (cost=2969.57..4502.56 rows=303 width=8) (actual time=7.994..15.285 rows=1651 loops=1) |                     Hash Cond: (b.userid = u.id) |                     ->  Seq Scan on badges b  (cost=0.00..1230.51 rows=79851 width=4) (actual time=0.003..3.780 rows=79851 loops=1) |                     ->  Hash  (cost=2967.66..2967.66 rows=153 width=16) (actual time=7.523..7.527 rows=192 loops=1) |                           Buckets: 1024  Batches: 1  Memory Usage: 17kB |                           ->  Nested Loop  (cost=2469.05..2967.66 rows=153 width=16) (actual time=5.499..7.500 rows=192 loops=1) |                                 ->  Hash Join  (cost=2468.76..2742.87 rows=163 width=12) (actual time=5.429..6.667 rows=229 loops=1) |                                       Hash Cond: (pl.relatedpostid = p.id) |                                       ->  Seq Scan on postlinks pl  (cost=0.00..248.53 rows=9746 width=4) (actual time=0.026..0.710 rows=9704 loops=1) |                                             Filter: ((creationdate >= '2011-04-12 15:23:59'::timestamp without time zone) AND (linktypeid = 1)) |                                             Rows Removed by Filter: 1398 |                                       ->  Hash  (cost=2449.58..2449.58 rows=1534 width=8) (actual time=5.357..5.359 rows=1961 loops=1) |                                             Buckets: 2048  Batches: 1  Memory Usage: 93kB |                                             ->  Seq Scan on posts p  (cost=0.00..2449.58 rows=1534 width=8) (actual time=0.006..5.144 rows=1961 loops=1) |                                                   Filter: ((viewcount >= 0) AND (favoritecount >= 0) AND (score = 1)) |                                                   Rows Removed by Filter: 90015 |                                 ->  Index Scan using users_pkey on users u  (cost=0.29..1.38 rows=1 width=4) (actual time=0.003..0.003 rows=1 loops=229) |                                       Index Cond: (id = p.owneruserid) |                                       Filter: (creationdate >= '2011-02-08 18:11:37'::timestamp without time zone) |                                       Rows Removed by Filter: 0 | Planning Time: 0.392 ms | Execution Time: 33.744 ms
s55,57.291,Finalize Aggregate  (cost=9994.03..9994.04 rows=1 width=8) (actual time=54.333..57.220 rows=1 loops=1) |   ->  Gather  (cost=9993.91..9994.02 rows=1 width=8) (actual time=54.033..57.214 rows=2 loops=1) |         Workers Planned: 1 |         Workers Launched: 1 |         ->  Partial Aggregate  (cost=8993.91..8993.92 rows=1 width=8) (actual time=47.390..47.396 rows=1 loops=2) |               ->  Hash Join  (cost=4244.45..8982.47 rows=4576 width=0) (actual time=12.287..47.132 rows=7206 loops=2) |                     Hash Cond: (ph.userid = u.id) |                     ->  Parallel Seq Scan on posthistory ph  (cost=0.00..4023.45 rows=178345 width=4) (actual time=0.015..15.969 rows=151594 loops=2) |                     ->  Hash  (cost=4230.56..4230.56 rows=1111 width=12) (actual time=11.668..11.672 rows=269 loops=2) |                           Buckets: 2048  Batches: 1  Memory Usage: 28kB |                           ->  Hash Join  (cost=2497.76..4230.56 rows=1111 width=12) (actual time=3.435..11.624 rows=269 loops=2) |                                 Hash Cond: (b.userid = u.id) |                                 ->  Seq Scan on badges b  (cost=0.00..1430.14 rows=77748 width=4) (actual time=0.005..4.908 rows=77851 loops=2) |                                       Filter: (date <= '2014-08-22 02:21:55'::timestamp without time zone) |                                       Rows Removed by Filter: 2000 |                                 ->  Hash  (cost=2490.56..2490.56 rows=576 width=8) (actual time=3.392..3.395 rows=26 loops=2) |                                       Buckets: 1024  Batches: 1  Memory Usage: 10kB |                                       ->  Nested Loop  (cost=0.59..2490.56 rows=576 width=8) (actual time=0.336..3.384 rows=26 loops=2) |                                             ->  Nested Loop  (cost=0.30..2295.17 rows=596 width=4) (actual time=0.060..2.609 rows=596 loops=2) |                                                   ->  Seq Scan on tags t  (cost=0.00..16.32 rows=1032 width=4) (actual time=0.024..0.123 rows=1032 loops=2) |                                                   ->  Memoize  (cost=0.30..3.79 rows=1 width=8) (actual time=0.002..0.002 rows=1 loops=2064) |                                                         Cache Key: t.excerptpostid |                                                         Cache Mode: logical |                                                         Hits: 435  Misses: 597  Evictions: 0  Overflows: 0  Memory Usage: 63kB |                                                         Worker 0:  Hits: 435  Misses: 597  Evictions: 0  Overflows: 0  Memory Usage: 63kB |                                                         ->  Index Scan using posts_pkey on posts p  (cost=0.29..3.78 rows=1 width=8) (actual time=0.003..0.003 rows=1 loops=1194) |                                                               Index Cond: (id = t.excerptpostid) |                                                               Filter: (commentcount >= 0) |                                             ->  Index Scan using users_pkey on users u  (cost=0.29..0.33 rows=1 width=4) (actual time=0.001..0.001 rows=0 loops=1192) |                                                   Index Cond: (id = p.owneruserid) |                                                   Filter: (downvotes <= 0) |                                                   Rows Removed by Filter: 1 | Planning Time: 0.389 ms | Execution Time: 57.291 ms
s56,776.036,Finalize Aggregate  (cost=9834.62..9834.63 rows=1 width=8) (actual time=774.006..775.994 rows=1 loops=1) |   ->  Gather  (cost=9834.50..9834.61 rows=1 width=8) (actual time=773.254..775.987 rows=2 loops=1) |         Workers Planned: 1 |         Workers Launched: 1 |         ->  Partial Aggregate  (cost=8834.50..8834.51 rows=1 width=8) (actual time=768.078..768.082 rows=1 loops=2) |               ->  Hash Join  (cost=4013.64..8833.02 rows=593 width=0) (actual time=29.867..499.749 rows=7943685 loops=2) |                     Hash Cond: (v.userid = u.id) |                     ->  Parallel Seq Scan on votes v  (cost=0.00..4089.79 rows=192979 width=4) (actual time=0.016..14.660 rows=164032 loops=2) |                     ->  Hash  (cost=3999.12..3999.12 rows=1162 width=12) (actual time=29.742..29.745 rows=78986 loops=2) |                           Buckets: 131072 (originally 2048)  Batches: 1 (originally 1)  Memory Usage: 4418kB |                           ->  Hash Join  (cost=2457.54..3999.12 rows=1162 width=12) (actual time=10.329..22.510 rows=78986 loops=2) |                                 Hash Cond: (b.userid = u.id) |                                 ->  Seq Scan on badges b  (cost=0.00..1230.51 rows=79851 width=4) (actual time=0.004..3.741 rows=79851 loops=2) |                                 ->  Hash  (cost=2450.21..2450.21 rows=587 width=8) (actual time=10.316..10.318 rows=593 loops=2) |                                       Buckets: 1024  Batches: 1  Memory Usage: 32kB |                                       ->  Nested Loop  (cost=29.51..2450.21 rows=587 width=8) (actual time=0.403..10.255 rows=593 loops=2) |                                             ->  Hash Join  (cost=29.22..2254.82 rows=596 width=4) (actual time=0.385..9.651 rows=596 loops=2) |                                                   Hash Cond: (p.id = t.excerptpostid) |                                                   ->  Seq Scan on posts p  (cost=0.00..1759.76 rows=91976 width=8) (actual time=0.008..4.531 rows=91976 loops=2) |                                                   ->  Hash  (cost=16.32..16.32 rows=1032 width=4) (actual time=0.131..0.132 rows=596 loops=2) |                                                         Buckets: 2048  Batches: 1  Memory Usage: 37kB |                                                         ->  Seq Scan on tags t  (cost=0.00..16.32 rows=1032 width=4) (actual time=0.004..0.067 rows=1032 loops=2) |                                             ->  Index Scan using users_pkey on users u  (cost=0.29..0.33 rows=1 width=4) (actual time=0.001..0.001 rows=1 loops=1192) |                                                   Index Cond: (id = p.owneruserid) |                                                   Filter: (downvotes >= 0) | Planning Time: 0.371 ms | Execution Time: 776.036 ms
s57,31.209,Aggregate  (cost=10140.22..10140.23 rows=1 width=8) (actual time=31.110..31.146 rows=1 loops=1) |   ->  Hash Join  (cost=8411.05..10140.21 rows=6 width=0) (actual time=23.385..30.989 rows=5091 loops=1) |         Hash Cond: (b.userid = u.id) |         ->  Seq Scan on badges b  (cost=0.00..1430.14 rows=79724 width=4) (actual time=0.006..4.234 rows=79736 loops=1) |               Filter: (date <= '2014-09-12 12:56:22'::timestamp without time zone) |               Rows Removed by Filter: 115 |         ->  Hash  (cost=8411.01..8411.01 rows=3 width=12) (actual time=23.349..23.384 rows=312 loops=1) |               Buckets: 1024  Batches: 1  Memory Usage: 22kB |               ->  Gather Merge  (cost=8390.60..8411.01 rows=3 width=12) (actual time=21.268..23.355 rows=312 loops=1) |                     Workers Planned: 1 |                     Workers Launched: 1 |                     ->  Nested Loop  (cost=7390.59..7410.66 rows=2 width=12) (actual time=15.464..16.492 rows=156 loops=2) |                           Join Filter: (u.id = v.userid) |                           ->  Merge Join  (cost=7390.30..7394.31 rows=47 width=8) (actual time=15.422..15.626 rows=1321 loops=2) |                                 Merge Cond: (v.userid = p.owneruserid) |                                 ->  Sort  (cost=5108.00..5110.66 rows=1061 width=4) (actual time=6.062..6.080 rows=524 loops=2) |                                       Sort Key: v.userid |                                       Sort Method: quicksort  Memory: 49kB |                                       Worker 0:  Sort Method: quicksort  Memory: 25kB |                                       ->  Parallel Seq Scan on votes v  (cost=0.00..5054.68 rows=1061 width=4) (actual time=0.035..5.971 rows=862 loops=2) |                                             Filter: ((bountyamount >= 0) AND (bountyamount <= 200)) |                                             Rows Removed by Filter: 163170 |                                 ->  Sort  (cost=2282.29..2283.78 rows=596 width=4) (actual time=9.352..9.409 rows=1678 loops=2) |                                       Sort Key: p.owneruserid |                                       Sort Method: quicksort  Memory: 25kB |                                       Worker 0:  Sort Method: quicksort  Memory: 25kB |                                       ->  Hash Join  (cost=29.22..2254.82 rows=596 width=4) (actual time=0.377..9.304 rows=596 loops=2) |                                             Hash Cond: (p.id = t.excerptpostid) |                                             ->  Seq Scan on posts p  (cost=0.00..1759.76 rows=91976 width=8) (actual time=0.007..4.385 rows=91976 loops=2) |                                             ->  Hash  (cost=16.32..16.32 rows=1032 width=4) (actual time=0.126..0.127 rows=596 loops=2) |                                                   Buckets: 2048  Batches: 1  Memory Usage: 37kB |                                                   ->  Seq Scan on tags t  (cost=0.00..16.32 rows=1032 width=4) (actual time=0.004..0.066 rows=1032 loops=2) |                           ->  Index Scan using users_pkey on users u  (cost=0.29..0.34 rows=1 width=4) (actual time=0.001..0.001 rows=0 loops=2642) |                                 Index Cond: (id = p.owneruserid) |                                 Filter: ((views >= 0) AND (views <= 515) AND (upvotes >= 0) AND (creationdate <= '2014-09-07 13:46:41'::timestamp without time zone)) |                                 Rows Removed by Filter: 1 | Planning Time: 0.353 ms | Execution Time: 31.209 ms
s58,985147.739,"Finalize Aggregate  (cost=1676392.61..1676392.62 rows=1 width=8) (actual time=985140.630..985143.590 rows=1 loops=1) |   ->  Gather  (cost=1676392.50..1676392.61 rows=1 width=8) (actual time=985140.482..985143.538 rows=2 loops=1) |         Workers Planned: 1 |         Workers Launched: 1 |         ->  Partial Aggregate  (cost=1675392.50..1675392.51 rows=1 width=8) (actual time=883746.077..883746.122 rows=1 loops=2) |               ->  Parallel Hash Join  (cost=28238.08..138496.22 rows=614758512 width=0) (actual time=365.685..553212.288 rows=8924616985 loops=2) |                     Hash Cond: (b.userid = u.id) |                     ->  Merge Join  (cost=15837.32..44785.90 rows=1917827 width=8) (actual time=29.081..1011.729 rows=3083576 loops=2) |                           Merge Cond: (ph.userid = b.userid) |                           ->  Sort  (cost=7936.52..8035.44 rows=39567 width=4) (actual time=13.507..24.778 rows=33124 loops=2) |                                 Sort Key: ph.userid |                                 Sort Method: quicksort  Memory: 1537kB |                                 Worker 0:  Sort Method: quicksort  Memory: 769kB |                                 ->  Parallel Seq Scan on posthistory ph  (cost=0.00..4915.18 rows=39567 width=4) (actual time=0.016..9.403 rows=33486 loops=2) |                                       Filter: ((creationdate <= '2014-08-13 09:20:10'::timestamp without time zone) AND (posthistorytypeid = 5)) |                                       Rows Removed by Filter: 118107 |                           ->  Sort  (cost=7897.72..8096.38 rows=79464 width=4) (actual time=15.490..353.778 rows=3123429 loops=2) |                                 Sort Key: b.userid |                                 Sort Method: quicksort  Memory: 3073kB |                                 Worker 0:  Sort Method: quicksort  Memory: 3073kB |                                 ->  Seq Scan on badges b  (cost=0.00..1430.14 rows=79464 width=4) (actual time=0.025..5.786 rows=79400 loops=2) |                                       Filter: (date <= '2014-09-09 10:24:35'::timestamp without time zone) |                                       Rows Removed by Filter: 451 |                     ->  Parallel Hash  (cost=10641.75..10641.75 rows=140721 width=12) (actual time=263.959..263.991 rows=65096 loops=2) |                           Buckets: 262144  Batches: 1  Memory Usage: 8160kB |                           ->  Hash Join  (cost=5301.38..10641.75 rows=140721 width=12) (actual time=234.938..256.873 rows=65096 loops=2) |                                 Hash Cond: (v.userid = u.id) |                                 ->  Parallel Seq Scan on votes v  (cost=0.00..4572.24 rows=191475 width=4) (actual time=207.619..216.956 rows=163991 loops=2) |                                       Filter: (creationdate >= '2010-07-19 00:00:00'::timestamp without time zone) |                                       Rows Removed by Filter: 41 |                                 ->  Hash  (cost=5177.57..5177.57 rows=9905 width=8) (actual time=27.086..27.111 rows=8909 loops=2) |                                       Buckets: 16384  Batches: 1  Memory Usage: 477kB |                                       ->  Hash Join  (cost=4926.39..5177.57 rows=9905 width=8) (actual time=22.278..26.233 rows=8909 loops=2) |                                             Hash Cond: (p.owneruserid = u.id) |                                             ->  Hash Join  (cost=3364.24..3586.40 rows=11053 width=4) (actual time=16.505..18.909 rows=10959 loops=2) |                                                   Hash Cond: (pl.relatedpostid = p.id) |                                                   ->  Seq Scan on postlinks pl  (cost=0.00..193.02 rows=11102 width=4) (actual time=0.008..0.578 rows=11102 loops=2) |                                                   ->  Hash  (cost=2219.64..2219.64 rows=91568 width=8) (actual time=16.208..16.211 rows=91489 loops=2) |                                                         Buckets: 131072  Batches: 1  Memory Usage: 4593kB |                                                         ->  Seq Scan on posts p  (cost=0.00..2219.64 rows=91568 width=8) (actual time=0.014..7.004 rows=91489 loops=2) |                                                               Filter: ((commentcount >= 0) AND (commentcount <= 13)) |                                                               Rows Removed by Filter: 487 |                                             ->  Hash  (cost=1103.50..1103.50 rows=36692 width=4) (actual time=5.722..5.724 rows=36624 loops=2) |                                                   Buckets: 65536  Batches: 1  Memory Usage: 1800kB |                                                   ->  Seq Scan on users u  (cost=0.00..1103.50 rows=36692 width=4) (actual time=0.046..2.757 rows=36624 loops=2) |                                                         Filter: ((views >= 0) AND (downvotes >= 0) AND (creationdate >= '2010-08-04 16:59:53'::timestamp without time zone) AND (creationdate <= '2014-07-22 15:15:22'::timestamp without time zone)) |                                                         Rows Removed by Filter: 3701 | Planning Time: 0.958 ms | JIT: |   Functions: 112 |   Options: Inlining true, Optimization true, Expressions true, Deforming true |   Timing: Generation 2.737 ms, Inlining 61.164 ms, Optimization 209.789 ms, Emission 148.328 ms, Total 422.018 ms | Execution Time: 985147.739 ms"
s59,6942.833,"Finalize Aggregate  (cost=158256.36..158256.37 rows=1 width=8) (actual time=6902.804..6937.609 rows=1 loops=1) |   ->  Gather  (cost=158256.25..158256.36 rows=1 width=8) (actual time=6037.808..6937.512 rows=2 loops=1) |         Workers Planned: 1 |         Workers Launched: 1 |         ->  Partial Aggregate  (cost=157256.25..157256.26 rows=1 width=8) (actual time=6433.233..6433.511 rows=1 loops=2) |               ->  Parallel Hash Join  (cost=15381.00..26152.59 rows=52441462 width=0) (actual time=511.362..4198.790 rows=44481486 loops=2) |                     Hash Cond: (ph.userid = u.id) |                     ->  Parallel Seq Scan on posthistory ph  (cost=0.00..4469.32 rows=53813 width=4) (actual time=0.088..16.836 rows=45988 loops=2) |                           Filter: (posthistorytypeid = 2) |                           Rows Removed by Filter: 105606 |                     ->  Parallel Hash  (cost=10153.23..10153.23 rows=300702 width=16) (actual time=435.679..435.752 rows=463828 loops=2) |                           Buckets: 262144 (originally 262144)  Batches: 256 (originally 8)  Memory Usage: 13600kB |                           ->  Hash Join  (cost=4755.90..10153.23 rows=300702 width=16) (actual time=99.790..170.343 rows=463828 loops=2) |                                 Hash Cond: (v.userid = u.id) |                                 ->  Parallel Seq Scan on votes v  (cost=0.00..4572.24 rows=191472 width=4) (actual time=31.646..52.804 rows=163825 loops=2) |                                       Filter: (creationdate >= '2010-07-20 00:00:00'::timestamp without time zone) |                                       Rows Removed by Filter: 207 |                                 ->  Hash  (cost=4491.31..4491.31 rows=21167 width=12) (actual time=67.756..67.819 rows=58593 loops=2) |                                       Buckets: 65536 (originally 32768)  Batches: 1 (originally 1)  Memory Usage: 3030kB |                                       ->  Hash Join  (cost=2949.12..4491.31 rows=21167 width=12) (actual time=31.219..55.579 rows=58593 loops=2) |                                             Hash Cond: (b.userid = u.id) |                                             ->  Seq Scan on badges b  (cost=0.00..1230.51 rows=79851 width=4) (actual time=0.139..7.722 rows=79851 loops=2) |                                             ->  Hash  (cost=2941.40..2941.40 rows=618 width=8) (actual time=31.027..31.074 rows=4846 loops=2) |                                                   Buckets: 8192 (originally 1024)  Batches: 1 (originally 1)  Memory Usage: 254kB |                                                   ->  Nested Loop  (cost=2296.23..2941.40 rows=618 width=8) (actual time=13.360..29.905 rows=4846 loops=2) |                                                         ->  Hash Join  (cost=2295.94..2543.45 rows=676 width=4) (actual time=13.260..17.480 rows=7972 loops=2) |                                                               Hash Cond: (pl.relatedpostid = p.id) |                                                               ->  Seq Scan on postlinks pl  (cost=0.00..220.78 rows=10186 width=4) (actual time=0.113..1.897 rows=10186 loops=2) |                                                                     Filter: (linktypeid = 1) |                                                                     Rows Removed by Filter: 916 |                                                               ->  Hash  (cost=2219.64..2219.64 rows=6104 width=8) (actual time=13.100..13.109 rows=13246 loops=2) |                                                                     Buckets: 16384 (originally 8192)  Batches: 1 (originally 1)  Memory Usage: 645kB |                                                                     ->  Seq Scan on posts p  (cost=0.00..2219.64 rows=6104 width=8) (actual time=0.070..10.968 rows=13246 loops=2) |                                                                           Filter: ((answercount >= 0) AND (favoritecount >= 0)) |                                                                           Rows Removed by Filter: 78730 |                                                         ->  Index Scan using users_pkey on users u  (cost=0.29..0.59 rows=1 width=4) (actual time=0.001..0.001 rows=1 loops=15944) |                                                               Index Cond: (id = p.owneruserid) |                                                               Filter: ((reputation >= 1) AND (downvotes >= 0) AND (downvotes <= 0) AND (upvotes <= 439) AND (creationdate <= '2014-08-07 11:18:45'::timestamp without time zone)) |                                                               Rows Removed by Filter: 0 | Planning Time: 1.870 ms | JIT: |   Functions: 106 |   Options: Inlining false, Optimization false, Expressions true, Deforming true |   Timing: Generation 4.936 ms, Inlining 0.000 ms, Optimization 8.242 ms, Emission 55.965 ms, Total 69.143 ms | Execution Time: 6942.833 ms"
s60,803.707,Finalize Aggregate  (cost=20943.32..20943.33 rows=1 width=8) (actual time=800.576..803.446 rows=1 loops=1) |   ->  Gather  (cost=20943.21..20943.32 rows=1 width=8) (actual time=800.572..803.442 rows=2 loops=1) |         Workers Planned: 1 |         Workers Launched: 1 |         ->  Partial Aggregate  (cost=19943.21..19943.22 rows=1 width=8) (actual time=774.777..774.784 rows=1 loops=2) |               ->  Hash Join  (cost=10203.15..16332.40 rows=1444324 width=0) (actual time=93.366..552.262 rows=5973988 loops=2) |                     Hash Cond: (p.owneruserid = u.id) |                     ->  Parallel Hash Join  (cost=6302.68..11375.81 rows=44145 width=4) (actual time=44.175..120.486 rows=622676 loops=2) |                           Hash Cond: (v.postid = p.id) |                           ->  Parallel Seq Scan on votes v  (cost=0.00..4089.79 rows=192979 width=4) (actual time=0.019..11.692 rows=164032 loops=2) |                           ->  Parallel Hash  (cost=6147.98..6147.98 rows=12376 width=16) (actual time=43.997..44.000 rows=16663 loops=2) |                                 Buckets: 32768  Batches: 1  Memory Usage: 1856kB |                                 ->  Hash Join  (cost=3270.40..6147.98 rows=12376 width=16) (actual time=27.067..41.530 rows=16663 loops=2) |                                       Hash Cond: (c.postid = p.id) |                                       ->  Parallel Seq Scan on comments c  (cost=0.00..2369.32 rows=102532 width=4) (actual time=0.018..5.494 rows=87152 loops=2) |                                       ->  Hash  (cost=3131.62..3131.62 rows=11102 width=12) (actual time=26.990..26.991 rows=11102 loops=2) |                                             Buckets: 16384  Batches: 1  Memory Usage: 604kB |                                             ->  Hash Join  (cost=2909.46..3131.62 rows=11102 width=12) (actual time=22.512..25.816 rows=11102 loops=2) |                                                   Hash Cond: (pl.relatedpostid = p.id) |                                                   ->  Seq Scan on postlinks pl  (cost=0.00..193.02 rows=11102 width=4) (actual time=0.043..0.807 rows=11102 loops=2) |                                                   ->  Hash  (cost=1759.76..1759.76 rows=91976 width=8) (actual time=22.183..22.184 rows=91976 loops=2) |                                                         Buckets: 131072  Batches: 1  Memory Usage: 4612kB |                                                         ->  Seq Scan on posts p  (cost=0.00..1759.76 rows=91976 width=8) (actual time=0.015..9.870 rows=91976 loops=2) |                     ->  Hash  (cost=2931.94..2931.94 rows=77483 width=8) (actual time=48.124..48.125 rows=67286 loops=2) |                           Buckets: 131072  Batches: 1  Memory Usage: 3653kB |                           ->  Hash Join  (cost=1491.80..2931.94 rows=77483 width=8) (actual time=10.859..35.167 rows=67286 loops=2) |                                 Hash Cond: (b.userid = u.id) |                                 ->  Seq Scan on badges b  (cost=0.00..1230.51 rows=79851 width=4) (actual time=0.033..7.198 rows=79851 loops=2) |                                 ->  Hash  (cost=1002.69..1002.69 rows=39129 width=4) (actual time=10.603..10.603 rows=38978 loops=2) |                                       Buckets: 65536  Batches: 1  Memory Usage: 1883kB |                                       ->  Seq Scan on users u  (cost=0.00..1002.69 rows=39129 width=4) (actual time=0.061..4.958 rows=38978 loops=2) |                                             Filter: ((views <= 190) AND (creationdate >= '2010-07-20 08:05:39'::timestamp without time zone) AND (creationdate <= '2014-08-27 09:31:28'::timestamp without time zone)) |                                             Rows Removed by Filter: 1347 | Planning Time: 5.424 ms | Execution Time: 803.707 ms
s61,169.242,Aggregate  (cost=16421.30..16421.31 rows=1 width=8) (actual time=168.967..169.142 rows=1 loops=1) |   ->  Hash Join  (cost=14192.79..15853.99 rows=226922 width=0) (actual time=61.731..133.249 rows=868310 loops=1) |         Hash Cond: (b.userid = u.id) |         ->  Seq Scan on badges b  (cost=0.00..1230.51 rows=79851 width=4) (actual time=0.006..4.889 rows=79851 loops=1) |         ->  Hash  (cost=14109.94..14109.94 rows=6628 width=8) (actual time=61.147..61.321 rows=57739 loops=1) |               Buckets: 65536 (originally 8192)  Batches: 1 (originally 1)  Memory Usage: 2768kB |               ->  Gather  (cost=7790.84..14109.94 rows=6628 width=8) (actual time=38.073..57.541 rows=57739 loops=1) |                     Workers Planned: 1 |                     Workers Launched: 1 |                     ->  Parallel Hash Join  (cost=6790.84..12447.14 rows=3899 width=8) (actual time=30.853..48.906 rows=28870 loops=2) |                           Hash Cond: (v.postid = p.id) |                           ->  Parallel Seq Scan on votes v  (cost=0.00..5054.68 rows=154314 width=4) (actual time=0.011..11.119 rows=130868 loops=2) |                                 Filter: ((creationdate <= '2014-09-11 00:00:00'::timestamp without time zone) AND (votetypeid = 2)) |                                 Rows Removed by Filter: 33164 |                           ->  Parallel Hash  (cost=6773.75..6773.75 rows=1367 width=20) (actual time=29.260..29.265 rows=4610 loops=2) |                                 Buckets: 16384 (originally 4096)  Batches: 1 (originally 1)  Memory Usage: 768kB |                                 ->  Hash Join  (cost=3498.24..6773.75 rows=1367 width=20) (actual time=16.237..26.239 rows=4610 loops=2) |                                       Hash Cond: (c.postid = p.id) |                                       ->  Parallel Seq Scan on comments c  (cost=0.00..2881.99 rows=101295 width=4) (actual time=0.041..5.770 rows=86376 loops=2) |                                             Filter: ((creationdate >= '2010-08-06 12:21:39'::timestamp without time zone) AND (creationdate <= '2014-09-11 20:55:34'::timestamp without time zone)) |                                             Rows Removed by Filter: 776 |                                       ->  Hash  (cost=3482.73..3482.73 rows=1241 width=16) (actual time=15.622..15.626 rows=3268 loops=2) |                                             Buckets: 4096 (originally 2048)  Batches: 1 (originally 1)  Memory Usage: 186kB |                                             ->  Nested Loop  (cost=2608.05..3482.73 rows=1241 width=16) (actual time=8.185..15.217 rows=3268 loops=2) |                                                   ->  Hash Join  (cost=2607.76..2882.07 rows=1351 width=12) (actual time=8.129..10.373 rows=4556 loops=2) |                                                         Hash Cond: (pl.relatedpostid = p.id) |                                                         ->  Seq Scan on postlinks pl  (cost=0.00..248.53 rows=9823 width=4) (actual time=0.024..0.789 rows=9802 loops=2) |                                                               Filter: ((creationdate >= '2011-03-11 18:50:29'::timestamp without time zone) AND (linktypeid = 1)) |                                                               Rows Removed by Filter: 1300 |                                                         ->  Hash  (cost=2449.58..2449.58 rows=12654 width=8) (actual time=8.082..8.083 rows=12355 loops=2) |                                                               Buckets: 16384  Batches: 1  Memory Usage: 610kB |                                                               ->  Seq Scan on posts p  (cost=0.00..2449.58 rows=12654 width=8) (actual time=0.014..6.610 rows=12355 loops=2) |                                                                     Filter: ((score >= 0) AND (score <= 13) AND (favoritecount >= 0)) |                                                                     Rows Removed by Filter: 79621 |                                                   ->  Index Scan using users_pkey on users u  (cost=0.29..0.44 rows=1 width=4) (actual time=0.001..0.001 rows=1 loops=9112) |                                                         Index Cond: (id = p.owneruserid) |                                                         Filter: ((reputation >= 1) AND (creationdate >= '2011-02-17 03:42:02'::timestamp without time zone) AND (creationdate <= '2014-09-01 10:54:39'::timestamp without time zone)) |                                                         Rows Removed by Filter: 0 | Planning Time: 0.683 ms | Execution Time: 169.242 ms
s62,54.58,Aggregate  (cost=12024.71..12024.72 rows=1 width=8) (actual time=54.360..54.529 rows=1 loops=1) |   ->  Hash Join  (cost=10473.27..12007.26 rows=6980 width=0) (actual time=35.717..50.363 rows=109961 loops=1) |         Hash Cond: (b.userid = u.id) |         ->  Seq Scan on badges b  (cost=0.00..1230.51 rows=79851 width=4) (actual time=0.016..4.044 rows=79851 loops=1) |         ->  Hash  (cost=10470.72..10470.72 rows=204 width=8) (actual time=35.693..35.861 rows=5706 loops=1) |               Buckets: 8192 (originally 1024)  Batches: 1 (originally 1)  Memory Usage: 287kB |               ->  Gather  (cost=5636.15..10470.72 rows=204 width=8) (actual time=16.605..35.413 rows=5706 loops=1) |                     Workers Planned: 1 |                     Workers Launched: 1 |                     ->  Parallel Hash Join  (cost=4636.15..9450.32 rows=120 width=8) (actual time=9.674..27.999 rows=2853 loops=2) |                           Hash Cond: (v.postid = p.id) |                           ->  Parallel Seq Scan on votes v  (cost=0.00..4089.79 rows=192979 width=4) (actual time=0.006..8.763 rows=164032 loops=2) |                           ->  Parallel Hash  (cost=4635.72..4635.72 rows=34 width=20) (actual time=9.413..9.418 rows=313 loops=2) |                                 Buckets: 1024  Batches: 1  Memory Usage: 104kB |                                 ->  Nested Loop  (cost=332.38..4635.72 rows=34 width=20) (actual time=2.035..9.273 rows=313 loops=2) |                                       ->  Nested Loop  (cost=332.09..4614.71 rows=34 width=16) (actual time=2.008..8.782 rows=320 loops=2) |                                             Join Filter: (p.id = c.postid) |                                             ->  Hash Join  (cost=331.80..3571.27 rows=1431 width=8) (actual time=1.881..6.640 rows=1478 loops=2) |                                                   Hash Cond: (c.postid = pl.relatedpostid) |                                                   ->  Parallel Seq Scan on comments c  (cost=0.00..2625.65 rows=4894 width=4) (actual time=0.012..3.924 rows=4181 loops=2) |                                                         Filter: (score = 2) |                                                         Rows Removed by Filter: 82972 |                                                   ->  Hash  (cost=193.02..193.02 rows=11102 width=4) (actual time=1.838..1.840 rows=11102 loops=2) |                                                         Buckets: 16384  Batches: 1  Memory Usage: 519kB |                                                         ->  Seq Scan on postlinks pl  (cost=0.00..193.02 rows=11102 width=4) (actual time=0.015..0.805 rows=11102 loops=2) |                                             ->  Index Scan using posts_pkey on posts p  (cost=0.29..0.72 rows=1 width=8) (actual time=0.001..0.001 rows=0 loops=2957) |                                                   Index Cond: (id = pl.relatedpostid) |                                                   Filter: ((viewcount <= 7710) AND (commentcount <= 12) AND (favoritecount >= 0) AND (favoritecount <= 4) AND (creationdate >= '2010-07-27 03:58:22'::timestamp without time zone)) |                                                   Rows Removed by Filter: 1 |                                       ->  Index Scan using users_pkey on users u  (cost=0.29..0.62 rows=1 width=4) (actual time=0.001..0.001 rows=1 loops=640) |                                             Index Cond: (id = p.owneruserid) |                                             Filter: (upvotes >= 0) | Planning Time: 0.860 ms | Execution Time: 54.580 ms
s63,31.69,Aggregate  (cost=12019.40..12019.41 rows=1 width=8) (actual time=31.566..31.656 rows=1 loops=1) |   ->  Hash Join  (cost=10477.67..12009.84 rows=3823 width=0) (actual time=23.139..31.325 rows=8893 loops=1) |         Hash Cond: (b.userid = u.id) |         ->  Seq Scan on badges b  (cost=0.00..1230.51 rows=79851 width=4) (actual time=0.007..3.943 rows=79851 loops=1) |         ->  Hash  (cost=10476.27..10476.27 rows=112 width=8) (actual time=22.950..23.039 rows=713 loops=1) |               Buckets: 1024  Batches: 1  Memory Usage: 36kB |               ->  Gather  (cost=7541.53..10476.27 rows=112 width=8) (actual time=14.689..22.979 rows=713 loops=1) |                     Workers Planned: 1 |                     Workers Launched: 1 |                     ->  Parallel Hash Join  (cost=6541.53..9465.07 rows=66 width=8) (actual time=9.499..17.474 rows=356 loops=2) |                           Hash Cond: (c.postid = p.id) |                           ->  Parallel Seq Scan on comments c  (cost=0.00..2625.65 rows=79333 width=4) (actual time=0.007..5.113 rows=67444 loops=2) |                                 Filter: (score = 0) |                                 Rows Removed by Filter: 19709 |                           ->  Parallel Hash  (cost=6540.96..6540.96 rows=45 width=20) (actual time=9.270..9.273 rows=125 loops=2) |                                 Buckets: 1024  Batches: 1  Memory Usage: 72kB |                                 ->  Nested Loop  (cost=372.03..6540.96 rows=45 width=20) (actual time=1.851..9.229 rows=125 loops=2) |                                       ->  Nested Loop  (cost=371.74..6522.91 rows=51 width=16) (actual time=1.834..8.947 rows=191 loops=2) |                                             ->  Hash Join  (cost=371.44..6042.52 rows=630 width=8) (actual time=1.732..8.511 rows=280 loops=2) |                                                   Hash Cond: (v.postid = pl.relatedpostid) |                                                   ->  Parallel Seq Scan on votes v  (cost=0.00..5537.13 rows=1042 width=4) (actual time=0.040..6.668 rows=825 loops=2) |                                                         Filter: ((bountyamount <= 100) AND (creationdate >= '2009-02-03 00:00:00'::timestamp without time zone) AND (creationdate <= '2014-09-11 00:00:00'::timestamp without time zone)) |                                                         Rows Removed by Filter: 163207 |                                                   ->  Hash  (cost=248.53..248.53 rows=9833 width=4) (actual time=1.627..1.627 rows=9811 loops=2) |                                                         Buckets: 16384  Batches: 1  Memory Usage: 473kB |                                                         ->  Seq Scan on postlinks pl  (cost=0.00..248.53 rows=9833 width=4) (actual time=0.022..0.840 rows=9811 loops=2) |                                                               Filter: ((creationdate >= '2011-03-07 16:05:24'::timestamp without time zone) AND (linktypeid = 1)) |                                                               Rows Removed by Filter: 1291 |                                             ->  Index Scan using posts_pkey on posts p  (cost=0.29..0.76 rows=1 width=8) (actual time=0.001..0.001 rows=1 loops=559) |                                                   Index Cond: (id = pl.relatedpostid) |                                                   Filter: ((answercount >= 0) AND (answercount <= 4) AND (creationdate <= '2014-09-12 15:56:19'::timestamp without time zone)) |                                                   Rows Removed by Filter: 0 |                                       ->  Index Scan using users_pkey on users u  (cost=0.29..0.35 rows=1 width=4) (actual time=0.001..0.001 rows=1 loops=382) |                                             Index Cond: (id = p.owneruserid) |                                             Filter: ((views <= 160) AND (creationdate >= '2010-07-27 12:58:30'::timestamp without time zone) AND (creationdate <= '2014-07-12 20:08:07'::timestamp without time zone)) |                                             Rows Removed by Filter: 0 | Planning Time: 0.609 ms | Execution Time: 31.690 ms
s64,99.139,Finalize Aggregate  (cost=17702.05..17702.06 rows=1 width=8) (actual time=96.586..99.099 rows=1 loops=1) |   ->  Gather  (cost=17701.94..17702.05 rows=1 width=8) (actual time=96.400..99.094 rows=2 loops=1) |         Workers Planned: 1 |         Workers Launched: 1 |         ->  Partial Aggregate  (cost=16701.94..16701.95 rows=1 width=8) (actual time=90.871..90.877 rows=1 loops=2) |               ->  Parallel Hash Join  (cost=11350.91..16641.98 rows=23986 width=0) (actual time=38.585..78.430 rows=346304 loops=2) |                     Hash Cond: (v.userid = u.id) |                     ->  Parallel Seq Scan on votes v  (cost=0.00..4572.24 rows=191144 width=4) (actual time=0.036..11.006 rows=163062 loops=2) |                           Filter: (creationdate >= '2010-07-27 00:00:00'::timestamp without time zone) |                           Rows Removed by Filter: 970 |                     ->  Parallel Hash  (cost=11345.86..11345.86 rows=404 width=8) (actual time=38.453..38.458 rows=4565 loops=2) |                           Buckets: 8192 (originally 1024)  Batches: 1 (originally 1)  Memory Usage: 504kB |                           ->  Parallel Hash Join  (cost=5795.28..11345.86 rows=404 width=8) (actual time=17.535..35.189 rows=4565 loops=2) |                                 Hash Cond: (ph.postid = p.id) |                                 ->  Parallel Seq Scan on posthistory ph  (cost=0.00..4915.18 rows=168809 width=4) (actual time=0.264..9.775 rows=143653 loops=2) |                                       Filter: ((creationdate >= '2011-01-03 23:47:35'::timestamp without time zone) AND (creationdate <= '2014-09-08 12:48:36'::timestamp without time zone)) |                                       Rows Removed by Filter: 7940 |                                 ->  Parallel Hash  (cost=5793.67..5793.67 rows=129 width=20) (actual time=17.133..17.137 rows=796 loops=2) |                                       Buckets: 1024  Batches: 1  Memory Usage: 104kB |                                       ->  Nested Loop  (cost=2740.99..5793.67 rows=129 width=20) (actual time=6.896..17.016 rows=796 loops=2) |                                             ->  Hash Join  (cost=2740.70..5751.17 rows=132 width=16) (actual time=6.875..16.241 rows=806 loops=2) |                                                   Hash Cond: (c.postid = p.id) |                                                   ->  Parallel Seq Scan on comments c  (cost=0.00..2625.65 rows=102267 width=8) (actual time=0.006..5.391 rows=86942 loops=2) |                                                         Filter: (creationdate <= '2014-09-11 13:24:22'::timestamp without time zone) |                                                         Rows Removed by Filter: 211 |                                                   ->  Hash  (cost=2739.21..2739.21 rows=119 width=8) (actual time=6.672..6.674 rows=529 loops=2) |                                                         Buckets: 1024  Batches: 1  Memory Usage: 29kB |                                                         ->  Hash Join  (cost=2462.11..2739.21 rows=119 width=8) (actual time=5.306..6.626 rows=529 loops=2) |                                                               Hash Cond: (pl.postid = p.id) |                                                               ->  Seq Scan on postlinks pl  (cost=0.00..248.53 rows=10885 width=4) (actual time=0.007..0.697 rows=10894 loops=2) |                                                                     Filter: ((creationdate >= '2010-08-13 11:42:08'::timestamp without time zone) AND (creationdate <= '2014-08-29 00:27:05'::timestamp without time zone)) |                                                                     Rows Removed by Filter: 208 |                                                               ->  Hash  (cost=2449.58..2449.58 rows=1002 width=4) (actual time=5.284..5.285 rows=2038 loops=2) |                                                                     Buckets: 2048 (originally 1024)  Batches: 1 (originally 1)  Memory Usage: 88kB |                                                                     ->  Seq Scan on posts p  (cost=0.00..2449.58 rows=1002 width=4) (actual time=0.012..5.013 rows=2038 loops=2) |                                                                           Filter: ((favoritecount <= 12) AND (posttypeid = 1) AND (score = 2)) |                                                                           Rows Removed by Filter: 89938 |                                             ->  Index Scan using users_pkey on users u  (cost=0.29..0.32 rows=1 width=4) (actual time=0.001..0.001 rows=1 loops=1613) |                                                   Index Cond: (id = c.userid) |                                                   Filter: ((reputation >= 1) AND (downvotes >= 0)) | Planning Time: 0.653 ms | Execution Time: 99.139 ms
s65,74.239,Finalize Aggregate  (cost=16795.55..16795.56 rows=1 width=8) (actual time=71.912..74.191 rows=1 loops=1) |   ->  Gather  (cost=16795.43..16795.54 rows=1 width=8) (actual time=71.670..74.185 rows=2 loops=1) |         Workers Planned: 1 |         Workers Launched: 1 |         ->  Partial Aggregate  (cost=15795.43..15795.44 rows=1 width=8) (actual time=64.933..64.942 rows=1 loops=2) |               ->  Parallel Hash Join  (cost=10927.78..15743.02 rows=20967 width=0) (actual time=46.025..64.306 rows=16978 loops=2) |                     Hash Cond: (v.userid = u.id) |                     ->  Parallel Seq Scan on votes v  (cost=0.00..4089.79 rows=192979 width=4) (actual time=0.007..9.401 rows=164032 loops=2) |                     ->  Parallel Hash  (cost=10923.40..10923.40 rows=350 width=8) (actual time=45.067..45.074 rows=2526 loops=2) |                           Buckets: 4096 (originally 1024)  Batches: 1 (originally 1)  Memory Usage: 280kB |                           ->  Nested Loop  (cost=7367.79..10923.40 rows=350 width=8) (actual time=27.369..43.503 rows=2526 loops=2) |                                 ->  Parallel Hash Join  (cost=7367.50..10801.97 rows=371 width=4) (actual time=27.098..38.083 rows=6486 loops=2) |                                       Hash Cond: (c.postid = p.id) |                                       ->  Parallel Seq Scan on comments c  (cost=0.00..3138.32 rows=78392 width=8) (actual time=0.010..6.339 rows=67244 loops=2) |                                             Filter: ((creationdate >= '2010-07-20 06:26:28'::timestamp without time zone) AND (creationdate <= '2014-09-11 18:45:09'::timestamp without time zone) AND (score = 0)) |                                             Rows Removed by Filter: 19909 |                                       ->  Parallel Hash  (cost=7364.30..7364.30 rows=256 width=12) (actual time=27.039..27.042 rows=1998 loops=2) |                                             Buckets: 4096 (originally 1024)  Batches: 1 (originally 1)  Memory Usage: 280kB |                                             ->  Hash Join  (cost=2738.21..7364.30 rows=256 width=12) (actual time=11.190..23.067 rows=1998 loops=2) |                                                   Hash Cond: (ph.postid = p.id) |                                                   ->  Parallel Seq Scan on posthistory ph  (cost=0.00..4469.32 rows=41126 width=4) (actual time=0.007..8.737 rows=34714 loops=2) |                                                         Filter: (posthistorytypeid = 5) |                                                         Rows Removed by Filter: 116880 |                                                   ->  Hash  (cost=2731.04..2731.04 rows=573 width=8) (actual time=11.166..11.168 rows=3043 loops=2) |                                                         Buckets: 4096 (originally 1024)  Batches: 1 (originally 1)  Memory Usage: 151kB |                                                         ->  Hash Join  (cost=2508.88..2731.04 rows=573 width=8) (actual time=9.058..10.866 rows=3043 loops=2) |                                                               Hash Cond: (pl.postid = p.id) |                                                               ->  Seq Scan on postlinks pl  (cost=0.00..193.02 rows=11102 width=4) (actual time=0.006..0.659 rows=11102 loops=2) |                                                               ->  Hash  (cost=2449.58..2449.58 rows=4744 width=4) (actual time=9.040..9.041 rows=10286 loops=2) |                                                                     Buckets: 16384 (originally 8192)  Batches: 1 (originally 1)  Memory Usage: 490kB |                                                                     ->  Seq Scan on posts p  (cost=0.00..2449.58 rows=4744 width=4) (actual time=0.064..7.652 rows=10286 loops=2) |                                                                           Filter: ((favoritecount >= 0) AND (favoritecount <= 2) AND (posttypeid = 1)) |                                                                           Rows Removed by Filter: 81690 |                                 ->  Index Scan using users_pkey on users u  (cost=0.29..0.33 rows=1 width=4) (actual time=0.001..0.001 rows=0 loops=12972) |                                       Index Cond: (id = c.userid) |                                       Filter: ((downvotes <= 0) AND (upvotes >= 0) AND (creationdate >= '2010-09-18 01:58:41'::timestamp without time zone)) |                                       Rows Removed by Filter: 1 | Planning Time: 0.677 ms | Execution Time: 74.239 ms
s66,114.28,Finalize Aggregate  (cost=19499.88..19499.89 rows=1 width=8) (actual time=112.253..114.240 rows=1 loops=1) |   ->  Gather  (cost=19499.77..19499.88 rows=1 width=8) (actual time=111.989..114.234 rows=2 loops=1) |         Workers Planned: 1 |         Workers Launched: 1 |         ->  Partial Aggregate  (cost=18499.77..18499.78 rows=1 width=8) (actual time=106.838..106.842 rows=1 loops=2) |               ->  Parallel Hash Join  (cost=13369.26..18493.08 rows=2676 width=0) (actual time=92.673..105.417 rows=41106 loops=2) |                     Hash Cond: (ph.postid = p.id) |                     ->  Parallel Seq Scan on posthistory ph  (cost=0.00..4915.18 rows=51440 width=4) (actual time=0.008..7.666 rows=44038 loops=2) |                           Filter: ((creationdate <= '2014-08-07 12:06:00'::timestamp without time zone) AND (posthistorytypeid = 2)) |                           Rows Removed by Filter: 107556 |                     ->  Parallel Hash  (cost=13334.09..13334.09 rows=2814 width=12) (actual time=92.545..92.548 rows=43428 loops=2) |                           Buckets: 131072 (originally 8192)  Batches: 1 (originally 1)  Memory Usage: 6080kB |                           ->  Nested Loop  (cost=7082.93..13334.09 rows=2814 width=12) (actual time=9.111..84.303 rows=43428 loops=2) |                                 Join Filter: (p.id = pl.postid) |                                 ->  Hash Join  (cost=7082.64..10862.09 rows=6956 width=8) (actual time=9.094..45.560 rows=49042 loops=2) |                                       Hash Cond: (c.postid = pl.postid) |                                       ->  Parallel Hash Join  (cost=6750.84..10015.26 rows=23759 width=4) (actual time=7.447..30.567 rows=178017 loops=2) |                                             Hash Cond: (c.userid = u.id) |                                             ->  Parallel Seq Scan on comments c  (cost=0.00..2881.99 rows=101440 width=8) (actual time=0.024..6.140 rows=86826 loops=2) |                                                   Filter: ((creationdate >= '2010-07-26 20:21:15'::timestamp without time zone) AND (creationdate <= '2014-09-13 01:26:16'::timestamp without time zone)) |                                                   Rows Removed by Filter: 326 |                                             ->  Parallel Hash  (cost=6749.82..6749.82 rows=82 width=8) (actual time=7.411..7.412 rows=404 loops=2) |                                                   Buckets: 1024  Batches: 1  Memory Usage: 72kB |                                                   ->  Nested Loop  (cost=0.29..6749.82 rows=82 width=8) (actual time=0.066..7.343 rows=404 loops=2) |                                                         ->  Parallel Seq Scan on votes v  (cost=0.00..5537.13 rows=794 width=4) (actual time=0.049..6.680 rows=650 loops=2) |                                                               Filter: ((bountyamount <= 50) AND (creationdate >= '2010-07-21 00:00:00'::timestamp without time zone) AND (creationdate <= '2014-09-14 00:00:00'::timestamp without time zone)) |                                                               Rows Removed by Filter: 163382 |                                                         ->  Index Scan using users_pkey on users u  (cost=0.29..1.53 rows=1 width=4) (actual time=0.001..0.001 rows=1 loops=1301) |                                                               Index Cond: (id = v.userid) |                                                               Filter: ((views >= 0) AND (creationdate <= '2014-08-19 21:33:14'::timestamp without time zone)) |                                                               Rows Removed by Filter: 0 |                                       ->  Hash  (cost=193.02..193.02 rows=11102 width=4) (actual time=1.627..1.627 rows=11102 loops=2) |                                             Buckets: 16384  Batches: 1  Memory Usage: 519kB |                                             ->  Seq Scan on postlinks pl  (cost=0.00..193.02 rows=11102 width=4) (actual time=0.008..0.731 rows=11102 loops=2) |                                 ->  Index Scan using posts_pkey on posts p  (cost=0.29..0.34 rows=1 width=4) (actual time=0.001..0.001 rows=1 loops=98084) |                                       Index Cond: (id = c.postid) |                                       Filter: ((score >= '-1'::integer) AND (score <= 19) AND (commentcount <= 13)) |                                       Rows Removed by Filter: 0 | Planning Time: 0.688 ms | Execution Time: 114.280 ms
s67,91.679,Finalize Aggregate  (cost=16315.67..16315.68 rows=1 width=8) (actual time=79.335..91.625 rows=1 loops=1) |   ->  Gather  (cost=16315.56..16315.67 rows=1 width=8) (actual time=78.671..91.609 rows=2 loops=1) |         Workers Planned: 1 |         Workers Launched: 1 |         ->  Partial Aggregate  (cost=15315.56..15315.57 rows=1 width=8) (actual time=73.144..73.154 rows=1 loops=2) |               ->  Parallel Hash Join  (cost=10493.55..15307.29 rows=3308 width=0) (actual time=29.221..73.086 rows=234 loops=2) |                     Hash Cond: (v.userid = u.id) |                     ->  Parallel Seq Scan on votes v  (cost=0.00..4089.79 rows=192979 width=4) (actual time=0.029..28.356 rows=164032 loops=2) |                     ->  Parallel Hash  (cost=10492.86..10492.86 rows=55 width=8) (actual time=27.376..27.384 rows=182 loops=2) |                           Buckets: 1024  Batches: 1  Memory Usage: 72kB |                           ->  Nested Loop  (cost=7041.47..10492.86 rows=55 width=8) (actual time=17.044..27.319 rows=182 loops=2) |                                 ->  Parallel Hash Join  (cost=7041.18..10473.40 rows=59 width=4) (actual time=16.340..26.365 rows=722 loops=2) |                                       Hash Cond: (c.postid = p.id) |                                       ->  Parallel Seq Scan on comments c  (cost=0.00..3138.32 rows=78282 width=8) (actual time=0.027..6.539 rows=66858 loops=2) |                                             Filter: ((creationdate >= '2010-08-02 20:27:48'::timestamp without time zone) AND (creationdate <= '2014-09-10 16:09:23'::timestamp without time zone) AND (score = 0)) |                                             Rows Removed by Filter: 20295 |                                       ->  Parallel Hash  (cost=7040.66..7040.66 rows=41 width=12) (actual time=15.956..15.961 rows=335 loops=2) |                                             Buckets: 1024  Batches: 1  Memory Usage: 72kB |                                             ->  Nested Loop  (cost=346.16..7040.66 rows=41 width=12) (actual time=1.748..15.766 rows=335 loops=2) |                                                   Join Filter: (p.id = pl.postid) |                                                   ->  Hash Join  (cost=345.86..5334.89 rows=3962 width=8) (actual time=1.708..11.197 rows=5003 loops=2) |                                                         Hash Cond: (ph.postid = pl.postid) |                                                         ->  Parallel Seq Scan on posthistory ph  (cost=0.00..4469.32 rows=25605 width=4) (actual time=0.009..7.484 rows=21460 loops=2) |                                                               Filter: (posthistorytypeid = 1) |                                                               Rows Removed by Filter: 130133 |                                                         ->  Hash  (cost=220.78..220.78 rows=10007 width=4) (actual time=1.673..1.674 rows=10006 loops=2) |                                                               Buckets: 16384  Batches: 1  Memory Usage: 480kB |                                                               ->  Seq Scan on postlinks pl  (cost=0.00..220.78 rows=10007 width=4) (actual time=0.049..0.814 rows=10006 loops=2) |                                                                     Filter: (creationdate >= '2011-11-03 05:09:35'::timestamp without time zone) |                                                                     Rows Removed by Filter: 1096 |                                                   ->  Index Scan using posts_pkey on posts p  (cost=0.29..0.42 rows=1 width=4) (actual time=0.001..0.001 rows=0 loops=10006) |                                                         Index Cond: (id = ph.postid) |                                                         Filter: ((viewcount <= 4937) AND (posttypeid = 1) AND (score = 4)) |                                                         Rows Removed by Filter: 1 |                                 ->  Index Scan using users_pkey on users u  (cost=0.29..0.33 rows=1 width=4) (actual time=0.001..0.001 rows=0 loops=1444) |                                       Index Cond: (id = c.userid) |                                       Filter: ((reputation <= 270) AND (views >= 0) AND (views <= 51) AND (downvotes >= 0)) |                                       Rows Removed by Filter: 1 | Planning Time: 0.657 ms | Execution Time: 91.679 ms
s68,71372.02,"Finalize Aggregate  (cost=224565.07..224565.08 rows=1 width=8) (actual time=71288.966..71366.384 rows=1 loops=1) |   ->  Gather  (cost=224564.96..224565.07 rows=1 width=8) (actual time=71245.570..71366.296 rows=2 loops=1) |         Workers Planned: 1 |         Workers Launched: 1 |         ->  Partial Aggregate  (cost=223564.96..223564.97 rows=1 width=8) (actual time=71254.519..71254.645 rows=1 loops=2) |               ->  Parallel Hash Join  (cost=48381.39..193985.28 rows=11831872 width=0) (actual time=1054.914..43407.801 rows=556373641 loops=2) |                     Hash Cond: (ph.postid = p.id) |                     ->  Parallel Hash Join  (cost=6252.77..25667.98 rows=900042 width=8) (actual time=68.888..188.075 rows=663986 loops=2) |                           Hash Cond: (v.postid = ph.postid) |                           ->  Parallel Seq Scan on votes v  (cost=0.00..5054.68 rows=190867 width=4) (actual time=0.149..18.007 rows=163576 loops=2) |                                 Filter: ((creationdate >= '2010-07-19 00:00:00'::timestamp without time zone) AND (creationdate <= '2014-09-10 00:00:00'::timestamp without time zone)) |                                 Rows Removed by Filter: 456 |                           ->  Parallel Hash  (cost=4023.45..4023.45 rows=178345 width=4) (actual time=64.582..64.598 rows=151594 loops=2) |                                 Buckets: 524288  Batches: 1  Memory Usage: 16000kB |                                 ->  Parallel Seq Scan on posthistory ph  (cost=0.00..4023.45 rows=178345 width=4) (actual time=0.046..32.779 rows=151594 loops=2) |                     ->  Parallel Hash  (cost=24442.60..24442.60 rows=1017442 width=12) (actual time=726.523..726.580 rows=1907353 loops=2) |                           Buckets: 262144 (originally 262144)  Batches: 64 (originally 16)  Memory Usage: 8736kB |                           ->  Hash Join  (cost=4970.94..24442.60 rows=1017442 width=12) (actual time=53.461..238.022 rows=1907353 loops=2) |                                 Hash Cond: (c.userid = b.userid) |                                 ->  Hash Join  (cost=2742.30..5619.87 rows=12376 width=16) (actual time=11.513..33.482 rows=16663 loops=2) |                                       Hash Cond: (c.postid = p.id) |                                       ->  Parallel Seq Scan on comments c  (cost=0.00..2369.32 rows=102532 width=8) (actual time=0.006..6.416 rows=87152 loops=2) |                                       ->  Hash  (cost=2603.52..2603.52 rows=11102 width=8) (actual time=11.426..11.456 rows=11102 loops=2) |                                             Buckets: 16384  Batches: 1  Memory Usage: 562kB |                                             ->  Nested Loop  (cost=0.30..2603.52 rows=11102 width=8) (actual time=0.089..9.959 rows=11102 loops=2) |                                                   ->  Seq Scan on postlinks pl  (cost=0.00..193.02 rows=11102 width=4) (actual time=0.022..0.693 rows=11102 loops=2) |                                                   ->  Memoize  (cost=0.30..0.42 rows=1 width=4) (actual time=0.001..0.001 rows=1 loops=22204) |                                                         Cache Key: pl.relatedpostid |                                                         Cache Mode: logical |                                                         Hits: 5925  Misses: 5177  Evictions: 0  Overflows: 0  Memory Usage: 526kB |                                                         Worker 0:  Hits: 5925  Misses: 5177  Evictions: 0  Overflows: 0  Memory Usage: 526kB |                                                         ->  Index Only Scan using posts_pkey on posts p  (cost=0.29..0.41 rows=1 width=4) (actual time=0.001..0.001 rows=1 loops=10354) |                                                               Index Cond: (id = pl.relatedpostid) |                                                               Heap Fetches: 0 |                                 ->  Hash  (cost=1230.51..1230.51 rows=79851 width=4) (actual time=41.692..41.694 rows=79851 loops=2) |                                       Buckets: 131072  Batches: 1  Memory Usage: 3832kB |                                       ->  Seq Scan on badges b  (cost=0.00..1230.51 rows=79851 width=4) (actual time=19.713..27.594 rows=79851 loops=2) | Planning Time: 0.888 ms | JIT: |   Functions: 90 |   Options: Inlining false, Optimization false, Expressions true, Deforming true |   Timing: Generation 2.954 ms, Inlining 0.000 ms, Optimization 2.140 ms, Emission 38.540 ms, Total 43.634 ms | Execution Time: 71372.020 ms"
s69,5317.294,Finalize Aggregate  (cost=92257.25..92257.26 rows=1 width=8) (actual time=5315.095..5317.108 rows=1 loops=1) |   ->  Gather  (cost=92257.14..92257.25 rows=1 width=8) (actual time=5314.259..5317.103 rows=2 loops=1) |         Workers Planned: 1 |         Workers Launched: 1 |         ->  Partial Aggregate  (cost=91257.14..91257.15 rows=1 width=8) (actual time=5294.488..5294.493 rows=1 loops=2) |               ->  Hash Join  (cost=13224.60..81626.38 rows=3852304 width=0) (actual time=113.528..3324.100 rows=53827376 loops=2) |                     Hash Cond: (c.userid = b.userid) |                     ->  Parallel Hash Join  (cost=10995.95..16565.22 rows=46861 width=4) (actual time=94.713..190.196 rows=609910 loops=2) |                           Hash Cond: (v.postid = p.id) |                           ->  Parallel Seq Scan on votes v  (cost=0.00..4572.24 rows=192371 width=4) (actual time=0.009..23.161 rows=163617 loops=2) |                                 Filter: (creationdate <= '2014-09-10 00:00:00'::timestamp without time zone) |                                 Rows Removed by Filter: 415 |                           ->  Parallel Hash  (cost=10831.21..10831.21 rows=13179 width=20) (actual time=94.522..94.526 rows=49626 loops=2) |                                 Buckets: 131072 (originally 32768)  Batches: 1 (originally 1)  Memory Usage: 7232kB |                                 ->  Parallel Hash Join  (cost=6061.45..10831.21 rows=13179 width=20) (actual time=51.387..84.542 rows=49626 loops=2) |                                       Hash Cond: (ph.postid = p.id) |                                       ->  Parallel Seq Scan on posthistory ph  (cost=0.00..4023.45 rows=178345 width=4) (actual time=0.012..11.979 rows=151594 loops=2) |                                       ->  Parallel Hash  (cost=6011.47..6011.47 rows=3998 width=16) (actual time=51.308..51.310 rows=7252 loops=2) |                                             Buckets: 16384 (originally 8192)  Batches: 1 (originally 1)  Memory Usage: 928kB |                                             ->  Hash Join  (cost=3048.33..6011.47 rows=3998 width=16) (actual time=23.385..42.419 rows=7252 loops=2) |                                                   Hash Cond: (c.postid = p.id) |                                                   ->  Parallel Seq Scan on comments c  (cost=0.00..2625.65 rows=79333 width=8) (actual time=0.028..11.784 rows=67444 loops=2) |                                                         Filter: (score = 0) |                                                         Rows Removed by Filter: 19709 |                                                   ->  Hash  (cost=2990.38..2990.38 rows=4636 width=8) (actual time=23.330..23.331 rows=7258 loops=2) |                                                         Buckets: 8192  Batches: 1  Memory Usage: 348kB |                                                         ->  Hash Join  (cost=2742.86..2990.38 rows=4636 width=8) (actual time=19.146..22.414 rows=7258 loops=2) |                                                               Hash Cond: (pl.relatedpostid = p.id) |                                                               ->  Seq Scan on postlinks pl  (cost=0.00..220.78 rows=10186 width=4) (actual time=0.034..1.194 rows=10186 loops=2) |                                                                     Filter: (linktypeid = 1) |                                                                     Rows Removed by Filter: 916 |                                                               ->  Hash  (cost=2219.64..2219.64 rows=41858 width=4) (actual time=18.936..18.937 rows=41984 loops=2) |                                                                     Buckets: 65536  Batches: 1  Memory Usage: 1988kB |                                                                     ->  Seq Scan on posts p  (cost=0.00..2219.64 rows=41858 width=4) (actual time=0.022..9.723 rows=41984 loops=2) |                                                                           Filter: ((score <= 32) AND (viewcount <= 4146)) |                                                                           Rows Removed by Filter: 49992 |                     ->  Hash  (cost=1230.51..1230.51 rows=79851 width=4) (actual time=18.113..18.113 rows=79851 loops=2) |                           Buckets: 131072  Batches: 1  Memory Usage: 3832kB |                           ->  Seq Scan on badges b  (cost=0.00..1230.51 rows=79851 width=4) (actual time=0.046..8.322 rows=79851 loops=2) | Planning Time: 3.153 ms | Execution Time: 5317.294 ms
s70,3947.103,Finalize Aggregate  (cost=25532.14..25532.15 rows=1 width=8) (actual time=3944.687..3947.056 rows=1 loops=1) |   ->  Gather  (cost=25532.02..25532.13 rows=1 width=8) (actual time=3944.396..3947.052 rows=2 loops=1) |         Workers Planned: 1 |         Workers Launched: 1 |         ->  Partial Aggregate  (cost=24532.02..24532.03 rows=1 width=8) (actual time=3920.859..3920.864 rows=1 loops=2) |               ->  Hash Join  (cost=14733.54..23858.64 rows=269355 width=0) (actual time=82.164..2456.729 rows=40026264 loops=2) |                     Hash Cond: (c.userid = b.userid) |                     ->  Parallel Hash Join  (cost=12317.29..17029.04 rows=3316 width=4) (actual time=63.322..122.236 rows=341126 loops=2) |                           Hash Cond: (ph.postid = p.id) |                           ->  Parallel Seq Scan on posthistory ph  (cost=0.00..4023.45 rows=178345 width=4) (actual time=0.007..11.124 rows=151594 loops=2) |                           ->  Parallel Hash  (cost=12304.71..12304.71 rows=1006 width=20) (actual time=63.193..63.196 rows=48901 loops=2) |                                 Buckets: 131072 (originally 2048)  Batches: 1 (originally 1)  Memory Usage: 7408kB |                                 ->  Parallel Hash Join  (cost=6669.59..12304.71 rows=1006 width=20) (actual time=25.316..50.196 rows=48901 loops=2) |                                       Hash Cond: (v.postid = p.id) |                                       ->  Parallel Seq Scan on votes v  (cost=0.00..5054.68 rows=153208 width=4) (actual time=0.045..11.875 rows=130218 loops=2) |                                             Filter: ((creationdate >= '2010-07-27 00:00:00'::timestamp without time zone) AND (votetypeid = 2)) |                                             Rows Removed by Filter: 33814 |                                       ->  Parallel Hash  (cost=6665.15..6665.15 rows=355 width=16) (actual time=25.233..25.235 rows=5567 loops=2) |                                             Buckets: 16384 (originally 1024)  Batches: 1 (originally 1)  Memory Usage: 792kB |                                             ->  Hash Join  (cost=3398.94..6665.15 rows=355 width=16) (actual time=10.011..46.888 rows=11134 loops=1) |                                                   Hash Cond: (c.postid = p.id) |                                                   ->  Parallel Seq Scan on comments c  (cost=0.00..2881.99 rows=101514 width=8) (actual time=0.024..19.538 rows=173719 loops=1) |                                                         Filter: ((creationdate >= '2010-07-26 20:21:15'::timestamp without time zone) AND (creationdate <= '2014-09-13 18:12:10'::timestamp without time zone)) |                                                         Rows Removed by Filter: 586 |                                                   ->  Hash  (cost=3394.91..3394.91 rows=322 width=8) (actual time=9.979..9.980 rows=4664 loops=1) |                                                         Buckets: 8192 (originally 1024)  Batches: 1 (originally 1)  Memory Usage: 247kB |                                                         ->  Hash Join  (cost=3172.75..3394.91 rows=322 width=8) (actual time=7.548..9.518 rows=4664 loops=1) |                                                               Hash Cond: (pl.relatedpostid = p.id) |                                                               ->  Seq Scan on postlinks pl  (cost=0.00..193.02 rows=11102 width=4) (actual time=0.006..0.701 rows=11102 loops=1) |                                                               ->  Hash  (cost=3139.40..3139.40 rows=2668 width=4) (actual time=7.535..7.536 rows=11552 loops=1) |                                                                     Buckets: 16384 (originally 4096)  Batches: 1 (originally 1)  Memory Usage: 535kB |                                                                     ->  Seq Scan on posts p  (cost=0.00..3139.40 rows=2668 width=4) (actual time=0.003..6.413 rows=11552 loops=1) |                                                                           Filter: ((score <= 61) AND (viewcount <= 3627) AND (answercount >= 0) AND (answercount <= 5) AND (commentcount <= 8) AND (favoritecount >= 0)) |                                                                           Rows Removed by Filter: 80424 |                     ->  Hash  (cost=1430.14..1430.14 rows=78889 width=4) (actual time=17.841..17.842 rows=78900 loops=2) |                           Buckets: 131072  Batches: 1  Memory Usage: 3798kB |                           ->  Seq Scan on badges b  (cost=0.00..1430.14 rows=78889 width=4) (actual time=0.056..6.969 rows=78900 loops=2) |                                 Filter: (date >= '2010-07-30 03:49:24'::timestamp without time zone) |                                 Rows Removed by Filter: 951 | Planning Time: 0.733 ms | Execution Time: 3947.103 ms
s71,3281.331,Finalize Aggregate  (cost=25900.22..25900.23 rows=1 width=8) (actual time=3245.818..3278.600 rows=1 loops=1) |   ->  Gather  (cost=25900.10..25900.21 rows=1 width=8) (actual time=3224.626..3278.552 rows=2 loops=1) |         Workers Planned: 1 |         Workers Launched: 1 |         ->  Partial Aggregate  (cost=24900.10..24900.11 rows=1 width=8) (actual time=3224.727..3225.314 rows=1 loops=2) |               ->  Hash Join  (cost=15144.27..23973.09 rows=370805 width=0) (actual time=96.620..2039.123 rows=29311796 loops=2) |                     Hash Cond: (c.userid = b.userid) |                     ->  Parallel Hash Join  (cost=12915.62..15695.97 rows=4511 width=4) (actual time=84.651..143.346 rows=260352 loops=2) |                           Hash Cond: (c.postid = p.id) |                           ->  Parallel Seq Scan on comments c  (cost=0.00..2369.32 rows=102532 width=8) (actual time=0.007..10.449 rows=87152 loops=2) |                           ->  Parallel Hash  (cost=12885.87..12885.87 rows=2380 width=16) (actual time=84.512..85.070 rows=65074 loops=2) |                                 Buckets: 131072 (originally 4096)  Batches: 1 (originally 1)  Memory Usage: 8160kB |                                 ->  Parallel Hash Join  (cost=8200.76..12885.87 rows=2380 width=16) (actual time=55.277..72.671 rows=65074 loops=2) |                                       Hash Cond: (ph.postid = p.id) |                                       ->  Parallel Seq Scan on posthistory ph  (cost=0.00..4469.32 rows=53813 width=4) (actual time=0.004..7.241 rows=45988 loops=2) |                                             Filter: (posthistorytypeid = 2) |                                             Rows Removed by Filter: 105606 |                                       ->  Parallel Hash  (cost=8170.85..8170.85 rows=2393 width=12) (actual time=55.233..55.286 rows=65074 loops=2) |                                             Buckets: 131072 (originally 4096)  Batches: 1 (originally 1)  Memory Usage: 8160kB |                                             ->  Hash Join  (cost=3500.34..8170.85 rows=2393 width=12) (actual time=25.591..38.090 rows=65074 loops=2) |                                                   Hash Cond: (v.postid = p.id) |                                                   ->  Parallel Seq Scan on votes v  (cost=0.00..4572.24 rows=19825 width=4) (actual time=0.012..6.801 rows=16846 loops=2) |                                                         Filter: (votetypeid = 5) |                                                         Rows Removed by Filter: 147186 |                                                   ->  Hash  (cost=3361.56..3361.56 rows=11102 width=8) (actual time=25.536..25.566 rows=11102 loops=2) |                                                         Buckets: 16384  Batches: 1  Memory Usage: 562kB |                                                         ->  Hash Join  (cost=3139.40..3361.56 rows=11102 width=8) (actual time=19.795..22.324 rows=11102 loops=2) |                                                               Hash Cond: (pl.relatedpostid = p.id) |                                                               ->  Seq Scan on postlinks pl  (cost=0.00..193.02 rows=11102 width=4) (actual time=0.016..0.619 rows=11102 loops=2) |                                                               ->  Hash  (cost=1989.70..1989.70 rows=91976 width=4) (actual time=19.466..19.474 rows=91976 loops=2) |                                                                     Buckets: 131072  Batches: 1  Memory Usage: 4258kB |                                                                     ->  Seq Scan on posts p  (cost=0.00..1989.70 rows=91976 width=4) (actual time=0.012..7.640 rows=91976 loops=2) |                                                                           Filter: (commentcount >= 0) |                     ->  Hash  (cost=1230.51..1230.51 rows=79851 width=4) (actual time=11.848..11.849 rows=79851 loops=2) |                           Buckets: 131072  Batches: 1  Memory Usage: 3832kB |                           ->  Seq Scan on badges b  (cost=0.00..1230.51 rows=79851 width=4) (actual time=0.006..4.932 rows=79851 loops=2) | Planning Time: 0.711 ms | Execution Time: 3281.331 ms
s72,209.432,Finalize Aggregate  (cost=16771.36..16771.37 rows=1 width=8) (actual time=206.804..209.317 rows=1 loops=1) |   ->  Gather  (cost=16771.25..16771.36 rows=1 width=8) (actual time=206.709..209.312 rows=2 loops=1) |         Workers Planned: 1 |         Workers Launched: 1 |         ->  Partial Aggregate  (cost=15771.25..15771.26 rows=1 width=8) (actual time=176.826..176.831 rows=1 loops=2) |               ->  Parallel Hash Join  (cost=10631.78..15673.98 rows=38909 width=0) (actual time=60.205..145.807 rows=791030 loops=2) |                     Hash Cond: (v.postid = p.id) |                     ->  Parallel Seq Scan on votes v  (cost=0.00..4089.79 rows=192979 width=4) (actual time=0.019..16.914 rows=164032 loops=2) |                     ->  Parallel Hash  (cost=10495.50..10495.50 rows=10902 width=16) (actual time=58.964..58.968 rows=38544 loops=2) |                           Buckets: 131072 (originally 32768)  Batches: 1 (originally 1)  Memory Usage: 5440kB |                           ->  Hash Join  (cost=7392.36..10495.50 rows=10902 width=16) (actual time=35.761..50.419 rows=38544 loops=2) |                                 Hash Cond: (c.userid = b.userid) |                                 ->  Parallel Hash Join  (cost=4992.28..7916.24 rows=136 width=20) (actual time=20.004..30.575 rows=520 loops=2) |                                       Hash Cond: (c.postid = p.id) |                                       ->  Parallel Seq Scan on comments c  (cost=0.00..2625.65 rows=79333 width=8) (actual time=0.012..6.043 rows=67444 loops=2) |                                             Filter: (score = 0) |                                             Rows Removed by Filter: 19709 |                                       ->  Parallel Hash  (cost=4991.12..4991.12 rows=93 width=12) (actual time=19.788..19.791 rows=206 loops=2) |                                             Buckets: 1024  Batches: 1  Memory Usage: 40kB |                                             ->  Nested Loop  (cost=332.09..4991.12 rows=93 width=12) (actual time=8.408..39.415 rows=411 loops=1) |                                                   ->  Hash Join  (cost=331.80..4897.13 rows=133 width=8) (actual time=8.317..33.799 rows=537 loops=1) |                                                         Hash Cond: (ph.postid = pl.relatedpostid) |                                                         ->  Parallel Seq Scan on posthistory ph  (cost=0.00..4469.32 rows=773 width=4) (actual time=5.364..30.375 rows=1043 loops=1) |                                                               Filter: (posthistorytypeid = 34) |                                                               Rows Removed by Filter: 302144 |                                                         ->  Hash  (cost=193.02..193.02 rows=11102 width=4) (actual time=2.925..2.926 rows=11102 loops=1) |                                                               Buckets: 16384  Batches: 1  Memory Usage: 519kB |                                                               ->  Seq Scan on postlinks pl  (cost=0.00..193.02 rows=11102 width=4) (actual time=0.030..1.453 rows=11102 loops=1) |                                                   ->  Index Scan using posts_pkey on posts p  (cost=0.29..0.71 rows=1 width=4) (actual time=0.010..0.010 rows=1 loops=537) |                                                         Index Cond: (id = pl.relatedpostid) |                                                         Filter: (score <= 67) |                                                         Rows Removed by Filter: 0 |                                 ->  Hash  (cost=1430.14..1430.14 rows=77595 width=4) (actual time=15.554..15.554 rows=77656 loops=2) |                                       Buckets: 131072  Batches: 1  Memory Usage: 3755kB |                                       ->  Seq Scan on badges b  (cost=0.00..1430.14 rows=77595 width=4) (actual time=0.019..8.066 rows=77656 loops=2) |                                             Filter: (date <= '2014-08-20 12:16:56'::timestamp without time zone) |                                             Rows Removed by Filter: 2195 | Planning Time: 1.701 ms | Execution Time: 209.432 ms
s73,177.116,Finalize Aggregate  (cost=18256.08..18256.09 rows=1 width=8) (actual time=174.357..177.057 rows=1 loops=1) |   ->  Gather  (cost=18255.97..18256.08 rows=1 width=8) (actual time=173.739..177.048 rows=2 loops=1) |         Workers Planned: 1 |         Workers Launched: 1 |         ->  Partial Aggregate  (cost=17255.97..17255.98 rows=1 width=8) (actual time=168.175..168.242 rows=1 loops=2) |               ->  Parallel Hash Join  (cost=11395.88..17160.59 rows=38154 width=0) (actual time=60.011..136.525 rows=819710 loops=2) |                     Hash Cond: (ph.postid = p.id) |                     ->  Parallel Seq Scan on posthistory ph  (cost=0.00..4915.18 rows=166709 width=4) (actual time=0.119..11.977 rows=141880 loops=2) |                           Filter: ((creationdate >= '2010-09-20 17:45:15'::timestamp without time zone) AND (creationdate <= '2014-08-07 01:00:45'::timestamp without time zone)) |                           Rows Removed by Filter: 9714 |                     ->  Parallel Hash  (cost=11241.14..11241.14 rows=12379 width=16) (actual time=59.440..59.505 rows=105796 loops=2) |                           Buckets: 262144 (originally 32768)  Batches: 1 (originally 1)  Memory Usage: 13792kB |                           ->  Hash Join  (cost=8031.31..11241.14 rows=12379 width=16) (actual time=22.392..39.437 rows=105796 loops=2) |                                 Hash Cond: (c.userid = b.userid) |                                 ->  Parallel Hash Join  (cost=5802.67..8810.03 rows=151 width=20) (actual time=9.518..19.654 rows=983 loops=2) |                                       Hash Cond: (c.postid = p.id) |                                       ->  Parallel Seq Scan on comments c  (cost=0.00..2625.65 rows=101555 width=8) (actual time=0.010..5.653 rows=87002 loops=2) |                                             Filter: (creationdate >= '2010-07-22 01:19:43'::timestamp without time zone) |                                             Rows Removed by Filter: 150 |                                       ->  Parallel Hash  (cost=5801.67..5801.67 rows=80 width=12) (actual time=9.480..9.483 rows=272 loops=2) |                                             Buckets: 1024  Batches: 1  Memory Usage: 72kB |                                             ->  Nested Loop  (cost=332.09..5801.67 rows=80 width=12) (actual time=2.337..9.418 rows=272 loops=2) |                                                   ->  Hash Join  (cost=331.80..5092.85 rows=996 width=8) (actual time=2.283..8.585 rows=298 loops=2) |                                                         Hash Cond: (v.postid = pl.relatedpostid) |                                                         ->  Parallel Seq Scan on votes v  (cost=0.00..4572.24 rows=1460 width=4) (actual time=0.437..6.589 rows=1083 loops=2) |                                                               Filter: (votetypeid = 15) |                                                               Rows Removed by Filter: 162949 |                                                         ->  Hash  (cost=193.02..193.02 rows=11102 width=4) (actual time=1.769..1.770 rows=11102 loops=2) |                                                               Buckets: 16384  Batches: 1  Memory Usage: 519kB |                                                               ->  Seq Scan on postlinks pl  (cost=0.00..193.02 rows=11102 width=4) (actual time=0.034..0.758 rows=11102 loops=2) |                                                   ->  Index Scan using posts_pkey on posts p  (cost=0.29..0.71 rows=1 width=4) (actual time=0.003..0.003 rows=1 loops=597) |                                                         Index Cond: (id = pl.relatedpostid) |                                                         Filter: ((score >= '-1'::integer) AND (viewcount >= 0) AND (commentcount <= 9)) |                                                         Rows Removed by Filter: 0 |                                 ->  Hash  (cost=1230.51..1230.51 rows=79851 width=4) (actual time=12.777..12.778 rows=79851 loops=2) |                                       Buckets: 131072  Batches: 1  Memory Usage: 3832kB |                                       ->  Seq Scan on badges b  (cost=0.00..1230.51 rows=79851 width=4) (actual time=0.007..5.007 rows=79851 loops=2) | Planning Time: 0.768 ms | Execution Time: 177.116 ms
s74,2229.119,Finalize Aggregate  (cost=34744.26..34744.27 rows=1 width=8) (actual time=2225.451..2228.799 rows=1 loops=1) |   ->  Gather  (cost=34744.15..34744.26 rows=1 width=8) (actual time=2225.446..2228.794 rows=2 loops=1) |         Workers Planned: 1 |         Workers Launched: 1 |         ->  Partial Aggregate  (cost=33744.15..33744.16 rows=1 width=8) (actual time=2216.704..2216.712 rows=1 loops=2) |               ->  Hash Join  (cost=14991.52..23900.68 rows=3937389 width=0) (actual time=228.404..1518.843 rows=19343164 loops=2) |                     Hash Cond: (p.owneruserid = u.id) |                     ->  Parallel Hash Join  (cost=11248.12..17296.06 rows=116774 width=4) (actual time=187.243..294.987 rows=1006922 loops=2) |                           Hash Cond: (ph.postid = p.id) |                           ->  Parallel Seq Scan on posthistory ph  (cost=0.00..4023.45 rows=178345 width=4) (actual time=0.007..11.438 rows=151594 loops=2) |                           ->  Parallel Hash  (cost=10805.30..10805.30 rows=35425 width=16) (actual time=143.160..143.164 rows=151490 loops=2) |                                 Buckets: 262144 (originally 65536)  Batches: 4 (originally 1)  Memory Usage: 5728kB |                                 ->  Parallel Hash Join  (cost=5783.45..10805.30 rows=35425 width=16) (actual time=38.875..84.878 rows=151490 loops=2) |                                       Hash Cond: (v.postid = p.id) |                                       ->  Parallel Seq Scan on votes v  (cost=0.00..4089.79 rows=192979 width=4) (actual time=0.013..10.492 rows=164032 loops=2) |                                       ->  Parallel Hash  (cost=5659.30..5659.30 rows=9932 width=12) (actual time=38.779..38.781 rows=43026 loops=2) |                                             Buckets: 131072 (originally 32768)  Batches: 1 (originally 1)  Memory Usage: 5856kB |                                             ->  Hash Join  (cost=3020.82..5659.30 rows=9932 width=12) (actual time=12.129..29.856 rows=43026 loops=2) |                                                   Hash Cond: (c.postid = p.id) |                                                   ->  Parallel Seq Scan on comments c  (cost=0.00..2369.32 rows=102532 width=4) (actual time=0.005..5.405 rows=87152 loops=2) |                                                   ->  Hash  (cost=2909.46..2909.46 rows=8909 width=8) (actual time=12.078..12.079 rows=41177 loops=2) |                                                         Buckets: 65536 (originally 16384)  Batches: 1 (originally 1)  Memory Usage: 2118kB |                                                         ->  Seq Scan on posts p  (cost=0.00..2909.46 rows=8909 width=8) (actual time=0.015..7.570 rows=41177 loops=2) |                                                               Filter: ((score <= 192) AND (viewcount >= 0) AND (viewcount <= 2772) AND (answercount <= 5) AND (posttypeid = 1)) |                                                               Rows Removed by Filter: 50799 |                     ->  Hash  (cost=2745.27..2745.27 rows=79851 width=8) (actual time=40.607..40.608 rows=79851 loops=2) |                           Buckets: 131072  Batches: 1  Memory Usage: 4144kB |                           ->  Hash Join  (cost=1305.12..2745.27 rows=79851 width=8) (actual time=9.328..28.379 rows=79851 loops=2) |                                 Hash Cond: (b.userid = u.id) |                                 ->  Seq Scan on badges b  (cost=0.00..1230.51 rows=79851 width=4) (actual time=0.015..4.549 rows=79851 loops=2) |                                 ->  Hash  (cost=801.06..801.06 rows=40325 width=4) (actual time=9.119..9.119 rows=40325 loops=2) |                                       Buckets: 65536  Batches: 1  Memory Usage: 1930kB |                                       ->  Seq Scan on users u  (cost=0.00..801.06 rows=40325 width=4) (actual time=0.028..3.899 rows=40325 loops=2) |                                             Filter: (downvotes >= 0) | Planning Time: 0.650 ms | Execution Time: 2229.119 ms
s75,467.392,Finalize Aggregate  (cost=42597.26..42597.27 rows=1 width=8) (actual time=461.945..467.311 rows=1 loops=1) |   ->  Gather  (cost=42597.15..42597.26 rows=1 width=8) (actual time=459.717..467.297 rows=2 loops=1) |         Workers Planned: 1 |         Workers Launched: 1 |         ->  Partial Aggregate  (cost=41597.15..41597.16 rows=1 width=8) (actual time=451.152..451.283 rows=1 loops=2) |               ->  Hash Join  (cost=16284.76..26944.28 rows=5861146 width=0) (actual time=173.353..381.918 rows=1906294 loops=2) |                     Hash Cond: (p.owneruserid = u.id) |                     ->  Parallel Hash Join  (cost=12502.91..18865.62 rows=181357 width=4) (actual time=131.948..197.948 rows=591258 loops=2) |                           Hash Cond: (v.postid = p.id) |                           ->  Parallel Seq Scan on votes v  (cost=0.00..4089.79 rows=192979 width=4) (actual time=0.003..8.346 rows=164032 loops=2) |                           ->  Parallel Hash  (cost=11867.35..11867.35 rows=50845 width=16) (actual time=103.322..103.449 rows=160850 loops=2) |                                 Buckets: 262144 (originally 131072)  Batches: 4 (originally 1)  Memory Usage: 5920kB |                                 ->  Parallel Hash Join  (cost=6876.00..11867.35 rows=50845 width=16) (actual time=35.169..70.827 rows=160850 loops=2) |                                       Hash Cond: (ph.postid = p.id) |                                       ->  Parallel Seq Scan on posthistory ph  (cost=0.00..4023.45 rows=178345 width=4) (actual time=0.003..8.591 rows=151594 loops=2) |                                       ->  Parallel Hash  (cost=6683.19..6683.19 rows=15425 width=12) (actual time=33.941..33.942 rows=29035 loops=2) |                                             Buckets: 65536 (originally 32768)  Batches: 1 (originally 1)  Memory Usage: 3520kB |                                             ->  Hash Join  (cost=3593.85..6683.19 rows=15425 width=12) (actual time=13.801..28.947 rows=29035 loops=2) |                                                   Hash Cond: (c.postid = p.id) |                                                   ->  Parallel Seq Scan on comments c  (cost=0.00..2881.99 rows=78986 width=4) (actual time=0.009..6.990 rows=67102 loops=2) |                                                         Filter: ((creationdate <= '2014-09-09 19:58:29'::timestamp without time zone) AND (score = 0)) |                                                         Rows Removed by Filter: 20050 |                                                   ->  Hash  (cost=3369.34..3369.34 rows=17961 width=8) (actual time=13.156..13.157 rows=40093 loops=2) |                                                         Buckets: 65536 (originally 32768)  Batches: 1 (originally 1)  Memory Usage: 2076kB |                                                         ->  Seq Scan on posts p  (cost=0.00..3369.34 rows=17961 width=8) (actual time=0.382..8.196 rows=40093 loops=2) |                                                               Filter: ((score >= '-4'::integer) AND (viewcount >= 0) AND (viewcount <= 5977) AND (answercount <= 4) AND (commentcount >= 0) AND (commentcount <= 11) AND (creationdate >= '2011-01-25 08:31:41'::timestamp without time zone)) |                                                               Rows Removed by Filter: 51883 |                     ->  Hash  (cost=2825.15..2825.15 rows=76536 width=8) (actual time=41.151..41.153 rows=55970 loops=2) |                           Buckets: 131072  Batches: 1  Memory Usage: 3211kB |                           ->  Hash Join  (cost=1385.01..2825.15 rows=76536 width=8) (actual time=11.581..31.660 rows=55970 loops=2) |                                 Hash Cond: (b.userid = u.id) |                                 ->  Seq Scan on badges b  (cost=0.00..1230.51 rows=79851 width=4) (actual time=0.033..4.881 rows=79851 loops=2) |                                 ->  Hash  (cost=901.88..901.88 rows=38651 width=4) (actual time=11.258..11.258 rows=39111 loops=2) |                                       Buckets: 65536  Batches: 1  Memory Usage: 1887kB |                                       ->  Seq Scan on users u  (cost=0.00..901.88 rows=38651 width=4) (actual time=0.027..5.555 rows=39111 loops=2) |                                             Filter: ((reputation <= 312) AND (downvotes <= 0)) |                                             Rows Removed by Filter: 1214 | Planning Time: 1.026 ms | Execution Time: 467.392 ms
s76,177.837,Finalize Aggregate  (cost=27440.84..27440.85 rows=1 width=8) (actual time=173.712..177.635 rows=1 loops=1) |   ->  Gather  (cost=27440.73..27440.84 rows=1 width=8) (actual time=173.315..177.630 rows=2 loops=1) |         Workers Planned: 1 |         Workers Launched: 1 |         ->  Partial Aggregate  (cost=26440.73..26440.74 rows=1 width=8) (actual time=165.401..165.414 rows=1 loops=2) |               ->  Hash Join  (cost=14746.57..21673.50 rows=1906892 width=0) (actual time=102.049..157.755 rows=217484 loops=2) |                     Hash Cond: (p.owneruserid = u.id) |                     ->  Parallel Hash Join  (cost=10826.60..16341.98 rows=61726 width=4) (actual time=61.705..95.882 rows=112114 loops=2) |                           Hash Cond: (v.postid = p.id) |                           ->  Parallel Seq Scan on votes v  (cost=0.00..4572.24 rows=154679 width=4) (actual time=0.016..10.181 rows=131058 loops=2) |                                 Filter: (votetypeid = 2) |                                 Rows Removed by Filter: 32974 |                           ->  Parallel Hash  (cost=10556.71..10556.71 rows=21591 width=16) (actual time=61.497..61.503 rows=41714 loops=2) |                                 Buckets: 131072 (originally 65536)  Batches: 1 (originally 1)  Memory Usage: 5504kB |                                 ->  Parallel Hash Join  (cost=7675.91..10556.71 rows=21591 width=16) (actual time=33.275..52.429 rows=41714 loops=2) |                                       Hash Cond: (c.postid = p.id) |                                       ->  Parallel Seq Scan on comments c  (cost=0.00..2369.32 rows=102532 width=4) (actual time=0.005..5.415 rows=87152 loops=2) |                                       ->  Parallel Hash  (cost=7533.51..7533.51 rows=11392 width=12) (actual time=33.237..33.240 rows=20855 loops=2) |                                             Buckets: 65536 (originally 32768)  Batches: 1 (originally 1)  Memory Usage: 2752kB |                                             ->  Hash Join  (cost=2922.92..7533.51 rows=11392 width=12) (actual time=12.429..29.485 rows=20855 loops=2) |                                                   Hash Cond: (ph.postid = p.id) |                                                   ->  Parallel Seq Scan on posthistory ph  (cost=0.00..4469.32 rows=53813 width=4) (actual time=0.007..8.049 rows=45988 loops=2) |                                                         Filter: (posthistorytypeid = 2) |                                                         Rows Removed by Filter: 105606 |                                                   ->  Hash  (cost=2679.52..2679.52 rows=19472 width=8) (actual time=12.378..12.380 rows=41710 loops=2) |                                                         Buckets: 65536 (originally 32768)  Batches: 1 (originally 1)  Memory Usage: 2139kB |                                                         ->  Seq Scan on posts p  (cost=0.00..2679.52 rows=19472 width=8) (actual time=0.013..7.441 rows=41710 loops=2) |                                                               Filter: ((viewcount <= 4159) AND (commentcount >= 0) AND (commentcount <= 12) AND (posttypeid = 1)) |                                                               Rows Removed by Filter: 50266 |                     ->  Hash  (cost=3005.47..3005.47 rows=73160 width=8) (actual time=40.147..40.150 rows=48141 loops=2) |                           Buckets: 131072  Batches: 1  Memory Usage: 2905kB |                           ->  Hash Join  (cost=1565.33..3005.47 rows=73160 width=8) (actual time=6.990..30.947 rows=48141 loops=2) |                                 Hash Cond: (b.userid = u.id) |                                 ->  Seq Scan on badges b  (cost=0.00..1230.51 rows=79851 width=4) (actual time=0.007..6.191 rows=79851 loops=2) |                                 ->  Hash  (cost=1103.50..1103.50 rows=36946 width=4) (actual time=6.929..6.930 rows=37698 loops=2) |                                       Buckets: 65536  Batches: 1  Memory Usage: 1838kB |                                       ->  Seq Scan on users u  (cost=0.00..1103.50 rows=36946 width=4) (actual time=0.016..3.420 rows=37698 loops=2) |                                             Filter: ((views <= 86) AND (downvotes >= 0) AND (downvotes <= 1) AND (upvotes <= 6)) |                                             Rows Removed by Filter: 2627 | Planning Time: 0.613 ms | Execution Time: 177.837 ms
s77,755.534,Aggregate  (cost=19671.95..19671.96 rows=1 width=8) (actual time=755.143..755.477 rows=1 loops=1) |   ->  Hash Join  (cost=17303.49..19150.03 rows=208767 width=0) (actual time=141.650..531.735 rows=5982882 loops=1) |         Hash Cond: (b.userid = u.id) |         ->  Seq Scan on badges b  (cost=0.00..1430.14 rows=78841 width=4) (actual time=0.040..5.054 rows=78870 loops=1) |               Filter: (date >= '2010-08-01 02:54:53'::timestamp without time zone) |               Rows Removed by Filter: 981 |         ->  Hash  (cost=17226.29..17226.29 rows=6176 width=8) (actual time=141.334..141.666 rows=375085 loops=1) |               Buckets: 262144 (originally 8192)  Batches: 4 (originally 1)  Memory Usage: 6145kB |               ->  Gather  (cost=11895.07..17226.29 rows=6176 width=8) (actual time=54.162..102.626 rows=375085 loops=1) |                     Workers Planned: 1 |                     Workers Launched: 1 |                     ->  Parallel Hash Join  (cost=10895.07..15608.69 rows=3633 width=8) (actual time=49.533..89.823 rows=187542 loops=2) |                           Hash Cond: (ph.postid = p.id) |                           ->  Parallel Seq Scan on posthistory ph  (cost=0.00..4023.45 rows=178345 width=4) (actual time=0.003..9.714 rows=151594 loops=2) |                           ->  Parallel Hash  (cost=10881.30..10881.30 rows=1102 width=20) (actual time=49.161..49.167 rows=27898 loops=2) |                                 Buckets: 65536 (originally 2048)  Batches: 1 (originally 1)  Memory Usage: 4080kB |                                 ->  Parallel Hash Join  (cost=8120.99..10881.30 rows=1102 width=20) (actual time=32.390..44.739 rows=27898 loops=2) |                                       Hash Cond: (c.postid = p.id) |                                       ->  Parallel Seq Scan on comments c  (cost=0.00..2369.32 rows=102532 width=4) (actual time=0.006..4.561 rows=87152 loops=2) |                                       ->  Parallel Hash  (cost=8113.72..8113.72 rows=582 width=16) (actual time=32.246..32.249 rows=10816 loops=2) |                                             Buckets: 32768 (originally 1024)  Batches: 1 (originally 1)  Memory Usage: 1528kB |                                             ->  Nested Loop  (cost=2944.71..8113.72 rows=582 width=16) (actual time=7.026..26.941 rows=10816 loops=2) |                                                   ->  Hash Join  (cost=2944.42..7568.70 rows=603 width=12) (actual time=6.783..15.432 rows=12966 loops=2) |                                                         Hash Cond: (v.postid = p.id) |                                                         ->  Parallel Seq Scan on votes v  (cost=0.00..4572.24 rows=19825 width=4) (actual time=0.009..6.641 rows=16846 loops=2) |                                                               Filter: (votetypeid = 5) |                                                               Rows Removed by Filter: 147186 |                                                         ->  Hash  (cost=2909.46..2909.46 rows=2797 width=8) (actual time=6.766..6.767 rows=12978 loops=2) |                                                               Buckets: 16384 (originally 4096)  Batches: 1 (originally 1)  Memory Usage: 634kB |                                                               ->  Seq Scan on posts p  (cost=0.00..2909.46 rows=2797 width=8) (actual time=0.009..5.609 rows=12978 loops=2) |                                                                     Filter: ((viewcount >= 0) AND (answercount >= 0) AND (answercount <= 7) AND (favoritecount >= 0) AND (favoritecount <= 17)) |                                                                     Rows Removed by Filter: 78998 |                                                   ->  Index Scan using users_pkey on users u  (cost=0.29..0.90 rows=1 width=4) (actual time=0.001..0.001 rows=1 loops=25932) |                                                         Index Cond: (id = p.owneruserid) |                                                         Filter: ((reputation >= 1) AND (views >= 0) AND (creationdate >= '2010-08-19 06:26:34'::timestamp without time zone) AND (creationdate <= '2014-09-11 05:22:26'::timestamp without time zone)) |                                                         Rows Removed by Filter: 0 | Planning Time: 0.621 ms | Execution Time: 755.534 ms
s78,103.912,Aggregate  (cost=16820.84..16820.85 rows=1 width=8) (actual time=102.547..103.859 rows=1 loops=1) |   ->  Hash Join  (cost=15232.65..16773.56 rows=18915 width=0) (actual time=49.544..87.193 rows=426751 loops=1) |         Hash Cond: (b.userid = u.id) |         ->  Seq Scan on badges b  (cost=0.00..1230.51 rows=79851 width=4) (actual time=0.004..4.615 rows=79851 loops=1) |         ->  Hash  (cost=15225.74..15225.74 rows=553 width=8) (actual time=49.536..50.846 rows=14071 loops=1) |               Buckets: 16384 (originally 1024)  Batches: 1 (originally 1)  Memory Usage: 678kB |               ->  Gather  (cost=10476.30..15225.74 rows=553 width=8) (actual time=31.490..49.886 rows=14071 loops=1) |                     Workers Planned: 1 |                     Workers Launched: 1 |                     ->  Parallel Hash Join  (cost=9476.30..14170.44 rows=325 width=8) (actual time=26.819..43.463 rows=7036 loops=2) |                           Hash Cond: (ph.postid = p.id) |                           ->  Parallel Seq Scan on posthistory ph  (cost=0.00..4023.45 rows=178345 width=4) (actual time=0.005..7.517 rows=151594 loops=2) |                           ->  Parallel Hash  (cost=9475.07..9475.07 rows=98 width=20) (actual time=26.689..26.694 rows=774 loops=2) |                                 Buckets: 2048 (originally 1024)  Batches: 1 (originally 1)  Memory Usage: 152kB |                                 ->  Nested Loop  (cost=3651.56..9475.07 rows=98 width=20) (actual time=14.331..23.959 rows=774 loops=2) |                                       ->  Nested Loop  (cost=3651.27..9436.87 rows=100 width=16) (actual time=14.301..23.359 rows=778 loops=2) |                                             ->  Parallel Hash Join  (cost=3650.97..8279.04 rows=3355 width=8) (actual time=14.283..21.354 rows=2005 loops=2) |                                                   Hash Cond: (v.postid = c.postid) |                                                   ->  Parallel Seq Scan on votes v  (cost=0.00..4572.24 rows=802 width=4) (actual time=0.044..6.282 rows=650 loops=2) |                                                         Filter: (bountyamount <= 50) |                                                         Rows Removed by Filter: 163382 |                                                   ->  Parallel Hash  (cost=2369.32..2369.32 rows=102532 width=4) (actual time=13.939..13.940 rows=87152 loops=2) |                                                         Buckets: 262144  Batches: 1  Memory Usage: 8896kB |                                                         ->  Parallel Seq Scan on comments c  (cost=0.00..2369.32 rows=102532 width=4) (actual time=0.009..5.407 rows=87152 loops=2) |                                             ->  Index Scan using posts_pkey on posts p  (cost=0.29..0.35 rows=1 width=8) (actual time=0.001..0.001 rows=0 loops=4010) |                                                   Index Cond: (id = c.postid) |                                                   Filter: ((commentcount >= 0) AND (commentcount <= 12) AND (favoritecount >= 0) AND (posttypeid = 1)) |                                                   Rows Removed by Filter: 1 |                                       ->  Index Only Scan using users_pkey on users u  (cost=0.29..0.38 rows=1 width=4) (actual time=0.001..0.001 rows=1 loops=1557) |                                             Index Cond: (id = p.owneruserid) |                                             Heap Fetches: 0 | Planning Time: 0.612 ms | Execution Time: 103.912 ms
s79,317.718,Finalize Aggregate  (cost=27594.89..27594.90 rows=1 width=8) (actual time=315.076..317.604 rows=1 loops=1) |   ->  Gather  (cost=27594.78..27594.89 rows=1 width=8) (actual time=314.692..317.600 rows=2 loops=1) |         Workers Planned: 1 |         Workers Launched: 1 |         ->  Partial Aggregate  (cost=26594.78..26594.79 rows=1 width=8) (actual time=306.587..306.593 rows=1 loops=2) |               ->  Hash Join  (cost=14930.46..21813.31 rows=1912589 width=0) (actual time=91.794..253.757 rows=1435188 loops=2) |                     Hash Cond: (p.owneruserid = u.id) |                     ->  Parallel Hash Join  (cost=11036.69..16519.93 rows=58674 width=4) (actual time=56.832..114.029 rows=446858 loops=2) |                           Hash Cond: (ph.postid = p.id) |                           ->  Parallel Seq Scan on posthistory ph  (cost=0.00..4023.45 rows=178345 width=4) (actual time=0.006..8.966 rows=151594 loops=2) |                           ->  Parallel Hash  (cost=10814.20..10814.20 rows=17799 width=16) (actual time=56.647..56.651 rows=65221 loops=2) |                                 Buckets: 131072 (originally 32768)  Batches: 1 (originally 1)  Memory Usage: 7968kB |                                 ->  Parallel Hash Join  (cost=5419.24..10814.20 rows=17799 width=16) (actual time=20.911..47.444 rows=65221 loops=2) |                                       Hash Cond: (v.postid = p.id) |                                       ->  Parallel Seq Scan on votes v  (cost=0.00..4572.24 rows=191475 width=4) (actual time=0.015..10.695 rows=163991 loops=2) |                                             Filter: (creationdate >= '2010-07-19 00:00:00'::timestamp without time zone) |                                             Rows Removed by Filter: 41 |                                       ->  Parallel Hash  (cost=5356.38..5356.38 rows=5029 width=12) (actual time=20.851..20.854 rows=10030 loops=2) |                                             Buckets: 32768 (originally 16384)  Batches: 1 (originally 1)  Memory Usage: 1376kB |                                             ->  Hash Join  (cost=2522.47..5356.38 rows=5029 width=12) (actual time=7.818..18.848 rows=10030 loops=2) |                                                   Hash Cond: (c.postid = p.id) |                                                   ->  Parallel Seq Scan on comments c  (cost=0.00..2625.65 rows=79333 width=4) (actual time=0.006..5.533 rows=67444 loops=2) |                                                         Filter: (score = 0) |                                                         Rows Removed by Filter: 19709 |                                                   ->  Hash  (cost=2449.58..2449.58 rows=5831 width=8) (actual time=7.794..7.795 rows=11912 loops=2) |                                                         Buckets: 16384 (originally 8192)  Batches: 1 (originally 1)  Memory Usage: 593kB |                                                         ->  Seq Scan on posts p  (cost=0.00..2449.58 rows=5831 width=8) (actual time=0.020..6.410 rows=11912 loops=2) |                                                               Filter: ((score <= 21) AND (answercount <= 3) AND (favoritecount >= 0)) |                                                               Rows Removed by Filter: 80064 |                     ->  Hash  (cost=2928.80..2928.80 rows=77197 width=8) (actual time=34.773..34.774 rows=55147 loops=2) |                           Buckets: 131072  Batches: 1  Memory Usage: 3179kB |                           ->  Hash Join  (cost=1289.54..2928.80 rows=77197 width=8) (actual time=8.527..26.790 rows=55147 loops=2) |                                 Hash Cond: (b.userid = u.id) |                                 ->  Seq Scan on badges b  (cost=0.00..1430.14 rows=79660 width=4) (actual time=0.009..5.331 rows=79663 loops=2) |                                       Filter: (date <= '2014-09-11 18:35:08'::timestamp without time zone) |                                       Rows Removed by Filter: 188 |                                 ->  Hash  (cost=801.06..801.06 rows=39078 width=4) (actual time=8.466..8.467 rows=39061 loops=2) |                                       Buckets: 65536  Batches: 1  Memory Usage: 1886kB |                                       ->  Seq Scan on users u  (cost=0.00..801.06 rows=39078 width=4) (actual time=0.007..3.745 rows=39061 loops=2) |                                             Filter: (reputation <= 240) |                                             Rows Removed by Filter: 1264 | Planning Time: 1.075 ms | Execution Time: 317.718 ms
s80,110.618,Finalize Aggregate  (cost=45806.93..45806.94 rows=1 width=8) (actual time=108.854..110.582 rows=1 loops=1) |   ->  Gather  (cost=45806.82..45806.93 rows=1 width=8) (actual time=108.529..110.578 rows=2 loops=1) |         Workers Planned: 1 |         Workers Launched: 1 |         ->  Partial Aggregate  (cost=44806.82..44806.83 rows=1 width=8) (actual time=103.468..103.471 rows=1 loops=2) |               ->  Hash Join  (cost=5248.34..9247.55 rows=14223709 width=0) (actual time=24.753..78.004 rows=729672 loops=2) |                     Hash Cond: (c.userid = u.id) |                     ->  Parallel Seq Scan on comments c  (cost=0.00..2625.65 rows=101545 width=4) (actual time=0.023..5.691 rows=86838 loops=2) |                           Filter: (creationdate >= '2010-07-27 17:46:38'::timestamp without time zone) |                           Rows Removed by Filter: 314 |                     ->  Hash  (cost=4747.24..4747.24 rows=40088 width=8) (actual time=24.617..24.619 rows=39797 loops=2) |                           Buckets: 65536  Batches: 1  Memory Usage: 2067kB |                           ->  Hash Join  (cost=1499.40..4747.24 rows=40088 width=8) (actual time=6.961..20.226 rows=39797 loops=2) |                                 Hash Cond: (p.owneruserid = u.id) |                                 ->  Seq Scan on posts p  (cost=0.00..3139.40 rows=41306 width=4) (actual time=0.039..6.892 rows=41703 loops=2) |                                       Filter: ((answercount >= 0) AND (answercount <= 4) AND (commentcount >= 0) AND (commentcount <= 11) AND (creationdate >= '2010-07-26 09:46:48'::timestamp without time zone) AND (creationdate <= '2014-09-13 10:09:50'::timestamp without time zone)) |                                       Rows Removed by Filter: 50273 |                                 ->  Hash  (cost=1002.69..1002.69 rows=39737 width=4) (actual time=6.834..6.835 rows=39730 loops=2) |                                       Buckets: 65536  Batches: 1  Memory Usage: 1909kB |                                       ->  Seq Scan on users u  (cost=0.00..1002.69 rows=39737 width=4) (actual time=0.025..3.281 rows=39730 loops=2) |                                             Filter: ((reputation >= 1) AND (creationdate >= '2010-08-03 19:42:40'::timestamp without time zone) AND (creationdate <= '2014-09-12 02:20:03'::timestamp without time zone)) |                                             Rows Removed by Filter: 595 | Planning Time: 0.199 ms | Execution Time: 110.618 ms
s81,74.865,Finalize Aggregate  (cost=12169.69..12169.70 rows=1 width=8) (actual time=70.537..74.812 rows=1 loops=1) |   ->  Gather  (cost=12169.58..12169.69 rows=1 width=8) (actual time=70.210..74.807 rows=2 loops=1) |         Workers Planned: 1 |         Workers Launched: 1 |         ->  Partial Aggregate  (cost=11169.58..11169.59 rows=1 width=8) (actual time=63.008..63.011 rows=1 loops=2) |               ->  Hash Join  (cost=4073.48..7109.98 rows=1623842 width=0) (actual time=14.959..50.363 rows=328796 loops=2) |                     Hash Cond: (c.userid = u.id) |                     ->  Parallel Seq Scan on comments c  (cost=0.00..2625.65 rows=79333 width=4) (actual time=0.007..6.877 rows=67444 loops=2) |                           Filter: (score = 0) |                           Rows Removed by Filter: 19709 |                     ->  Hash  (cost=4000.26..4000.26 rows=5858 width=8) (actual time=14.866..14.868 rows=12426 loops=2) |                           Buckets: 16384 (originally 8192)  Batches: 1 (originally 1)  Memory Usage: 614kB |                           ->  Hash Join  (cost=1305.12..4000.26 rows=5858 width=8) (actual time=6.418..13.623 rows=12426 loops=2) |                                 Hash Cond: (p.owneruserid = u.id) |                                 ->  Seq Scan on posts p  (cost=0.00..2679.52 rows=5948 width=4) (actual time=0.008..5.447 rows=12671 loops=2) |                                       Filter: ((answercount <= 5) AND (commentcount >= 0) AND (commentcount <= 11) AND (favoritecount <= 27)) |                                       Rows Removed by Filter: 79305 |                                 ->  Hash  (cost=801.06..801.06 rows=40325 width=4) (actual time=6.311..6.311 rows=40325 loops=2) |                                       Buckets: 65536  Batches: 1  Memory Usage: 1930kB |                                       ->  Seq Scan on users u  (cost=0.00..801.06 rows=40325 width=4) (actual time=0.005..2.762 rows=40325 loops=2) |                                             Filter: (reputation >= 1) | Planning Time: 0.173 ms | Execution Time: 74.865 ms
s82,197.02,"Finalize Aggregate  (cost=384284.09..384284.10 rows=1 width=8) (actual time=193.147..195.178 rows=1 loops=1) |   ->  Gather  (cost=384283.98..384284.09 rows=1 width=8) (actual time=192.643..195.164 rows=2 loops=1) |         Workers Planned: 1 |         Workers Launched: 1 |         ->  Partial Aggregate  (cost=383283.98..383283.99 rows=1 width=8) (actual time=185.414..185.417 rows=1 loops=2) |               ->  Parallel Hash Join  (cost=8116.99..15760.47 rows=147009401 width=0) (actual time=60.468..143.311 rows=885792 loops=2) |                     Hash Cond: (c.userid = u.id) |                     ->  Parallel Seq Scan on comments c  (cost=0.00..2881.99 rows=101109 width=4) (actual time=0.057..7.822 rows=86146 loops=2) |                           Filter: ((creationdate >= '2010-08-09 07:24:50'::timestamp without time zone) AND (creationdate <= '2014-09-10 03:46:02'::timestamp without time zone)) |                           Rows Removed by Filter: 1006 |                     ->  Parallel Hash  (cost=6087.65..6087.65 rows=162347 width=8) (actual time=59.712..59.713 rows=74512 loops=2) |                           Buckets: 524288  Batches: 1  Memory Usage: 9984kB |                           ->  Hash Join  (cost=1596.00..6087.65 rows=162347 width=8) (actual time=20.502..48.870 rows=74512 loops=2) |                                 Hash Cond: (ph.userid = u.id) |                                 ->  Parallel Seq Scan on posthistory ph  (cost=0.00..4023.45 rows=178345 width=4) (actual time=0.010..8.387 rows=151594 loops=2) |                                 ->  Hash  (cost=1103.50..1103.50 rows=39400 width=4) (actual time=20.298..20.299 rows=39444 loops=2) |                                       Buckets: 65536  Batches: 1  Memory Usage: 1899kB |                                       ->  Seq Scan on users u  (cost=0.00..1103.50 rows=39400 width=4) (actual time=10.828..15.573 rows=39444 loops=2) |                                             Filter: ((reputation >= 1) AND (views <= 80) AND (upvotes >= 0) AND (creationdate >= '2010-08-02 20:31:12'::timestamp without time zone)) |                                             Rows Removed by Filter: 881 | Planning Time: 0.197 ms | JIT: |   Functions: 50 |   Options: Inlining false, Optimization false, Expressions true, Deforming true |   Timing: Generation 2.437 ms, Inlining 0.000 ms, Optimization 1.571 ms, Emission 20.082 ms, Total 24.090 ms | Execution Time: 197.020 ms"
s83,245.048,"Finalize Aggregate  (cost=393484.06..393484.07 rows=1 width=8) (actual time=242.410..244.406 rows=1 loops=1) |   ->  Gather  (cost=393483.95..393484.06 rows=1 width=8) (actual time=241.900..244.394 rows=2 loops=1) |         Workers Planned: 1 |         Workers Launched: 1 |         ->  Partial Aggregate  (cost=392483.95..392483.96 rows=1 width=8) (actual time=235.839..235.842 rows=1 loops=2) |               ->  Parallel Hash Join  (cost=8246.87..15491.48 rows=150796988 width=0) (actual time=76.527..179.973 rows=1161726 loops=2) |                     Hash Cond: (c.userid = u.id) |                     ->  Parallel Seq Scan on comments c  (cost=0.00..2369.32 rows=102532 width=4) (actual time=0.007..4.778 rows=87152 loops=2) |                     ->  Parallel Hash  (cost=6194.14..6194.14 rows=164218 width=8) (actual time=75.732..75.733 rows=81756 loops=2) |                           Buckets: 524288  Batches: 1  Memory Usage: 10528kB |                           ->  Hash Join  (cost=1702.49..6194.14 rows=164218 width=8) (actual time=25.874..62.267 rows=81756 loops=2) |                                 Hash Cond: (ph.userid = u.id) |                                 ->  Parallel Seq Scan on posthistory ph  (cost=0.00..4023.45 rows=178345 width=4) (actual time=0.005..10.939 rows=151594 loops=2) |                                 ->  Hash  (cost=1204.31..1204.31 rows=39854 width=4) (actual time=25.777..25.778 rows=39903 loops=2) |                                       Buckets: 65536  Batches: 1  Memory Usage: 1915kB |                                       ->  Seq Scan on users u  (cost=0.00..1204.31 rows=39854 width=4) (actual time=12.102..18.718 rows=39903 loops=2) |                                             Filter: ((reputation >= 1) AND (reputation <= 7931) AND (views <= 109) AND (downvotes >= 0) AND (creationdate <= '2014-09-12 13:12:56'::timestamp without time zone)) |                                             Rows Removed by Filter: 422 | Planning Time: 0.441 ms | JIT: |   Functions: 46 |   Options: Inlining false, Optimization false, Expressions true, Deforming true |   Timing: Generation 1.075 ms, Inlining 0.000 ms, Optimization 0.749 ms, Emission 23.575 ms, Total 25.399 ms | Execution Time: 245.048 ms"
s84,678.963,Finalize Aggregate  (cost=26408.02..26408.03 rows=1 width=8) (actual time=648.725..678.879 rows=1 loops=1) |   ->  Gather  (cost=26407.91..26408.02 rows=1 width=8) (actual time=642.051..678.809 rows=2 loops=1) |         Workers Planned: 1 |         Workers Launched: 1 |         ->  Partial Aggregate  (cost=25407.91..25407.92 rows=1 width=8) (actual time=638.214..638.285 rows=1 loops=2) |               ->  Parallel Hash Join  (cost=7103.99..10861.43 rows=5818591 width=0) (actual time=33.546..428.200 rows=5496976 loops=2) |                     Hash Cond: (c.userid = u.id) |                     ->  Parallel Seq Scan on comments c  (cost=0.00..2881.99 rows=101363 width=4) (actual time=0.021..8.976 rows=86714 loops=2) |                           Filter: ((creationdate >= '2010-07-27 15:46:34'::timestamp without time zone) AND (creationdate <= '2014-09-12 08:15:14'::timestamp without time zone)) |                           Rows Removed by Filter: 438 |                     ->  Parallel Hash  (cost=6853.52..6853.52 rows=20038 width=8) (actual time=33.410..33.415 rows=17332 loops=2) |                           Buckets: 65536  Batches: 1  Memory Usage: 1920kB |                           ->  Hash Join  (cost=1297.80..6853.52 rows=20038 width=8) (actual time=5.893..30.507 rows=17332 loops=2) |                                 Hash Cond: (v.userid = u.id) |                                 ->  Parallel Seq Scan on votes v  (cost=0.00..5054.68 rows=190867 width=4) (actual time=0.006..15.235 rows=163576 loops=2) |                                       Filter: ((creationdate >= '2010-07-19 00:00:00'::timestamp without time zone) AND (creationdate <= '2014-09-10 00:00:00'::timestamp without time zone)) |                                       Rows Removed by Filter: 456 |                                 ->  Hash  (cost=801.06..801.06 rows=39739 width=4) (actual time=5.840..5.841 rows=39728 loops=2) |                                       Buckets: 65536  Batches: 1  Memory Usage: 1909kB |                                       ->  Seq Scan on users u  (cost=0.00..801.06 rows=39739 width=4) (actual time=0.006..2.739 rows=39728 loops=2) |                                             Filter: (creationdate <= '2014-09-03 01:06:41'::timestamp without time zone) |                                             Rows Removed by Filter: 597 | Planning Time: 0.188 ms | Execution Time: 678.963 ms
s85,663.946,Finalize Aggregate  (cost=24471.21..24471.22 rows=1 width=8) (actual time=661.285..663.904 rows=1 loops=1) |   ->  Gather  (cost=24471.10..24471.21 rows=1 width=8) (actual time=660.919..663.898 rows=2 loops=1) |         Workers Planned: 1 |         Workers Launched: 1 |         ->  Partial Aggregate  (cost=23471.10..23471.11 rows=1 width=8) (actual time=650.566..650.570 rows=1 loops=2) |               ->  Parallel Hash Join  (cost=6665.62..9882.19 rows=5435564 width=0) (actual time=39.188..442.492 rows=5431421 loops=2) |                     Hash Cond: (c.userid = u.id) |                     ->  Parallel Seq Scan on comments c  (cost=0.00..2369.32 rows=102532 width=4) (actual time=0.014..7.143 rows=87152 loops=2) |                     ->  Parallel Hash  (cost=6434.29..6434.29 rows=18506 width=8) (actual time=38.856..38.858 rows=16766 loops=2) |                           Buckets: 32768  Batches: 1  Memory Usage: 1600kB |                           ->  Hash Join  (cost=1356.67..6434.29 rows=18506 width=8) (actual time=8.051..34.615 rows=16766 loops=2) |                                 Hash Cond: (v.userid = u.id) |                                 ->  Parallel Seq Scan on votes v  (cost=0.00..4572.24 rows=192523 width=4) (actual time=0.018..15.340 rows=163784 loops=2) |                                       Filter: (creationdate <= '2014-09-11 00:00:00'::timestamp without time zone) |                                       Rows Removed by Filter: 248 |                                 ->  Hash  (cost=901.88..901.88 rows=36384 width=4) (actual time=7.962..7.962 rows=36356 loops=2) |                                       Buckets: 65536  Batches: 1  Memory Usage: 1791kB |                                       ->  Seq Scan on users u  (cost=0.00..901.88 rows=36384 width=4) (actual time=0.018..3.679 rows=36356 loops=2) |                                             Filter: ((creationdate >= '2010-07-19 20:11:48'::timestamp without time zone) AND (creationdate <= '2014-07-09 20:37:10'::timestamp without time zone)) |                                             Rows Removed by Filter: 3969 | Planning Time: 0.243 ms | Execution Time: 663.946 ms
s86,136.56,Finalize Aggregate  (cost=20239.97..20239.98 rows=1 width=8) (actual time=134.511..136.505 rows=1 loops=1) |   ->  Gather  (cost=20239.85..20239.96 rows=1 width=8) (actual time=134.094..136.501 rows=2 loops=1) |         Workers Planned: 1 |         Workers Launched: 1 |         ->  Partial Aggregate  (cost=19239.85..19239.86 rows=1 width=8) (actual time=124.220..124.224 rows=1 loops=2) |               ->  Parallel Hash Join  (cost=11532.55..17723.59 rows=606506 width=0) (actual time=107.999..120.629 rows=104591 loops=2) |                     Hash Cond: (c.postid = p.id) |                     ->  Hash Join  (cost=1399.49..4233.41 rows=77021 width=4) (actual time=6.917..17.858 rows=28266 loops=2) |                           Hash Cond: (c.userid = u.id) |                           ->  Parallel Seq Scan on comments c  (cost=0.00..2625.65 rows=79333 width=8) (actual time=0.017..4.928 rows=67444 loops=2) |                                 Filter: (score = 0) |                                 Rows Removed by Filter: 19709 |                           ->  Hash  (cost=901.88..901.88 rows=39809 width=4) (actual time=6.733..6.733 rows=39808 loops=2) |                                 Buckets: 65536  Batches: 1  Memory Usage: 1912kB |                                 ->  Seq Scan on users u  (cost=0.00..901.88 rows=39809 width=4) (actual time=0.024..3.029 rows=39808 loops=2) |                                       Filter: ((views >= 0) AND (views <= 74)) |                                       Rows Removed by Filter: 517 |                     ->  Parallel Hash  (cost=6966.82..6966.82 rows=192979 width=8) (actual time=84.046..84.048 rows=164032 loops=2) |                           Buckets: 262144  Batches: 4  Memory Usage: 5280kB |                           ->  Parallel Hash Join  (cost=2370.44..6966.82 rows=192979 width=8) (actual time=13.748..59.194 rows=164032 loops=2) |                                 Hash Cond: (v.postid = p.id) |                                 ->  Parallel Seq Scan on votes v  (cost=0.00..4089.79 rows=192979 width=4) (actual time=0.021..9.831 rows=164032 loops=2) |                                 ->  Parallel Hash  (cost=1891.41..1891.41 rows=38323 width=4) (actual time=13.191..13.192 rows=45988 loops=2) |                                       Buckets: 131072  Batches: 1  Memory Usage: 4640kB |                                       ->  Parallel Index Only Scan using posts_pkey on posts p  (cost=0.29..1891.41 rows=38323 width=4) (actual time=0.083..5.342 rows=45988 loops=2) |                                             Heap Fetches: 0 | Planning Time: 0.437 ms | Execution Time: 136.560 ms
s87,105.622,Finalize Aggregate  (cost=30604.31..30604.32 rows=1 width=8) (actual time=103.251..105.569 rows=1 loops=1) |   ->  Gather  (cost=30604.20..30604.31 rows=1 width=8) (actual time=102.653..105.561 rows=2 loops=1) |         Workers Planned: 1 |         Workers Launched: 1 |         ->  Partial Aggregate  (cost=29604.20..29604.21 rows=1 width=8) (actual time=97.916..97.920 rows=1 loops=2) |               ->  Hash Join  (cost=3933.22..9280.20 rows=8129598 width=0) (actual time=32.840..82.230 rows=379206 loops=2) |                     Hash Cond: (c.userid = u.id) |                     ->  Parallel Seq Scan on comments c  (cost=0.00..2881.99 rows=101354 width=4) (actual time=0.038..8.018 rows=86272 loops=2) |                           Filter: ((creationdate >= '2010-08-12 20:27:30'::timestamp without time zone) AND (creationdate <= '2014-09-12 12:49:19'::timestamp without time zone)) |                           Rows Removed by Filter: 880 |                     ->  Hash  (cost=2942.93..2942.93 rows=79223 width=8) (actual time=32.682..32.685 rows=68130 loops=2) |                           Buckets: 131072  Batches: 1  Memory Usage: 3686kB |                           ->  Hash Join  (cost=1502.79..2942.93 rows=79223 width=8) (actual time=6.750..23.582 rows=68130 loops=2) |                                 Hash Cond: (b.userid = u.id) |                                 ->  Seq Scan on badges b  (cost=0.00..1230.51 rows=79851 width=4) (actual time=0.024..6.001 rows=79851 loops=2) |                                 ->  Hash  (cost=1002.69..1002.69 rows=40008 width=4) (actual time=6.679..6.680 rows=40000 loops=2) |                                       Buckets: 65536  Batches: 1  Memory Usage: 1919kB |                                       ->  Seq Scan on users u  (cost=0.00..1002.69 rows=40008 width=4) (actual time=0.007..3.198 rows=40000 loops=2) |                                             Filter: ((views >= 0) AND (downvotes >= 0) AND (downvotes <= 2)) |                                             Rows Removed by Filter: 325 | Planning Time: 0.169 ms | Execution Time: 105.622 ms
s88,565.654,Finalize Aggregate  (cost=25778.49..25778.50 rows=1 width=8) (actual time=563.613..565.591 rows=1 loops=1) |   ->  Gather  (cost=25778.38..25778.49 rows=1 width=8) (actual time=563.159..565.581 rows=2 loops=1) |         Workers Planned: 1 |         Workers Launched: 1 |         ->  Partial Aggregate  (cost=24778.38..24778.39 rows=1 width=8) (actual time=557.608..557.611 rows=1 loops=2) |               ->  Hash Join  (cost=4139.41..8940.28 rows=6335239 width=0) (actual time=38.170..372.792 rows=5111932 loops=2) |                     Hash Cond: (c.userid = u.id) |                     ->  Parallel Seq Scan on comments c  (cost=0.00..2881.99 rows=78574 width=4) (actual time=0.014..7.732 rows=67330 loops=2) |                           Filter: ((creationdate >= '2010-07-24 06:46:49'::timestamp without time zone) AND (score = 0)) |                           Rows Removed by Filter: 19823 |                     ->  Hash  (cost=3143.96..3143.96 rows=79636 width=8) (actual time=38.035..38.036 rows=79610 loops=2) |                           Buckets: 131072  Batches: 1  Memory Usage: 4134kB |                           ->  Hash Join  (cost=1305.12..3143.96 rows=79636 width=8) (actual time=7.371..27.545 rows=79610 loops=2) |                                 Hash Cond: (b.userid = u.id) |                                 ->  Seq Scan on badges b  (cost=0.00..1629.76 rows=79636 width=4) (actual time=0.009..5.760 rows=79610 loops=2) |                                       Filter: ((date >= '2010-07-19 20:34:06'::timestamp without time zone) AND (date <= '2014-09-12 15:11:36'::timestamp without time zone)) |                                       Rows Removed by Filter: 241 |                                 ->  Hash  (cost=801.06..801.06 rows=40325 width=4) (actual time=7.307..7.307 rows=40325 loops=2) |                                       Buckets: 65536  Batches: 1  Memory Usage: 1930kB |                                       ->  Seq Scan on users u  (cost=0.00..801.06 rows=40325 width=4) (actual time=0.016..3.115 rows=40325 loops=2) |                                             Filter: (upvotes >= 0) | Planning Time: 0.188 ms | Execution Time: 565.654 ms
s89,338.223,"Finalize Aggregate  (cost=114536.44..114536.45 rows=1 width=8) (actual time=337.131..337.218 rows=1 loops=1) |   ->  Gather  (cost=114536.32..114536.43 rows=1 width=8) (actual time=337.111..337.201 rows=2 loops=1) |         Workers Planned: 1 |         Workers Launched: 1 |         ->  Partial Aggregate  (cost=113536.32..113536.33 rows=1 width=8) (actual time=274.225..274.231 rows=1 loops=2) |               ->  Merge Join  (cost=32276.84..38536.45 rows=29999951 width=0) (actual time=120.844..237.794 rows=678362 loops=2) |                     Merge Cond: (u.id = p.owneruserid) |                     ->  Sort  (cost=22279.38..22685.76 rows=162553 width=8) (actual time=91.444..96.232 rows=72948 loops=2) |                           Sort Key: ph.userid |                           Sort Method: external merge  Disk: 1632kB |                           Worker 0:  Sort Method: quicksort  Memory: 3206kB |                           ->  Hash Join  (cost=1495.81..5987.47 rows=162553 width=8) (actual time=23.657..74.795 rows=72948 loops=2) |                                 Hash Cond: (ph.userid = u.id) |                                 ->  Parallel Seq Scan on posthistory ph  (cost=0.00..4023.45 rows=178345 width=4) (actual time=0.102..13.796 rows=151594 loops=2) |                                 ->  Hash  (cost=1002.69..1002.69 rows=39450 width=4) (actual time=22.585..22.585 rows=39563 loops=2) |                                       Buckets: 65536  Batches: 1  Memory Usage: 1903kB |                                       ->  Seq Scan on users u  (cost=0.00..1002.69 rows=39450 width=4) (actual time=10.846..16.417 rows=39563 loops=2) |                                             Filter: ((upvotes >= 0) AND (upvotes <= 244) AND (downvotes = 0)) |                                             Rows Removed by Filter: 762 |                     ->  Sort  (cost=9997.39..10226.35 rows=91584 width=4) (actual time=29.220..58.957 rows=731698 loops=2) |                           Sort Key: p.owneruserid |                           Sort Method: quicksort  Memory: 3073kB |                           Worker 0:  Sort Method: quicksort  Memory: 3073kB |                           ->  Seq Scan on posts p  (cost=0.00..2449.58 rows=91584 width=4) (actual time=0.031..17.571 rows=91582 loops=2) |                                 Filter: ((score >= '-1'::integer) AND (commentcount >= 0) AND (commentcount <= 23)) |                                 Rows Removed by Filter: 394 | Planning Time: 0.188 ms | JIT: |   Functions: 50 |   Options: Inlining false, Optimization false, Expressions true, Deforming true |   Timing: Generation 6.144 ms, Inlining 0.000 ms, Optimization 1.306 ms, Emission 20.604 ms, Total 28.055 ms | Execution Time: 338.223 ms"
s90,160.184,Aggregate  (cost=30521.76..30521.77 rows=1 width=8) (actual time=160.106..160.110 rows=1 loops=1) |   ->  Hash Join  (cost=12224.45..16060.90 rows=5784347 width=0) (actual time=87.040..138.270 rows=582617 loops=1) |         Hash Cond: (p.owneruserid = u.id) |         ->  Seq Scan on posts p  (cost=0.00..1989.70 rows=12070 width=4) (actual time=0.012..5.569 rows=12190 loops=1) |               Filter: (favoritecount <= 5) |               Rows Removed by Filter: 79786 |         ->  Hash  (cost=8322.75..8322.75 rows=237816 width=8) (actual time=86.555..86.557 rows=205970 loops=1) |               Buckets: 262144  Batches: 2  Memory Usage: 6341kB |               ->  Hash Join  (cost=1572.14..8322.75 rows=237816 width=8) (actual time=7.097..61.114 rows=205970 loops=1) |                     Hash Cond: (ph.userid = u.id) |                     ->  Seq Scan on posthistory ph  (cost=0.00..6029.84 rows=274554 width=4) (actual time=1.107..21.625 rows=275240 loops=1) |                           Filter: (creationdate >= '2011-05-20 18:43:03'::timestamp without time zone) |                           Rows Removed by Filter: 27947 |                     ->  Hash  (cost=1103.50..1103.50 rows=37491 width=4) (actual time=5.983..5.984 rows=37426 loops=1) |                           Buckets: 65536  Batches: 1  Memory Usage: 1828kB |                           ->  Seq Scan on users u  (cost=0.00..1103.50 rows=37491 width=4) (actual time=0.072..3.290 rows=37426 loops=1) |                                 Filter: ((views >= 0) AND (upvotes >= 0) AND (creationdate >= '2010-11-27 21:46:49'::timestamp without time zone) AND (creationdate <= '2014-08-18 13:00:22'::timestamp without time zone)) |                                 Rows Removed by Filter: 2899 | Planning Time: 0.191 ms | Execution Time: 160.184 ms
s91,611.992,"Finalize Aggregate  (cost=114332.80..114332.81 rows=1 width=8) (actual time=610.599..610.746 rows=1 loops=1) |   ->  Gather  (cost=114332.69..114332.80 rows=1 width=8) (actual time=610.581..610.733 rows=2 loops=1) |         Workers Planned: 1 |         Workers Launched: 1 |         ->  Partial Aggregate  (cost=113332.69..113332.70 rows=1 width=8) (actual time=534.873..534.884 rows=1 loops=2) |               ->  Merge Join  (cost=32281.73..38530.20 rows=29920994 width=0) (actual time=77.528..417.637 rows=2098664 loops=2) |                     Merge Cond: (u.id = p.owneruserid) |                     ->  Sort  (cost=22797.55..23205.52 rows=163187 width=8) (actual time=60.609..68.209 rows=89464 loops=2) |                           Sort Key: ph.userid |                           Sort Method: external merge  Disk: 1808kB |                           Worker 0:  Sort Method: external merge  Disk: 1352kB |                           ->  Hash Join  (cost=1504.24..6435.69 rows=163187 width=8) (actual time=17.343..46.876 rows=89464 loops=2) |                                 Hash Cond: (ph.userid = u.id) |                                 ->  Parallel Seq Scan on posthistory ph  (cost=0.00..4469.32 rows=176034 width=4) (actual time=8.706..20.327 rows=149454 loops=2) |                                       Filter: (creationdate >= '2010-08-21 05:30:40'::timestamp without time zone) |                                       Rows Removed by Filter: 2140 |                                 ->  Hash  (cost=1002.69..1002.69 rows=40124 width=4) (actual time=8.508..8.510 rows=40051 loops=2) |                                       Buckets: 65536  Batches: 1  Memory Usage: 1921kB |                                       ->  Seq Scan on users u  (cost=0.00..1002.69 rows=40124 width=4) (actual time=0.042..4.546 rows=40051 loops=2) |                                             Filter: ((reputation >= 1) AND (upvotes <= 198) AND (creationdate >= '2010-07-19 20:49:05'::timestamp without time zone)) |                                             Rows Removed by Filter: 274 |                     ->  Sort  (cost=9484.10..9711.57 rows=90988 width=4) (actual time=16.769..107.746 rows=2135322 loops=2) |                           Sort Key: p.owneruserid |                           Sort Method: quicksort  Memory: 3073kB |                           Worker 0:  Sort Method: quicksort  Memory: 3073kB |                           ->  Seq Scan on posts p  (cost=0.00..1989.70 rows=90988 width=4) (actual time=0.015..9.005 rows=90956 loops=2) |                                 Filter: (score >= 0) |                                 Rows Removed by Filter: 1020 | Planning Time: 0.197 ms | JIT: |   Functions: 54 |   Options: Inlining false, Optimization false, Expressions true, Deforming true |   Timing: Generation 1.464 ms, Inlining 0.000 ms, Optimization 0.843 ms, Emission 16.576 ms, Total 18.884 ms | Execution Time: 611.992 ms"
s92,106.186,Finalize Aggregate  (cost=11056.83..11056.84 rows=1 width=8) (actual time=103.394..106.113 rows=1 loops=1) |   ->  Gather  (cost=11056.72..11056.83 rows=1 width=8) (actual time=102.989..106.104 rows=2 loops=1) |         Workers Planned: 1 |         Workers Launched: 1 |         ->  Partial Aggregate  (cost=10056.72..10056.73 rows=1 width=8) (actual time=94.604..94.607 rows=1 loops=2) |               ->  Hash Join  (cost=4710.30..9653.62 rows=161242 width=0) (actual time=34.101..91.600 rows=77780 loops=2) |                     Hash Cond: (p.owneruserid = u.id) |                     ->  Hash Join  (cost=3328.78..7820.41 rows=172053 width=4) (actual time=26.001..65.665 rows=146930 loops=2) |                           Hash Cond: (ph.postid = p.id) |                           ->  Parallel Seq Scan on posthistory ph  (cost=0.00..4023.45 rows=178345 width=4) (actual time=0.013..9.178 rows=151594 loops=2) |                           ->  Hash  (cost=2219.64..2219.64 rows=88731 width=8) (actual time=25.274..25.274 rows=88880 loops=2) |                                 Buckets: 131072  Batches: 1  Memory Usage: 4492kB |                                 ->  Seq Scan on posts p  (cost=0.00..2219.64 rows=88731 width=8) (actual time=0.087..9.928 rows=88880 loops=2) |                                       Filter: ((creationdate >= '2010-08-17 19:08:05'::timestamp without time zone) AND (creationdate <= '2014-08-31 06:58:12'::timestamp without time zone)) |                                       Rows Removed by Filter: 3096 |                     ->  Hash  (cost=901.88..901.88 rows=38372 width=4) (actual time=8.010..8.011 rows=38341 loops=2) |                           Buckets: 65536  Batches: 1  Memory Usage: 1860kB |                           ->  Seq Scan on users u  (cost=0.00..901.88 rows=38372 width=4) (actual time=0.013..3.665 rows=38341 loops=2) |                                 Filter: ((upvotes >= 0) AND (upvotes <= 9)) |                                 Rows Removed by Filter: 1984 | Planning Time: 0.491 ms | Execution Time: 106.186 ms
s93,149.1,Finalize Aggregate  (cost=10451.76..10451.77 rows=1 width=8) (actual time=147.180..149.064 rows=1 loops=1) |   ->  Gather  (cost=10451.64..10451.75 rows=1 width=8) (actual time=146.811..149.060 rows=2 loops=1) |         Workers Planned: 1 |         Workers Launched: 1 |         ->  Partial Aggregate  (cost=9451.64..9451.65 rows=1 width=8) (actual time=141.594..141.596 rows=1 loops=2) |               ->  Hash Join  (cost=4224.37..9273.02 rows=71450 width=0) (actual time=23.040..102.318 rows=1081342 loops=2) |                     Hash Cond: (v.userid = u.id) |                     ->  Parallel Seq Scan on votes v  (cost=0.00..4089.79 rows=192979 width=4) (actual time=0.005..8.585 rows=164032 loops=2) |                     ->  Hash  (cost=3647.73..3647.73 rows=46131 width=8) (actual time=22.948..22.950 rows=46273 loops=2) |                           Buckets: 65536  Batches: 1  Memory Usage: 2320kB |                           ->  Hash Join  (cost=1305.12..3647.73 rows=46131 width=8) (actual time=6.343..18.386 rows=46273 loops=2) |                                 Hash Cond: (p.owneruserid = u.id) |                                 ->  Seq Scan on posts p  (cost=0.00..2219.64 rows=46840 width=4) (actual time=0.009..5.625 rows=46927 loops=2) |                                       Filter: ((creationdate <= '2014-08-26 22:40:26'::timestamp without time zone) AND (posttypeid = 2)) |                                       Rows Removed by Filter: 45049 |                                 ->  Hash  (cost=801.06..801.06 rows=40325 width=4) (actual time=6.282..6.282 rows=40325 loops=2) |                                       Buckets: 65536  Batches: 1  Memory Usage: 1930kB |                                       ->  Seq Scan on users u  (cost=0.00..801.06 rows=40325 width=4) (actual time=0.005..2.758 rows=40325 loops=2) |                                             Filter: (views >= 0) | Planning Time: 0.185 ms | Execution Time: 149.100 ms
s94,171.695,Finalize Aggregate  (cost=11441.76..11441.77 rows=1 width=8) (actual time=169.326..171.640 rows=1 loops=1) |   ->  Gather  (cost=11441.65..11441.76 rows=1 width=8) (actual time=168.752..171.633 rows=2 loops=1) |         Workers Planned: 1 |         Workers Launched: 1 |         ->  Partial Aggregate  (cost=10441.65..10441.66 rows=1 width=8) (actual time=144.265..144.269 rows=1 loops=2) |               ->  Hash Join  (cost=4605.65..10104.39 rows=134905 width=0) (actual time=55.500..122.316 rows=550148 loops=2) |                     Hash Cond: (v.userid = u.id) |                     ->  Parallel Seq Scan on votes v  (cost=0.00..4089.79 rows=192979 width=4) (actual time=0.007..12.505 rows=164032 loops=2) |                     ->  Hash  (cost=3516.90..3516.90 rows=87100 width=8) (actual time=52.487..52.489 rows=72152 loops=2) |                           Buckets: 131072  Batches: 1  Memory Usage: 3843kB |                           ->  Hash Join  (cost=1285.74..3516.90 rows=87100 width=8) (actual time=13.534..40.593 rows=72152 loops=2) |                                 Hash Cond: (p.owneruserid = u.id) |                                 ->  Seq Scan on posts p  (cost=0.00..1989.70 rows=91976 width=4) (actual time=0.036..10.026 rows=91976 loops=2) |                                       Filter: (commentcount >= 0) |                                 ->  Hash  (cost=801.06..801.06 rows=38774 width=4) (actual time=13.279..13.279 rows=38765 loops=2) |                                       Buckets: 65536  Batches: 1  Memory Usage: 1875kB |                                       ->  Seq Scan on users u  (cost=0.00..801.06 rows=38774 width=4) (actual time=0.533..3.864 rows=38765 loops=2) |                                             Filter: (creationdate >= '2010-12-15 06:00:24'::timestamp without time zone) |                                             Rows Removed by Filter: 1560 | Planning Time: 0.156 ms | Execution Time: 171.695 ms
s95,589.116,Finalize Aggregate  (cost=51035.30..51035.31 rows=1 width=8) (actual time=582.311..589.053 rows=1 loops=1) |   ->  Gather  (cost=51035.19..51035.30 rows=1 width=8) (actual time=582.301..589.050 rows=2 loops=1) |         Workers Planned: 1 |         Workers Launched: 1 |         ->  Partial Aggregate  (cost=50035.19..50035.20 rows=1 width=8) (actual time=576.775..576.790 rows=1 loops=2) |               ->  Parallel Hash Join  (cost=16862.68..43912.77 rows=2448966 width=0) (actual time=272.282..483.803 rows=2127078 loops=2) |                     Hash Cond: (ph.postid = p.id) |                     ->  Parallel Hash Join  (cost=6252.77..16320.08 rows=480715 width=8) (actual time=46.232..132.471 rows=352042 loops=2) |                           Hash Cond: (c.postid = ph.postid) |                           ->  Parallel Seq Scan on comments c  (cost=0.00..2369.32 rows=102532 width=4) (actual time=0.020..11.332 rows=87152 loops=2) |                           ->  Parallel Hash  (cost=4023.45..4023.45 rows=178345 width=4) (actual time=44.926..44.926 rows=151594 loops=2) |                                 Buckets: 524288  Batches: 1  Memory Usage: 16000kB |                                 ->  Parallel Seq Scan on posthistory ph  (cost=0.00..4023.45 rows=178345 width=4) (actual time=0.006..17.583 rows=151594 loops=2) |                     ->  Parallel Hash  (cost=7448.47..7448.47 rows=192675 width=8) (actual time=72.185..72.194 rows=163944 loops=2) |                           Buckets: 262144  Batches: 4  Memory Usage: 5280kB |                           ->  Parallel Hash Join  (cost=2370.44..7448.47 rows=192675 width=8) (actual time=9.442..49.912 rows=163944 loops=2) |                                 Hash Cond: (v.postid = p.id) |                                 ->  Parallel Seq Scan on votes v  (cost=0.00..4572.24 rows=192675 width=4) (actual time=0.011..11.553 rows=163944 loops=2) |                                       Filter: (creationdate <= '2014-09-12 00:00:00'::timestamp without time zone) |                                       Rows Removed by Filter: 88 |                                 ->  Parallel Hash  (cost=1891.41..1891.41 rows=38323 width=4) (actual time=9.065..9.069 rows=45988 loops=2) |                                       Buckets: 131072  Batches: 1  Memory Usage: 4640kB |                                       ->  Parallel Index Only Scan using posts_pkey on posts p  (cost=0.29..1891.41 rows=38323 width=4) (actual time=0.022..3.112 rows=45988 loops=2) |                                             Heap Fetches: 0 | Planning Time: 0.342 ms | Execution Time: 589.116 ms
s96,353.43,Finalize Aggregate  (cost=37350.61..37350.62 rows=1 width=8) (actual time=350.639..353.356 rows=1 loops=1) |   ->  Gather  (cost=37350.50..37350.61 rows=1 width=8) (actual time=349.749..353.349 rows=2 loops=1) |         Workers Planned: 1 |         Workers Launched: 1 |         ->  Partial Aggregate  (cost=36350.50..36350.51 rows=1 width=8) (actual time=337.734..337.804 rows=1 loops=2) |               ->  Parallel Hash Join  (cost=15957.67..32633.07 rows=1486973 width=0) (actual time=155.443..298.177 rows=1008119 loops=2) |                     Hash Cond: (ph.postid = p.id) |                     ->  Parallel Hash Join  (cost=6675.45..15418.46 rows=363582 width=8) (actual time=46.099..90.555 rows=260228 loops=2) |                           Hash Cond: (c.postid = ph.postid) |                           ->  Parallel Seq Scan on comments c  (cost=0.00..2881.99 rows=78364 width=4) (actual time=0.047..8.004 rows=66698 loops=2) |                                 Filter: ((creationdate >= '2010-08-26 06:55:11'::timestamp without time zone) AND (score = 0)) |                                 Rows Removed by Filter: 20454 |                           ->  Parallel Hash  (cost=4469.32..4469.32 rows=176491 width=4) (actual time=44.864..44.864 rows=150144 loops=2) |                                 Buckets: 524288  Batches: 1  Memory Usage: 15872kB |                                 ->  Parallel Seq Scan on posthistory ph  (cost=0.00..4469.32 rows=176491 width=4) (actual time=0.016..16.324 rows=150144 loops=2) |                                       Filter: (creationdate <= '2014-09-05 06:39:25'::timestamp without time zone) |                                       Rows Removed by Filter: 1450 |                     ->  Parallel Hash  (cost=7348.73..7348.73 rows=154679 width=8) (actual time=106.430..106.431 rows=131058 loops=2) |                           Buckets: 524288  Batches: 1  Memory Usage: 14400kB |                           ->  Parallel Hash Join  (cost=2370.44..7348.73 rows=154679 width=8) (actual time=18.516..73.322 rows=131058 loops=2) |                                 Hash Cond: (v.postid = p.id) |                                 ->  Parallel Seq Scan on votes v  (cost=0.00..4572.24 rows=154679 width=4) (actual time=0.013..17.921 rows=131058 loops=2) |                                       Filter: (votetypeid = 2) |                                       Rows Removed by Filter: 32974 |                                 ->  Parallel Hash  (cost=1891.41..1891.41 rows=38323 width=4) (actual time=16.825..16.826 rows=45988 loops=2) |                                       Buckets: 131072  Batches: 1  Memory Usage: 4672kB |                                       ->  Parallel Index Only Scan using posts_pkey on posts p  (cost=0.29..1891.41 rows=38323 width=4) (actual time=0.042..5.287 rows=45988 loops=2) |                                             Heap Fetches: 0 | Planning Time: 0.500 ms | Execution Time: 353.430 ms
s97,3765.286,Finalize Aggregate  (cost=70420.01..70420.02 rows=1 width=8) (actual time=3717.355..3762.496 rows=1 loops=1) |   ->  Gather  (cost=70419.90..70420.01 rows=1 width=8) (actual time=3709.180..3762.470 rows=2 loops=1) |         Workers Planned: 1 |         Workers Launched: 1 |         ->  Partial Aggregate  (cost=69419.90..69419.91 rows=1 width=8) (actual time=3697.733..3697.786 rows=1 loops=2) |               ->  Parallel Hash Join  (cost=10779.23..14684.58 rows=21894129 width=0) (actual time=59.832..2452.499 rows=28179699 loops=2) |                     Hash Cond: (c.userid = u.id) |                     ->  Parallel Seq Scan on comments c  (cost=0.00..2625.65 rows=101545 width=4) (actual time=0.032..24.931 rows=86868 loops=2) |                           Filter: (creationdate >= '2010-07-27 12:03:40'::timestamp without time zone) |                           Rows Removed by Filter: 285 |                     ->  Parallel Hash  (cost=10325.51..10325.51 rows=36298 width=12) (actual time=59.513..59.548 rows=64556 loops=2) |                           Buckets: 131072 (originally 65536)  Batches: 1 (originally 1)  Memory Usage: 7648kB |                           ->  Hash Join  (cost=5499.13..10325.51 rows=36298 width=12) (actual time=23.787..46.928 rows=64556 loops=2) |                                 Hash Cond: (v.userid = u.id) |                                 ->  Parallel Seq Scan on votes v  (cost=0.00..4089.79 rows=192979 width=4) (actual time=0.009..9.716 rows=164032 loops=2) |                                 ->  Hash  (cost=5467.44..5467.44 rows=2535 width=8) (actual time=23.647..23.667 rows=11436 loops=2) |                                       Buckets: 16384 (originally 4096)  Batches: 1 (originally 1)  Memory Usage: 575kB |                                       ->  Hash Join  (cost=1401.46..5467.44 rows=2535 width=8) (actual time=10.755..21.958 rows=11436 loops=2) |                                             Hash Cond: (p.owneruserid = u.id) |                                             ->  Seq Scan on posts p  (cost=0.00..4059.16 rows=2597 width=4) (actual time=0.076..8.341 rows=12147 loops=2) |                                                   Filter: ((score >= 0) AND (score <= 28) AND (viewcount >= 0) AND (viewcount <= 6517) AND (answercount >= 0) AND (answercount <= 5) AND (favoritecount >= 0) AND (favoritecount <= 8) AND (creationdate >= '2010-07-27 11:29:20'::timestamp without time zone) AND (creationdate <= '2014-09-13 02:50:15'::timestamp without time zone)) |                                                   Rows Removed by Filter: 79829 |                                             ->  Hash  (cost=901.88..901.88 rows=39967 width=4) (actual time=10.414..10.419 rows=39981 loops=2) |                                                   Buckets: 65536  Batches: 1  Memory Usage: 1918kB |                                                   ->  Seq Scan on users u  (cost=0.00..901.88 rows=39967 width=4) (actual time=0.043..5.076 rows=39981 loops=2) |                                                         Filter: ((views >= 0) AND (creationdate >= '2010-07-27 09:38:05'::timestamp without time zone)) |                                                         Rows Removed by Filter: 344 | Planning Time: 0.348 ms | Execution Time: 3765.286 ms
s98,2937.601,"Finalize Aggregate  (cost=926234.98..926234.99 rows=1 width=8) (actual time=2923.306..2930.812 rows=1 loops=1) |   ->  Gather  (cost=926234.86..926234.97 rows=1 width=8) (actual time=2923.220..2930.720 rows=2 loops=1) |         Workers Planned: 1 |         Workers Launched: 1 |         ->  Partial Aggregate  (cost=925234.86..925234.87 rows=1 width=8) (actual time=2851.747..2851.793 rows=1 loops=2) |               ->  Parallel Hash Join  (cost=19906.20..42582.65 rows=353060884 width=0) (actual time=452.243..1961.819 rows=20427832 loops=2) |                     Hash Cond: (c.userid = u.id) |                     ->  Parallel Seq Scan on comments c  (cost=0.00..2369.32 rows=102532 width=4) (actual time=0.050..17.216 rows=87152 loops=2) |                     ->  Parallel Hash  (cost=9829.03..9829.03 rows=579693 width=12) (actual time=408.119..408.152 rows=121840 loops=2) |                           Buckets: 262144  Batches: 8  Memory Usage: 5376kB |                           ->  Hash Join  (cost=4332.38..9829.03 rows=579693 width=12) (actual time=320.182..369.698 rows=121840 loops=2) |                                 Hash Cond: (v.userid = u.id) |                                 ->  Parallel Seq Scan on votes v  (cost=0.00..4572.24 rows=191472 width=4) (actual time=267.714..289.264 rows=163825 loops=2) |                                       Filter: (creationdate >= '2010-07-20 00:00:00'::timestamp without time zone) |                                       Rows Removed by Filter: 207 |                                 ->  Hash  (cost=3822.33..3822.33 rows=40804 width=8) (actual time=50.377..50.396 rows=39132 loops=2) |                                       Buckets: 65536  Batches: 1  Memory Usage: 2041kB |                                       ->  Hash Join  (cost=1490.24..3822.33 rows=40804 width=8) (actual time=12.747..39.570 rows=39132 loops=2) |                                             Hash Cond: (p.owneruserid = u.id) |                                             ->  Seq Scan on posts p  (cost=0.00..2219.64 rows=42834 width=4) (actual time=0.053..10.933 rows=42871 loops=2) |                                                   Filter: ((score <= 52) AND (answercount >= 0)) |                                                   Rows Removed by Filter: 49105 |                                             ->  Hash  (cost=1002.69..1002.69 rows=39004 width=4) (actual time=11.924..11.931 rows=38951 loops=2) |                                                   Buckets: 65536  Batches: 1  Memory Usage: 1882kB |                                                   ->  Seq Scan on users u  (cost=0.00..1002.69 rows=39004 width=4) (actual time=0.100..5.532 rows=38951 loops=2) |                                                         Filter: ((upvotes >= 0) AND (creationdate >= '2010-10-05 05:52:35'::timestamp without time zone) AND (creationdate <= '2014-09-08 15:55:02'::timestamp without time zone)) |                                                         Rows Removed by Filter: 1374 | Planning Time: 2.731 ms | JIT: |   Functions: 72 |   Options: Inlining true, Optimization true, Expressions true, Deforming true |   Timing: Generation 5.911 ms, Inlining 89.897 ms, Optimization 233.859 ms, Emission 212.597 ms, Total 542.263 ms | Execution Time: 2937.601 ms"
s99,448.226,"Finalize Aggregate  (cost=734902.64..734902.65 rows=1 width=8) (actual time=443.666..446.093 rows=1 loops=1) |   ->  Gather  (cost=734902.53..734902.64 rows=1 width=8) (actual time=443.659..446.087 rows=2 loops=1) |         Workers Planned: 1 |         Workers Launched: 1 |         ->  Partial Aggregate  (cost=733902.53..733902.54 rows=1 width=8) (actual time=396.478..396.481 rows=1 loops=2) |               ->  Parallel Hash Join  (cost=19296.00..38530.26 rows=278148908 width=0) (actual time=319.836..369.717 rows=745148 loops=2) |                     Hash Cond: (c.userid = u.id) |                     ->  Parallel Seq Scan on comments c  (cost=0.00..2625.65 rows=79333 width=4) (actual time=0.057..9.200 rows=67444 loops=2) |                           Filter: (score = 0) |                           Rows Removed by Filter: 19709 |                     ->  Parallel Hash  (cost=9034.93..9034.93 rows=590246 width=12) (actual time=299.742..299.745 rows=26934 loops=2) |                           Buckets: 262144  Batches: 8  Memory Usage: 2592kB |                           ->  Hash Join  (cost=4011.31..9034.93 rows=590246 width=12) (actual time=262.857..292.463 rows=26934 loops=2) |                                 Hash Cond: (v.userid = u.id) |                                 ->  Parallel Seq Scan on votes v  (cost=0.00..4089.79 rows=192979 width=4) (actual time=0.043..16.567 rows=164032 loops=2) |                                 ->  Hash  (cost=3496.04..3496.04 rows=41222 width=8) (actual time=262.486..262.487 rows=32854 loops=2) |                                       Buckets: 65536  Batches: 1  Memory Usage: 1796kB |                                       ->  Hash Join  (cost=1393.73..3496.04 rows=41222 width=8) (actual time=235.619..255.428 rows=32854 loops=2) |                                             Hash Cond: (p.owneruserid = u.id) |                                             ->  Seq Scan on posts p  (cost=0.00..1989.70 rows=42895 width=4) (actual time=222.983..231.015 rows=42921 loops=2) |                                                   Filter: (viewcount >= 0) |                                                   Rows Removed by Filter: 49055 |                                             ->  Hash  (cost=901.88..901.88 rows=39348 width=4) (actual time=12.304..12.304 rows=39321 loops=2) |                                                   Buckets: 65536  Batches: 1  Memory Usage: 1895kB |                                                   ->  Seq Scan on users u  (cost=0.00..901.88 rows=39348 width=4) (actual time=0.091..5.052 rows=39321 loops=2) |                                                         Filter: ((reputation <= 306) AND (upvotes >= 0)) |                                                         Rows Removed by Filter: 1004 | Planning Time: 1.272 ms | JIT: |   Functions: 72 |   Options: Inlining true, Optimization true, Expressions true, Deforming true |   Timing: Generation 3.468 ms, Inlining 60.352 ms, Optimization 220.375 ms, Emission 165.440 ms, Total 449.636 ms | Execution Time: 448.226 ms"
s100,173.226,Finalize Aggregate  (cost=15161.40..15161.41 rows=1 width=8) (actual time=169.975..173.168 rows=1 loops=1) |   ->  Gather  (cost=15161.29..15161.40 rows=1 width=8) (actual time=168.904..173.148 rows=2 loops=1) |         Workers Planned: 1 |         Workers Launched: 1 |         ->  Partial Aggregate  (cost=14161.29..14161.30 rows=1 width=8) (actual time=147.283..147.288 rows=1 loops=2) |               ->  Parallel Hash Join  (cost=8013.11..13763.22 rows=159230 width=0) (actual time=83.297..140.394 rows=151605 loops=2) |                     Hash Cond: (v.postid = p.id) |                     ->  Parallel Seq Scan on votes v  (cost=0.00..4089.79 rows=192979 width=4) (actual time=0.018..13.737 rows=164032 loops=2) |                     ->  Parallel Hash  (cost=7455.08..7455.08 rows=44642 width=8) (actual time=82.919..82.922 rows=42380 loops=2) |                           Buckets: 131072  Batches: 1  Memory Usage: 4352kB |                           ->  Hash Join  (cost=4694.88..7455.08 rows=44642 width=8) (actual time=31.132..72.350 rows=42380 loops=2) |                                 Hash Cond: (p.owneruserid = u.id) |                                 ->  Hash Join  (cost=3199.41..5837.89 rows=46365 width=12) (actual time=20.136..50.867 rows=43405 loops=2) |                                       Hash Cond: (c.postid = p.id) |                                       ->  Parallel Seq Scan on comments c  (cost=0.00..2369.32 rows=102532 width=4) (actual time=0.007..8.836 rows=87152 loops=2) |                                       ->  Hash  (cost=2679.52..2679.52 rows=41591 width=8) (actual time=19.973..19.973 rows=41589 loops=2) |                                             Buckets: 65536  Batches: 1  Memory Usage: 2134kB |                                             ->  Seq Scan on posts p  (cost=0.00..2679.52 rows=41591 width=8) (actual time=0.024..11.568 rows=41589 loops=2) |                                                   Filter: ((score >= 0) AND (score <= 16) AND (viewcount >= 0) AND (creationdate <= '2014-09-09 12:00:50'::timestamp without time zone)) |                                                   Rows Removed by Filter: 50387 |                                 ->  Hash  (cost=1002.69..1002.69 rows=39423 width=4) (actual time=10.496..10.497 rows=39426 loops=2) |                                       Buckets: 65536  Batches: 1  Memory Usage: 1899kB |                                       ->  Seq Scan on users u  (cost=0.00..1002.69 rows=39423 width=4) (actual time=0.024..4.225 rows=39426 loops=2) |                                             Filter: ((reputation >= 1) AND (creationdate >= '2010-07-19 19:08:49'::timestamp without time zone) AND (creationdate <= '2014-08-28 12:15:56'::timestamp without time zone)) |                                             Rows Removed by Filter: 899 | Planning Time: 0.279 ms | Execution Time: 173.226 ms
s101,119.278,Finalize Aggregate  (cost=17774.71..17774.72 rows=1 width=8) (actual time=116.842..119.212 rows=1 loops=1) |   ->  Gather  (cost=17774.59..17774.70 rows=1 width=8) (actual time=116.344..119.201 rows=2 loops=1) |         Workers Planned: 1 |         Workers Launched: 1 |         ->  Partial Aggregate  (cost=16774.59..16774.60 rows=1 width=8) (actual time=108.366..108.373 rows=1 loops=2) |               ->  Parallel Hash Join  (cost=9280.22..16118.57 rows=262410 width=0) (actual time=57.286..101.189 rows=204300 loops=2) |                     Hash Cond: (v.postid = p.id) |                     ->  Parallel Seq Scan on votes v  (cost=0.00..4572.24 rows=192675 width=4) (actual time=0.016..13.056 rows=163944 loops=2) |                           Filter: (creationdate <= '2014-09-12 00:00:00'::timestamp without time zone) |                           Rows Removed by Filter: 88 |                     ->  Parallel Hash  (cost=8359.16..8359.16 rows=73685 width=8) (actual time=56.952..56.957 rows=56941 loops=2) |                           Buckets: 131072  Batches: 1  Memory Usage: 5504kB |                           ->  Hash Join  (cost=5073.35..8359.16 rows=73685 width=8) (actual time=28.694..50.349 rows=56941 loops=2) |                                 Hash Cond: (p.owneruserid = u.id) |                                 ->  Hash Join  (cost=3768.22..6857.62 rows=74818 width=12) (actual time=20.647..35.171 rows=57744 loops=2) |                                       Hash Cond: (c.postid = p.id) |                                       ->  Parallel Seq Scan on comments c  (cost=0.00..2881.99 rows=79009 width=4) (actual time=0.010..5.612 rows=67129 loops=2) |                                             Filter: ((creationdate <= '2014-09-10 02:47:53'::timestamp without time zone) AND (score = 0)) |                                             Rows Removed by Filter: 20024 |                                       ->  Hash  (cost=2679.52..2679.52 rows=87096 width=8) (actual time=20.335..20.336 rows=87175 loops=2) |                                             Buckets: 131072  Batches: 1  Memory Usage: 4425kB |                                             ->  Seq Scan on posts p  (cost=0.00..2679.52 rows=87096 width=8) (actual time=0.025..9.485 rows=87175 loops=2) |                                                   Filter: ((score >= 0) AND (score <= 19) AND (commentcount <= 10) AND (creationdate <= '2014-08-28 13:31:33'::timestamp without time zone)) |                                                   Rows Removed by Filter: 4801 |                                 ->  Hash  (cost=801.06..801.06 rows=40325 width=4) (actual time=7.903..7.904 rows=40325 loops=2) |                                       Buckets: 65536  Batches: 1  Memory Usage: 1930kB |                                       ->  Seq Scan on users u  (cost=0.00..801.06 rows=40325 width=4) (actual time=0.019..3.211 rows=40325 loops=2) |                                             Filter: (downvotes >= 0) | Planning Time: 0.265 ms | Execution Time: 119.278 ms
s102,270.851,Finalize Aggregate  (cost=22229.42..22229.43 rows=1 width=8) (actual time=264.963..270.766 rows=1 loops=1) |   ->  Gather  (cost=22229.31..22229.42 rows=1 width=8) (actual time=264.564..270.761 rows=2 loops=1) |         Workers Planned: 1 |         Workers Launched: 1 |         ->  Partial Aggregate  (cost=21229.31..21229.32 rows=1 width=8) (actual time=256.697..256.700 rows=1 loops=2) |               ->  Hash Join  (cost=6820.77..13601.94 rows=3050948 width=0) (actual time=61.871..205.496 rows=1404712 loops=2) |                     Hash Cond: (p.owneruserid = u.id) |                     ->  Hash Join  (cost=2982.03..7578.41 rows=89372 width=4) (actual time=15.322..53.080 rows=71936 loops=2) |                           Hash Cond: (v.postid = p.id) |                           ->  Parallel Seq Scan on votes v  (cost=0.00..4089.79 rows=192979 width=4) (actual time=0.017..9.168 rows=164032 loops=2) |                           ->  Hash  (cost=2449.58..2449.58 rows=42596 width=8) (actual time=15.163..15.164 rows=42661 loops=2) |                                 Buckets: 65536  Batches: 1  Memory Usage: 2176kB |                                 ->  Seq Scan on posts p  (cost=0.00..2449.58 rows=42596 width=8) (actual time=0.023..7.324 rows=42661 loops=2) |                                       Filter: ((answercount >= 0) AND (answercount <= 7) AND (creationdate <= '2014-09-12 00:03:32'::timestamp without time zone)) |                                       Rows Removed by Filter: 49315 |                     ->  Hash  (cost=2843.48..2843.48 rows=79621 width=8) (actual time=46.238..46.239 rows=79593 loops=2) |                           Buckets: 131072  Batches: 1  Memory Usage: 4134kB |                           ->  Hash Join  (cost=1204.31..2843.48 rows=79621 width=8) (actual time=9.422..34.381 rows=79593 loops=2) |                                 Hash Cond: (b.userid = u.id) |                                 ->  Seq Scan on badges b  (cost=0.00..1430.14 rows=79621 width=4) (actual time=0.038..7.360 rows=79593 loops=2) |                                       Filter: (date <= '2014-09-11 07:27:36'::timestamp without time zone) |                                       Rows Removed by Filter: 258 |                                 ->  Hash  (cost=700.25..700.25 rows=40325 width=4) (actual time=9.213..9.213 rows=40325 loops=2) |                                       Buckets: 65536  Batches: 1  Memory Usage: 1930kB |                                       ->  Seq Scan on users u  (cost=0.00..700.25 rows=40325 width=4) (actual time=0.038..3.162 rows=40325 loops=2) | Planning Time: 0.300 ms | Execution Time: 270.851 ms
s103,512.321,Finalize Aggregate  (cost=83216.29..83216.30 rows=1 width=8) (actual time=512.118..512.226 rows=1 loops=1) |   ->  Gather  (cost=83216.18..83216.29 rows=1 width=8) (actual time=512.098..512.215 rows=2 loops=1) |         Workers Planned: 1 |         Workers Launched: 1 |         ->  Partial Aggregate  (cost=82216.18..82216.19 rows=1 width=8) (actual time=376.366..376.371 rows=1 loops=2) |               ->  Merge Join  (cost=21026.83..30336.02 rows=20752061 width=0) (actual time=57.421..301.886 rows=1889042 loops=2) |                     Merge Cond: (u.id = p.owneruserid) |                     ->  Merge Join  (cost=15285.62..16189.25 rows=462651 width=12) (actual time=45.278..65.592 rows=102164 loops=2) |                           Merge Cond: (u.id = b.userid) |                           ->  Sort  (cost=7553.20..7604.05 rows=20339 width=8) (actual time=31.653..32.663 rows=11556 loops=2) |                                 Sort Key: v.userid |                                 Sort Method: quicksort  Memory: 831kB |                                 Worker 0:  Sort Method: quicksort  Memory: 660kB |                                 ->  Hash Join  (cost=1501.38..6097.74 rows=20339 width=8) (actual time=8.262..29.785 rows=11556 loops=2) |                                       Hash Cond: (v.userid = u.id) |                                       ->  Parallel Seq Scan on votes v  (cost=0.00..4089.79 rows=192979 width=4) (actual time=0.009..10.178 rows=164032 loops=2) |                                       ->  Hash  (cost=1002.69..1002.69 rows=39895 width=4) (actual time=8.188..8.189 rows=39882 loops=2) |                                             Buckets: 65536  Batches: 1  Memory Usage: 1915kB |                                             ->  Seq Scan on users u  (cost=0.00..1002.69 rows=39895 width=4) (actual time=0.013..3.621 rows=39882 loops=2) |                                                   Filter: ((reputation >= 1) AND (downvotes >= 0) AND (downvotes <= 1)) |                                                   Rows Removed by Filter: 443 |                           ->  Sort  (cost=7732.39..7932.01 rows=79851 width=4) (actual time=13.583..20.491 rows=166790 loops=2) |                                 Sort Key: b.userid |                                 Sort Method: quicksort  Memory: 3073kB |                                 Worker 0:  Sort Method: quicksort  Memory: 3073kB |                                 ->  Seq Scan on badges b  (cost=0.00..1230.51 rows=79851 width=4) (actual time=0.019..5.674 rows=79851 loops=2) |                     ->  Sort  (cost=5741.11..5848.09 rows=42789 width=4) (actual time=12.125..88.952 rows=1921756 loops=2) |                           Sort Key: p.owneruserid |                           Sort Method: quicksort  Memory: 1537kB |                           Worker 0:  Sort Method: quicksort  Memory: 1537kB |                           ->  Seq Scan on posts p  (cost=0.00..2449.58 rows=42789 width=4) (actual time=0.052..8.107 rows=42786 loops=2) |                                 Filter: ((commentcount >= 0) AND (commentcount <= 15) AND (posttypeid = 1)) |                                 Rows Removed by Filter: 49190 | Planning Time: 0.367 ms | Execution Time: 512.321 ms
s104,5163.128,"Finalize Aggregate  (cost=2506329.54..2506329.55 rows=1 width=8) (actual time=5146.885..5147.537 rows=1 loops=1) |   ->  Gather  (cost=2506329.43..2506329.54 rows=1 width=8) (actual time=5146.733..5147.473 rows=2 loops=1) |         Workers Planned: 1 |         Workers Launched: 1 |         ->  Partial Aggregate  (cost=2505329.43..2505329.44 rows=1 width=8) (actual time=2754.718..2754.730 rows=1 loops=2) |               ->  Merge Join  (cost=84294.17..146112.49 rows=943686774 width=0) (actual time=285.846..2542.302 rows=5537946 loops=2) |                     Merge Cond: (v.userid = u.id) |                     ->  Merge Join  (cost=62530.23..170921.95 rows=7259679 width=8) (actual time=205.395..1285.787 rows=6991650 loops=2) |                           Merge Cond: (ph.userid = v.userid) |                           ->  Sort  (cost=22545.94..22983.36 rows=174967 width=4) (actual time=153.873..168.915 rows=138838 loops=2) |                                 Sort Key: ph.userid |                                 Sort Method: external merge  Disk: 3280kB |                                 Worker 0:  Sort Method: quicksort  Memory: 193kB |                                 ->  Parallel Seq Scan on posthistory ph  (cost=0.00..4915.18 rows=174967 width=4) (actual time=125.227..139.305 rows=149394 loops=2) |                                       Filter: ((creationdate >= '2010-07-28 09:11:34'::timestamp without time zone) AND (creationdate <= '2014-09-06 06:51:53'::timestamp without time zone)) |                                       Rows Removed by Filter: 2199 |                           ->  Materialize  (cost=39984.24..41624.56 rows=328064 width=4) (actual time=51.468..357.278 rows=7007022 loops=2) |                                 ->  Sort  (cost=39984.24..40804.40 rows=328064 width=4) (actual time=51.464..54.601 rows=34756 loops=2) |                                       Sort Key: v.userid |                                       Sort Method: external merge  Disk: 1560kB |                                       Worker 0:  Sort Method: external merge  Disk: 1560kB |                                       ->  Seq Scan on votes v  (cost=0.00..5440.64 rows=328064 width=4) (actual time=0.036..25.033 rows=328064 loops=2) |                     ->  Materialize  (cost=21763.03..22595.93 rows=166580 width=8) (actual time=72.883..290.334 rows=5583644 loops=2) |                           ->  Sort  (cost=21763.03..22179.48 rows=166580 width=8) (actual time=72.878..80.067 rows=57353 loops=2) |                                 Sort Key: c.userid |                                 Sort Method: quicksort  Memory: 3334kB |                                 Worker 0:  Sort Method: quicksort  Memory: 3334kB |                                 ->  Hash Join  (cost=1492.53..5037.17 rows=166580 width=8) (actual time=22.071..61.895 rows=57512 loops=2) |                                       Hash Cond: (c.userid = u.id) |                                       ->  Seq Scan on comments c  (cost=0.00..3087.05 rows=174305 width=4) (actual time=0.100..12.936 rows=174305 loops=2) |                                       ->  Hash  (cost=1002.69..1002.69 rows=39187 width=4) (actual time=21.607..21.610 rows=39462 loops=2) |                                             Buckets: 65536  Batches: 1  Memory Usage: 1900kB |                                             ->  Seq Scan on users u  (cost=0.00..1002.69 rows=39187 width=4) (actual time=0.110..11.300 rows=39462 loops=2) |                                                   Filter: ((downvotes <= 0) AND (upvotes >= 0) AND (upvotes <= 72)) |                                                   Rows Removed by Filter: 863 | Planning Time: 0.309 ms | JIT: |   Functions: 66 |   Options: Inlining true, Optimization true, Expressions true, Deforming true |   Timing: Generation 1.516 ms, Inlining 54.700 ms, Optimization 112.291 ms, Emission 84.061 ms, Total 252.569 ms | Execution Time: 5163.128 ms"
s105,41963.777,"Finalize Aggregate  (cost=2016763.66..2016763.67 rows=1 width=8) (actual time=41953.797..41954.183 rows=1 loops=1) |   ->  Gather  (cost=2016763.55..2016763.66 rows=1 width=8) (actual time=41953.666..41954.131 rows=2 loops=1) |         Workers Planned: 1 |         Workers Launched: 1 |         ->  Partial Aggregate  (cost=2015763.55..2015763.56 rows=1 width=8) (actual time=21159.187..21159.206 rows=1 loops=2) |               ->  Merge Join  (cost=79344.17..131364.24 rows=753759725 width=0) (actual time=388.776..17826.581 rows=91768582 loops=2) |                     Merge Cond: (v.userid = u.id) |                     ->  Merge Join  (cost=62002.77..172513.77 rows=7399848 width=8) (actual time=289.038..1194.803 rows=7055500 loops=2) |                           Merge Cond: (ph.userid = v.userid) |                           ->  Sort  (cost=22018.48..22464.34 rows=178345 width=4) (actual time=236.850..250.300 rows=140854 loops=2) |                                 Sort Key: ph.userid |                                 Sort Method: external merge  Disk: 3400kB |                                 Worker 0:  Sort Method: quicksort  Memory: 25kB |                                 ->  Parallel Seq Scan on posthistory ph  (cost=0.00..4023.45 rows=178345 width=4) (actual time=199.213..215.735 rows=151594 loops=2) |                           ->  Materialize  (cost=39984.24..41624.56 rows=328064 width=4) (actual time=52.132..317.740 rows=7058282 loops=2) |                                 ->  Sort  (cost=39984.24..40804.40 rows=328064 width=4) (actual time=52.113..53.956 rows=17799 loops=2) |                                       Sort Key: v.userid |                                       Sort Method: external merge  Disk: 1560kB |                                       Worker 0:  Sort Method: external merge  Disk: 1560kB |                                       ->  Seq Scan on votes v  (cost=0.00..5440.64 rows=328064 width=4) (actual time=0.070..25.824 rows=328064 loops=2) |                     ->  Sort  (cost=17340.48..17666.81 rows=130534 width=8) (actual time=91.740..6410.864 rows=91788156 loops=2) |                           Sort Key: c.userid |                           Sort Method: external sort  Disk: 1752kB |                           Worker 0:  Sort Method: external sort  Disk: 1752kB |                           ->  Hash Join  (cost=1504.84..6248.96 rows=130534 width=8) (actual time=11.460..57.749 rows=80882 loops=2) |                                 Hash Cond: (c.userid = u.id) |                                 ->  Seq Scan on comments c  (cost=0.00..4394.34 rows=133238 width=4) (actual time=0.093..20.657 rows=134490 loops=2) |                                       Filter: ((creationdate >= '2010-07-19 19:56:21'::timestamp without time zone) AND (creationdate <= '2014-09-11 13:36:12'::timestamp without time zone) AND (score = 0)) |                                       Rows Removed by Filter: 39815 |                                 ->  Hash  (cost=1002.69..1002.69 rows=40172 width=4) (actual time=11.191..11.197 rows=40186 loops=2) |                                       Buckets: 65536  Batches: 1  Memory Usage: 1925kB |                                       ->  Seq Scan on users u  (cost=0.00..1002.69 rows=40172 width=4) (actual time=0.044..5.331 rows=40186 loops=2) |                                             Filter: ((views <= 433) AND (downvotes >= 0) AND (creationdate <= '2014-09-12 21:37:39'::timestamp without time zone)) |                                             Rows Removed by Filter: 139 | Planning Time: 1.091 ms | JIT: |   Functions: 66 |   Options: Inlining true, Optimization true, Expressions true, Deforming true |   Timing: Generation 5.913 ms, Inlining 95.720 ms, Optimization 160.409 ms, Emission 142.901 ms, Total 404.943 ms | Execution Time: 41963.777 ms"
s106,860.279,"Finalize Aggregate  (cost=745609.64..745609.65 rows=1 width=8) (actual time=857.960..858.041 rows=1 loops=1) |   ->  Gather  (cost=745609.53..745609.64 rows=1 width=8) (actual time=857.949..858.035 rows=2 loops=1) |         Workers Planned: 1 |         Workers Launched: 1 |         ->  Partial Aggregate  (cost=744609.53..744609.54 rows=1 width=8) (actual time=559.166..559.169 rows=1 loops=2) |               ->  Merge Join  (cost=58388.06..76515.55 rows=267237593 width=0) (actual time=408.024..548.915 rows=284738 loops=2) |                     Merge Cond: (v.userid = u.id) |                     ->  Merge Join  (cost=37239.38..70833.31 rows=2232790 width=8) (actual time=219.789..388.594 rows=1319600 loops=2) |                           Merge Cond: (v.userid = ph.userid) |                           ->  Sort  (cost=23670.50..24152.94 rows=192979 width=4) (actual time=186.055..187.142 rows=17330 loops=2) |                                 Sort Key: v.userid |                                 Sort Method: external merge  Disk: 1560kB |                                 Worker 0:  Sort Method: quicksort  Memory: 25kB |                                 ->  Parallel Seq Scan on votes v  (cost=0.00..4089.79 rows=192979 width=4) (actual time=159.970..176.352 rows=164032 loops=2) |                           ->  Sort  (cost=13568.50..13797.21 rows=91482 width=4) (actual time=33.626..85.705 rows=1340473 loops=2) |                                 Sort Key: ph.userid |                                 Sort Method: quicksort  Memory: 3073kB |                                 Worker 0:  Sort Method: quicksort  Memory: 3073kB |                                 ->  Seq Scan on posthistory ph  (cost=0.00..6029.84 rows=91482 width=4) (actual time=0.058..22.348 rows=91976 loops=2) |                                       Filter: (posthistorytypeid = 2) |                                       Rows Removed by Filter: 211211 |                     ->  Materialize  (cost=21148.40..21915.29 rows=153378 width=8) (actual time=57.885..70.899 rows=301806 loops=2) |                           ->  Sort  (cost=21148.40..21531.85 rows=153378 width=8) (actual time=57.879..59.119 rows=23266 loops=2) |                                 Sort Key: c.userid |                                 Sort Method: quicksort  Memory: 2991kB |                                 Worker 0:  Sort Method: quicksort  Memory: 2991kB |                                 ->  Hash Join  (cost=1865.31..5837.39 rows=153378 width=8) (actual time=9.306..47.522 rows=46532 loops=2) |                                       Hash Cond: (c.userid = u.id) |                                       ->  Seq Scan on comments c  (cost=0.00..3522.81 rows=171133 width=4) (actual time=0.075..17.067 rows=171115 loops=2) |                                             Filter: (creationdate <= '2014-08-28 07:25:55'::timestamp without time zone) |                                             Rows Removed by Filter: 3190 |                                       ->  Hash  (cost=1405.94..1405.94 rows=36750 width=4) (actual time=8.581..8.582 rows=36820 loops=2) |                                             Buckets: 65536  Batches: 1  Memory Usage: 1807kB |                                             ->  Seq Scan on users u  (cost=0.00..1405.94 rows=36750 width=4) (actual time=0.108..4.095 rows=36820 loops=2) |                                                   Filter: ((reputation >= 1) AND (views >= 0) AND (downvotes >= 0) AND (upvotes >= 0) AND (upvotes <= 15) AND (creationdate >= '2010-09-03 11:45:16'::timestamp without time zone) AND (creationdate <= '2014-08-18 17:19:53'::timestamp without time zone)) |                                                   Rows Removed by Filter: 3505 | Planning Time: 1.221 ms | JIT: |   Functions: 70 |   Options: Inlining true, Optimization true, Expressions true, Deforming true |   Timing: Generation 3.281 ms, Inlining 81.551 ms, Optimization 135.730 ms, Emission 102.834 ms, Total 323.397 ms | Execution Time: 860.279 ms"
s107,28212.206,Finalize Aggregate  (cost=31790.23..31790.24 rows=1 width=8) (actual time=28174.487..28209.040 rows=1 loops=1) |   ->  Gather  (cost=31790.12..31790.23 rows=1 width=8) (actual time=28174.441..28209.003 rows=2 loops=1) |         Workers Planned: 1 |         Workers Launched: 1 |         ->  Partial Aggregate  (cost=30790.12..30790.13 rows=1 width=8) (actual time=27374.692..27374.722 rows=1 loops=2) |               ->  Parallel Hash Join  (cost=10160.76..13259.23 rows=7012354 width=0) (actual time=263.268..17435.989 rows=268676132 loops=2) |                     Hash Cond: (c.userid = u.id) |                     ->  Parallel Seq Scan on comments c  (cost=0.00..2881.99 rows=14411 width=4) (actual time=0.053..4.157 rows=12366 loops=2) |                           Filter: ((creationdate >= '2010-08-27 14:12:07'::timestamp without time zone) AND (score = 1)) |                           Rows Removed by Filter: 74786 |                     ->  Parallel Hash  (cost=9582.98..9582.98 rows=46222 width=12) (actual time=252.745..252.768 rows=495869 loops=2) |                           Buckets: 262144 (originally 131072)  Batches: 32 (originally 1)  Memory Usage: 9248kB |                           ->  Hash Join  (cost=3907.34..9582.98 rows=46222 width=12) (actual time=29.380..81.622 rows=495869 loops=2) |                                 Hash Cond: (v.userid = u.id) |                                 ->  Parallel Seq Scan on votes v  (cost=0.00..5537.13 rows=19655 width=4) (actual time=0.014..10.794 rows=16845 loops=2) |                                       Filter: ((creationdate >= '2010-07-19 00:00:00'::timestamp without time zone) AND (creationdate <= '2014-09-13 00:00:00'::timestamp without time zone) AND (votetypeid = 5)) |                                       Rows Removed by Filter: 147187 |                                 ->  Hash  (cost=2938.70..2938.70 rows=77491 width=8) (actual time=29.278..29.291 rows=77535 loops=2) |                                       Buckets: 131072  Batches: 1  Memory Usage: 4053kB |                                       ->  Hash Join  (cost=1305.12..2938.70 rows=77491 width=8) (actual time=6.301..21.924 rows=77535 loops=2) |                                             Hash Cond: (b.userid = u.id) |                                             ->  Seq Scan on badges b  (cost=0.00..1430.14 rows=77491 width=4) (actual time=0.033..6.059 rows=77535 loops=2) |                                                   Filter: (date <= '2014-08-19 10:32:13'::timestamp without time zone) |                                                   Rows Removed by Filter: 2316 |                                             ->  Hash  (cost=801.06..801.06 rows=40325 width=4) (actual time=6.222..6.223 rows=40325 loops=2) |                                                   Buckets: 65536  Batches: 1  Memory Usage: 1930kB |                                                   ->  Seq Scan on users u  (cost=0.00..801.06 rows=40325 width=4) (actual time=0.013..2.697 rows=40325 loops=2) |                                                         Filter: (reputation >= 1) | Planning Time: 0.352 ms | Execution Time: 28212.206 ms
s108,38332.234,"Finalize Aggregate  (cost=203268.11..203268.12 rows=1 width=8) (actual time=38317.146..38327.134 rows=1 loops=1) |   ->  Gather  (cost=203268.00..203268.11 rows=1 width=8) (actual time=37693.572..38327.085 rows=2 loops=1) |         Workers Planned: 1 |         Workers Launched: 1 |         ->  Partial Aggregate  (cost=202268.00..202268.01 rows=1 width=8) (actual time=37983.823..37983.840 rows=1 loops=2) |               ->  Parallel Hash Join  (cost=17326.13..24504.23 rows=71105507 width=0) (actual time=295.217..23209.525 rows=296584646 loops=2) |                     Hash Cond: (c.userid = u.id) |                     ->  Parallel Seq Scan on comments c  (cost=0.00..2881.99 rows=14455 width=4) (actual time=0.083..13.383 rows=12488 loops=2) |                           Filter: ((creationdate >= '2010-07-20 23:17:28'::timestamp without time zone) AND (score = 1)) |                           Rows Removed by Filter: 74664 |                     ->  Parallel Hash  (cost=9203.58..9203.58 rows=467244 width=12) (actual time=275.008..275.017 rows=506418 loops=2) |                           Buckets: 262144 (originally 262144)  Batches: 32 (originally 8)  Memory Usage: 10208kB |                           ->  Hash Join  (cost=3742.14..9203.58 rows=467244 width=12) (actual time=63.007..141.153 rows=506418 loops=2) |                                 Hash Cond: (v.userid = u.id) |                                 ->  Parallel Seq Scan on votes v  (cost=0.00..4089.79 rows=192979 width=4) (actual time=0.028..18.586 rows=164032 loops=2) |                                 ->  Hash  (cost=2744.84..2744.84 rows=79784 width=8) (actual time=62.571..62.577 rows=77791 loops=2) |                                       Buckets: 131072  Batches: 1  Memory Usage: 4063kB |                                       ->  Hash Join  (cost=1304.70..2744.84 rows=79784 width=8) (actual time=24.509..48.706 rows=77791 loops=2) |                                             Hash Cond: (b.userid = u.id) |                                             ->  Seq Scan on badges b  (cost=0.00..1230.51 rows=79851 width=4) (actual time=0.020..7.205 rows=79851 loops=2) |                                             ->  Hash  (cost=801.06..801.06 rows=40291 width=4) (actual time=24.248..24.249 rows=40173 loops=2) |                                                   Buckets: 65536  Batches: 1  Memory Usage: 1925kB |                                                   ->  Seq Scan on users u  (cost=0.00..801.06 rows=40291 width=4) (actual time=15.459..19.686 rows=40173 loops=2) |                                                         Filter: (creationdate >= '2010-07-20 01:27:29'::timestamp without time zone) |                                                         Rows Removed by Filter: 152 | Planning Time: 2.233 ms | JIT: |   Functions: 68 |   Options: Inlining false, Optimization false, Expressions true, Deforming true |   Timing: Generation 6.208 ms, Inlining 0.000 ms, Optimization 1.717 ms, Emission 29.608 ms, Total 37.533 ms | Execution Time: 38332.234 ms"
s109,249.281,Finalize Aggregate  (cost=30584.50..30584.51 rows=1 width=8) (actual time=246.925..249.212 rows=1 loops=1) |   ->  Gather  (cost=30584.39..30584.50 rows=1 width=8) (actual time=246.162..249.207 rows=2 loops=1) |         Workers Planned: 1 |         Workers Launched: 1 |         ->  Partial Aggregate  (cost=29584.39..29584.40 rows=1 width=8) (actual time=230.470..230.533 rows=1 loops=2) |               ->  Parallel Hash Join  (cost=17686.88..27707.00 rows=750955 width=0) (actual time=177.353..213.841 rows=489202 loops=2) |                     Hash Cond: (pl.postid = p.id) |                     ->  Parallel Hash Join  (cost=6623.72..12480.13 rows=96065 width=12) (actual time=45.818..64.173 rows=68006 loops=2) |                           Hash Cond: (pl.postid = ph.postid) |                           ->  Hash Join  (cost=370.95..4689.00 rows=20490 width=8) (actual time=2.097..13.030 rows=11008 loops=2) |                                 Hash Cond: (c.postid = pl.postid) |                                 ->  Parallel Seq Scan on comments c  (cost=0.00..2625.65 rows=79333 width=4) (actual time=0.008..5.411 rows=67444 loops=2) |                                       Filter: (score = 0) |                                       Rows Removed by Filter: 19709 |                                 ->  Hash  (cost=248.53..248.53 rows=9794 width=4) (actual time=1.973..1.973 rows=9794 loops=2) |                                       Buckets: 16384  Batches: 1  Memory Usage: 473kB |                                       ->  Seq Scan on postlinks pl  (cost=0.00..248.53 rows=9794 width=4) (actual time=0.086..1.022 rows=9794 loops=2) |                                             Filter: ((creationdate >= '2011-11-21 22:39:41'::timestamp without time zone) AND (creationdate <= '2014-09-01 16:29:56'::timestamp without time zone)) |                                             Rows Removed by Filter: 1308 |                           ->  Parallel Hash  (cost=4023.45..4023.45 rows=178345 width=4) (actual time=41.235..41.235 rows=151594 loops=2) |                                 Buckets: 524288  Batches: 1  Memory Usage: 16000kB |                                 ->  Parallel Seq Scan on posthistory ph  (cost=0.00..4023.45 rows=178345 width=4) (actual time=0.029..16.907 rows=151594 loops=2) |                     ->  Parallel Hash  (cost=7926.89..7926.89 rows=191141 width=8) (actual time=102.052..102.056 rows=163444 loops=2) |                           Buckets: 262144  Batches: 4  Memory Usage: 5280kB |                           ->  Parallel Hash Join  (cost=2370.44..7926.89 rows=191141 width=8) (actual time=15.707..74.353 rows=163444 loops=2) |                                 Hash Cond: (v.postid = p.id) |                                 ->  Parallel Seq Scan on votes v  (cost=0.00..5054.68 rows=191141 width=4) (actual time=0.061..16.346 rows=163444 loops=2) |                                       Filter: ((creationdate >= '2010-07-22 00:00:00'::timestamp without time zone) AND (creationdate <= '2014-09-14 00:00:00'::timestamp without time zone)) |                                       Rows Removed by Filter: 588 |                                 ->  Parallel Hash  (cost=1891.41..1891.41 rows=38323 width=4) (actual time=15.462..15.462 rows=45988 loops=2) |                                       Buckets: 131072  Batches: 1  Memory Usage: 4640kB |                                       ->  Parallel Index Only Scan using posts_pkey on posts p  (cost=0.29..1891.41 rows=38323 width=4) (actual time=0.096..5.611 rows=45988 loops=2) |                                             Heap Fetches: 0 | Planning Time: 0.977 ms | Execution Time: 249.281 ms
s110,240.974,Finalize Aggregate  (cost=30146.95..30146.96 rows=1 width=8) (actual time=239.006..240.941 rows=1 loops=1) |   ->  Gather  (cost=30146.84..30146.95 rows=1 width=8) (actual time=239.003..240.938 rows=2 loops=1) |         Workers Planned: 1 |         Workers Launched: 1 |         ->  Partial Aggregate  (cost=29146.84..29146.85 rows=1 width=8) (actual time=221.879..221.883 rows=1 loops=2) |               ->  Parallel Hash Join  (cost=16764.42..27133.17 rows=805469 width=0) (actual time=163.793..202.977 rows=552076 loops=2) |                     Hash Cond: (pl.postid = p.id) |                     ->  Parallel Hash Join  (cost=6631.36..12596.50 rows=102058 width=12) (actual time=31.922..52.275 rows=72770 loops=2) |                           Hash Cond: (pl.postid = ph.postid) |                           ->  Hash Join  (cost=378.59..4709.42 rows=21768 width=8) (actual time=1.862..14.479 rows=11652 loops=2) |                                 Hash Cond: (c.postid = pl.postid) |                                 ->  Parallel Seq Scan on comments c  (cost=0.00..2625.65 rows=79333 width=4) (actual time=0.014..6.763 rows=67444 loops=2) |                                       Filter: (score = 0) |                                       Rows Removed by Filter: 19709 |                                 ->  Hash  (cost=248.53..248.53 rows=10405 width=4) (actual time=1.781..1.781 rows=10423 loops=2) |                                       Buckets: 16384  Batches: 1  Memory Usage: 495kB |                                       ->  Seq Scan on postlinks pl  (cost=0.00..248.53 rows=10405 width=4) (actual time=0.029..0.840 rows=10423 loops=2) |                                             Filter: ((creationdate >= '2011-03-22 06:18:34'::timestamp without time zone) AND (creationdate <= '2014-08-22 20:04:25'::timestamp without time zone)) |                                             Rows Removed by Filter: 679 |                           ->  Parallel Hash  (cost=4023.45..4023.45 rows=178345 width=4) (actual time=29.033..29.033 rows=151594 loops=2) |                                 Buckets: 524288  Batches: 1  Memory Usage: 16000kB |                                 ->  Parallel Seq Scan on posthistory ph  (cost=0.00..4023.45 rows=178345 width=4) (actual time=0.005..10.151 rows=151594 loops=2) |                     ->  Parallel Hash  (cost=6966.82..6966.82 rows=192979 width=8) (actual time=99.932..99.934 rows=164032 loops=2) |                           Buckets: 262144  Batches: 4  Memory Usage: 5280kB |                           ->  Parallel Hash Join  (cost=2370.44..6966.82 rows=192979 width=8) (actual time=15.490..71.042 rows=164032 loops=2) |                                 Hash Cond: (v.postid = p.id) |                                 ->  Parallel Seq Scan on votes v  (cost=0.00..4089.79 rows=192979 width=4) (actual time=0.009..11.591 rows=164032 loops=2) |                                 ->  Parallel Hash  (cost=1891.41..1891.41 rows=38323 width=4) (actual time=14.462..14.463 rows=45988 loops=2) |                                       Buckets: 131072  Batches: 1  Memory Usage: 4640kB |                                       ->  Parallel Index Only Scan using posts_pkey on posts p  (cost=0.29..1891.41 rows=38323 width=4) (actual time=0.018..4.209 rows=45988 loops=2) |                                             Heap Fetches: 0 | Planning Time: 0.511 ms | Execution Time: 240.974 ms
s111,250.838,Finalize Aggregate  (cost=31280.41..31280.42 rows=1 width=8) (actual time=248.723..250.808 rows=1 loops=1) |   ->  Gather  (cost=31280.30..31280.41 rows=1 width=8) (actual time=248.087..250.803 rows=2 loops=1) |         Workers Planned: 1 |         Workers Launched: 1 |         ->  Partial Aggregate  (cost=30280.30..30280.31 rows=1 width=8) (actual time=243.303..243.361 rows=1 loops=2) |               ->  Parallel Hash Join  (cost=13141.66..28032.57 rows=899091 width=0) (actual time=90.356..208.975 rows=978776 loops=2) |                     Hash Cond: (pl.postid = p.id) |                     ->  Parallel Hash Join  (cost=6851.08..18827.99 rows=195601 width=12) (actual time=36.024..81.708 rows=214040 loops=2) |                           Hash Cond: (pl.postid = ph.postid) |                           ->  Hash Join  (cost=374.25..8999.89 rows=46330 width=8) (actual time=1.958..28.088 rows=32350 loops=2) |                                 Hash Cond: (v.postid = pl.postid) |                                 ->  Parallel Seq Scan on votes v  (cost=0.00..4572.24 rows=191472 width=4) (actual time=0.011..11.117 rows=163825 loops=2) |                                       Filter: (creationdate >= '2010-07-20 00:00:00'::timestamp without time zone) |                                       Rows Removed by Filter: 207 |                                 ->  Hash  (cost=248.53..248.53 rows=10058 width=4) (actual time=1.881..1.881 rows=10032 loops=2) |                                       Buckets: 16384  Batches: 1  Memory Usage: 481kB |                                       ->  Seq Scan on postlinks pl  (cost=0.00..248.53 rows=10058 width=4) (actual time=0.027..0.903 rows=10032 loops=2) |                                             Filter: ((creationdate >= '2010-10-19 15:02:42'::timestamp without time zone) AND (linktypeid = 1)) |                                             Rows Removed by Filter: 1070 |                           ->  Parallel Hash  (cost=4469.32..4469.32 rows=160601 width=4) (actual time=33.445..33.446 rows=136494 loops=2) |                                 Buckets: 524288  Batches: 1  Memory Usage: 14816kB |                                 ->  Parallel Seq Scan on posthistory ph  (cost=0.00..4469.32 rows=160601 width=4) (actual time=0.014..12.611 rows=136494 loops=2) |                                       Filter: (creationdate <= '2014-06-18 17:14:07'::timestamp without time zone) |                                       Rows Removed by Filter: 15100 |                     ->  Parallel Hash  (cost=5008.92..5008.92 rows=102532 width=8) (actual time=53.860..53.862 rows=87152 loops=2) |                           Buckets: 262144  Batches: 1  Memory Usage: 8896kB |                           ->  Parallel Hash Join  (cost=2370.44..5008.92 rows=102532 width=8) (actual time=8.494..36.254 rows=87152 loops=2) |                                 Hash Cond: (c.postid = p.id) |                                 ->  Parallel Seq Scan on comments c  (cost=0.00..2369.32 rows=102532 width=4) (actual time=0.008..6.787 rows=87152 loops=2) |                                 ->  Parallel Hash  (cost=1891.41..1891.41 rows=38323 width=4) (actual time=8.306..8.306 rows=45988 loops=2) |                                       Buckets: 131072  Batches: 1  Memory Usage: 4672kB |                                       ->  Parallel Index Only Scan using posts_pkey on posts p  (cost=0.29..1891.41 rows=38323 width=4) (actual time=0.019..3.127 rows=45988 loops=2) |                                             Heap Fetches: 0 | Planning Time: 0.525 ms | Execution Time: 250.838 ms
s112,240.874,Finalize Aggregate  (cost=31748.51..31748.52 rows=1 width=8) (actual time=238.745..240.846 rows=1 loops=1) |   ->  Gather  (cost=31748.40..31748.51 rows=1 width=8) (actual time=238.520..240.840 rows=2 loops=1) |         Workers Planned: 1 |         Workers Launched: 1 |         ->  Partial Aggregate  (cost=30748.40..30748.41 rows=1 width=8) (actual time=233.520..233.524 rows=1 loops=2) |               ->  Parallel Hash Join  (cost=12911.86..28373.78 rows=949848 width=0) (actual time=84.284..201.155 rows=919663 loops=2) |                     Hash Cond: (pl.postid = p.id) |                     ->  Parallel Hash Join  (cost=6621.28..19004.65 rows=206646 width=12) (actual time=38.646..85.640 rows=200540 loops=2) |                           Hash Cond: (pl.postid = ph.postid) |                           ->  Hash Join  (cost=368.52..9442.72 rows=44076 width=8) (actual time=1.754..29.675 rows=28378 loops=2) |                                 Hash Cond: (v.postid = pl.postid) |                                 ->  Parallel Seq Scan on votes v  (cost=0.00..5054.68 rows=190867 width=4) (actual time=0.005..11.952 rows=163576 loops=2) |                                       Filter: ((creationdate >= '2010-07-19 00:00:00'::timestamp without time zone) AND (creationdate <= '2014-09-10 00:00:00'::timestamp without time zone)) |                                       Rows Removed by Filter: 456 |                                 ->  Hash  (cost=248.53..248.53 rows=9599 width=4) (actual time=1.683..1.683 rows=9549 loops=2) |                                       Buckets: 16384  Batches: 1  Memory Usage: 464kB |                                       ->  Seq Scan on postlinks pl  (cost=0.00..248.53 rows=9599 width=4) (actual time=0.047..0.844 rows=9549 loops=2) |                                             Filter: ((creationdate >= '2011-06-14 13:31:35'::timestamp without time zone) AND (linktypeid = 1)) |                                             Rows Removed by Filter: 1553 |                           ->  Parallel Hash  (cost=4023.45..4023.45 rows=178345 width=4) (actual time=36.004..36.005 rows=151594 loops=2) |                                 Buckets: 524288  Batches: 1  Memory Usage: 16000kB |                                 ->  Parallel Seq Scan on posthistory ph  (cost=0.00..4023.45 rows=178345 width=4) (actual time=0.012..12.484 rows=151594 loops=2) |                     ->  Parallel Hash  (cost=5008.92..5008.92 rows=102532 width=8) (actual time=45.193..45.195 rows=87152 loops=2) |                           Buckets: 262144  Batches: 1  Memory Usage: 8896kB |                           ->  Parallel Hash Join  (cost=2370.44..5008.92 rows=102532 width=8) (actual time=8.732..31.876 rows=87152 loops=2) |                                 Hash Cond: (c.postid = p.id) |                                 ->  Parallel Seq Scan on comments c  (cost=0.00..2369.32 rows=102532 width=4) (actual time=0.006..5.514 rows=87152 loops=2) |                                 ->  Parallel Hash  (cost=1891.41..1891.41 rows=38323 width=4) (actual time=8.424..8.425 rows=45988 loops=2) |                                       Buckets: 131072  Batches: 1  Memory Usage: 4672kB |                                       ->  Parallel Index Only Scan using posts_pkey on posts p  (cost=0.29..1891.41 rows=38323 width=4) (actual time=0.020..3.083 rows=45988 loops=2) |                                             Heap Fetches: 0 | Planning Time: 0.502 ms | Execution Time: 240.874 ms
s113,2805.856,"Finalize Aggregate  (cost=18615900.32..18615900.33 rows=1 width=8) (actual time=2804.029..2804.445 rows=1 loops=1) |   ->  Gather  (cost=18615900.20..18615900.31 rows=1 width=8) (actual time=2804.018..2804.437 rows=2 loops=1) |         Workers Planned: 1 |         Workers Launched: 1 |         ->  Partial Aggregate  (cost=18614900.20..18614900.21 rows=1 width=8) (actual time=2632.717..2632.720 rows=1 loops=2) |               ->  Parallel Hash Join  (cost=35261.86..419016.84 rows=7278353344 width=0) (actual time=250.374..2302.368 rows=9191436 loops=2) |                     Hash Cond: (b.userid = u.id) |                     ->  Merge Join  (cost=29764.77..160879.61 rows=8686548 width=8) (actual time=42.581..1102.982 rows=8161323 loops=2) |                           Merge Cond: (ph.userid = b.userid) |                           ->  Sort  (cost=22018.48..22464.34 rows=178345 width=4) (actual time=24.552..30.515 rows=140930 loops=2) |                                 Sort Key: ph.userid |                                 Sort Method: quicksort  Memory: 4096kB |                                 Worker 0:  Sort Method: quicksort  Memory: 4096kB |                                 ->  Parallel Seq Scan on posthistory ph  (cost=0.00..4023.45 rows=178345 width=4) (actual time=0.018..9.033 rows=151594 loops=2) |                           ->  Sort  (cost=7732.39..7932.01 rows=79851 width=4) (actual time=17.792..318.956 rows=8180420 loops=2) |                                 Sort Key: b.userid |                                 Sort Method: quicksort  Memory: 3073kB |                                 Worker 0:  Sort Method: quicksort  Memory: 3073kB |                                 ->  Seq Scan on badges b  (cost=0.00..1230.51 rows=79851 width=4) (actual time=0.052..8.928 rows=79851 loops=2) |                     ->  Parallel Hash  (cost=4283.10..4283.10 rows=97119 width=8) (actual time=206.104..206.105 rows=27201 loops=2) |                           Buckets: 262144  Batches: 1  Memory Usage: 4224kB |                           ->  Hash Join  (cost=1389.40..4283.10 rows=97119 width=8) (actual time=182.771..198.947 rows=27201 loops=2) |                                 Hash Cond: (c.userid = u.id) |                                 ->  Parallel Seq Scan on comments c  (cost=0.00..2625.65 rows=102105 width=4) (actual time=173.718..179.511 rows=86770 loops=2) |                                       Filter: (creationdate <= '2014-09-10 00:33:30'::timestamp without time zone) |                                       Rows Removed by Filter: 382 |                                 ->  Hash  (cost=901.88..901.88 rows=39002 width=4) (actual time=8.871..8.872 rows=39348 loops=2) |                                       Buckets: 65536  Batches: 1  Memory Usage: 1896kB |                                       ->  Seq Scan on users u  (cost=0.00..901.88 rows=39002 width=4) (actual time=0.056..3.724 rows=39348 loops=2) |                                             Filter: ((downvotes <= 0) AND (upvotes <= 47)) |                                             Rows Removed by Filter: 977 | Planning Time: 0.301 ms | JIT: |   Functions: 68 |   Options: Inlining true, Optimization true, Expressions true, Deforming true |   Timing: Generation 2.016 ms, Inlining 53.223 ms, Optimization 171.261 ms, Emission 123.164 ms, Total 349.665 ms | Execution Time: 2805.856 ms"
s114,1277.735,"Finalize Aggregate  (cost=5036256.81..5036256.82 rows=1 width=8) (actual time=1270.979..1274.043 rows=1 loops=1) |   ->  Gather  (cost=5036256.70..5036256.81 rows=1 width=8) (actual time=1270.170..1274.032 rows=2 loops=1) |         Workers Planned: 1 |         Workers Launched: 1 |         ->  Partial Aggregate  (cost=5035256.70..5035256.71 rows=1 width=8) (actual time=1262.169..1262.173 rows=1 loops=2) |               ->  Parallel Hash Join  (cost=49554.74..128235.67 rows=1962808409 width=0) (actual time=249.943..892.305 rows=9712390 loops=2) |                     Hash Cond: (c.userid = u.id) |                     ->  Parallel Seq Scan on comments c  (cost=0.00..2369.32 rows=102532 width=4) (actual time=0.024..8.222 rows=87152 loops=2) |                     ->  Parallel Hash  (cost=10334.48..10334.48 rows=2256261 width=12) (actual time=226.150..226.152 rows=170611 loops=2) |                           Buckets: 262144  Batches: 32  Memory Usage: 3072kB |                           ->  Hash Join  (cost=4309.06..10334.48 rows=2256261 width=12) (actual time=181.743..204.343 rows=170611 loops=2) |                                 Hash Cond: (ph.userid = u.id) |                                 ->  Parallel Seq Scan on posthistory ph  (cost=0.00..4915.18 rows=51124 width=4) (actual time=153.993..160.430 rows=43712 loops=2) |                                       Filter: ((creationdate <= '2014-08-01 13:56:22'::timestamp without time zone) AND (posthistorytypeid = 2)) |                                       Rows Removed by Filter: 107882 |                                 ->  Hash  (cost=3404.64..3404.64 rows=72354 width=8) (actual time=27.580..27.582 rows=61057 loops=2) |                                       Buckets: 131072  Batches: 1  Memory Usage: 3410kB |                                       ->  Hash Join  (cost=1767.36..3404.64 rows=72354 width=8) (actual time=6.450..20.735 rows=61057 loops=2) |                                             Hash Cond: (b.userid = u.id) |                                             ->  Seq Scan on badges b  (cost=0.00..1430.14 rows=78901 width=4) (actual time=0.023..4.692 rows=78855 loops=2) |                                                   Filter: (date <= '2014-09-02 23:33:16'::timestamp without time zone) |                                                   Rows Removed by Filter: 996 |                                             ->  Hash  (cost=1305.12..1305.12 rows=36979 width=4) (actual time=6.252..6.252 rows=36998 loops=2) |                                                   Buckets: 65536  Batches: 1  Memory Usage: 1813kB |                                                   ->  Seq Scan on users u  (cost=0.00..1305.12 rows=36979 width=4) (actual time=0.024..2.983 rows=36998 loops=2) |                                                         Filter: ((views >= 0) AND (downvotes >= 0) AND (upvotes >= 0) AND (upvotes <= 62) AND (creationdate >= '2010-07-27 17:10:30'::timestamp without time zone) AND (creationdate <= '2014-07-31 18:48:36'::timestamp without time zone)) |                                                         Rows Removed by Filter: 3327 | Planning Time: 0.774 ms | JIT: |   Functions: 72 |   Options: Inlining true, Optimization true, Expressions true, Deforming true |   Timing: Generation 4.810 ms, Inlining 60.647 ms, Optimization 142.725 ms, Emission 104.778 ms, Total 312.960 ms | Execution Time: 1277.735 ms"
s115,3963.412,"Finalize Aggregate  (cost=18291949.19..18291949.20 rows=1 width=8) (actual time=3961.478..3961.944 rows=1 loops=1) |   ->  Gather  (cost=18291949.08..18291949.19 rows=1 width=8) (actual time=3961.458..3961.929 rows=2 loops=1) |         Workers Planned: 1 |         Workers Launched: 1 |         ->  Partial Aggregate  (cost=18290949.08..18290949.09 rows=1 width=8) (actual time=3839.048..3839.060 rows=1 loops=2) |               ->  Parallel Hash Join  (cost=35504.18..411319.54 rows=7151851813 width=0) (actual time=192.555..3018.435 rows=21963816 loops=2) |                     Hash Cond: (b.userid = u.id) |                     ->  Merge Join  (cost=29789.25..157676.47 rows=8471373 width=8) (actual time=32.264..1094.792 rows=7950620 loops=2) |                           Merge Cond: (ph.userid = b.userid) |                           ->  Sort  (cost=22018.48..22464.34 rows=178345 width=4) (actual time=19.682..26.979 rows=140930 loops=2) |                                 Sort Key: ph.userid |                                 Sort Method: quicksort  Memory: 4096kB |                                 Worker 0:  Sort Method: quicksort  Memory: 4096kB |                                 ->  Parallel Seq Scan on posthistory ph  (cost=0.00..4023.45 rows=178345 width=4) (actual time=0.014..8.175 rows=151594 loops=2) |                           ->  Sort  (cost=7756.87..7951.55 rows=77873 width=4) (actual time=12.401..325.735 rows=7969022 loops=2) |                                 Sort Key: b.userid |                                 Sort Method: quicksort  Memory: 3073kB |                                 Worker 0:  Sort Method: quicksort  Memory: 3073kB |                                 ->  Seq Scan on badges b  (cost=0.00..1430.14 rows=77873 width=4) (actual time=0.076..5.327 rows=77918 loops=2) |                                       Filter: (date >= '2010-09-15 02:50:48'::timestamp without time zone) |                                       Rows Removed by Filter: 1933 |                     ->  Parallel Hash  (cost=4491.75..4491.75 rows=97855 width=8) (actual time=157.887..157.892 rows=35015 loops=2) |                           Buckets: 262144  Batches: 1  Memory Usage: 4832kB |                           ->  Hash Join  (cost=1601.91..4491.75 rows=97855 width=8) (actual time=138.196..153.428 rows=35015 loops=2) |                                 Hash Cond: (c.userid = u.id) |                                 ->  Parallel Seq Scan on comments c  (cost=0.00..2625.65 rows=100631 width=4) (actual time=131.719..137.105 rows=85534 loops=2) |                                       Filter: (creationdate <= '2014-08-28 00:18:24'::timestamp without time zone) |                                       Rows Removed by Filter: 1618 |                                 ->  Hash  (cost=1103.50..1103.50 rows=39873 width=4) (actual time=6.420..6.422 rows=39993 loops=2) |                                       Buckets: 65536  Batches: 1  Memory Usage: 1919kB |                                       ->  Seq Scan on users u  (cost=0.00..1103.50 rows=39873 width=4) (actual time=0.041..3.010 rows=39993 loops=2) |                                             Filter: ((reputation >= 1) AND (reputation <= 1443) AND (downvotes >= 0) AND (downvotes <= 3)) |                                             Rows Removed by Filter: 332 | Planning Time: 0.402 ms | JIT: |   Functions: 72 |   Options: Inlining true, Optimization true, Expressions true, Deforming true |   Timing: Generation 2.321 ms, Inlining 53.914 ms, Optimization 122.766 ms, Emission 86.970 ms, Total 265.971 ms | Execution Time: 3963.412 ms"
s116,382.696,"Finalize Aggregate  (cost=914376.07..914376.08 rows=1 width=8) (actual time=378.798..381.661 rows=1 loops=1) |   ->  Gather  (cost=914375.96..914376.07 rows=1 width=8) (actual time=378.181..381.645 rows=2 loops=1) |         Workers Planned: 1 |         Workers Launched: 1 |         ->  Partial Aggregate  (cost=913375.96..913375.97 rows=1 width=8) (actual time=371.066..371.070 rows=1 loops=2) |               ->  Parallel Hash Join  (cost=11117.08..39389.77 rows=349594476 width=0) (actual time=229.608..352.842 rows=493494 loops=2) |                     Hash Cond: (b.userid = u.id) |                     ->  Hash Join  (cost=2228.65..11416.31 rows=402334 width=8) (actual time=12.407..66.737 rows=665916 loops=2) |                           Hash Cond: (c.userid = b.userid) |                           ->  Parallel Seq Scan on comments c  (cost=0.00..2625.65 rows=4894 width=4) (actual time=0.026..3.953 rows=4181 loops=2) |                                 Filter: (score = 2) |                                 Rows Removed by Filter: 82972 |                           ->  Hash  (cost=1230.51..1230.51 rows=79851 width=4) (actual time=12.113..12.113 rows=79851 loops=2) |                                 Buckets: 131072  Batches: 1  Memory Usage: 3832kB |                                 ->  Seq Scan on badges b  (cost=0.00..1230.51 rows=79851 width=4) (actual time=0.015..4.724 rows=79851 loops=2) |                     ->  Parallel Hash  (cost=6875.42..6875.42 rows=161041 width=8) (actual time=216.557..216.559 rows=83752 loops=2) |                           Buckets: 524288  Batches: 1  Memory Usage: 10688kB |                           ->  Hash Join  (cost=1503.60..6875.42 rows=161041 width=8) (actual time=171.849..203.916 rows=83752 loops=2) |                                 Hash Cond: (ph.userid = u.id) |                                 ->  Parallel Seq Scan on posthistory ph  (cost=0.00..4915.18 rows=173940 width=4) (actual time=164.543..176.616 rows=147821 loops=2) |                                       Filter: ((creationdate >= '2010-08-19 12:45:55'::timestamp without time zone) AND (creationdate <= '2014-09-03 21:46:37'::timestamp without time zone)) |                                       Rows Removed by Filter: 3772 |                                 ->  Hash  (cost=1002.69..1002.69 rows=40073 width=4) (actual time=7.211..7.211 rows=40068 loops=2) |                                       Buckets: 65536  Batches: 1  Memory Usage: 1921kB |                                       ->  Seq Scan on users u  (cost=0.00..1002.69 rows=40073 width=4) (actual time=0.039..3.139 rows=40068 loops=2) |                                             Filter: ((reputation >= 1) AND (reputation <= 1183) AND (views >= 0)) |                                             Rows Removed by Filter: 257 | Planning Time: 0.559 ms | JIT: |   Functions: 72 |   Options: Inlining true, Optimization true, Expressions true, Deforming true |   Timing: Generation 2.443 ms, Inlining 58.858 ms, Optimization 155.788 ms, Emission 114.274 ms, Total 331.363 ms | Execution Time: 382.696 ms"
s117,107.452,Finalize Aggregate  (cost=18526.78..18526.79 rows=1 width=8) (actual time=105.271..107.361 rows=1 loops=1) |   ->  Gather  (cost=18526.67..18526.78 rows=1 width=8) (actual time=104.996..107.355 rows=2 loops=1) |         Workers Planned: 1 |         Workers Launched: 1 |         ->  Partial Aggregate  (cost=17526.67..17526.68 rows=1 width=8) (actual time=99.756..99.760 rows=1 loops=2) |               ->  Parallel Hash Join  (cost=10281.49..16962.17 rows=225800 width=0) (actual time=63.330..93.720 rows=177194 loops=2) |                     Hash Cond: (ph.postid = p.id) |                     ->  Parallel Seq Scan on posthistory ph  (cost=0.00..4469.32 rows=176626 width=4) (actual time=0.033..9.482 rows=151208 loops=2) |                           Filter: (creationdate >= '2010-07-21 00:44:08'::timestamp without time zone) |                           Rows Removed by Filter: 386 |                     ->  Parallel Hash  (cost=9416.91..9416.91 rows=69166 width=8) (actual time=63.027..63.029 rows=31084 loops=2) |                           Buckets: 131072  Batches: 1  Memory Usage: 3488kB |                           ->  Hash Join  (cost=4249.24..9416.91 rows=69166 width=8) (actual time=19.347..58.053 rows=31084 loops=2) |                                 Hash Cond: (p.owneruserid = u.id) |                                 ->  Hash Join  (cost=2755.83..7734.12 rows=72138 width=12) (actual time=12.530..42.637 rows=54832 loops=2) |                                       Hash Cond: (v.postid = p.id) |                                       ->  Parallel Seq Scan on votes v  (cost=0.00..4572.24 rows=154679 width=4) (actual time=0.008..11.144 rows=131058 loops=2) |                                             Filter: (votetypeid = 2) |                                             Rows Removed by Filter: 32974 |                                       ->  Hash  (cost=2219.64..2219.64 rows=42895 width=8) (actual time=12.458..12.459 rows=42921 loops=2) |                                             Buckets: 65536  Batches: 1  Memory Usage: 2186kB |                                             ->  Seq Scan on posts p  (cost=0.00..2219.64 rows=42895 width=8) (actual time=0.033..8.071 rows=42921 loops=2) |                                                   Filter: ((viewcount >= 0) AND (commentcount >= 0)) |                                                   Rows Removed by Filter: 49055 |                                 ->  Hash  (cost=1002.69..1002.69 rows=39258 width=4) (actual time=6.756..6.757 rows=39247 loops=2) |                                       Buckets: 65536  Batches: 1  Memory Usage: 1892kB |                                       ->  Seq Scan on users u  (cost=0.00..1002.69 rows=39258 width=4) (actual time=0.020..3.181 rows=39247 loops=2) |                                             Filter: ((views >= 0) AND (views <= 34) AND (upvotes >= 0)) |                                             Rows Removed by Filter: 1078 | Planning Time: 0.335 ms | Execution Time: 107.452 ms
s118,151.448,Finalize Aggregate  (cost=17462.56..17462.57 rows=1 width=8) (actual time=149.227..151.380 rows=1 loops=1) |   ->  Gather  (cost=17462.45..17462.56 rows=1 width=8) (actual time=148.803..151.376 rows=2 loops=1) |         Workers Planned: 1 |         Workers Launched: 1 |         ->  Partial Aggregate  (cost=16462.45..16462.46 rows=1 width=8) (actual time=143.195..143.199 rows=1 loops=2) |               ->  Parallel Hash Join  (cost=9486.51..16172.48 rows=115989 width=0) (actual time=73.590..132.781 rows=277151 loops=2) |                     Hash Cond: (v.postid = p.id) |                     ->  Parallel Seq Scan on votes v  (cost=0.00..5054.68 rows=189800 width=4) (actual time=0.012..14.085 rows=162328 loops=2) |                           Filter: ((creationdate >= '2010-07-20 00:00:00'::timestamp without time zone) AND (creationdate <= '2014-09-03 00:00:00'::timestamp without time zone)) |                           Rows Removed by Filter: 1704 |                     ->  Parallel Hash  (cost=9073.23..9073.23 rows=33063 width=8) (actual time=73.448..73.450 rows=83666 loops=2) |                           Buckets: 262144 (originally 65536)  Batches: 1 (originally 1)  Memory Usage: 10144kB |                           ->  Hash Join  (cost=4067.03..9073.23 rows=33063 width=8) (actual time=16.260..60.840 rows=83666 loops=2) |                                 Hash Cond: (p.owneruserid = u.id) |                                 ->  Hash Join  (cost=2695.37..7607.00 rows=36021 width=12) (actual time=10.036..40.228 rows=100401 loops=2) |                                       Hash Cond: (ph.postid = p.id) |                                       ->  Parallel Seq Scan on posthistory ph  (cost=0.00..4469.32 rows=168492 width=4) (actual time=0.003..11.104 rows=143258 loops=2) |                                             Filter: (creationdate <= '2014-07-28 13:25:35'::timestamp without time zone) |                                             Rows Removed by Filter: 8336 |                                       ->  Hash  (cost=2449.58..2449.58 rows=19663 width=8) (actual time=10.003..10.003 rows=42238 loops=2) |                                             Buckets: 65536 (originally 32768)  Batches: 1 (originally 1)  Memory Usage: 2160kB |                                             ->  Seq Scan on posts p  (cost=0.00..2449.58 rows=19663 width=8) (actual time=0.008..6.211 rows=42238 loops=2) |                                                   Filter: ((answercount >= 0) AND (answercount <= 4) AND (posttypeid = 1)) |                                                   Rows Removed by Filter: 49738 |                                 ->  Hash  (cost=901.88..901.88 rows=37583 width=4) (actual time=6.176..6.177 rows=37542 loops=2) |                                       Buckets: 65536  Batches: 1  Memory Usage: 1832kB |                                       ->  Seq Scan on users u  (cost=0.00..901.88 rows=37583 width=4) (actual time=0.009..2.951 rows=37542 loops=2) |                                             Filter: ((creationdate <= '2014-08-08 07:03:29'::timestamp without time zone) AND (downvotes = 0)) |                                             Rows Removed by Filter: 2783 | Planning Time: 0.227 ms | Execution Time: 151.448 ms
s119,298.928,Finalize Aggregate  (cost=59642.97..59642.98 rows=1 width=8) (actual time=298.790..298.887 rows=1 loops=1) |   ->  Gather  (cost=59642.86..59642.97 rows=1 width=8) (actual time=298.780..298.882 rows=2 loops=1) |         Workers Planned: 1 |         Workers Launched: 1 |         ->  Partial Aggregate  (cost=58642.86..58642.87 rows=1 width=8) (actual time=205.882..205.885 rows=1 loops=2) |               ->  Merge Join  (cost=22127.18..43264.82 rows=6151214 width=0) (actual time=40.804..169.865 rows=968476 loops=2) |                     Merge Cond: (b.userid = p.owneruserid) |                     ->  Merge Join  (cost=16782.57..18120.59 rows=74989 width=12) (actual time=31.202..47.805 rows=90912 loops=2) |                           Merge Cond: (u.id = b.userid) |                           ->  Sort  (cost=8864.17..8959.02 rows=37943 width=8) (actual time=18.185..18.962 rows=11309 loops=2) |                                 Sort Key: ph.userid |                                 Sort Method: quicksort  Memory: 876kB |                                 Worker 0:  Sort Method: quicksort  Memory: 408kB |                                 ->  Hash Join  (cost=1401.03..5978.31 rows=37943 width=8) (actual time=6.489..16.780 rows=11309 loops=2) |                                       Hash Cond: (ph.userid = u.id) |                                       ->  Parallel Seq Scan on posthistory ph  (cost=0.00..4469.32 rows=41126 width=4) (actual time=0.009..6.719 rows=34714 loops=2) |                                             Filter: (posthistorytypeid = 5) |                                             Rows Removed by Filter: 116880 |                                       ->  Hash  (cost=901.88..901.88 rows=39932 width=4) (actual time=6.402..6.403 rows=39923 loops=2) |                                             Buckets: 65536  Batches: 1  Memory Usage: 1916kB |                                             ->  Seq Scan on users u  (cost=0.00..901.88 rows=39932 width=4) (actual time=0.009..2.865 rows=39923 loops=2) |                                                   Filter: ((reputation >= 1) AND (reputation <= 750)) |                                                   Rows Removed by Filter: 402 |                           ->  Sort  (cost=7918.37..8117.61 rows=79697 width=4) (actual time=12.966..18.486 rows=147305 loops=2) |                                 Sort Key: b.userid |                                 Sort Method: quicksort  Memory: 3073kB |                                 Worker 0:  Sort Method: quicksort  Memory: 3073kB |                                 ->  Seq Scan on badges b  (cost=0.00..1430.14 rows=79697 width=4) (actual time=0.030..5.466 rows=79511 loops=2) |                                       Filter: (date >= '2010-07-20 10:34:10'::timestamp without time zone) |                                       Rows Removed by Filter: 340 |                     ->  Sort  (cost=5336.29..5438.05 rows=40706 width=4) (actual time=9.591..47.085 rows=994054 loops=2) |                           Sort Key: p.owneruserid |                           Sort Method: quicksort  Memory: 1537kB |                           Worker 0:  Sort Method: quicksort  Memory: 1537kB |                           ->  Seq Scan on posts p  (cost=0.00..2219.64 rows=40706 width=4) (actual time=0.023..5.820 rows=40611 loops=2) |                                 Filter: ((viewcount >= 0) AND (viewcount <= 2024)) |                                 Rows Removed by Filter: 51365 | Planning Time: 0.282 ms | Execution Time: 298.928 ms
s120,1222213.825,"Finalize Aggregate  (cost=382682.77..382682.78 rows=1 width=8) (actual time=1222192.813..1222194.020 rows=1 loops=1) |   ->  Gather  (cost=382682.66..382682.77 rows=1 width=8) (actual time=1222192.631..1222193.951 rows=2 loops=1) |         Workers Planned: 1 |         Workers Launched: 1 |         ->  Partial Aggregate  (cost=381682.66..381682.67 rows=1 width=8) (actual time=1126065.323..1126065.408 rows=1 loops=2) |               ->  Merge Join  (cost=39900.93..234309.93 rows=58949093 width=0) (actual time=95.062..834285.334 rows=5818761808 loops=2) |                     Merge Cond: (b.userid = p.owneruserid) |                     ->  Merge Join  (cost=30338.60..35972.80 rows=321504 width=12) (actual time=77.991..1563.895 rows=7164036 loops=2) |                           Merge Cond: (u.id = b.userid) |                           ->  Sort  (cost=22606.12..23012.02 rows=162361 width=8) (actual time=65.414..192.595 rows=129454 loops=2) |                                 Sort Key: ph.userid |                                 Sort Method: external merge  Disk: 2512kB |                                 Worker 0:  Sort Method: external merge  Disk: 2056kB |                                 ->  Hash Join  (cost=1399.20..6332.21 rows=162361 width=8) (actual time=16.328..46.623 rows=129454 loops=2) |                                       Hash Cond: (ph.userid = u.id) |                                       ->  Parallel Seq Scan on posthistory ph  (cost=0.00..4469.32 rows=176630 width=4) (actual time=9.201..20.651 rows=151502 loops=2) |                                             Filter: (creationdate >= '2010-07-19 19:52:31'::timestamp without time zone) |                                             Rows Removed by Filter: 91 |                                       ->  Hash  (cost=901.88..901.88 rows=39786 width=4) (actual time=6.949..6.984 rows=39783 loops=2) |                                             Buckets: 65536  Batches: 1  Memory Usage: 1911kB |                                             ->  Seq Scan on users u  (cost=0.00..901.88 rows=39786 width=4) (actual time=0.031..3.570 rows=39783 loops=2) |                                                   Filter: ((creationdate >= '2010-07-27 02:56:06'::timestamp without time zone) AND (creationdate <= '2014-09-10 10:44:00'::timestamp without time zone)) |                                                   Rows Removed by Filter: 542 |                           ->  Sort  (cost=7732.39..7932.01 rows=79851 width=4) (actual time=12.271..472.690 rows=7188436 loops=2) |                                 Sort Key: b.userid |                                 Sort Method: quicksort  Memory: 3073kB |                                 Worker 0:  Sort Method: quicksort  Memory: 3073kB |                                 ->  Seq Scan on badges b  (cost=0.00..1230.51 rows=79851 width=4) (actual time=0.014..4.927 rows=79851 loops=2) |                     ->  Sort  (cost=9484.10..9711.57 rows=90988 width=4) (actual time=16.740..238289.212 rows=5818777316 loops=2) |                           Sort Key: p.owneruserid |                           Sort Method: quicksort  Memory: 3073kB |                           Worker 0:  Sort Method: quicksort  Memory: 3073kB |                           ->  Seq Scan on posts p  (cost=0.00..1989.70 rows=90988 width=4) (actual time=0.015..8.966 rows=90956 loops=2) |                                 Filter: (score >= 0) |                                 Rows Removed by Filter: 1020 | Planning Time: 0.281 ms | JIT: |   Functions: 70 |   Options: Inlining false, Optimization false, Expressions true, Deforming true |   Timing: Generation 1.581 ms, Inlining 0.000 ms, Optimization 0.772 ms, Emission 19.760 ms, Total 22.114 ms | Execution Time: 1222213.825 ms"
s121,199.968,Finalize Aggregate  (cost=22886.38..22886.39 rows=1 width=8) (actual time=194.692..199.838 rows=1 loops=1) |   ->  Gather  (cost=22886.27..22886.38 rows=1 width=8) (actual time=193.828..199.825 rows=2 loops=1) |         Workers Planned: 1 |         Workers Launched: 1 |         ->  Partial Aggregate  (cost=21886.27..21886.28 rows=1 width=8) (actual time=146.966..146.972 rows=1 loops=2) |               ->  Hash Join  (cost=6887.23..19275.04 rows=1044490 width=0) (actual time=65.365..125.698 rows=558000 loops=2) |                     Hash Cond: (ph.userid = b.userid) |                     ->  Parallel Seq Scan on posthistory ph  (cost=0.00..5361.04 rows=49961 width=4) (actual time=3.156..20.254 rows=42160 loops=2) |                           Filter: ((creationdate >= '2011-01-08 03:03:48'::timestamp without time zone) AND (creationdate <= '2014-08-25 14:04:43'::timestamp without time zone) AND (posthistorytypeid = 2)) |                           Rows Removed by Filter: 109434 |                     ->  Hash  (cost=6750.15..6750.15 rows=10967 width=12) (actual time=61.886..61.890 rows=70835 loops=2) |                           Buckets: 131072 (originally 16384)  Batches: 1 (originally 1)  Memory Usage: 4068kB |                           ->  Hash Join  (cost=4713.39..6750.15 rows=10967 width=12) (actual time=28.756..52.030 rows=70835 loops=2) |                                 Hash Cond: (b.userid = u.id) |                                 ->  Seq Scan on badges b  (cost=0.00..1629.76 rows=79286 width=4) (actual time=0.085..12.242 rows=79007 loops=2) |                                       Filter: ((date >= '2010-07-20 20:47:27'::timestamp without time zone) AND (date <= '2014-09-09 13:24:28'::timestamp without time zone)) |                                       Rows Removed by Filter: 844 |                                 ->  Hash  (cost=4643.66..4643.66 rows=5578 width=8) (actual time=28.528..28.530 rows=9739 loops=2) |                                       Buckets: 16384 (originally 8192)  Batches: 1 (originally 1)  Memory Usage: 509kB |                                       ->  Hash Join  (cost=1488.85..4643.66 rows=5578 width=8) (actual time=13.475..26.905 rows=9739 loops=2) |                                             Hash Cond: (p.owneruserid = u.id) |                                             ->  Seq Scan on posts p  (cost=0.00..3139.40 rows=5872 width=4) (actual time=0.044..10.915 rows=12416 loops=2) |                                                   Filter: ((answercount <= 4) AND (commentcount >= 0) AND (commentcount <= 12) AND (favoritecount >= 0) AND (favoritecount <= 89) AND (creationdate <= '2014-09-02 10:21:04'::timestamp without time zone)) |                                                   Rows Removed by Filter: 79560 |                                             ->  Hash  (cost=1002.69..1002.69 rows=38893 width=4) (actual time=12.840..12.841 rows=38877 loops=2) |                                                   Buckets: 65536  Batches: 1  Memory Usage: 1879kB |                                                   ->  Seq Scan on users u  (cost=0.00..1002.69 rows=38893 width=4) (actual time=0.094..5.333 rows=38877 loops=2) |                                                         Filter: ((reputation <= 705) AND (creationdate >= '2010-07-28 23:56:00'::timestamp without time zone) AND (creationdate <= '2014-09-02 10:04:41'::timestamp without time zone)) |                                                         Rows Removed by Filter: 1448 | Planning Time: 1.680 ms | Execution Time: 199.968 ms
s122,1056995.01,"Finalize Aggregate  (cost=221860.34..221860.35 rows=1 width=8) (actual time=1056965.373..1056990.994 rows=1 loops=1) |   ->  Gather  (cost=221860.23..221860.34 rows=1 width=8) (actual time=1037250.107..1056990.761 rows=2 loops=1) |         Workers Planned: 1 |         Workers Launched: 1 |         ->  Partial Aggregate  (cost=220860.23..220860.24 rows=1 width=8) (actual time=1047095.453..1047095.534 rows=1 loops=2) |               ->  Merge Join  (cost=36473.97..142682.90 rows=31270931 width=0) (actual time=98.789..774958.792 rows=5603439776 loops=2) |                     Merge Cond: (b.userid = p.owneruserid) |                     ->  Merge Join  (cost=30724.09..36408.53 rows=324372 width=12) (actual time=88.381..1624.928 rows=8101955 loops=2) |                           Merge Cond: (u.id = b.userid) |                           ->  Sort  (cost=22991.61..23401.13 rows=163809 width=8) (actual time=75.118..151.579 rows=139509 loops=2) |                                 Sort Key: ph.userid |                                 Sort Method: external merge  Disk: 2448kB |                                 Worker 0:  Sort Method: external merge  Disk: 2480kB |                                 ->  Parallel Hash Join  (cost=1187.63..6564.40 rows=163809 width=8) (actual time=15.593..50.577 rows=139509 loops=2) |                                       Hash Cond: (ph.userid = u.id) |                                       ->  Parallel Seq Scan on posthistory ph  (cost=0.00..4915.18 rows=175824 width=4) (actual time=0.069..13.249 rows=150098 loops=2) |                                             Filter: ((creationdate >= '2010-07-27 18:08:19'::timestamp without time zone) AND (creationdate <= '2014-09-10 08:22:43'::timestamp without time zone)) |                                             Rows Removed by Filter: 1495 |                                       ->  Parallel Hash  (cost=891.12..891.12 rows=23721 width=4) (actual time=15.161..15.174 rows=20162 loops=2) |                                             Buckets: 65536  Batches: 1  Memory Usage: 2112kB |                                             ->  Parallel Index Only Scan using users_pkey on users u  (cost=0.29..891.12 rows=23721 width=4) (actual time=0.052..1.629 rows=20162 loops=2) |                                                   Heap Fetches: 0 |                           ->  Sort  (cost=7732.39..7932.01 rows=79851 width=4) (actual time=12.981..509.549 rows=8121070 loops=2) |                                 Sort Key: b.userid |                                 Sort Method: quicksort  Memory: 3073kB |                                 Worker 0:  Sort Method: quicksort  Memory: 3073kB |                                 ->  Seq Scan on badges b  (cost=0.00..1230.51 rows=79851 width=4) (actual time=0.018..4.975 rows=79851 loops=2) |                     ->  Sort  (cost=5708.29..5827.89 rows=47840 width=4) (actual time=10.387..224285.029 rows=5603441844 loops=2) |                           Sort Key: p.owneruserid |                           Sort Method: quicksort  Memory: 1537kB |                           Worker 0:  Sort Method: quicksort  Memory: 1537kB |                           ->  Seq Scan on posts p  (cost=0.00..1989.70 rows=47840 width=4) (actual time=0.015..6.780 rows=47755 loops=2) |                                 Filter: (posttypeid = 2) |                                 Rows Removed by Filter: 44221 | Planning Time: 0.318 ms | JIT: |   Functions: 62 |   Options: Inlining false, Optimization false, Expressions true, Deforming true |   Timing: Generation 2.787 ms, Inlining 0.000 ms, Optimization 1.466 ms, Emission 20.550 ms, Total 24.803 ms | Execution Time: 1056995.010 ms"
s123,8022.182,Finalize Aggregate  (cost=47453.66..47453.67 rows=1 width=8) (actual time=8021.996..8022.053 rows=1 loops=1) |   ->  Gather  (cost=47453.55..47453.66 rows=1 width=8) (actual time=8021.987..8022.048 rows=2 loops=1) |         Workers Planned: 1 |         Workers Launched: 1 |         ->  Partial Aggregate  (cost=46453.55..46453.56 rows=1 width=8) (actual time=7868.019..7868.023 rows=1 loops=2) |               ->  Hash Join  (cost=5637.97..36476.28 rows=3990908 width=0) (actual time=102.203..4959.475 rows=77177967 loops=2) |                     Hash Cond: (ph.userid = b.userid) |                     ->  Parallel Seq Scan on posthistory ph  (cost=0.00..4023.45 rows=178345 width=4) (actual time=0.038..14.692 rows=151594 loops=2) |                     ->  Hash  (cost=5491.23..5491.23 rows=11739 width=12) (actual time=101.875..101.878 rows=216873 loops=2) |                           Buckets: 262144 (originally 16384)  Batches: 2 (originally 1)  Memory Usage: 6145kB |                           ->  Hash Join  (cost=3843.89..5491.23 rows=11739 width=12) (actual time=30.835..63.190 rows=216873 loops=2) |                                 Hash Cond: (b.userid = u.id) |                                 ->  Seq Scan on badges b  (cost=0.00..1230.51 rows=79851 width=4) (actual time=0.030..7.053 rows=79851 loops=2) |                                 ->  Hash  (cost=3769.79..3769.79 rows=5928 width=8) (actual time=30.713..30.715 rows=12912 loops=2) |                                       Buckets: 16384 (originally 8192)  Batches: 1 (originally 1)  Memory Usage: 633kB |                                       ->  Hash Join  (cost=1304.39..3769.79 rows=5928 width=8) (actual time=15.371..28.462 rows=12912 loops=2) |                                             Hash Cond: (p.owneruserid = u.id) |                                             ->  Seq Scan on posts p  (cost=0.00..2449.58 rows=6028 width=4) (actual time=0.019..10.165 rows=13179 loops=2) |                                                   Filter: ((answercount >= 0) AND (favoritecount >= 0) AND (creationdate <= '2014-09-03 03:32:35'::timestamp without time zone)) |                                                   Rows Removed by Filter: 78797 |                                             ->  Hash  (cost=801.06..801.06 rows=40266 width=4) (actual time=14.889..14.890 rows=40287 loops=2) |                                                   Buckets: 65536  Batches: 1  Memory Usage: 1929kB |                                                   ->  Seq Scan on users u  (cost=0.00..801.06 rows=40266 width=4) (actual time=0.052..5.352 rows=40287 loops=2) |                                                         Filter: (creationdate <= '2014-09-12 22:21:49'::timestamp without time zone) |                                                         Rows Removed by Filter: 38 | Planning Time: 1.984 ms | Execution Time: 8022.182 ms
s124,415.221,Finalize Aggregate  (cost=51403.02..51403.03 rows=1 width=8) (actual time=413.058..415.174 rows=1 loops=1) |   ->  Gather  (cost=51402.91..51403.02 rows=1 width=8) (actual time=412.827..415.170 rows=2 loops=1) |         Workers Planned: 1 |         Workers Launched: 1 |         ->  Partial Aggregate  (cost=50402.91..50402.92 rows=1 width=8) (actual time=406.626..406.630 rows=1 loops=2) |               ->  Parallel Hash Join  (cost=10650.13..16984.83 rows=13367230 width=0) (actual time=73.497..298.121 rows=3175888 loops=2) |                     Hash Cond: (ph.userid = u.id) |                     ->  Parallel Seq Scan on posthistory ph  (cost=0.00..4023.45 rows=178345 width=4) (actual time=0.004..8.956 rows=151594 loops=2) |                     ->  Parallel Hash  (cost=10151.86..10151.86 rows=39861 width=12) (actual time=73.220..73.223 rows=60208 loops=2) |                           Buckets: 131072  Batches: 1  Memory Usage: 6720kB |                           ->  Hash Join  (cost=4219.15..10151.86 rows=39861 width=12) (actual time=38.560..66.236 rows=60208 loops=2) |                                 Hash Cond: (v.userid = u.id) |                                 ->  Parallel Seq Scan on votes v  (cost=0.00..4572.24 rows=192371 width=4) (actual time=0.009..15.158 rows=163617 loops=2) |                                       Filter: (creationdate <= '2014-09-10 00:00:00'::timestamp without time zone) |                                       Rows Removed by Filter: 415 |                                 ->  Hash  (cost=3238.73..3238.73 rows=78434 width=8) (actual time=38.430..38.432 rows=64907 loops=2) |                                       Buckets: 131072  Batches: 1  Memory Usage: 3560kB |                                       ->  Hash Join  (cost=1599.21..3238.73 rows=78434 width=8) (actual time=7.720..28.669 rows=64907 loops=2) |                                             Hash Cond: (b.userid = u.id) |                                             ->  Seq Scan on badges b  (cost=0.00..1430.14 rows=79755 width=4) (actual time=0.014..5.772 rows=79654 loops=2) |                                                   Filter: (date >= '2010-07-19 21:54:06'::timestamp without time zone) |                                                   Rows Removed by Filter: 197 |                                             ->  Hash  (cost=1103.50..1103.50 rows=39657 width=4) (actual time=7.639..7.640 rows=39835 loops=2) |                                                   Buckets: 65536  Batches: 1  Memory Usage: 1913kB |                                                   ->  Seq Scan on users u  (cost=0.00..1103.50 rows=39657 width=4) (actual time=0.008..3.577 rows=39835 loops=2) |                                                         Filter: ((downvotes >= 0) AND (downvotes <= 3) AND (upvotes >= 0) AND (upvotes <= 71)) |                                                         Rows Removed by Filter: 490 | Planning Time: 0.346 ms | Execution Time: 415.221 ms
s125,91.175,Finalize Aggregate  (cost=20047.51..20047.52 rows=1 width=8) (actual time=87.633..91.124 rows=1 loops=1) |   ->  Gather  (cost=20047.40..20047.51 rows=1 width=8) (actual time=87.243..91.115 rows=2 loops=1) |         Workers Planned: 1 |         Workers Launched: 1 |         ->  Partial Aggregate  (cost=19047.40..19047.41 rows=1 width=8) (actual time=81.726..81.732 rows=1 loops=2) |               ->  Parallel Hash Join  (cost=9478.83..14973.81 rows=1629435 width=0) (actual time=40.973..79.812 rows=28102 loops=2) |                     Hash Cond: (v.userid = u.id) |                     ->  Parallel Seq Scan on votes v  (cost=0.00..4572.24 rows=192675 width=4) (actual time=0.030..19.821 rows=163944 loops=2) |                           Filter: (creationdate <= '2014-09-12 00:00:00'::timestamp without time zone) |                           Rows Removed by Filter: 88 |                     ->  Parallel Hash  (cost=8987.17..8987.17 rows=39333 width=12) (actual time=38.697..38.701 rows=26496 loops=2) |                           Buckets: 131072  Batches: 1  Memory Usage: 3552kB |                           ->  Hash Join  (cost=3996.49..8987.17 rows=39333 width=12) (actual time=22.677..34.352 rows=26496 loops=2) |                                 Hash Cond: (ph.userid = u.id) |                                 ->  Parallel Seq Scan on posthistory ph  (cost=0.00..4469.32 rows=25605 width=4) (actual time=0.012..7.088 rows=21460 loops=2) |                                       Filter: (posthistorytypeid = 1) |                                       Rows Removed by Filter: 130133 |                                 ->  Hash  (cost=3165.36..3165.36 rows=66490 width=8) (actual time=22.353..22.355 rows=38533 loops=2) |                                       Buckets: 131072  Batches: 1  Memory Usage: 2530kB |                                       ->  Hash Join  (cost=1527.91..3165.36 rows=66490 width=8) (actual time=6.421..18.129 rows=38533 loops=2) |                                             Hash Cond: (b.userid = u.id) |                                             ->  Seq Scan on badges b  (cost=0.00..1430.14 rows=78968 width=4) (actual time=0.005..4.576 rows=78917 loops=2) |                                                   Filter: (date <= '2014-09-03 16:13:12'::timestamp without time zone) |                                                   Rows Removed by Filter: 934 |                                             ->  Hash  (cost=1103.50..1103.50 rows=33953 width=4) (actual time=6.195..6.196 rows=35771 loops=2) |                                                   Buckets: 65536  Batches: 1  Memory Usage: 1770kB |                                                   ->  Seq Scan on users u  (cost=0.00..1103.50 rows=33953 width=4) (actual time=0.030..3.084 rows=35771 loops=2) |                                                         Filter: ((reputation <= 126) AND (views <= 11) AND (creationdate >= '2010-08-02 16:17:58'::timestamp without time zone) AND (creationdate <= '2014-09-12 00:16:30'::timestamp without time zone)) |                                                         Rows Removed by Filter: 4554 | Planning Time: 0.292 ms | Execution Time: 91.175 ms
s126,161487.309,Finalize Aggregate  (cost=51213.38..51213.39 rows=1 width=8) (actual time=161461.321..161485.864 rows=1 loops=1) |   ->  Gather  (cost=51213.27..51213.38 rows=1 width=8) (actual time=161461.275..161485.828 rows=2 loops=1) |         Workers Planned: 1 |         Workers Launched: 1 |         ->  Partial Aggregate  (cost=50213.27..50213.28 rows=1 width=8) (actual time=161423.329..161423.356 rows=1 loops=2) |               ->  Parallel Hash Join  (cost=9714.07..16083.81 rows=13651782 width=0) (actual time=318.197..101653.418 rows=1568174014 loops=2) |                     Hash Cond: (ph.userid = u.id) |                     ->  Parallel Seq Scan on posthistory ph  (cost=0.00..4023.45 rows=178345 width=4) (actual time=0.025..8.138 rows=151594 loops=2) |                     ->  Parallel Hash  (cost=9205.19..9205.19 rows=40711 width=12) (actual time=278.632..278.644 rows=528344 loops=2) |                           Buckets: 262144 (originally 131072)  Batches: 32 (originally 1)  Memory Usage: 10208kB |                           ->  Hash Join  (cost=3743.40..9205.19 rows=40711 width=12) (actual time=39.080..103.552 rows=528344 loops=2) |                                 Hash Cond: (v.userid = u.id) |                                 ->  Parallel Seq Scan on votes v  (cost=0.00..4089.79 rows=192979 width=4) (actual time=0.013..10.080 rows=164032 loops=2) |                                 ->  Hash  (cost=2745.27..2745.27 rows=79851 width=8) (actual time=38.966..38.971 rows=79851 loops=2) |                                       Buckets: 131072  Batches: 1  Memory Usage: 4144kB |                                       ->  Hash Join  (cost=1305.12..2745.27 rows=79851 width=8) (actual time=7.497..27.900 rows=79851 loops=2) |                                             Hash Cond: (b.userid = u.id) |                                             ->  Seq Scan on badges b  (cost=0.00..1230.51 rows=79851 width=4) (actual time=0.007..4.729 rows=79851 loops=2) |                                             ->  Hash  (cost=801.06..801.06 rows=40325 width=4) (actual time=7.428..7.429 rows=40325 loops=2) |                                                   Buckets: 65536  Batches: 1  Memory Usage: 1930kB |                                                   ->  Seq Scan on users u  (cost=0.00..801.06 rows=40325 width=4) (actual time=0.014..3.093 rows=40325 loops=2) |                                                         Filter: (views >= 0) | Planning Time: 0.386 ms | Execution Time: 161487.309 ms
s127,246.908,Finalize Aggregate  (cost=16839.98..16839.99 rows=1 width=8) (actual time=243.862..246.620 rows=1 loops=1) |   ->  Gather  (cost=16839.87..16839.98 rows=1 width=8) (actual time=243.495..246.613 rows=2 loops=1) |         Workers Planned: 1 |         Workers Launched: 1 |         ->  Partial Aggregate  (cost=15839.87..15839.88 rows=1 width=8) (actual time=191.359..191.369 rows=1 loops=2) |               ->  Parallel Hash Join  (cost=11059.15..15813.48 rows=10555 width=0) (actual time=127.248..181.181 rows=245460 loops=2) |                     Hash Cond: (ph.postid = p.id) |                     ->  Parallel Seq Scan on posthistory ph  (cost=0.00..4023.45 rows=178345 width=4) (actual time=0.010..12.340 rows=151594 loops=2) |                     ->  Parallel Hash  (cost=11019.12..11019.12 rows=3202 width=16) (actual time=126.756..126.764 rows=31856 loops=2) |                           Buckets: 65536 (originally 8192)  Batches: 1 (originally 1)  Memory Usage: 3968kB |                           ->  Parallel Hash Join  (cost=5848.00..11019.12 rows=3202 width=16) (actual time=66.050..111.904 rows=31856 loops=2) |                                 Hash Cond: (v.postid = p.id) |                                 ->  Parallel Seq Scan on votes v  (cost=0.00..4572.24 rows=154679 width=4) (actual time=0.033..27.862 rows=131058 loops=2) |                                       Filter: (votetypeid = 2) |                                       Rows Removed by Filter: 32974 |                                 ->  Parallel Hash  (cost=5834.00..5834.00 rows=1120 width=12) (actual time=65.721..65.726 rows=4469 loops=2) |                                       Buckets: 16384 (originally 2048)  Batches: 1 (originally 1)  Memory Usage: 720kB |                                       ->  Hash Join  (cost=2899.65..5834.00 rows=1120 width=12) (actual time=19.146..59.228 rows=4469 loops=2) |                                             Hash Cond: (c.postid = p.id) |                                             ->  Parallel Seq Scan on comments c  (cost=0.00..2625.65 rows=79333 width=4) (actual time=0.056..28.066 rows=67444 loops=2) |                                                   Filter: (score = 0) |                                                   Rows Removed by Filter: 19709 |                                             ->  Hash  (cost=2883.41..2883.41 rows=1299 width=8) (actual time=19.013..19.017 rows=3711 loops=2) |                                                   Buckets: 4096 (originally 2048)  Batches: 1 (originally 1)  Memory Usage: 177kB |                                                   ->  Hash Join  (cost=2610.53..2883.41 rows=1299 width=8) (actual time=15.728..18.503 rows=3711 loops=2) |                                                         Hash Cond: (pl.postid = p.id) |                                                         ->  Seq Scan on postlinks pl  (cost=0.00..248.53 rows=9276 width=4) (actual time=0.268..1.637 rows=9187 loops=2) |                                                               Filter: ((creationdate >= '2011-10-06 21:41:26'::timestamp without time zone) AND (linktypeid = 1)) |                                                               Rows Removed by Filter: 1915 |                                                         ->  Hash  (cost=2449.58..2449.58 rows=12876 width=4) (actual time=15.372..15.375 rows=13091 loops=2) |                                                               Buckets: 16384  Batches: 1  Memory Usage: 589kB |                                                               ->  Seq Scan on posts p  (cost=0.00..2449.58 rows=12876 width=4) (actual time=0.112..12.450 rows=13091 loops=2) |                                                                     Filter: ((favoritecount >= 0) AND (creationdate >= '2010-07-23 02:00:12'::timestamp without time zone) AND (creationdate <= '2014-09-08 13:52:41'::timestamp without time zone)) |                                                                     Rows Removed by Filter: 78885 | Planning Time: 3.878 ms | Execution Time: 246.908 ms
s128,157.062,Finalize Aggregate  (cost=17984.21..17984.22 rows=1 width=8) (actual time=154.344..157.017 rows=1 loops=1) |   ->  Gather  (cost=17984.10..17984.21 rows=1 width=8) (actual time=153.929..157.009 rows=2 loops=1) |         Workers Planned: 1 |         Workers Launched: 1 |         ->  Partial Aggregate  (cost=16984.10..16984.11 rows=1 width=8) (actual time=147.774..147.780 rows=1 loops=2) |               ->  Parallel Hash Join  (cost=11567.67..16947.65 rows=14581 width=0) (actual time=83.696..137.532 rows=227047 loops=2) |                     Hash Cond: (v.postid = p.id) |                     ->  Parallel Seq Scan on votes v  (cost=0.00..4572.24 rows=192523 width=4) (actual time=0.020..16.101 rows=163784 loops=2) |                           Filter: (creationdate <= '2014-09-11 00:00:00'::timestamp without time zone) |                           Rows Removed by Filter: 248 |                     ->  Parallel Hash  (cost=11516.45..11516.45 rows=4098 width=16) (actual time=81.988..81.993 rows=34626 loops=2) |                           Buckets: 131072 (originally 8192)  Batches: 1 (originally 1)  Memory Usage: 5248kB |                           ->  Parallel Hash Join  (cost=6368.09..11516.45 rows=4098 width=16) (actual time=21.818..65.340 rows=34626 loops=2) |                                 Hash Cond: (ph.postid = p.id) |                                 ->  Parallel Seq Scan on posthistory ph  (cost=0.00..4469.32 rows=174652 width=4) (actual time=0.123..21.157 rows=148408 loops=2) |                                       Filter: (creationdate >= '2010-09-20 19:11:45'::timestamp without time zone) |                                       Rows Removed by Filter: 3186 |                                 ->  Parallel Hash  (cost=6352.22..6352.22 rows=1269 width=12) (actual time=21.650..21.653 rows=5297 loops=2) |                                       Buckets: 16384 (originally 4096)  Batches: 1 (originally 1)  Memory Usage: 736kB |                                       ->  Hash Join  (cost=3333.11..6352.22 rows=1269 width=12) (actual time=9.371..20.266 rows=5297 loops=2) |                                             Hash Cond: (c.postid = p.id) |                                             ->  Parallel Seq Scan on comments c  (cost=0.00..2625.65 rows=101536 width=4) (actual time=0.031..5.657 rows=86709 loops=2) |                                                   Filter: (creationdate >= '2010-08-01 12:12:41'::timestamp without time zone) |                                                   Rows Removed by Filter: 444 |                                             ->  Hash  (cost=3318.73..3318.73 rows=1150 width=8) (actual time=9.285..9.287 rows=3167 loops=2) |                                                   Buckets: 4096 (originally 2048)  Batches: 1 (originally 1)  Memory Usage: 156kB |                                                   ->  Hash Join  (cost=3044.51..3318.73 rows=1150 width=8) (actual time=7.318..8.980 rows=3167 loops=2) |                                                         Hash Cond: (pl.postid = p.id) |                                                         ->  Seq Scan on postlinks pl  (cost=0.00..248.53 rows=9788 width=4) (actual time=0.012..0.771 rows=9803 loops=2) |                                                               Filter: ((creationdate <= '2014-08-11 17:26:31'::timestamp without time zone) AND (linktypeid = 1)) |                                                               Rows Removed by Filter: 1299 |                                                         ->  Hash  (cost=2909.46..2909.46 rows=10804 width=4) (actual time=7.277..7.277 rows=11092 loops=2) |                                                               Buckets: 16384  Batches: 1  Memory Usage: 518kB |                                                               ->  Seq Scan on posts p  (cost=0.00..2909.46 rows=10804 width=4) (actual time=0.100..6.108 rows=11092 loops=2) |                                                                     Filter: ((score <= 44) AND (favoritecount >= 0) AND (favoritecount <= 3) AND (creationdate >= '2010-08-11 13:53:56'::timestamp without time zone) AND (creationdate <= '2014-09-03 11:52:36'::timestamp without time zone)) |                                                                     Rows Removed by Filter: 80884 | Planning Time: 0.661 ms | Execution Time: 157.062 ms
s129,159.721,Finalize Aggregate  (cost=17429.83..17429.84 rows=1 width=8) (actual time=155.531..159.673 rows=1 loops=1) |   ->  Gather  (cost=17429.72..17429.83 rows=1 width=8) (actual time=154.991..159.648 rows=2 loops=1) |         Workers Planned: 1 |         Workers Launched: 1 |         ->  Partial Aggregate  (cost=16429.72..16429.73 rows=1 width=8) (actual time=147.983..147.989 rows=1 loops=2) |               ->  Parallel Hash Join  (cost=11531.29..16368.23 rows=24597 width=0) (actual time=73.257..128.879 rows=457105 loops=2) |                     Hash Cond: (ph.postid = p.id) |                     ->  Parallel Seq Scan on posthistory ph  (cost=0.00..4023.45 rows=178345 width=4) (actual time=0.003..8.844 rows=151594 loops=2) |                     ->  Parallel Hash  (cost=11438.01..11438.01 rows=7462 width=16) (actual time=72.934..72.939 rows=65640 loops=2) |                           Buckets: 131072 (originally 16384)  Batches: 1 (originally 1)  Memory Usage: 8128kB |                           ->  Parallel Hash Join  (cost=6241.84..11438.01 rows=7462 width=16) (actual time=37.704..62.851 rows=65640 loops=2) |                                 Hash Cond: (v.postid = p.id) |                                 ->  Parallel Seq Scan on votes v  (cost=0.00..4572.24 rows=154679 width=4) (actual time=0.011..10.145 rows=131058 loops=2) |                                       Filter: (votetypeid = 2) |                                       Rows Removed by Filter: 32974 |                                 ->  Parallel Hash  (cost=6209.22..6209.22 rows=2610 width=12) (actual time=37.366..37.369 rows=16768 loops=2) |                                       Buckets: 32768 (originally 8192)  Batches: 1 (originally 1)  Memory Usage: 2048kB |                                       ->  Hash Join  (cost=3174.53..6209.22 rows=2610 width=12) (actual time=17.741..33.759 rows=16768 loops=2) |                                             Hash Cond: (c.postid = p.id) |                                             ->  Parallel Seq Scan on comments c  (cost=0.00..2625.65 rows=102115 width=4) (actual time=0.015..6.918 rows=86783 loops=2) |                                                   Filter: (creationdate <= '2014-09-10 02:42:35'::timestamp without time zone) |                                                   Rows Removed by Filter: 370 |                                             ->  Hash  (cost=3145.15..3145.15 rows=2351 width=8) (actual time=17.662..17.664 rows=10666 loops=2) |                                                   Buckets: 16384 (originally 4096)  Batches: 1 (originally 1)  Memory Usage: 545kB |                                                   ->  Hash Join  (cost=2922.98..3145.15 rows=2351 width=8) (actual time=13.679..16.411 rows=10666 loops=2) |                                                         Hash Cond: (pl.postid = p.id) |                                                         ->  Seq Scan on postlinks pl  (cost=0.00..193.02 rows=11102 width=4) (actual time=0.009..0.719 rows=11102 loops=2) |                                                         ->  Hash  (cost=2679.52..2679.52 rows=19477 width=4) (actual time=13.559..13.559 rows=42009 loops=2) |                                                               Buckets: 65536 (originally 32768)  Batches: 1 (originally 1)  Memory Usage: 1989kB |                                                               ->  Seq Scan on posts p  (cost=0.00..2679.52 rows=19477 width=4) (actual time=0.067..7.998 rows=42009 loops=2) |                                                                     Filter: ((score >= '-1'::integer) AND (viewcount <= 5896) AND (answercount >= 0) AND (creationdate >= '2010-07-29 15:57:21'::timestamp without time zone)) |                                                                     Rows Removed by Filter: 49967 | Planning Time: 0.503 ms | Execution Time: 159.721 ms
s130,125.964,Finalize Aggregate  (cost=26442.75..26442.76 rows=1 width=8) (actual time=123.189..125.877 rows=1 loops=1) |   ->  Gather  (cost=26442.64..26442.75 rows=1 width=8) (actual time=122.615..125.872 rows=2 loops=1) |         Workers Planned: 1 |         Workers Launched: 1 |         ->  Partial Aggregate  (cost=25442.64..25442.65 rows=1 width=8) (actual time=113.542..113.546 rows=1 loops=2) |               ->  Parallel Hash Join  (cost=23884.36..25319.17 rows=49388 width=0) (actual time=107.407..112.934 rows=17602 loops=2) |                     Hash Cond: (pl.relatedpostid = ph.postid) |                     ->  Merge Join  (cost=17207.87..17846.76 rows=10640 width=12) (actual time=62.960..66.039 rows=2610 loops=2) |                           Merge Cond: (p.id = pl.relatedpostid) |                           ->  Sort  (cost=16308.99..16549.18 rows=96076 width=8) (actual time=60.948..61.912 rows=25368 loops=2) |                                 Sort Key: c.postid |                                 Sort Method: quicksort  Memory: 1577kB |                                 Worker 0:  Sort Method: quicksort  Memory: 1545kB |                                 ->  Hash Join  (cost=4956.84..8357.79 rows=96076 width=8) (actual time=35.171..56.826 rows=25368 loops=2) |                                       Hash Cond: (c.postid = p.id) |                                       ->  Hash Join  (cost=1591.10..4739.05 rows=96378 width=4) (actual time=13.810..29.711 rows=26303 loops=2) |                                             Hash Cond: (c.userid = u.id) |                                             ->  Parallel Seq Scan on comments c  (cost=0.00..2881.99 rows=101311 width=8) (actual time=0.013..6.516 rows=86928 loops=2) |                                                   Filter: ((creationdate >= '2010-07-11 12:25:05'::timestamp without time zone) AND (creationdate <= '2014-09-11 13:43:09'::timestamp without time zone)) |                                                   Rows Removed by Filter: 224 |                                             ->  Hash  (cost=1103.50..1103.50 rows=39008 width=4) (actual time=13.687..13.688 rows=39369 loops=2) |                                                   Buckets: 65536  Batches: 1  Memory Usage: 1897kB |                                                   ->  Seq Scan on users u  (cost=0.00..1103.50 rows=39008 width=4) (actual time=0.027..6.999 rows=39369 loops=2) |                                                         Filter: ((reputation >= 1) AND (reputation <= 491) AND (downvotes >= 0) AND (downvotes <= 0)) |                                                         Rows Removed by Filter: 956 |                                       ->  Hash  (cost=2219.64..2219.64 rows=91688 width=4) (actual time=20.955..20.955 rows=91618 loops=2) |                                             Buckets: 131072  Batches: 1  Memory Usage: 4245kB |                                             ->  Seq Scan on posts p  (cost=0.00..2219.64 rows=91688 width=4) (actual time=0.040..8.667 rows=91618 loops=2) |                                                   Filter: ((commentcount >= 0) AND (commentcount <= 14)) |                                                   Rows Removed by Filter: 358 |                           ->  Sort  (cost=898.87..924.34 rows=10186 width=4) (actual time=1.982..2.405 rows=11114 loops=2) |                                 Sort Key: pl.relatedpostid |                                 Sort Method: quicksort  Memory: 385kB |                                 Worker 0:  Sort Method: quicksort  Memory: 385kB |                                 ->  Seq Scan on postlinks pl  (cost=0.00..220.78 rows=10186 width=4) (actual time=0.033..0.833 rows=10186 loops=2) |                                       Filter: (linktypeid = 1) |                                       Rows Removed by Filter: 916 |                     ->  Parallel Hash  (cost=4469.32..4469.32 rows=176574 width=4) (actual time=43.798..43.799 rows=150228 loops=2) |                           Buckets: 524288  Batches: 1  Memory Usage: 15872kB |                           ->  Parallel Seq Scan on posthistory ph  (cost=0.00..4469.32 rows=176574 width=4) (actual time=0.067..15.459 rows=150228 loops=2) |                                 Filter: (creationdate >= '2010-08-06 03:14:53'::timestamp without time zone) |                                 Rows Removed by Filter: 1366 | Planning Time: 0.478 ms | Execution Time: 125.964 ms
s131,340.372,"Finalize Aggregate  (cost=115187.24..115187.25 rows=1 width=8) (actual time=336.719..337.352 rows=1 loops=1) |   ->  Gather  (cost=115187.13..115187.24 rows=1 width=8) (actual time=336.711..337.346 rows=2 loops=1) |         Workers Planned: 1 |         Workers Launched: 1 |         ->  Partial Aggregate  (cost=114187.13..114187.14 rows=1 width=8) (actual time=324.194..324.197 rows=1 loops=2) |               ->  Parallel Hash Join  (cost=23329.72..26162.92 rows=35209682 width=0) (actual time=133.691..253.560 rows=1431813 loops=2) |                     Hash Cond: (v.userid = u.id) |                     ->  Merge Join  (cost=15015.03..15108.81 rows=237419 width=12) (actual time=37.365..69.407 rows=164128 loops=2) |                           Merge Cond: (v.userid = c.userid) |                           ->  Sort  (cost=10950.48..10958.78 rows=3319 width=8) (actual time=26.528..27.096 rows=9896 loops=2) |                                 Sort Key: p.owneruserid |                                 Sort Method: quicksort  Memory: 694kB |                                 Worker 0:  Sort Method: quicksort  Memory: 693kB |                                 ->  Hash Join  (cost=3197.61..10756.38 rows=3319 width=8) (actual time=12.699..25.259 rows=9896 loops=2) |                                       Hash Cond: (v.userid = p.owneruserid) |                                       ->  Parallel Seq Scan on votes v  (cost=0.00..5054.68 rows=1079 width=4) (actual time=0.069..11.347 rows=872 loops=2) |                                             Filter: ((bountyamount >= 0) AND (creationdate >= '2010-05-19 00:00:00'::timestamp without time zone)) |                                             Rows Removed by Filter: 163160 |                                       ->  Hash  (cost=2679.52..2679.52 rows=41447 width=4) (actual time=12.451..12.451 rows=40997 loops=2) |                                             Buckets: 65536  Batches: 1  Memory Usage: 1954kB |                                             ->  Seq Scan on posts p  (cost=0.00..2679.52 rows=41447 width=4) (actual time=0.041..8.206 rows=41710 loops=2) |                                                   Filter: ((answercount >= 0) AND (answercount <= 9) AND (creationdate >= '2010-07-20 18:17:25'::timestamp without time zone) AND (creationdate <= '2014-08-26 12:57:22'::timestamp without time zone)) |                                                   Rows Removed by Filter: 50266 |                           ->  Sort  (cost=4064.54..4085.34 rows=8320 width=4) (actual time=10.731..19.836 rows=168165 loops=2) |                                 Sort Key: c.userid |                                 Sort Method: quicksort  Memory: 385kB |                                 Worker 0:  Sort Method: quicksort  Memory: 385kB |                                 ->  Seq Scan on comments c  (cost=0.00..3522.81 rows=8320 width=4) (actual time=0.108..9.969 rows=8362 loops=2) |                                       Filter: (score = 2) |                                       Rows Removed by Filter: 165943 |                     ->  Parallel Hash  (cost=6403.95..6403.95 rows=152859 width=8) (actual time=65.594..65.595 rows=85162 loops=2) |                           Buckets: 262144  Batches: 1  Memory Usage: 8736kB |                           ->  Hash Join  (cost=1473.09..6403.95 rows=152859 width=8) (actual time=25.012..54.831 rows=85162 loops=2) |                                 Hash Cond: (ph.userid = u.id) |                                 ->  Parallel Seq Scan on posthistory ph  (cost=0.00..4469.32 rows=175812 width=4) (actual time=17.115..29.390 rows=149522 loops=2) |                                       Filter: (creationdate <= '2014-09-02 07:58:47'::timestamp without time zone) |                                       Rows Removed by Filter: 2071 |                                 ->  Hash  (cost=1002.69..1002.69 rows=37632 width=4) (actual time=7.694..7.695 rows=37636 loops=2) |                                       Buckets: 65536  Batches: 1  Memory Usage: 1836kB |                                       ->  Seq Scan on users u  (cost=0.00..1002.69 rows=37632 width=4) (actual time=0.093..4.261 rows=37636 loops=2) |                                             Filter: ((upvotes <= 230) AND (creationdate >= '2010-09-22 01:07:10'::timestamp without time zone) AND (creationdate <= '2014-08-15 05:52:23'::timestamp without time zone)) |                                             Rows Removed by Filter: 2689 | Planning Time: 0.703 ms | JIT: |   Functions: 98 |   Options: Inlining false, Optimization false, Expressions true, Deforming true |   Timing: Generation 4.729 ms, Inlining 0.000 ms, Optimization 1.975 ms, Emission 32.606 ms, Total 39.309 ms | Execution Time: 340.372 ms"
s132,367.549,"Finalize Aggregate  (cost=279192.27..279192.28 rows=1 width=8) (actual time=366.224..366.609 rows=1 loops=1) |   ->  Gather  (cost=279192.16..279192.27 rows=1 width=8) (actual time=366.215..366.603 rows=2 loops=1) |         Workers Planned: 1 |         Workers Launched: 1 |         ->  Partial Aggregate  (cost=278192.16..278192.17 rows=1 width=8) (actual time=341.757..341.762 rows=1 loops=2) |               ->  Parallel Hash Join  (cost=26462.44..29008.20 rows=99673586 width=0) (actual time=152.915..339.100 rows=48242 loops=2) |                     Hash Cond: (v.userid = u.id) |                     ->  Merge Join  (cost=21272.08..21588.50 rows=255044 width=12) (actual time=53.561..222.172 rows=1005872 loops=2) |                           Merge Cond: (v.userid = p.owneruserid) |                           ->  Merge Join  (cost=17408.74..17832.31 rows=11512 width=8) (actual time=39.041..50.915 rows=56840 loops=2) |                                 Merge Cond: (ph.userid = v.userid) |                                 ->  Sort  (cost=9412.79..9542.17 rows=51749 width=4) (actual time=19.501..21.334 rows=43218 loops=2) |                                       Sort Key: ph.userid |                                       Sort Method: quicksort  Memory: 1537kB |                                       Worker 0:  Sort Method: quicksort  Memory: 1537kB |                                       ->  Parallel Seq Scan on posthistory ph  (cost=0.00..5361.04 rows=51749 width=4) (actual time=0.344..15.006 rows=43762 loops=2) |                                             Filter: ((creationdate >= '2010-11-05 01:25:39'::timestamp without time zone) AND (creationdate <= '2014-09-09 07:14:12'::timestamp without time zone) AND (posthistorytypeid = 2)) |                                             Rows Removed by Filter: 107832 |                                 ->  Sort  (cost=7995.93..8000.33 rows=1759 width=4) (actual time=19.473..21.769 rows=56916 loops=2) |                                       Sort Key: v.userid |                                       Sort Method: quicksort  Memory: 49kB |                                       Worker 0:  Sort Method: quicksort  Memory: 49kB |                                       ->  Seq Scan on votes v  (cost=0.00..7901.12 rows=1759 width=4) (actual time=0.143..19.318 rows=1651 loops=2) |                                             Filter: ((bountyamount >= 0) AND (bountyamount <= 100) AND (creationdate >= '2010-07-26 00:00:00'::timestamp without time zone)) |                                             Rows Removed by Filter: 326413 |                           ->  Sort  (cost=3863.34..3912.86 rows=19809 width=4) (actual time=12.846..54.310 rows=1040971 loops=2) |                                 Sort Key: p.owneruserid |                                 Sort Method: quicksort  Memory: 1537kB |                                 Worker 0:  Sort Method: quicksort  Memory: 1537kB |                                 ->  Seq Scan on posts p  (cost=0.00..2449.58 rows=19809 width=4) (actual time=0.030..8.371 rows=42533 loops=2) |                                       Filter: ((viewcount >= 0) AND (answercount >= 0) AND (answercount <= 5)) |                                       Rows Removed by Filter: 49443 |                     ->  Parallel Hash  (cost=4011.73..4011.73 rows=94290 width=8) (actual time=55.083..55.085 rows=17273 loops=2) |                           Buckets: 262144  Batches: 1  Memory Usage: 3424kB |                           ->  Hash Join  (cost=1373.23..4011.73 rows=94290 width=8) (actual time=31.828..51.244 rows=17273 loops=2) |                                 Hash Cond: (c.userid = u.id) |                                 ->  Parallel Seq Scan on comments c  (cost=0.00..2369.32 rows=102532 width=4) (actual time=0.007..6.676 rows=87152 loops=2) |                                 ->  Hash  (cost=901.88..901.88 rows=37708 width=4) (actual time=31.731..31.731 rows=37714 loops=2) |                                       Buckets: 65536  Batches: 1  Memory Usage: 1838kB |                                       ->  Seq Scan on users u  (cost=0.00..901.88 rows=37708 width=4) (actual time=19.456..25.543 rows=37714 loops=2) |                                             Filter: ((views >= 0) AND (views <= 13)) |                                             Rows Removed by Filter: 2611 | Planning Time: 0.533 ms | JIT: |   Functions: 90 |   Options: Inlining false, Optimization false, Expressions true, Deforming true |   Timing: Generation 1.782 ms, Inlining 0.000 ms, Optimization 1.017 ms, Emission 38.277 ms, Total 41.077 ms | Execution Time: 367.549 ms"
s133,1017.36,"Finalize Aggregate  (cost=3643484.51..3643484.52 rows=1 width=8) (actual time=1012.947..1016.291 rows=1 loops=1) |   ->  Gather  (cost=3643484.39..3643484.50 rows=1 width=8) (actual time=1011.967..1016.275 rows=2 loops=1) |         Workers Planned: 1 |         Workers Launched: 1 |         ->  Partial Aggregate  (cost=3642484.39..3642484.40 rows=1 width=8) (actual time=1004.595..1004.606 rows=1 loops=2) |               ->  Parallel Hash Join  (cost=16682.75..36345.18 rows=1442455686 width=0) (actual time=275.124..739.470 rows=6985705 loops=2) |                     Hash Cond: (ph.userid = u.id) |                     ->  Parallel Seq Scan on posthistory ph  (cost=0.00..4023.45 rows=178345 width=4) (actual time=0.027..10.170 rows=151594 loops=2) |                     ->  Parallel Hash  (cost=12066.48..12066.48 rows=265542 width=16) (actual time=247.948..247.956 rows=44700 loops=2) |                           Buckets: 262144  Batches: 4  Memory Usage: 3712kB |                           ->  Parallel Hash Join  (cost=9306.51..12066.48 rows=265542 width=16) (actual time=227.834..241.196 rows=44700 loops=2) |                                 Hash Cond: (c.userid = u.id) |                                 ->  Parallel Seq Scan on comments c  (cost=0.00..2369.32 rows=102532 width=4) (actual time=0.006..5.074 rows=87152 loops=2) |                                 ->  Parallel Hash  (cost=9303.44..9303.44 rows=246 width=12) (actual time=227.644..227.648 rows=1890 loops=2) |                                       Buckets: 4096 (originally 1024)  Batches: 1 (originally 1)  Memory Usage: 280kB |                                       ->  Hash Join  (cost=2401.51..9303.44 rows=246 width=12) (actual time=194.520..203.085 rows=1890 loops=2) |                                             Hash Cond: (u.id = b.userid) |                                             ->  Nested Loop  (cost=0.29..6846.26 rows=104 width=8) (actual time=174.233..182.511 rows=214 loops=2) |                                                   ->  Parallel Seq Scan on votes v  (cost=0.00..5537.13 rows=1076 width=4) (actual time=174.044..181.064 rows=870 loops=2) |                                                         Filter: ((bountyamount >= 0) AND (creationdate >= '2010-07-20 00:00:00'::timestamp without time zone) AND (creationdate <= '2014-09-11 00:00:00'::timestamp without time zone)) |                                                         Rows Removed by Filter: 163162 |                                                   ->  Index Scan using users_pkey on users u  (cost=0.29..1.22 rows=1 width=4) (actual time=0.001..0.001 rows=0 loops=1740) |                                                         Index Cond: (id = v.userid) |                                                         Filter: ((downvotes >= 0) AND (downvotes <= 0) AND (upvotes >= 0) AND (upvotes <= 31) AND (creationdate <= '2014-08-06 20:38:52'::timestamp without time zone)) |                                                         Rows Removed by Filter: 0 |                                             ->  Hash  (cost=1430.14..1430.14 rows=77687 width=4) (actual time=20.143..20.144 rows=77704 loops=2) |                                                   Buckets: 131072  Batches: 1  Memory Usage: 3756kB |                                                   ->  Seq Scan on badges b  (cost=0.00..1430.14 rows=77687 width=4) (actual time=0.112..8.394 rows=77704 loops=2) |                                                         Filter: (date >= '2010-09-26 12:17:14'::timestamp without time zone) |                                                         Rows Removed by Filter: 2147 | Planning Time: 0.614 ms | JIT: |   Functions: 78 |   Options: Inlining true, Optimization true, Expressions true, Deforming true |   Timing: Generation 1.750 ms, Inlining 63.708 ms, Optimization 140.043 ms, Emission 144.571 ms, Total 350.072 ms | Execution Time: 1017.360 ms"
s134,14123.566,"Finalize Aggregate  (cost=110751580.60..110751580.61 rows=1 width=8) (actual time=14120.831..14121.720 rows=1 loops=1) |   ->  Gather  (cost=110751580.48..110751580.59 rows=1 width=8) (actual time=14120.803..14121.704 rows=2 loops=1) |         Workers Planned: 1 |         Workers Launched: 1 |         ->  Partial Aggregate  (cost=110750580.48..110750580.49 rows=1 width=8) (actual time=12712.945..12712.950 rows=1 loops=2) |               ->  Parallel Hash Join  (cost=86730.64..3486021.53 rows=42905823580 width=0) (actual time=5610.425..12712.512 rows=8349 loops=2) |                     Hash Cond: (ph.userid = u.id) |                     ->  Merge Join  (cost=82154.03..743074.52 rows=195360544 width=12) (actual time=83.241..9433.533 rows=57784540 loops=2) |                           Merge Cond: (ph.userid = b.userid) |                           ->  Sort  (cost=21848.79..22280.37 rows=172635 width=4) (actual time=24.752..36.402 rows=136518 loops=2) |                                 Sort Key: ph.userid |                                 Sort Method: quicksort  Memory: 4096kB |                                 Worker 0:  Sort Method: quicksort  Memory: 3073kB |                                 ->  Parallel Seq Scan on posthistory ph  (cost=0.00..4469.32 rows=172635 width=4) (actual time=0.025..11.824 rows=146961 loops=2) |                                       Filter: (creationdate <= '2014-08-18 08:54:12'::timestamp without time zone) |                                       Rows Removed by Filter: 4632 |                           ->  Materialize  (cost=60291.78..62378.13 rows=417270 width=8) (actual time=58.282..2209.676 rows=57788642 loops=2) |                                 ->  Sort  (cost=60291.78..61334.96 rows=417270 width=8) (actual time=58.278..72.847 rows=183818 loops=2) |                                       Sort Key: p.owneruserid |                                       Sort Method: external merge  Disk: 3248kB |                                       Worker 0:  Sort Method: external merge  Disk: 3248kB |                                       ->  Hash Join  (cost=2228.65..15633.33 rows=417270 width=8) (actual time=14.269..33.532 rows=183858 loops=2) |                                             Hash Cond: (p.owneruserid = b.userid) |                                             ->  Seq Scan on posts p  (cost=0.00..2909.46 rows=12188 width=4) (actual time=0.028..4.266 rows=12269 loops=2) |                                                   Filter: ((score >= '-2'::integer) AND (commentcount >= 0) AND (commentcount <= 12) AND (favoritecount >= 0) AND (favoritecount <= 6)) |                                                   Rows Removed by Filter: 79707 |                                             ->  Hash  (cost=1230.51..1230.51 rows=79851 width=4) (actual time=14.200..14.200 rows=79851 loops=2) |                                                   Buckets: 131072  Batches: 1  Memory Usage: 3832kB |                                                   ->  Seq Scan on badges b  (cost=0.00..1230.51 rows=79851 width=4) (actual time=0.007..5.125 rows=79851 loops=2) |                     ->  Parallel Hash  (cost=4088.76..4088.76 rows=39028 width=8) (actual time=230.698..230.699 rows=2293 loops=2) |                           Buckets: 131072  Batches: 1  Memory Usage: 1216kB |                           ->  Hash Join  (cost=1254.84..4088.76 rows=39028 width=8) (actual time=200.750..213.112 rows=2293 loops=2) |                                 Hash Cond: (c.userid = u.id) |                                 ->  Parallel Seq Scan on comments c  (cost=0.00..2625.65 rows=79333 width=4) (actual time=196.017..201.948 rows=67444 loops=2) |                                       Filter: (score = 0) |                                       Rows Removed by Filter: 19709 |                                 ->  Hash  (cost=1002.69..1002.69 rows=20172 width=4) (actual time=4.638..4.639 rows=20197 loops=2) |                                       Buckets: 32768  Batches: 1  Memory Usage: 967kB |                                       ->  Seq Scan on users u  (cost=0.00..1002.69 rows=20172 width=4) (actual time=0.039..2.619 rows=20197 loops=2) |                                             Filter: ((downvotes >= 0) AND (downvotes <= 60) AND (views = 0)) |                                             Rows Removed by Filter: 20128 | Planning Time: 0.555 ms | JIT: |   Functions: 94 |   Options: Inlining true, Optimization true, Expressions true, Deforming true |   Timing: Generation 3.957 ms, Inlining 43.755 ms, Optimization 168.194 ms, Emission 180.425 ms, Total 396.331 ms | Execution Time: 14123.566 ms"
s135,123157.193,"Finalize Aggregate  (cost=3444475.22..3444475.23 rows=1 width=8) (actual time=123152.627..123154.617 rows=1 loops=1) |   ->  Gather  (cost=3444475.11..3444475.22 rows=1 width=8) (actual time=123152.584..123154.580 rows=2 loops=1) |         Workers Planned: 1 |         Workers Launched: 1 |         ->  Partial Aggregate  (cost=3443475.11..3443475.12 rows=1 width=8) (actual time=123129.907..123129.953 rows=1 loops=2) |               ->  Parallel Hash Join  (cost=10372.08..99206.03 rows=1337707631 width=0) (actual time=277.029..78656.620 rows=1131978584 loops=2) |                     Hash Cond: (ph.userid = u.id) |                     ->  Hash Join  (cost=5375.28..24053.65 rows=3046869 width=12) (actual time=18.109..333.632 rows=1680196 loops=2) |                           Hash Cond: (ph.userid = b.userid) |                           ->  Parallel Seq Scan on posthistory ph  (cost=0.00..4023.45 rows=178345 width=4) (actual time=0.006..51.322 rows=151594 loops=2) |                           ->  Hash  (cost=5296.55..5296.55 rows=6299 width=8) (actual time=18.080..18.098 rows=8897 loops=2) |                                 Buckets: 16384 (originally 8192)  Batches: 1 (originally 1)  Memory Usage: 476kB |                                 ->  Hash Join  (cost=2228.65..5296.55 rows=6299 width=8) (actual time=12.930..17.124 rows=8897 loops=2) |                                       Hash Cond: (p.owneruserid = b.userid) |                                       ->  Seq Scan on posts p  (cost=0.00..2909.46 rows=184 width=4) (actual time=0.042..3.450 rows=879 loops=2) |                                             Filter: ((viewcount >= 0) AND (viewcount <= 4157) AND (creationdate <= '2014-09-08 09:58:16'::timestamp without time zone) AND (favoritecount = 0) AND (posttypeid = 1)) |                                             Rows Removed by Filter: 91097 |                                       ->  Hash  (cost=1230.51..1230.51 rows=79851 width=4) (actual time=12.653..12.659 rows=79851 loops=2) |                                             Buckets: 131072  Batches: 1  Memory Usage: 3832kB |                                             ->  Seq Scan on badges b  (cost=0.00..1230.51 rows=79851 width=4) (actual time=0.008..5.121 rows=79851 loops=2) |                     ->  Parallel Hash  (cost=4021.56..4021.56 rows=78019 width=8) (actual time=258.227..258.245 rows=66356 loops=2) |                           Buckets: 262144  Batches: 1  Memory Usage: 7264kB |                           ->  Parallel Hash Join  (cost=1187.63..4021.56 rows=78019 width=8) (actual time=233.044..248.900 rows=66356 loops=2) |                                 Hash Cond: (c.userid = u.id) |                                 ->  Parallel Seq Scan on comments c  (cost=0.00..2625.65 rows=79333 width=4) (actual time=0.034..5.387 rows=67444 loops=2) |                                       Filter: (score = 0) |                                       Rows Removed by Filter: 19709 |                                 ->  Parallel Hash  (cost=891.12..891.12 rows=23721 width=4) (actual time=232.843..232.847 rows=20162 loops=2) |                                       Buckets: 65536  Batches: 1  Memory Usage: 2112kB |                                       ->  Parallel Index Only Scan using users_pkey on users u  (cost=0.29..891.12 rows=23721 width=4) (actual time=0.031..1.587 rows=20162 loops=2) |                                             Heap Fetches: 0 | Planning Time: 0.725 ms | JIT: |   Functions: 82 |   Options: Inlining true, Optimization true, Expressions true, Deforming true |   Timing: Generation 2.108 ms, Inlining 48.280 ms, Optimization 188.785 ms, Emission 171.151 ms, Total 410.324 ms | Execution Time: 123157.193 ms"
s136,35704.841,"Finalize Aggregate  (cost=63884843.31..63884843.32 rows=1 width=8) (actual time=35695.235..35698.407 rows=1 loops=1) |   ->  Gather  (cost=63884843.19..63884843.30 rows=1 width=8) (actual time=35695.129..35698.358 rows=2 loops=1) |         Workers Planned: 1 |         Workers Launched: 1 |         ->  Partial Aggregate  (cost=63883843.19..63883843.20 rows=1 width=8) (actual time=31796.144..31796.161 rows=1 loops=2) |               ->  Parallel Hash Join  (cost=43595.02..1458533.77 rows=24970123771 width=0) (actual time=459.324..26804.716 rows=127677904 loops=2) |                     Hash Cond: (ph.userid = u.id) |                     ->  Merge Join  (cost=37763.09..195281.51 rows=46448239 width=12) (actual time=133.244..14398.019 rows=75444486 loops=2) |                           Merge Cond: (ph.userid = b.userid) |                           ->  Sort  (cost=22018.48..22464.34 rows=178345 width=4) (actual time=33.477..47.096 rows=140928 loops=2) |                                 Sort Key: ph.userid |                                 Sort Method: quicksort  Memory: 4096kB |                                 Worker 0:  Sort Method: quicksort  Memory: 4096kB |                                 ->  Parallel Seq Scan on posthistory ph  (cost=0.00..4023.45 rows=178345 width=4) (actual time=0.032..15.824 rows=151594 loops=2) |                           ->  Sort  (cost=15730.70..15970.78 rows=96032 width=8) (actual time=99.540..5592.751 rows=75449084 loops=2) |                                 Sort Key: p.owneruserid |                                 Sort Method: external sort  Disk: 4576kB |                                 Worker 0:  Sort Method: external sort  Disk: 4576kB |                                 ->  Hash Join  (cost=2228.65..7783.46 rows=96032 width=8) (actual time=21.552..51.241 rows=211843 loops=2) |                                       Hash Cond: (p.owneruserid = b.userid) |                                       ->  Seq Scan on posts p  (cost=0.00..3139.40 rows=2805 width=4) (actual time=0.042..9.234 rows=13007 loops=2) |                                             Filter: ((viewcount >= 0) AND (viewcount <= 25597) AND (commentcount >= 0) AND (commentcount <= 11) AND (favoritecount >= 0) AND (posttypeid = 1)) |                                             Rows Removed by Filter: 78969 |                                       ->  Hash  (cost=1230.51..1230.51 rows=79851 width=4) (actual time=21.292..21.295 rows=79851 loops=2) |                                             Buckets: 131072  Batches: 1  Memory Usage: 3832kB |                                             ->  Seq Scan on badges b  (cost=0.00..1230.51 rows=79851 width=4) (actual time=0.018..8.479 rows=79851 loops=2) |                     ->  Parallel Hash  (cost=4637.79..4637.79 rows=95531 width=8) (actual time=272.545..272.548 rows=28814 loops=2) |                           Buckets: 262144  Batches: 1  Memory Usage: 4320kB |                           ->  Hash Join  (cost=1494.38..4637.79 rows=95531 width=8) (actual time=239.471..260.565 rows=28814 loops=2) |                                 Hash Cond: (c.userid = u.id) |                                 ->  Parallel Seq Scan on comments c  (cost=0.00..2881.99 rows=99585 width=4) (actual time=235.388..244.109 rows=84656 loops=2) |                                       Filter: ((creationdate >= '2010-08-19 09:33:49'::timestamp without time zone) AND (creationdate <= '2014-08-28 06:54:21'::timestamp without time zone)) |                                       Rows Removed by Filter: 2497 |                                 ->  Hash  (cost=1002.69..1002.69 rows=39335 width=4) (actual time=7.766..7.766 rows=39532 loops=1) |                                       Buckets: 65536  Batches: 1  Memory Usage: 1902kB |                                       ->  Seq Scan on users u  (cost=0.00..1002.69 rows=39335 width=4) (actual time=0.047..3.957 rows=39532 loops=1) |                                             Filter: ((downvotes <= 0) AND (upvotes >= 0) AND (upvotes <= 123)) |                                             Rows Removed by Filter: 793 | Planning Time: 1.247 ms | JIT: |   Functions: 90 |   Options: Inlining true, Optimization true, Expressions true, Deforming true |   Timing: Generation 4.202 ms, Inlining 86.224 ms, Optimization 225.471 ms, Emission 159.611 ms, Total 475.509 ms | Execution Time: 35704.841 ms"
s137,145.5,Finalize Aggregate  (cost=9993.00..9993.01 rows=1 width=8) (actual time=138.847..145.320 rows=1 loops=1) |   ->  Gather  (cost=9992.88..9992.99 rows=1 width=8) (actual time=137.995..145.315 rows=2 loops=1) |         Workers Planned: 1 |         Workers Launched: 1 |         ->  Partial Aggregate  (cost=8992.88..8992.89 rows=1 width=8) (actual time=109.438..109.444 rows=1 loops=2) |               ->  Hash Join  (cost=5964.29..8985.90 rows=2794 width=0) (actual time=65.663..101.190 rows=116965 loops=2) |                     Hash Cond: (c.postid = p.id) |                     ->  Parallel Seq Scan on comments c  (cost=0.00..2625.65 rows=102508 width=4) (actual time=0.046..11.192 rows=87132 loops=2) |                           Filter: (creationdate <= '2014-09-13 20:12:15'::timestamp without time zone) |                           Rows Removed by Filter: 21 |                     ->  Hash  (cost=5951.34..5951.34 rows=1036 width=8) (actual time=65.483..65.488 rows=89803 loops=2) |                           Buckets: 131072 (originally 2048)  Batches: 1 (originally 1)  Memory Usage: 4532kB |                           ->  Hash Join  (cost=4411.03..5951.34 rows=1036 width=8) (actual time=24.334..51.087 rows=89803 loops=2) |                                 Hash Cond: (b.userid = u.id) |                                 ->  Seq Scan on badges b  (cost=0.00..1230.51 rows=79851 width=4) (actual time=0.023..8.851 rows=79851 loops=2) |                                 ->  Hash  (cost=4404.49..4404.49 rows=523 width=16) (actual time=24.298..24.302 rows=3982 loops=2) |                                       Buckets: 4096 (originally 1024)  Batches: 1 (originally 1)  Memory Usage: 219kB |                                       ->  Nested Loop  (cost=3898.62..4404.49 rows=523 width=16) (actual time=15.774..23.376 rows=3982 loops=2) |                                             ->  Hash Join  (cost=3898.33..4197.80 rows=531 width=12) (actual time=15.691..18.664 rows=4058 loops=2) |                                                   Hash Cond: (pl.relatedpostid = p.id) |                                                   ->  Seq Scan on postlinks pl  (cost=0.00..276.29 rows=8831 width=4) (actual time=0.134..1.426 rows=8776 loops=2) |                                                         Filter: ((creationdate >= '2011-09-03 21:00:10'::timestamp without time zone) AND (creationdate <= '2014-07-30 21:29:52'::timestamp without time zone) AND (linktypeid = 1)) |                                                         Rows Removed by Filter: 2326 |                                                   ->  Hash  (cost=3829.22..3829.22 rows=5529 width=8) (actual time=15.522..15.523 rows=11995 loops=2) |                                                         Buckets: 16384 (originally 8192)  Batches: 1 (originally 1)  Memory Usage: 596kB |                                                         ->  Seq Scan on posts p  (cost=0.00..3829.22 rows=5529 width=8) (actual time=0.083..12.470 rows=11995 loops=2) |                                                               Filter: ((score >= 0) AND (score <= 23) AND (answercount >= 0) AND (answercount <= 4) AND (commentcount >= 0) AND (commentcount <= 10) AND (favoritecount <= 9) AND (creationdate >= '2010-07-22 12:17:20'::timestamp without time zone) AND (creationdate <= '2014-09-12 00:27:12'::timestamp without time zone)) |                                                               Rows Removed by Filter: 79981 |                                             ->  Index Only Scan using users_pkey on users u  (cost=0.29..0.39 rows=1 width=4) (actual time=0.001..0.001 rows=1 loops=8116) |                                                   Index Cond: (id = p.owneruserid) |                                                   Heap Fetches: 0 | Planning Time: 1.383 ms | Execution Time: 145.500 ms
s138,856.944,Finalize Aggregate  (cost=10072.41..10072.42 rows=1 width=8) (actual time=854.952..856.877 rows=1 loops=1) |   ->  Gather  (cost=10072.29..10072.40 rows=1 width=8) (actual time=854.232..856.870 rows=2 loops=1) |         Workers Planned: 1 |         Workers Launched: 1 |         ->  Partial Aggregate  (cost=9072.29..9072.30 rows=1 width=8) (actual time=844.862..844.865 rows=1 loops=2) |               ->  Hash Join  (cost=4251.52..9070.83 rows=585 width=0) (actual time=29.438..542.454 rows=7838666 loops=2) |                     Hash Cond: (v.userid = u.id) |                     ->  Parallel Seq Scan on votes v  (cost=0.00..4089.79 rows=192979 width=4) (actual time=0.021..16.929 rows=164032 loops=2) |                     ->  Hash  (cost=4237.17..4237.17 rows=1148 width=12) (actual time=29.304..29.307 rows=78137 loops=2) |                           Buckets: 131072 (originally 2048)  Batches: 1 (originally 1)  Memory Usage: 4382kB |                           ->  Hash Join  (cost=2498.41..4237.17 rows=1148 width=12) (actual time=3.371..18.191 rows=78137 loops=2) |                                 Hash Cond: (b.userid = u.id) |                                 ->  Seq Scan on badges b  (cost=0.00..1430.14 rows=79238 width=4) (actual time=0.008..5.673 rows=79206 loops=2) |                                       Filter: (date <= '2014-09-06 17:33:22'::timestamp without time zone) |                                       Rows Removed by Filter: 645 |                                 ->  Hash  (cost=2491.11..2491.11 rows=584 width=8) (actual time=3.353..3.355 rows=593 loops=2) |                                       Buckets: 1024  Batches: 1  Memory Usage: 32kB |                                       ->  Nested Loop  (cost=0.59..2491.11 rows=584 width=8) (actual time=0.076..3.240 rows=593 loops=2) |                                             ->  Nested Loop  (cost=0.30..2296.66 rows=593 width=4) (actual time=0.044..2.238 rows=596 loops=2) |                                                   ->  Seq Scan on tags t  (cost=0.00..16.32 rows=1032 width=4) (actual time=0.020..0.110 rows=1032 loops=2) |                                                   ->  Memoize  (cost=0.30..3.79 rows=1 width=8) (actual time=0.002..0.002 rows=1 loops=2064) |                                                         Cache Key: t.excerptpostid |                                                         Cache Mode: logical |                                                         Hits: 435  Misses: 597  Evictions: 0  Overflows: 0  Memory Usage: 63kB |                                                         Worker 0:  Hits: 435  Misses: 597  Evictions: 0  Overflows: 0  Memory Usage: 63kB |                                                         ->  Index Scan using posts_pkey on posts p  (cost=0.29..3.78 rows=1 width=8) (actual time=0.003..0.003 rows=1 loops=1194) |                                                               Index Cond: (id = t.excerptpostid) |                                                               Filter: ((commentcount >= 0) AND (commentcount <= 13)) |                                             ->  Index Scan using users_pkey on users u  (cost=0.29..0.33 rows=1 width=4) (actual time=0.001..0.001 rows=1 loops=1192) |                                                   Index Cond: (id = p.owneruserid) |                                                   Filter: (reputation >= 1) | Planning Time: 0.407 ms | Execution Time: 856.944 ms
s139,346.296,Finalize Aggregate  (cost=21460.07..21460.08 rows=1 width=8) (actual time=342.691..346.202 rows=1 loops=1) |   ->  Gather  (cost=21459.96..21460.07 rows=1 width=8) (actual time=341.101..346.194 rows=2 loops=1) |         Workers Planned: 1 |         Workers Launched: 1 |         ->  Partial Aggregate  (cost=20459.96..20459.97 rows=1 width=8) (actual time=330.992..330.999 rows=1 loops=2) |               ->  Hash Join  (cost=10820.96..17275.79 rows=1273668 width=0) (actual time=82.713..252.778 rows=2115796 loops=2) |                     Hash Cond: (p.owneruserid = u.id) |                     ->  Parallel Hash Join  (cost=6710.41..12234.53 rows=38806 width=4) (actual time=48.083..81.586 rows=79906 loops=2) |                           Hash Cond: (v.postid = p.id) |                           ->  Parallel Seq Scan on votes v  (cost=0.00..4572.24 rows=192962 width=4) (actual time=0.012..13.176 rows=164032 loops=2) |                                 Filter: (creationdate >= '2009-02-02 00:00:00'::timestamp without time zone) |                           ->  Parallel Hash  (cost=6574.40..6574.40 rows=10881 width=16) (actual time=47.893..47.896 rows=9301 loops=2) |                                 Buckets: 32768  Batches: 1  Memory Usage: 1184kB |                                 ->  Hash Join  (cost=3711.78..6574.40 rows=10881 width=16) (actual time=29.427..45.838 rows=9301 loops=2) |                                       Hash Cond: (c.postid = p.id) |                                       ->  Parallel Seq Scan on comments c  (cost=0.00..2369.32 rows=102532 width=4) (actual time=0.004..7.017 rows=87152 loops=2) |                                       ->  Hash  (cost=3589.78..3589.78 rows=9760 width=12) (actual time=29.365..29.367 rows=6879 loops=2) |                                             Buckets: 16384  Batches: 1  Memory Usage: 423kB |                                             ->  Hash Join  (cost=3342.78..3589.78 rows=9760 width=12) (actual time=25.635..28.422 rows=6879 loops=2) |                                                   Hash Cond: (pl.relatedpostid = p.id) |                                                   ->  Seq Scan on postlinks pl  (cost=0.00..220.78 rows=9991 width=4) (actual time=0.018..0.742 rows=9994 loops=2) |                                                         Filter: (creationdate <= '2014-06-25 13:05:06'::timestamp without time zone) |                                                         Rows Removed by Filter: 1108 |                                                   ->  Hash  (cost=2219.64..2219.64 rows=89851 width=8) (actual time=25.260..25.261 rows=89806 loops=2) |                                                         Buckets: 131072  Batches: 1  Memory Usage: 4527kB |                                                         ->  Seq Scan on posts p  (cost=0.00..2219.64 rows=89851 width=8) (actual time=0.012..9.591 rows=89806 loops=2) |                                                               Filter: ((score >= '-1'::integer) AND (score <= 14)) |                                                               Rows Removed by Filter: 2170 |                     ->  Hash  (cost=3138.95..3138.95 rows=77728 width=8) (actual time=34.355..34.357 rows=77692 loops=2) |                           Buckets: 131072  Batches: 1  Memory Usage: 4059kB |                           ->  Hash Join  (cost=1305.12..3138.95 rows=77728 width=8) (actual time=8.118..24.260 rows=77692 loops=2) |                                 Hash Cond: (b.userid = u.id) |                                 ->  Seq Scan on badges b  (cost=0.00..1629.76 rows=77728 width=4) (actual time=0.047..5.335 rows=77692 loops=2) |                                       Filter: ((date >= '2010-08-04 08:50:31'::timestamp without time zone) AND (date <= '2014-09-02 02:51:22'::timestamp without time zone)) |                                       Rows Removed by Filter: 2159 |                                 ->  Hash  (cost=801.06..801.06 rows=40325 width=4) (actual time=7.947..7.947 rows=40325 loops=2) |                                       Buckets: 65536  Batches: 1  Memory Usage: 1930kB |                                       ->  Seq Scan on users u  (cost=0.00..801.06 rows=40325 width=4) (actual time=0.016..4.063 rows=40325 loops=2) |                                             Filter: (downvotes >= 0) | Planning Time: 0.644 ms | Execution Time: 346.296 ms
s140,11594.628,Aggregate  (cost=21109.10..21109.11 rows=1 width=8) (actual time=11591.578..11594.314 rows=1 loops=1) |   ->  Hash Join  (cost=18073.42..20094.00 rows=406042 width=0) (actual time=281.828..7230.122 rows=113925678 loops=1) |         Hash Cond: (b.userid = u.id) |         ->  Seq Scan on badges b  (cost=0.00..1629.76 rows=78566 width=4) (actual time=0.054..5.911 rows=78544 loops=1) |               Filter: ((date >= '2010-08-06 10:36:45'::timestamp without time zone) AND (date <= '2014-09-12 07:19:35'::timestamp without time zone)) |               Rows Removed by Filter: 1307 |         ->  Hash  (cost=18011.71..18011.71 rows=4937 width=8) (actual time=281.493..284.223 rows=1151874 loops=1) |               Buckets: 262144 (originally 8192)  Batches: 32 (originally 1)  Memory Usage: 6145kB |               ->  Gather  (cost=11736.06..18011.71 rows=4937 width=8) (actual time=77.952..178.344 rows=1151874 loops=1) |                     Workers Planned: 1 |                     Workers Launched: 1 |                     ->  Parallel Hash Join  (cost=10736.06..16518.01 rows=2904 width=8) (actual time=70.712..144.155 rows=575937 loops=2) |                           Hash Cond: (v.postid = p.id) |                           ->  Parallel Seq Scan on votes v  (cost=0.00..5054.68 rows=189385 width=4) (actual time=0.005..13.854 rows=162040 loops=2) |                                 Filter: ((creationdate >= '2010-07-19 00:00:00'::timestamp without time zone) AND (creationdate <= '2014-08-31 00:00:00'::timestamp without time zone)) |                                 Rows Removed by Filter: 1992 |                           ->  Parallel Hash  (cost=10725.70..10725.70 rows=829 width=24) (actual time=70.551..70.571 rows=33374 loops=2) |                                 Buckets: 131072 (originally 2048)  Batches: 1 (originally 1)  Memory Usage: 5744kB |                                 ->  Parallel Hash Join  (cost=6028.56..10725.70 rows=829 width=24) (actual time=34.931..61.969 rows=33374 loops=2) |                                       Hash Cond: (ph.postid = p.id) |                                       ->  Parallel Seq Scan on posthistory ph  (cost=0.00..4023.45 rows=178345 width=4) (actual time=0.012..10.252 rows=151594 loops=2) |                                       ->  Parallel Hash  (cost=6025.41..6025.41 rows=252 width=20) (actual time=34.907..34.915 rows=4960 loops=2) |                                             Buckets: 16384 (originally 1024)  Batches: 1 (originally 1)  Memory Usage: 824kB |                                             ->  Nested Loop  (cost=3020.41..6025.41 rows=252 width=20) (actual time=11.446..27.367 rows=4960 loops=2) |                                                   ->  Hash Join  (cost=3020.12..5945.83 rows=256 width=16) (actual time=11.393..22.976 rows=5070 loops=2) |                                                         Hash Cond: (c.postid = p.id) |                                                         ->  Parallel Seq Scan on comments c  (cost=0.00..2625.65 rows=79333 width=8) (actual time=0.009..6.078 rows=67444 loops=2) |                                                               Filter: (score = 0) |                                                               Rows Removed by Filter: 19709 |                                                         ->  Hash  (cost=3016.41..3016.41 rows=297 width=8) (actual time=11.374..11.378 rows=6218 loops=2) |                                                               Buckets: 8192 (originally 1024)  Batches: 1 (originally 1)  Memory Usage: 307kB |                                                               ->  Hash Join  (cost=2714.53..3016.41 rows=297 width=8) (actual time=8.619..10.778 rows=6218 loops=2) |                                                                     Hash Cond: (pl.relatedpostid = p.id) |                                                                     ->  Seq Scan on postlinks pl  (cost=0.00..276.29 rows=9749 width=4) (actual time=0.027..0.927 rows=9721 loops=2) |                                                                           Filter: ((creationdate >= '2011-02-16 20:04:50'::timestamp without time zone) AND (creationdate <= '2014-09-01 16:48:04'::timestamp without time zone) AND (linktypeid = 1)) |                                                                           Rows Removed by Filter: 1381 |                                                                     ->  Hash  (cost=2679.52..2679.52 rows=2801 width=4) (actual time=8.583..8.584 rows=12741 loops=2) |                                                                           Buckets: 16384 (originally 4096)  Batches: 1 (originally 1)  Memory Usage: 576kB |                                                                           ->  Seq Scan on posts p  (cost=0.00..2679.52 rows=2801 width=4) (actual time=0.008..7.131 rows=12741 loops=2) |                                                                                 Filter: ((viewcount >= 0) AND (answercount <= 5) AND (commentcount <= 12) AND (favoritecount >= 0)) |                                                                                 Rows Removed by Filter: 79235 |                                                   ->  Index Only Scan using users_pkey on users u  (cost=0.29..0.31 rows=1 width=4) (actual time=0.001..0.001 rows=1 loops=10139) |                                                         Index Cond: (id = c.userid) |                                                         Heap Fetches: 0 | Planning Time: 2.210 ms | Execution Time: 11594.628 ms
s141,24893.055,Finalize Aggregate  (cost=70536.67..70536.68 rows=1 width=8) (actual time=24882.866..24885.108 rows=1 loops=1) |   ->  Gather  (cost=70536.56..70536.67 rows=1 width=8) (actual time=24882.836..24885.094 rows=2 loops=1) |         Workers Planned: 1 |         Workers Launched: 1 |         ->  Partial Aggregate  (cost=69536.56..69536.57 rows=1 width=8) (actual time=24562.703..24563.151 rows=1 loops=2) |               ->  Merge Join  (cost=38041.43..42526.48 rows=10804033 width=0) (actual time=537.538..18687.564 rows=156074353 loops=2) |                     Merge Cond: (u.id = b.userid) |                     ->  Sort  (cost=30308.97..30632.08 rows=129246 width=8) (actual time=518.566..644.738 rows=1352489 loops=2) |                           Sort Key: c.userid |                           Sort Method: external merge  Disk: 22984kB |                           Worker 0:  Sort Method: external merge  Disk: 24776kB |                           ->  Parallel Hash Join  (cost=13762.42..19336.14 rows=129246 width=8) (actual time=110.027..257.424 rows=1352489 loops=2) |                                 Hash Cond: (v.postid = p.id) |                                 ->  Parallel Seq Scan on votes v  (cost=0.00..4089.79 rows=192979 width=4) (actual time=0.003..13.016 rows=164032 loops=2) |                                 ->  Parallel Hash  (cost=13309.48..13309.48 rows=36235 width=24) (actual time=109.065..109.504 rows=84354 loops=2) |                                       Buckets: 262144 (originally 65536)  Batches: 1 (originally 1)  Memory Usage: 12864kB |                                       ->  Parallel Hash Join  (cost=8404.09..13309.48 rows=36235 width=24) (actual time=62.780..93.873 rows=84354 loops=2) |                                             Hash Cond: (ph.postid = p.id) |                                             ->  Parallel Seq Scan on posthistory ph  (cost=0.00..4023.45 rows=178345 width=4) (actual time=0.008..9.644 rows=151594 loops=2) |                                             ->  Parallel Hash  (cost=8266.69..8266.69 rows=10992 width=20) (actual time=62.215..62.642 rows=12342 loops=2) |                                                   Buckets: 32768  Batches: 1  Memory Usage: 1632kB |                                                   ->  Parallel Hash Join  (cost=5371.75..8266.69 rows=10992 width=20) (actual time=41.684..59.836 rows=12342 loops=2) |                                                         Hash Cond: (c.userid = u.id) |                                                         ->  Hash Join  (cost=4184.12..7049.72 rows=11178 width=16) (actual time=32.562..47.760 rows=12636 loops=2) |                                                               Hash Cond: (c.postid = p.id) |                                                               ->  Parallel Seq Scan on comments c  (cost=0.00..2369.32 rows=102532 width=8) (actual time=0.034..5.889 rows=87152 loops=2) |                                                               ->  Hash  (cost=4058.78..4058.78 rows=10027 width=8) (actual time=32.376..32.402 rows=8786 loops=2) |                                                                     Buckets: 16384  Batches: 1  Memory Usage: 472kB |                                                                     ->  Hash Join  (cost=3811.27..4058.78 rows=10027 width=8) (actual time=27.540..31.306 rows=8786 loops=2) |                                                                           Hash Cond: (pl.relatedpostid = p.id) |                                                                           ->  Seq Scan on postlinks pl  (cost=0.00..220.78 rows=10186 width=4) (actual time=0.044..1.016 rows=10186 loops=2) |                                                                                 Filter: (linktypeid = 1) |                                                                                 Rows Removed by Filter: 916 |                                                                           ->  Hash  (cost=2679.52..2679.52 rows=90540 width=4) (actual time=27.250..27.258 rows=90613 loops=2) |                                                                                 Buckets: 131072  Batches: 1  Memory Usage: 4210kB |                                                                                 ->  Seq Scan on posts p  (cost=0.00..2679.52 rows=90540 width=4) (actual time=0.097..12.027 rows=90613 loops=2) |                                                                                       Filter: ((score <= 40) AND (commentcount >= 0) AND (creationdate >= '2010-07-28 17:40:56'::timestamp without time zone) AND (creationdate <= '2014-09-11 04:22:44'::timestamp without time zone)) |                                                                                       Rows Removed by Filter: 1363 |                                                         ->  Parallel Hash  (cost=891.12..891.12 rows=23721 width=4) (actual time=8.543..8.545 rows=20162 loops=2) |                                                               Buckets: 65536  Batches: 1  Memory Usage: 2112kB |                                                               ->  Parallel Index Only Scan using users_pkey on users u  (cost=0.29..891.12 rows=23721 width=4) (actual time=0.029..5.680 rows=40325 loops=1) |                                                                     Heap Fetches: 0 |                     ->  Sort  (cost=7732.39..7932.01 rows=79851 width=4) (actual time=18.946..6117.559 rows=156129727 loops=2) |                           Sort Key: b.userid |                           Sort Method: quicksort  Memory: 3073kB |                           Worker 0:  Sort Method: quicksort  Memory: 3073kB |                           ->  Seq Scan on badges b  (cost=0.00..1230.51 rows=79851 width=4) (actual time=0.045..9.126 rows=79851 loops=2) | Planning Time: 2.256 ms | Execution Time: 24893.055 ms
s142,32220.099,Aggregate  (cost=33717.68..33717.69 rows=1 width=8) (actual time=32214.978..32216.413 rows=1 loops=1) |   ->  Hash Join  (cost=23268.32..25570.27 rows=3258962 width=0) (actual time=1076.468..20339.426 rows=299574955 loops=1) |         Hash Cond: (b.userid = u.id) |         ->  Seq Scan on badges b  (cost=0.00..1230.51 rows=79851 width=4) (actual time=0.089..6.588 rows=79851 loops=1) |         ->  Hash  (cost=22781.00..22781.00 rows=38986 width=8) (actual time=1075.135..1076.563 rows=3596066 loops=1) |               Buckets: 262144 (originally 65536)  Batches: 256 (originally 1)  Memory Usage: 11772kB |               ->  Hash Join  (cost=15227.32..22781.00 rows=38986 width=8) (actual time=230.850..636.912 rows=3596066 loops=1) |                     Hash Cond: (ph.postid = p.id) |                     ->  Seq Scan on posthistory ph  (cost=0.00..6029.84 rows=302393 width=4) (actual time=0.030..32.587 rows=302524 loops=1) |                           Filter: (creationdate <= '2014-09-11 20:09:41'::timestamp without time zone) |                           Rows Removed by Filter: 663 |                     ->  Hash  (cost=15079.10..15079.10 rows=11858 width=24) (actual time=230.562..231.962 rows=473164 loops=1) |                           Buckets: 131072 (originally 16384)  Batches: 4 (originally 1)  Memory Usage: 7891kB |                           ->  Gather  (cost=8080.81..15079.10 rows=11858 width=24) (actual time=104.184..166.243 rows=473164 loops=1) |                                 Workers Planned: 1 |                                 Workers Launched: 1 |                                 ->  Parallel Hash Join  (cost=7080.81..12893.30 rows=6975 width=24) (actual time=72.065..126.414 rows=236582 loops=2) |                                       Hash Cond: (v.postid = p.id) |                                       ->  Parallel Seq Scan on votes v  (cost=0.00..5054.68 rows=191144 width=4) (actual time=0.041..20.174 rows=163593 loops=2) |                                             Filter: ((creationdate >= '2010-07-21 00:00:00'::timestamp without time zone) AND (creationdate <= '2014-09-14 00:00:00'::timestamp without time zone)) |                                             Rows Removed by Filter: 439 |                                       ->  Parallel Hash  (cost=7056.13..7056.13 rows=1974 width=20) (actual time=71.768..71.796 rows=8952 loops=2) |                                             Buckets: 32768 (originally 4096)  Batches: 1 (originally 1)  Memory Usage: 1504kB |                                             ->  Nested Loop  (cost=3235.47..7056.13 rows=1974 width=20) (actual time=32.507..62.070 rows=8952 loops=2) |                                                   ->  Hash Join  (cost=3235.18..6431.88 rows=2008 width=16) (actual time=32.430..51.905 rows=9158 loops=2) |                                                         Hash Cond: (c.postid = p.id) |                                                         ->  Parallel Seq Scan on comments c  (cost=0.00..2881.99 rows=78570 width=8) (actual time=0.094..12.395 rows=67301 loops=2) |                                                               Filter: ((creationdate >= '2010-07-26 17:09:48'::timestamp without time zone) AND (score = 0)) |                                                               Rows Removed by Filter: 19852 |                                                         ->  Hash  (cost=3205.81..3205.81 rows=2350 width=8) (actual time=32.300..32.319 rows=10683 loops=2) |                                                               Buckets: 16384 (originally 4096)  Batches: 1 (originally 1)  Memory Usage: 546kB |                                                               ->  Hash Join  (cost=2928.83..3205.81 rows=2350 width=8) (actual time=23.772..30.616 rows=10683 loops=2) |                                                                     Hash Cond: (pl.relatedpostid = p.id) |                                                                     ->  Seq Scan on postlinks pl  (cost=0.00..248.53 rows=10837 width=4) (actual time=0.093..3.913 rows=10805 loops=2) |                                                                           Filter: ((creationdate >= '2010-10-27 10:02:57'::timestamp without time zone) AND (creationdate <= '2014-09-04 17:23:50'::timestamp without time zone)) |                                                                           Rows Removed by Filter: 297 |                                                                     ->  Hash  (cost=2679.52..2679.52 rows=19945 width=4) (actual time=23.596..23.596 rows=42747 loops=2) |                                                                           Buckets: 65536 (originally 32768)  Batches: 1 (originally 1)  Memory Usage: 2015kB |                                                                           ->  Seq Scan on posts p  (cost=0.00..2679.52 rows=19945 width=4) (actual time=0.033..12.798 rows=42747 loops=2) |                                                                                 Filter: ((answercount >= 0) AND (commentcount >= 0) AND (commentcount <= 14) AND (posttypeid = 1)) |                                                                                 Rows Removed by Filter: 49229 |                                                   ->  Index Only Scan using users_pkey on users u  (cost=0.29..0.31 rows=1 width=4) (actual time=0.001..0.001 rows=1 loops=18316) |                                                         Index Cond: (id = c.userid) |                                                         Heap Fetches: 0 | Planning Time: 2.956 ms | Execution Time: 32220.099 ms
s143,15749.384,Aggregate  (cost=22965.37..22965.38 rows=1 width=8) (actual time=15744.483..15748.899 rows=1 loops=1) |   ->  Hash Join  (cost=18751.19..20682.26 rows=913242 width=0) (actual time=354.842..9823.358 rows=155696936 loops=1) |         Hash Cond: (b.userid = u.id) |         ->  Seq Scan on badges b  (cost=0.00..1430.14 rows=75895 width=4) (actual time=0.053..9.005 rows=75910 loops=1) |               Filter: (date <= '2014-08-02 12:24:29'::timestamp without time zone) |               Rows Removed by Filter: 3941 |         ->  Hash  (cost=18607.51..18607.51 rows=11494 width=8) (actual time=354.535..358.943 rows=1297422 loops=1) |               Buckets: 262144 (originally 16384)  Batches: 128 (originally 1)  Memory Usage: 6145kB |               ->  Gather  (cost=12726.10..18607.51 rows=11494 width=8) (actual time=118.517..228.971 rows=1297422 loops=1) |                     Workers Planned: 1 |                     Workers Launched: 1 |                     ->  Parallel Hash Join  (cost=11726.10..16458.11 rows=6761 width=8) (actual time=93.114..174.598 rows=648711 loops=2) |                           Hash Cond: (ph.postid = p.id) |                           ->  Parallel Seq Scan on posthistory ph  (cost=0.00..4023.45 rows=178345 width=4) (actual time=0.009..9.890 rows=151594 loops=2) |                           ->  Parallel Hash  (cost=11700.46..11700.46 rows=2051 width=24) (actual time=92.878..92.917 rows=91120 loops=2) |                                 Buckets: 262144 (originally 4096)  Batches: 1 (originally 1)  Memory Usage: 14112kB |                                 ->  Parallel Hash Join  (cost=6055.51..11700.46 rows=2051 width=24) (actual time=39.080..70.892 rows=91120 loops=2) |                                       Hash Cond: (v.postid = p.id) |                                       ->  Parallel Seq Scan on votes v  (cost=0.00..5054.68 rows=154192 width=4) (actual time=0.021..15.287 rows=130738 loops=2) |                                             Filter: ((creationdate <= '2014-09-10 00:00:00'::timestamp without time zone) AND (votetypeid = 2)) |                                             Rows Removed by Filter: 33294 |                                       ->  Parallel Hash  (cost=6046.52..6046.52 rows=719 width=20) (actual time=38.999..39.014 rows=8110 loops=2) |                                             Buckets: 16384 (originally 2048)  Batches: 1 (originally 1)  Memory Usage: 1168kB |                                             ->  Nested Loop  (cost=2550.73..6046.52 rows=719 width=20) (actual time=13.619..37.354 rows=8110 loops=2) |                                                   ->  Hash Join  (cost=2550.44..5819.51 rows=732 width=16) (actual time=13.545..30.395 rows=8292 loops=2) |                                                         Hash Cond: (c.postid = p.id) |                                                         ->  Parallel Seq Scan on comments c  (cost=0.00..2881.99 rows=101272 width=8) (actual time=0.091..10.097 rows=86498 loops=2) |                                                               Filter: ((creationdate >= '2010-08-01 19:11:47'::timestamp without time zone) AND (creationdate <= '2014-09-11 13:42:51'::timestamp without time zone)) |                                                               Rows Removed by Filter: 654 |                                                         ->  Hash  (cost=2542.14..2542.14 rows=664 width=8) (actual time=13.438..13.448 rows=6021 loops=2) |                                                               Buckets: 8192 (originally 1024)  Batches: 1 (originally 1)  Memory Usage: 300kB |                                                               ->  Hash Join  (cost=2294.63..2542.14 rows=664 width=8) (actual time=10.097..12.615 rows=6021 loops=2) |                                                                     Hash Cond: (pl.relatedpostid = p.id) |                                                                     ->  Seq Scan on postlinks pl  (cost=0.00..220.78 rows=10186 width=4) (actual time=0.042..1.175 rows=10186 loops=2) |                                                                           Filter: (linktypeid = 1) |                                                                           Rows Removed by Filter: 916 |                                                                     ->  Hash  (cost=2219.64..2219.64 rows=5999 width=4) (actual time=10.012..10.018 rows=12613 loops=2) |                                                                           Buckets: 16384 (originally 8192)  Batches: 1 (originally 1)  Memory Usage: 572kB |                                                                           ->  Seq Scan on posts p  (cost=0.00..2219.64 rows=5999 width=4) (actual time=0.020..8.241 rows=12613 loops=2) |                                                                                 Filter: ((answercount <= 4) AND (favoritecount >= 0)) |                                                                                 Rows Removed by Filter: 79363 |                                                   ->  Index Only Scan using users_pkey on users u  (cost=0.29..0.31 rows=1 width=4) (actual time=0.001..0.001 rows=1 loops=16583) |                                                         Index Cond: (id = c.userid) |                                                         Heap Fetches: 0 | Planning Time: 2.535 ms | Execution Time: 15749.384 ms
s144,1359.581,Finalize Aggregate  (cost=90987.73..90987.74 rows=1 width=8) (actual time=1355.164..1359.487 rows=1 loops=1) |   ->  Gather  (cost=90987.62..90987.73 rows=1 width=8) (actual time=1351.843..1359.479 rows=2 loops=1) |         Workers Planned: 1 |         Workers Launched: 1 |         ->  Partial Aggregate  (cost=89987.62..89987.63 rows=1 width=8) (actual time=1338.061..1338.179 rows=1 loops=2) |               ->  Hash Join  (cost=18477.22..43229.06 rows=18703422 width=0) (actual time=230.405..992.941 rows=9381484 loops=2) |                     Hash Cond: (p.owneruserid = u.id) |                     ->  Parallel Hash Join  (cost=14352.13..25474.73 rows=562271 width=4) (actual time=185.996..324.675 rows=1502904 loops=2) |                           Hash Cond: (v.postid = p.id) |                           ->  Parallel Seq Scan on votes v  (cost=0.00..4089.79 rows=192979 width=4) (actual time=0.004..12.942 rows=164032 loops=2) |                           ->  Parallel Hash  (cost=11611.66..11611.66 rows=157638 width=16) (actual time=152.295..152.409 rows=260176 loops=2) |                                 Buckets: 262144  Batches: 4  Memory Usage: 8224kB |                                 ->  Parallel Hash Join  (cost=5992.12..11611.66 rows=157638 width=16) (actual time=54.166..110.230 rows=260176 loops=2) |                                       Hash Cond: (ph.postid = p.id) |                                       ->  Parallel Seq Scan on posthistory ph  (cost=0.00..4023.45 rows=178345 width=4) (actual time=0.007..10.479 rows=151594 loops=2) |                                       ->  Parallel Hash  (cost=5394.35..5394.35 rows=47822 width=12) (actual time=53.753..53.754 rows=45338 loops=2) |                                             Buckets: 131072  Batches: 1  Memory Usage: 5280kB |                                             ->  Hash Join  (cost=2755.86..5394.35 rows=47822 width=12) (actual time=20.544..44.180 rows=45338 loops=2) |                                                   Hash Cond: (c.postid = p.id) |                                                   ->  Parallel Seq Scan on comments c  (cost=0.00..2369.32 rows=102532 width=4) (actual time=0.010..6.334 rows=87152 loops=2) |                                                   ->  Hash  (cost=2219.64..2219.64 rows=42898 width=8) (actual time=20.238..20.239 rows=42921 loops=2) |                                                         Buckets: 65536  Batches: 1  Memory Usage: 2186kB |                                                         ->  Seq Scan on posts p  (cost=0.00..2219.64 rows=42898 width=8) (actual time=0.022..9.831 rows=42921 loops=2) |                                                               Filter: ((answercount >= 0) AND (commentcount >= 0)) |                                                               Rows Removed by Filter: 49055 |                     ->  Hash  (cost=3140.38..3140.38 rows=78776 width=8) (actual time=44.179..44.180 rows=64490 loops=2) |                           Buckets: 131072  Batches: 1  Memory Usage: 3544kB |                           ->  Hash Join  (cost=1501.09..3140.38 rows=78776 width=8) (actual time=10.625..32.377 rows=64490 loops=2) |                                 Hash Cond: (b.userid = u.id) |                                 ->  Seq Scan on badges b  (cost=0.00..1430.14 rows=79671 width=4) (actual time=0.031..6.772 rows=79683 loops=2) |                                       Filter: (date <= '2014-09-11 21:46:02'::timestamp without time zone) |                                       Rows Removed by Filter: 168 |                                 ->  Hash  (cost=1002.69..1002.69 rows=39872 width=4) (actual time=10.443..10.443 rows=39856 loops=2) |                                       Buckets: 65536  Batches: 1  Memory Usage: 1914kB |                                       ->  Seq Scan on users u  (cost=0.00..1002.69 rows=39872 width=4) (actual time=0.023..4.810 rows=39856 loops=2) |                                             Filter: ((reputation >= 1) AND (reputation <= 642) AND (downvotes >= 0)) |                                             Rows Removed by Filter: 469 | Planning Time: 1.204 ms | Execution Time: 1359.581 ms
s145,109.755,Finalize Aggregate  (cost=17414.75..17414.76 rows=1 width=8) (actual time=107.423..109.694 rows=1 loops=1) |   ->  Gather  (cost=17414.64..17414.75 rows=1 width=8) (actual time=106.993..109.686 rows=2 loops=1) |         Workers Planned: 1 |         Workers Launched: 1 |         ->  Partial Aggregate  (cost=16414.64..16414.65 rows=1 width=8) (actual time=100.012..100.019 rows=1 loops=2) |               ->  Parallel Hash Join  (cost=11069.37..16397.88 rows=6702 width=0) (actual time=57.417..92.285 rows=218143 loops=2) |                     Hash Cond: (v.postid = p.id) |                     ->  Parallel Seq Scan on votes v  (cost=0.00..4572.24 rows=191161 width=4) (actual time=0.027..10.761 rows=163593 loops=2) |                           Filter: (creationdate >= '2010-07-21 00:00:00'::timestamp without time zone) |                           Rows Removed by Filter: 439 |                     ->  Parallel Hash  (cost=11045.65..11045.65 rows=1897 width=16) (actual time=57.204..57.209 rows=25412 loops=2) |                           Buckets: 65536 (originally 4096)  Batches: 1 (originally 1)  Memory Usage: 3424kB |                           ->  Parallel Hash Join  (cost=8280.67..11045.65 rows=1897 width=16) (actual time=39.579..52.396 rows=25412 loops=2) |                                 Hash Cond: (c.postid = p.id) |                                 ->  Parallel Seq Scan on comments c  (cost=0.00..2369.32 rows=102532 width=4) (actual time=0.009..4.838 rows=87152 loops=2) |                                 ->  Parallel Hash  (cost=8268.16..8268.16 rows=1001 width=12) (actual time=39.522..39.527 rows=6062 loops=2) |                                       Buckets: 16384 (originally 2048)  Batches: 1 (originally 1)  Memory Usage: 816kB |                                       ->  Nested Loop  (cost=3231.73..8268.16 rows=1001 width=12) (actual time=17.312..35.312 rows=6062 loops=2) |                                             ->  Hash Join  (cost=3231.44..7865.16 rows=1019 width=16) (actual time=17.277..28.882 rows=6124 loops=2) |                                                   Hash Cond: (ph.postid = p.id) |                                                   ->  Parallel Seq Scan on posthistory ph  (cost=0.00..4469.32 rows=41126 width=4) (actual time=0.012..7.483 rows=34714 loops=2) |                                                         Filter: (posthistorytypeid = 5) |                                                         Rows Removed by Filter: 116880 |                                                   ->  Hash  (cost=3202.94..3202.94 rows=2280 width=12) (actual time=17.206..17.208 rows=10581 loops=2) |                                                         Buckets: 16384 (originally 4096)  Batches: 1 (originally 1)  Memory Usage: 583kB |                                                         ->  Hash Join  (cost=2926.56..3202.94 rows=2280 width=12) (actual time=13.100..15.891 rows=10581 loops=2) |                                                               Hash Cond: (pl.postid = p.id) |                                                               ->  Seq Scan on postlinks pl  (cost=0.00..248.53 rows=10609 width=4) (actual time=0.035..0.940 rows=10607 loops=2) |                                                                     Filter: ((creationdate >= '2010-11-16 01:27:37'::timestamp without time zone) AND (creationdate <= '2014-08-21 15:25:23'::timestamp without time zone)) |                                                                     Rows Removed by Filter: 495 |                                                               ->  Hash  (cost=2679.52..2679.52 rows=19763 width=8) (actual time=12.996..12.997 rows=42703 loops=2) |                                                                     Buckets: 65536 (originally 32768)  Batches: 1 (originally 1)  Memory Usage: 2178kB |                                                                     ->  Seq Scan on posts p  (cost=0.00..2679.52 rows=19763 width=8) (actual time=0.052..7.533 rows=42703 loops=2) |                                                                           Filter: ((answercount >= 0) AND (creationdate >= '2010-07-21 15:23:53'::timestamp without time zone) AND (creationdate <= '2014-09-11 23:26:14'::timestamp without time zone) AND (posttypeid = 1)) |                                                                           Rows Removed by Filter: 49273 |                                             ->  Index Scan using users_pkey on users u  (cost=0.29..0.40 rows=1 width=4) (actual time=0.001..0.001 rows=1 loops=12249) |                                                   Index Cond: (id = p.owneruserid) |                                                   Filter: ((upvotes >= 0) AND (creationdate <= '2014-09-11 20:31:48'::timestamp without time zone)) | Planning Time: 0.827 ms | Execution Time: 109.755 ms
s146,324.107,Finalize Aggregate  (cost=21542.59..21542.60 rows=1 width=8) (actual time=320.211..323.701 rows=1 loops=1) |   ->  Gather  (cost=21542.47..21542.58 rows=1 width=8) (actual time=319.107..323.694 rows=2 loops=1) |         Workers Planned: 1 |         Workers Launched: 1 |         ->  Partial Aggregate  (cost=20542.47..20542.48 rows=1 width=8) (actual time=314.165..314.184 rows=1 loops=2) |               ->  Parallel Hash Join  (cost=14655.27..20222.23 rows=128096 width=0) (actual time=98.915..265.911 rows=785214 loops=2) |                     Hash Cond: (v.postid = p.id) |                     ->  Parallel Seq Scan on votes v  (cost=0.00..4089.79 rows=192979 width=4) (actual time=0.005..28.085 rows=164032 loops=2) |                     ->  Parallel Hash  (cost=14206.35..14206.35 rows=35913 width=16) (actual time=98.432..98.450 rows=97762 loops=2) |                           Buckets: 262144 (originally 65536)  Batches: 1 (originally 1)  Memory Usage: 12800kB |                           ->  Parallel Hash Join  (cost=8882.69..14206.35 rows=35913 width=16) (actual time=44.434..81.686 rows=97762 loops=2) |                                 Hash Cond: (ph.postid = p.id) |                                 ->  Parallel Seq Scan on posthistory ph  (cost=0.00..4469.32 rows=171492 width=4) (actual time=0.229..13.779 rows=145832 loops=2) |                                       Filter: (creationdate >= '2010-11-27 03:38:45'::timestamp without time zone) |                                       Rows Removed by Filter: 5762 |                                 ->  Parallel Hash  (cost=8741.07..8741.07 rows=11330 width=12) (actual time=44.139..44.151 rows=16077 loops=2) |                                       Buckets: 32768  Batches: 1  Memory Usage: 1792kB |                                       ->  Hash Join  (cost=5621.31..8741.07 rows=11330 width=12) (actual time=30.032..42.187 rows=16077 loops=2) |                                             Hash Cond: (c.postid = p.id) |                                             ->  Parallel Seq Scan on comments c  (cost=0.00..2625.65 rows=101547 width=4) (actual time=0.017..5.695 rows=86902 loops=2) |                                                   Filter: (creationdate >= '2010-07-26 19:37:03'::timestamp without time zone) |                                                   Rows Removed by Filter: 250 |                                             ->  Hash  (cost=5493.04..5493.04 rows=10262 width=8) (actual time=29.999..30.009 rows=10354 loops=2) |                                                   Buckets: 16384  Batches: 1  Memory Usage: 533kB |                                                   ->  Hash Join  (cost=5217.12..5493.04 rows=10262 width=8) (actual time=24.526..28.637 rows=10354 loops=2) |                                                         Hash Cond: (p.owneruserid = u.id) |                                                         ->  Hash Join  (cost=3811.18..4059.75 rows=10420 width=12) (actual time=17.875..20.323 rows=10494 loops=2) |                                                               Hash Cond: (pl.postid = p.id) |                                                               ->  Seq Scan on postlinks pl  (cost=0.00..220.78 rows=10586 width=4) (actual time=0.013..0.687 rows=10593 loops=2) |                                                                     Filter: (creationdate <= '2014-08-05 18:27:51'::timestamp without time zone) |                                                                     Rows Removed by Filter: 509 |                                                               ->  Hash  (cost=2679.52..2679.52 rows=90533 width=8) (actual time=17.695..17.696 rows=91000 loops=2) |                                                                     Buckets: 131072  Batches: 1  Memory Usage: 4574kB |                                                                     ->  Seq Scan on posts p  (cost=0.00..2679.52 rows=90533 width=8) (actual time=0.030..9.214 rows=91000 loops=2) |                                                                           Filter: ((score >= '-2'::integer) AND (commentcount <= 18) AND (creationdate >= '2010-07-21 13:50:08'::timestamp without time zone) AND (creationdate <= '2014-09-11 00:53:10'::timestamp without time zone)) |                                                                           Rows Removed by Filter: 976 |                                                         ->  Hash  (cost=901.88..901.88 rows=40325 width=4) (actual time=6.609..6.611 rows=40325 loops=2) |                                                               Buckets: 65536  Batches: 1  Memory Usage: 1930kB |                                                               ->  Seq Scan on users u  (cost=0.00..901.88 rows=40325 width=4) (actual time=0.006..3.280 rows=40325 loops=2) |                                                                     Filter: ((downvotes >= 0) AND (upvotes >= 0)) | Planning Time: 0.752 ms | Execution Time: 324.107 ms
